0
SECTION
2
HEADER
9
$ACADVER
1
AC1009
9
$INSUNITS
70
4
0
ENDSEC
0
SECTION
2
ENTITIES
0
LINE
8
frame
10
5250
20
217500
30
0
11
309750
21
217500
31
0
0
LINE
8
frame
10
309750
20
217500
30
0
11
309750
21
5250
31
0
0
LINE
8
frame
10
309750
20
5250
30
0
11
5250
21
5250
31
0
0
LINE
8
frame
10
5250
20
5250
30
0
11
5250
21
217500
31
0
0
TEXT
8
annotation
10
10500
20
209250
30
0
40
3150.0
1
PHOENIX SCIENCE PARK
50
0
0
TEXT
8
annotation
10
10500
20
203250
30
0
40
3750.0
1
FAB2 / Section A-A
50
0
0
TEXT
8
annotation
10
290100.0
20
209250
30
0
40
2400.0
1
A3  |  1:750
50
0
0
TEXT
8
annotation
10
278625.0
20
203250
30
0
40
2250.0
1
CAD-FAB2-SECTION  /  R1
50
0
0
LINE
8
frame
10
10500
20
199500
30
0
11
304500
21
199500
31
0
0
LINE
8
cut
10
26749.999999999993
20
93257.5
30
0
11
26749.999999999993
21
92057.5
31
0
0
LINE
8
cut
10
26749.999999999993
20
93257.5
30
0
11
280750.0
21
93257.5
31
0
0
LINE
8
cut
10
26749.999999999993
20
92057.5
30
0
11
280750.0
21
92057.5
31
0
0
LINE
8
cut
10
280750.0
20
93257.5
30
0
11
280750.0
21
92057.5
31
0
0
LINE
8
cut
10
28750.000000000007
20
97657.5
30
0
11
28750.000000000007
21
97057.5
31
0
0
LINE
8
cut
10
28750.000000000007
20
97657.5
30
0
11
278750.0
21
97657.5
31
0
0
LINE
8
cut
10
28750.000000000007
20
97057.5
30
0
11
278750.0
21
97057.5
31
0
0
LINE
8
cut
10
278750.0
20
97657.5
30
0
11
278750.0
21
97057.5
31
0
0
LINE
8
cut
10
28750.000000000007
20
119657.49999999999
30
0
11
28750.000000000007
21
119057.5
31
0
0
LINE
8
cut
10
28750.000000000007
20
119657.49999999999
30
0
11
278750.0
21
119657.49999999999
31
0
0
LINE
8
cut
10
28750.000000000007
20
119057.5
30
0
11
278750.0
21
119057.5
31
0
0
LINE
8
cut
10
278750.0
20
119657.49999999999
30
0
11
278750.0
21
119057.5
31
0
0
LINE
8
cut
10
28750.000000000007
20
134457.5
30
0
11
28750.000000000007
21
133857.5
31
0
0
LINE
8
cut
10
28750.000000000007
20
134457.5
30
0
11
278750.0
21
134457.5
31
0
0
LINE
8
cut
10
28750.000000000007
20
133857.5
30
0
11
278750.0
21
133857.5
31
0
0
LINE
8
cut
10
278750.0
20
134457.5
30
0
11
278750.0
21
133857.5
31
0
0
LINE
8
cut
10
28750.000000000007
20
146657.5
30
0
11
28750.000000000007
21
146057.5
31
0
0
LINE
8
cut
10
28750.000000000007
20
146657.5
30
0
11
278750.0
21
146657.5
31
0
0
LINE
8
cut
10
28750.000000000007
20
146057.5
30
0
11
278750.0
21
146057.5
31
0
0
LINE
8
cut
10
278750.0
20
146657.5
30
0
11
278750.0
21
146057.5
31
0
0
LINE
8
cut
10
29825.00000000001
20
146057.5
30
0
11
29825.00000000001
21
93257.5
31
0
0
LINE
8
cut
10
29825.00000000001
20
146057.5
30
0
11
30675.000000000004
21
146057.5
31
0
0
LINE
8
cut
10
29825.00000000001
20
93257.5
30
0
11
30675.000000000004
21
93257.5
31
0
0
LINE
8
cut
10
30675.000000000004
20
146057.5
30
0
11
30675.000000000004
21
93257.5
31
0
0
LINE
8
cut
10
42174.99999999999
20
146057.5
30
0
11
42174.99999999999
21
93257.5
31
0
0
LINE
8
cut
10
42174.99999999999
20
146057.5
30
0
11
43025.00000000001
21
146057.5
31
0
0
LINE
8
cut
10
42174.99999999999
20
93257.5
30
0
11
43025.00000000001
21
93257.5
31
0
0
LINE
8
cut
10
43025.00000000001
20
146057.5
30
0
11
43025.00000000001
21
93257.5
31
0
0
LINE
8
cut
10
54524.99999999999
20
146057.5
30
0
11
54524.99999999999
21
93257.5
31
0
0
LINE
8
cut
10
54524.99999999999
20
146057.5
30
0
11
55375.00000000001
21
146057.5
31
0
0
LINE
8
cut
10
54524.99999999999
20
93257.5
30
0
11
55375.00000000001
21
93257.5
31
0
0
LINE
8
cut
10
55375.00000000001
20
146057.5
30
0
11
55375.00000000001
21
93257.5
31
0
0
LINE
8
cut
10
66875.0
20
146057.5
30
0
11
66875.0
21
93257.5
31
0
0
LINE
8
cut
10
66875.0
20
146057.5
30
0
11
67725.0
21
146057.5
31
0
0
LINE
8
cut
10
66875.0
20
93257.5
30
0
11
67725.0
21
93257.5
31
0
0
LINE
8
cut
10
67725.0
20
146057.5
30
0
11
67725.0
21
93257.5
31
0
0
LINE
8
cut
10
79225.0
20
146057.5
30
0
11
79225.0
21
93257.5
31
0
0
LINE
8
cut
10
79225.0
20
146057.5
30
0
11
80075.0
21
146057.5
31
0
0
LINE
8
cut
10
79225.0
20
93257.5
30
0
11
80075.0
21
93257.5
31
0
0
LINE
8
cut
10
80075.0
20
146057.5
30
0
11
80075.0
21
93257.5
31
0
0
LINE
8
cut
10
91575.0
20
146057.5
30
0
11
91575.0
21
93257.5
31
0
0
LINE
8
cut
10
91575.0
20
146057.5
30
0
11
92425.0
21
146057.5
31
0
0
LINE
8
cut
10
91575.0
20
93257.5
30
0
11
92425.0
21
93257.5
31
0
0
LINE
8
cut
10
92425.0
20
146057.5
30
0
11
92425.0
21
93257.5
31
0
0
LINE
8
cut
10
103925.0
20
146057.5
30
0
11
103925.0
21
93257.5
31
0
0
LINE
8
cut
10
103925.0
20
146057.5
30
0
11
104774.99999999999
21
146057.5
31
0
0
LINE
8
cut
10
103925.0
20
93257.5
30
0
11
104774.99999999999
21
93257.5
31
0
0
LINE
8
cut
10
104774.99999999999
20
146057.5
30
0
11
104774.99999999999
21
93257.5
31
0
0
LINE
8
cut
10
116275.0
20
146057.5
30
0
11
116275.0
21
93257.5
31
0
0
LINE
8
cut
10
116275.0
20
146057.5
30
0
11
117125.0
21
146057.5
31
0
0
LINE
8
cut
10
116275.0
20
93257.5
30
0
11
117125.0
21
93257.5
31
0
0
LINE
8
cut
10
117125.0
20
146057.5
30
0
11
117125.0
21
93257.5
31
0
0
LINE
8
cut
10
128625.0
20
146057.5
30
0
11
128625.0
21
93257.5
31
0
0
LINE
8
cut
10
128625.0
20
146057.5
30
0
11
129475.0
21
146057.5
31
0
0
LINE
8
cut
10
128625.0
20
93257.5
30
0
11
129475.0
21
93257.5
31
0
0
LINE
8
cut
10
129475.0
20
146057.5
30
0
11
129475.0
21
93257.5
31
0
0
LINE
8
cut
10
140975.0
20
146057.5
30
0
11
140975.0
21
93257.5
31
0
0
LINE
8
cut
10
140975.0
20
146057.5
30
0
11
141825.0
21
146057.5
31
0
0
LINE
8
cut
10
140975.0
20
93257.5
30
0
11
141825.0
21
93257.5
31
0
0
LINE
8
cut
10
141825.0
20
146057.5
30
0
11
141825.0
21
93257.5
31
0
0
LINE
8
cut
10
153325.0
20
146057.5
30
0
11
153325.0
21
93257.5
31
0
0
LINE
8
cut
10
153325.0
20
146057.5
30
0
11
154175.0
21
146057.5
31
0
0
LINE
8
cut
10
153325.0
20
93257.5
30
0
11
154175.0
21
93257.5
31
0
0
LINE
8
cut
10
154175.0
20
146057.5
30
0
11
154175.0
21
93257.5
31
0
0
LINE
8
cut
10
165675.0
20
146057.5
30
0
11
165675.0
21
93257.5
31
0
0
LINE
8
cut
10
165675.0
20
146057.5
30
0
11
166525.0
21
146057.5
31
0
0
LINE
8
cut
10
165675.0
20
93257.5
30
0
11
166525.0
21
93257.5
31
0
0
LINE
8
cut
10
166525.0
20
146057.5
30
0
11
166525.0
21
93257.5
31
0
0
LINE
8
cut
10
178025.0
20
146057.5
30
0
11
178025.0
21
93257.5
31
0
0
LINE
8
cut
10
178025.0
20
146057.5
30
0
11
178875.0
21
146057.5
31
0
0
LINE
8
cut
10
178025.0
20
93257.5
30
0
11
178875.0
21
93257.5
31
0
0
LINE
8
cut
10
178875.0
20
146057.5
30
0
11
178875.0
21
93257.5
31
0
0
LINE
8
cut
10
190375.0
20
146057.5
30
0
11
190375.0
21
93257.5
31
0
0
LINE
8
cut
10
190375.0
20
146057.5
30
0
11
191225.0
21
146057.5
31
0
0
LINE
8
cut
10
190375.0
20
93257.5
30
0
11
191225.0
21
93257.5
31
0
0
LINE
8
cut
10
191225.0
20
146057.5
30
0
11
191225.0
21
93257.5
31
0
0
LINE
8
cut
10
202725.0
20
146057.5
30
0
11
202725.0
21
93257.5
31
0
0
LINE
8
cut
10
202725.0
20
146057.5
30
0
11
203575.0
21
146057.5
31
0
0
LINE
8
cut
10
202725.0
20
93257.5
30
0
11
203575.0
21
93257.5
31
0
0
LINE
8
cut
10
203575.0
20
146057.5
30
0
11
203575.0
21
93257.5
31
0
0
LINE
8
cut
10
215075.0
20
146057.5
30
0
11
215075.0
21
93257.5
31
0
0
LINE
8
cut
10
215075.0
20
146057.5
30
0
11
215924.99999999997
21
146057.5
31
0
0
LINE
8
cut
10
215075.0
20
93257.5
30
0
11
215924.99999999997
21
93257.5
31
0
0
LINE
8
cut
10
215924.99999999997
20
146057.5
30
0
11
215924.99999999997
21
93257.5
31
0
0
LINE
8
cut
10
227425.0
20
146057.5
30
0
11
227425.0
21
93257.5
31
0
0
LINE
8
cut
10
227425.0
20
146057.5
30
0
11
228275.0
21
146057.5
31
0
0
LINE
8
cut
10
227425.0
20
93257.5
30
0
11
228275.0
21
93257.5
31
0
0
LINE
8
cut
10
228275.0
20
146057.5
30
0
11
228275.0
21
93257.5
31
0
0
LINE
8
cut
10
239775.0
20
146057.5
30
0
11
239775.0
21
93257.5
31
0
0
LINE
8
cut
10
239775.0
20
146057.5
30
0
11
240625.0
21
146057.5
31
0
0
LINE
8
cut
10
239775.0
20
93257.5
30
0
11
240625.0
21
93257.5
31
0
0
LINE
8
cut
10
240625.0
20
146057.5
30
0
11
240625.0
21
93257.5
31
0
0
LINE
8
cut
10
252124.99999999997
20
146057.5
30
0
11
252124.99999999997
21
93257.5
31
0
0
LINE
8
cut
10
252124.99999999997
20
146057.5
30
0
11
252975.0
21
146057.5
31
0
0
LINE
8
cut
10
252124.99999999997
20
93257.5
30
0
11
252975.0
21
93257.5
31
0
0
LINE
8
cut
10
252975.0
20
146057.5
30
0
11
252975.0
21
93257.5
31
0
0
LINE
8
cut
10
264475.0
20
146057.5
30
0
11
264475.0
21
93257.5
31
0
0
LINE
8
cut
10
264475.0
20
146057.5
30
0
11
265325.0
21
146057.5
31
0
0
LINE
8
cut
10
264475.0
20
93257.5
30
0
11
265325.0
21
93257.5
31
0
0
LINE
8
cut
10
265325.0
20
146057.5
30
0
11
265325.0
21
93257.5
31
0
0
LINE
8
cut
10
276825.0
20
146057.5
30
0
11
276825.0
21
93257.5
31
0
0
LINE
8
cut
10
276825.0
20
146057.5
30
0
11
277675.0
21
146057.5
31
0
0
LINE
8
cut
10
276825.0
20
93257.5
30
0
11
277675.0
21
93257.5
31
0
0
LINE
8
cut
10
277675.0
20
146057.5
30
0
11
277675.0
21
93257.5
31
0
0
LINE
8
cut
10
28599.999999999993
20
146057.5
30
0
11
28599.999999999993
21
97657.5
31
0
0
LINE
8
cut
10
28599.999999999993
20
146057.5
30
0
11
28900.0
21
146057.5
31
0
0
LINE
8
cut
10
28599.999999999993
20
97657.5
30
0
11
28900.0
21
97657.5
31
0
0
LINE
8
cut
10
28900.0
20
146057.5
30
0
11
28900.0
21
97657.5
31
0
0
LINE
8
cut
10
278600.0
20
146057.5
30
0
11
278600.0
21
97657.5
31
0
0
LINE
8
cut
10
278600.0
20
146057.5
30
0
11
278900.0
21
146057.5
31
0
0
LINE
8
cut
10
278600.0
20
97657.5
30
0
11
278900.0
21
97657.5
31
0
0
LINE
8
cut
10
278900.0
20
146057.5
30
0
11
278900.0
21
97657.5
31
0
0
LINE
8
cut
10
30250.000000000007
20
147242.5
30
0
11
30280.31000000001
21
147190.0
31
0
0
LINE
8
cut
10
30280.31000000001
20
147190.0
30
0
11
30219.690000000006
21
147190.0
31
0
0
LINE
8
cut
10
30219.690000000006
20
147190.0
30
0
11
30250.000000000007
21
147242.5
31
0
0
LINE
8
cut
10
30250.000000000007
20
147792.5
30
0
11
30280.31000000001
21
147740.0
31
0
0
LINE
8
cut
10
30280.31000000001
20
147740.0
30
0
11
30219.690000000006
21
147740.0
31
0
0
LINE
8
cut
10
30219.690000000006
20
147740.0
30
0
11
30250.000000000007
21
147792.5
31
0
0
LINE
8
cut
10
277250.0
20
147242.5
30
0
11
277280.31
21
147190.0
31
0
0
LINE
8
cut
10
277280.31
20
147190.0
30
0
11
277219.69
21
147190.0
31
0
0
LINE
8
cut
10
277219.69
20
147190.0
30
0
11
277250.0
21
147242.5
31
0
0
LINE
8
cut
10
277250.0
20
147792.5
30
0
11
277280.31
21
147740.0
31
0
0
LINE
8
cut
10
277280.31
20
147740.0
30
0
11
277219.69
21
147740.0
31
0
0
LINE
8
cut
10
277219.69
20
147740.0
30
0
11
277250.0
21
147792.5
31
0
0
LINE
8
equipment
10
250999.99999999997
20
97657.5
30
0
11
250999.99999999997
21
98057.5
31
0
0
LINE
8
equipment
10
248500.0
20
97657.5
30
0
11
248500.0
21
98057.5
31
0
0
LINE
8
equipment
10
250999.99999999997
20
97657.5
30
0
11
248500.0
21
97657.5
31
0
0
LINE
8
equipment
10
250999.99999999997
20
98057.5
30
0
11
248500.0
21
98057.5
31
0
0
LINE
8
equipment
10
248950.0
20
100157.49999999999
30
0
11
248970.06
21
100157.49999999999
31
0
0
LINE
8
equipment
10
248970.06
20
100157.49999999999
30
0
11
249029.21999999997
21
100157.49999999999
31
0
0
LINE
8
equipment
10
249029.21999999997
20
100157.49999999999
30
0
11
249124.53
21
100157.49999999999
31
0
0
LINE
8
equipment
10
249124.53
20
100157.49999999999
30
0
11
249251.21
21
100157.49999999999
31
0
0
LINE
8
equipment
10
249251.21
20
100157.49999999999
30
0
11
249402.89
21
100157.49999999999
31
0
0
LINE
8
equipment
10
249402.89
20
100157.49999999999
30
0
11
249571.97999999998
21
100157.49999999999
31
0
0
LINE
8
equipment
10
249571.97999999998
20
100157.49999999999
30
0
11
249750.0
21
100157.49999999999
31
0
0
LINE
8
equipment
10
249750.0
20
100157.49999999999
30
0
11
249928.02
21
100157.49999999999
31
0
0
LINE
8
equipment
10
249928.02
20
100157.49999999999
30
0
11
250097.11
21
100157.49999999999
31
0
0
LINE
8
equipment
10
250097.11
20
100157.49999999999
30
0
11
250248.79
21
100157.49999999999
31
0
0
LINE
8
equipment
10
250248.79
20
100157.49999999999
30
0
11
250375.47
21
100157.49999999999
31
0
0
LINE
8
equipment
10
250375.47
20
100157.49999999999
30
0
11
250470.78000000003
21
100157.49999999999
31
0
0
LINE
8
equipment
10
250470.78000000003
20
100157.49999999999
30
0
11
250529.94
21
100157.49999999999
31
0
0
LINE
8
equipment
10
250529.94
20
100157.49999999999
30
0
11
250550.0
21
100157.49999999999
31
0
0
LINE
8
equipment
10
248950.0
20
98057.5
30
0
11
248950.0
21
100157.49999999999
31
0
0
LINE
8
equipment
10
249750.0
20
100057.5
30
0
11
249576.78999999998
21
99757.5
31
0
0
LINE
8
equipment
10
249576.78999999998
20
99757.5
30
0
11
249923.21000000002
21
99757.5
31
0
0
LINE
8
equipment
10
249923.21000000002
20
99757.5
30
0
11
249750.0
21
100057.5
31
0
0
LINE
8
equipment
10
247000.0
20
97657.5
30
0
11
247000.0
21
98057.5
31
0
0
LINE
8
equipment
10
244500.0
20
97657.5
30
0
11
244500.0
21
98057.5
31
0
0
LINE
8
equipment
10
247000.0
20
97657.5
30
0
11
244500.0
21
97657.5
31
0
0
LINE
8
equipment
10
247000.0
20
98057.5
30
0
11
244500.0
21
98057.5
31
0
0
LINE
8
equipment
10
244950.00000000003
20
100157.49999999999
30
0
11
244970.06000000003
21
100157.49999999999
31
0
0
LINE
8
equipment
10
244970.06000000003
20
100157.49999999999
30
0
11
245029.22
21
100157.49999999999
31
0
0
LINE
8
equipment
10
245029.22
20
100157.49999999999
30
0
11
245124.53000000003
21
100157.49999999999
31
0
0
LINE
8
equipment
10
245124.53000000003
20
100157.49999999999
30
0
11
245251.21000000002
21
100157.49999999999
31
0
0
LINE
8
equipment
10
245251.21000000002
20
100157.49999999999
30
0
11
245402.88999999998
21
100157.49999999999
31
0
0
LINE
8
equipment
10
245402.88999999998
20
100157.49999999999
30
0
11
245571.98
21
100157.49999999999
31
0
0
LINE
8
equipment
10
245571.98
20
100157.49999999999
30
0
11
245750.0
21
100157.49999999999
31
0
0
LINE
8
equipment
10
245750.0
20
100157.49999999999
30
0
11
245928.02
21
100157.49999999999
31
0
0
LINE
8
equipment
10
245928.02
20
100157.49999999999
30
0
11
246097.11000000002
21
100157.49999999999
31
0
0
LINE
8
equipment
10
246097.11000000002
20
100157.49999999999
30
0
11
246248.79
21
100157.49999999999
31
0
0
LINE
8
equipment
10
246248.79
20
100157.49999999999
30
0
11
246375.47
21
100157.49999999999
31
0
0
LINE
8
equipment
10
246375.47
20
100157.49999999999
30
0
11
246470.78
21
100157.49999999999
31
0
0
LINE
8
equipment
10
246470.78
20
100157.49999999999
30
0
11
246529.94
21
100157.49999999999
31
0
0
LINE
8
equipment
10
246529.94
20
100157.49999999999
30
0
11
246550.0
21
100157.49999999999
31
0
0
LINE
8
equipment
10
244950.00000000003
20
98057.5
30
0
11
244950.00000000003
21
100157.49999999999
31
0
0
LINE
8
equipment
10
245750.0
20
100057.5
30
0
11
245576.79
21
99757.5
31
0
0
LINE
8
equipment
10
245576.79
20
99757.5
30
0
11
245923.21
21
99757.5
31
0
0
LINE
8
equipment
10
245923.21
20
99757.5
30
0
11
245750.0
21
100057.5
31
0
0
LINE
8
equipment
10
243000.0
20
97657.5
30
0
11
243000.0
21
98057.5
31
0
0
LINE
8
equipment
10
240500.0
20
97657.5
30
0
11
240500.0
21
98057.5
31
0
0
LINE
8
equipment
10
243000.0
20
97657.5
30
0
11
240500.0
21
97657.5
31
0
0
LINE
8
equipment
10
243000.0
20
98057.5
30
0
11
240500.0
21
98057.5
31
0
0
LINE
8
equipment
10
240950.0
20
100157.49999999999
30
0
11
240970.06
21
100157.49999999999
31
0
0
LINE
8
equipment
10
240970.06
20
100157.49999999999
30
0
11
241029.22
21
100157.49999999999
31
0
0
LINE
8
equipment
10
241029.22
20
100157.49999999999
30
0
11
241124.53
21
100157.49999999999
31
0
0
LINE
8
equipment
10
241124.53
20
100157.49999999999
30
0
11
241251.21
21
100157.49999999999
31
0
0
LINE
8
equipment
10
241251.21
20
100157.49999999999
30
0
11
241402.88999999998
21
100157.49999999999
31
0
0
LINE
8
equipment
10
241402.88999999998
20
100157.49999999999
30
0
11
241571.98
21
100157.49999999999
31
0
0
LINE
8
equipment
10
241571.98
20
100157.49999999999
30
0
11
241750.0
21
100157.49999999999
31
0
0
LINE
8
equipment
10
241750.0
20
100157.49999999999
30
0
11
241928.02
21
100157.49999999999
31
0
0
LINE
8
equipment
10
241928.02
20
100157.49999999999
30
0
11
242097.11000000002
21
100157.49999999999
31
0
0
LINE
8
equipment
10
242097.11000000002
20
100157.49999999999
30
0
11
242248.78999999998
21
100157.49999999999
31
0
0
LINE
8
equipment
10
242248.78999999998
20
100157.49999999999
30
0
11
242375.46999999997
21
100157.49999999999
31
0
0
LINE
8
equipment
10
242375.46999999997
20
100157.49999999999
30
0
11
242470.78
21
100157.49999999999
31
0
0
LINE
8
equipment
10
242470.78
20
100157.49999999999
30
0
11
242529.93999999997
21
100157.49999999999
31
0
0
LINE
8
equipment
10
242529.93999999997
20
100157.49999999999
30
0
11
242549.99999999997
21
100157.49999999999
31
0
0
LINE
8
equipment
10
240950.0
20
98057.5
30
0
11
240950.0
21
100157.49999999999
31
0
0
LINE
8
equipment
10
241750.0
20
100057.5
30
0
11
241576.79
21
99757.5
31
0
0
LINE
8
equipment
10
241576.79
20
99757.5
30
0
11
241923.21
21
99757.5
31
0
0
LINE
8
equipment
10
241923.21
20
99757.5
30
0
11
241750.0
21
100057.5
31
0
0
LINE
8
equipment
10
239000.0
20
97657.5
30
0
11
239000.0
21
98057.5
31
0
0
LINE
8
equipment
10
236500.0
20
97657.5
30
0
11
236500.0
21
98057.5
31
0
0
LINE
8
equipment
10
239000.0
20
97657.5
30
0
11
236500.0
21
97657.5
31
0
0
LINE
8
equipment
10
239000.0
20
98057.5
30
0
11
236500.0
21
98057.5
31
0
0
LINE
8
equipment
10
236950.0
20
100157.49999999999
30
0
11
236970.06
21
100157.49999999999
31
0
0
LINE
8
equipment
10
236970.06
20
100157.49999999999
30
0
11
237029.21999999997
21
100157.49999999999
31
0
0
LINE
8
equipment
10
237029.21999999997
20
100157.49999999999
30
0
11
237124.53
21
100157.49999999999
31
0
0
LINE
8
equipment
10
237124.53
20
100157.49999999999
30
0
11
237251.21
21
100157.49999999999
31
0
0
LINE
8
equipment
10
237251.21
20
100157.49999999999
30
0
11
237402.89
21
100157.49999999999
31
0
0
LINE
8
equipment
10
237402.89
20
100157.49999999999
30
0
11
237571.97999999998
21
100157.49999999999
31
0
0
LINE
8
equipment
10
237571.97999999998
20
100157.49999999999
30
0
11
237750.0
21
100157.49999999999
31
0
0
LINE
8
equipment
10
237750.0
20
100157.49999999999
30
0
11
237928.02000000002
21
100157.49999999999
31
0
0
LINE
8
equipment
10
237928.02000000002
20
100157.49999999999
30
0
11
238097.11
21
100157.49999999999
31
0
0
LINE
8
equipment
10
238097.11
20
100157.49999999999
30
0
11
238248.79
21
100157.49999999999
31
0
0
LINE
8
equipment
10
238248.79
20
100157.49999999999
30
0
11
238375.47
21
100157.49999999999
31
0
0
LINE
8
equipment
10
238375.47
20
100157.49999999999
30
0
11
238470.78000000003
21
100157.49999999999
31
0
0
LINE
8
equipment
10
238470.78000000003
20
100157.49999999999
30
0
11
238529.94
21
100157.49999999999
31
0
0
LINE
8
equipment
10
238529.94
20
100157.49999999999
30
0
11
238550.0
21
100157.49999999999
31
0
0
LINE
8
equipment
10
236950.0
20
98057.5
30
0
11
236950.0
21
100157.49999999999
31
0
0
LINE
8
equipment
10
237750.0
20
100057.5
30
0
11
237576.78999999998
21
99757.5
31
0
0
LINE
8
equipment
10
237576.78999999998
20
99757.5
30
0
11
237923.21000000002
21
99757.5
31
0
0
LINE
8
equipment
10
237923.21000000002
20
99757.5
30
0
11
237750.0
21
100057.5
31
0
0
LINE
8
equipment
10
208000.0
20
97657.5
30
0
11
208000.0
21
98057.5
31
0
0
LINE
8
equipment
10
205500.0
20
97657.5
30
0
11
205500.0
21
98057.5
31
0
0
LINE
8
equipment
10
208000.0
20
97657.5
30
0
11
205500.0
21
97657.5
31
0
0
LINE
8
equipment
10
208000.0
20
98057.5
30
0
11
205500.0
21
98057.5
31
0
0
LINE
8
equipment
10
205950.00000000003
20
100157.49999999999
30
0
11
205970.06000000003
21
100157.49999999999
31
0
0
LINE
8
equipment
10
205970.06000000003
20
100157.49999999999
30
0
11
206029.22
21
100157.49999999999
31
0
0
LINE
8
equipment
10
206029.22
20
100157.49999999999
30
0
11
206124.53000000003
21
100157.49999999999
31
0
0
LINE
8
equipment
10
206124.53000000003
20
100157.49999999999
30
0
11
206251.21000000002
21
100157.49999999999
31
0
0
LINE
8
equipment
10
206251.21000000002
20
100157.49999999999
30
0
11
206402.88999999998
21
100157.49999999999
31
0
0
LINE
8
equipment
10
206402.88999999998
20
100157.49999999999
30
0
11
206571.98
21
100157.49999999999
31
0
0
LINE
8
equipment
10
206571.98
20
100157.49999999999
30
0
11
206750.0
21
100157.49999999999
31
0
0
LINE
8
equipment
10
206750.0
20
100157.49999999999
30
0
11
206928.02
21
100157.49999999999
31
0
0
LINE
8
equipment
10
206928.02
20
100157.49999999999
30
0
11
207097.11000000002
21
100157.49999999999
31
0
0
LINE
8
equipment
10
207097.11000000002
20
100157.49999999999
30
0
11
207248.79
21
100157.49999999999
31
0
0
LINE
8
equipment
10
207248.79
20
100157.49999999999
30
0
11
207375.47
21
100157.49999999999
31
0
0
LINE
8
equipment
10
207375.47
20
100157.49999999999
30
0
11
207470.78
21
100157.49999999999
31
0
0
LINE
8
equipment
10
207470.78
20
100157.49999999999
30
0
11
207529.94
21
100157.49999999999
31
0
0
LINE
8
equipment
10
207529.94
20
100157.49999999999
30
0
11
207550.0
21
100157.49999999999
31
0
0
LINE
8
equipment
10
205950.00000000003
20
98057.5
30
0
11
205950.00000000003
21
100157.49999999999
31
0
0
LINE
8
equipment
10
206750.0
20
100057.5
30
0
11
206576.79
21
99757.5
31
0
0
LINE
8
equipment
10
206576.79
20
99757.5
30
0
11
206923.21
21
99757.5
31
0
0
LINE
8
equipment
10
206923.21
20
99757.5
30
0
11
206750.0
21
100057.5
31
0
0
LINE
8
equipment
10
204000.0
20
97657.5
30
0
11
204000.0
21
98057.5
31
0
0
LINE
8
equipment
10
201500.0
20
97657.5
30
0
11
201500.0
21
98057.5
31
0
0
LINE
8
equipment
10
204000.0
20
97657.5
30
0
11
201500.0
21
97657.5
31
0
0
LINE
8
equipment
10
204000.0
20
98057.5
30
0
11
201500.0
21
98057.5
31
0
0
LINE
8
equipment
10
201950.0
20
100157.49999999999
30
0
11
201970.06
21
100157.49999999999
31
0
0
LINE
8
equipment
10
201970.06
20
100157.49999999999
30
0
11
202029.22
21
100157.49999999999
31
0
0
LINE
8
equipment
10
202029.22
20
100157.49999999999
30
0
11
202124.53
21
100157.49999999999
31
0
0
LINE
8
equipment
10
202124.53
20
100157.49999999999
30
0
11
202251.21
21
100157.49999999999
31
0
0
LINE
8
equipment
10
202251.21
20
100157.49999999999
30
0
11
202402.88999999998
21
100157.49999999999
31
0
0
LINE
8
equipment
10
202402.88999999998
20
100157.49999999999
30
0
11
202571.98
21
100157.49999999999
31
0
0
LINE
8
equipment
10
202571.98
20
100157.49999999999
30
0
11
202750.0
21
100157.49999999999
31
0
0
LINE
8
equipment
10
202750.0
20
100157.49999999999
30
0
11
202928.02
21
100157.49999999999
31
0
0
LINE
8
equipment
10
202928.02
20
100157.49999999999
30
0
11
203097.11000000002
21
100157.49999999999
31
0
0
LINE
8
equipment
10
203097.11000000002
20
100157.49999999999
30
0
11
203248.78999999998
21
100157.49999999999
31
0
0
LINE
8
equipment
10
203248.78999999998
20
100157.49999999999
30
0
11
203375.46999999997
21
100157.49999999999
31
0
0
LINE
8
equipment
10
203375.46999999997
20
100157.49999999999
30
0
11
203470.78
21
100157.49999999999
31
0
0
LINE
8
equipment
10
203470.78
20
100157.49999999999
30
0
11
203529.93999999997
21
100157.49999999999
31
0
0
LINE
8
equipment
10
203529.93999999997
20
100157.49999999999
30
0
11
203549.99999999997
21
100157.49999999999
31
0
0
LINE
8
equipment
10
201950.0
20
98057.5
30
0
11
201950.0
21
100157.49999999999
31
0
0
LINE
8
equipment
10
202750.0
20
100057.5
30
0
11
202576.79
21
99757.5
31
0
0
LINE
8
equipment
10
202576.79
20
99757.5
30
0
11
202923.21
21
99757.5
31
0
0
LINE
8
equipment
10
202923.21
20
99757.5
30
0
11
202750.0
21
100057.5
31
0
0
LINE
8
equipment
10
200000.0
20
97657.5
30
0
11
200000.0
21
98057.5
31
0
0
LINE
8
equipment
10
197500.0
20
97657.5
30
0
11
197500.0
21
98057.5
31
0
0
LINE
8
equipment
10
200000.0
20
97657.5
30
0
11
197500.0
21
97657.5
31
0
0
LINE
8
equipment
10
200000.0
20
98057.5
30
0
11
197500.0
21
98057.5
31
0
0
LINE
8
equipment
10
197950.0
20
100157.49999999999
30
0
11
197970.06
21
100157.49999999999
31
0
0
LINE
8
equipment
10
197970.06
20
100157.49999999999
30
0
11
198029.21999999997
21
100157.49999999999
31
0
0
LINE
8
equipment
10
198029.21999999997
20
100157.49999999999
30
0
11
198124.53
21
100157.49999999999
31
0
0
LINE
8
equipment
10
198124.53
20
100157.49999999999
30
0
11
198251.21
21
100157.49999999999
31
0
0
LINE
8
equipment
10
198251.21
20
100157.49999999999
30
0
11
198402.89
21
100157.49999999999
31
0
0
LINE
8
equipment
10
198402.89
20
100157.49999999999
30
0
11
198571.98
21
100157.49999999999
31
0
0
LINE
8
equipment
10
198571.98
20
100157.49999999999
30
0
11
198750.0
21
100157.49999999999
31
0
0
LINE
8
equipment
10
198750.0
20
100157.49999999999
30
0
11
198928.02
21
100157.49999999999
31
0
0
LINE
8
equipment
10
198928.02
20
100157.49999999999
30
0
11
199097.11
21
100157.49999999999
31
0
0
LINE
8
equipment
10
199097.11
20
100157.49999999999
30
0
11
199248.79
21
100157.49999999999
31
0
0
LINE
8
equipment
10
199248.79
20
100157.49999999999
30
0
11
199375.47
21
100157.49999999999
31
0
0
LINE
8
equipment
10
199375.47
20
100157.49999999999
30
0
11
199470.78000000003
21
100157.49999999999
31
0
0
LINE
8
equipment
10
199470.78000000003
20
100157.49999999999
30
0
11
199529.94
21
100157.49999999999
31
0
0
LINE
8
equipment
10
199529.94
20
100157.49999999999
30
0
11
199550.0
21
100157.49999999999
31
0
0
LINE
8
equipment
10
197950.0
20
98057.5
30
0
11
197950.0
21
100157.49999999999
31
0
0
LINE
8
equipment
10
198750.0
20
100057.5
30
0
11
198576.78999999998
21
99757.5
31
0
0
LINE
8
equipment
10
198576.78999999998
20
99757.5
30
0
11
198923.21000000002
21
99757.5
31
0
0
LINE
8
equipment
10
198923.21000000002
20
99757.5
30
0
11
198750.0
21
100057.5
31
0
0
LINE
8
equipment
10
196000.0
20
97657.5
30
0
11
196000.0
21
98057.5
31
0
0
LINE
8
equipment
10
193500.0
20
97657.5
30
0
11
193500.0
21
98057.5
31
0
0
LINE
8
equipment
10
196000.0
20
97657.5
30
0
11
193500.0
21
97657.5
31
0
0
LINE
8
equipment
10
196000.0
20
98057.5
30
0
11
193500.0
21
98057.5
31
0
0
LINE
8
equipment
10
193950.00000000003
20
100157.49999999999
30
0
11
193970.06000000003
21
100157.49999999999
31
0
0
LINE
8
equipment
10
193970.06000000003
20
100157.49999999999
30
0
11
194029.22
21
100157.49999999999
31
0
0
LINE
8
equipment
10
194029.22
20
100157.49999999999
30
0
11
194124.53000000003
21
100157.49999999999
31
0
0
LINE
8
equipment
10
194124.53000000003
20
100157.49999999999
30
0
11
194251.21000000002
21
100157.49999999999
31
0
0
LINE
8
equipment
10
194251.21000000002
20
100157.49999999999
30
0
11
194402.88999999998
21
100157.49999999999
31
0
0
LINE
8
equipment
10
194402.88999999998
20
100157.49999999999
30
0
11
194571.98
21
100157.49999999999
31
0
0
LINE
8
equipment
10
194571.98
20
100157.49999999999
30
0
11
194750.0
21
100157.49999999999
31
0
0
LINE
8
equipment
10
194750.0
20
100157.49999999999
30
0
11
194928.02
21
100157.49999999999
31
0
0
LINE
8
equipment
10
194928.02
20
100157.49999999999
30
0
11
195097.11000000002
21
100157.49999999999
31
0
0
LINE
8
equipment
10
195097.11000000002
20
100157.49999999999
30
0
11
195248.79
21
100157.49999999999
31
0
0
LINE
8
equipment
10
195248.79
20
100157.49999999999
30
0
11
195375.47
21
100157.49999999999
31
0
0
LINE
8
equipment
10
195375.47
20
100157.49999999999
30
0
11
195470.78
21
100157.49999999999
31
0
0
LINE
8
equipment
10
195470.78
20
100157.49999999999
30
0
11
195529.94
21
100157.49999999999
31
0
0
LINE
8
equipment
10
195529.94
20
100157.49999999999
30
0
11
195550.0
21
100157.49999999999
31
0
0
LINE
8
equipment
10
193950.00000000003
20
98057.5
30
0
11
193950.00000000003
21
100157.49999999999
31
0
0
LINE
8
equipment
10
194750.0
20
100057.5
30
0
11
194576.79
21
99757.5
31
0
0
LINE
8
equipment
10
194576.79
20
99757.5
30
0
11
194923.21
21
99757.5
31
0
0
LINE
8
equipment
10
194923.21
20
99757.5
30
0
11
194750.0
21
100057.5
31
0
0
LINE
8
equipment
10
165000.0
20
97657.5
30
0
11
165000.0
21
98057.5
31
0
0
LINE
8
equipment
10
162500.0
20
97657.5
30
0
11
162500.0
21
98057.5
31
0
0
LINE
8
equipment
10
165000.0
20
97657.5
30
0
11
162500.0
21
97657.5
31
0
0
LINE
8
equipment
10
165000.0
20
98057.5
30
0
11
162500.0
21
98057.5
31
0
0
LINE
8
equipment
10
162950.0
20
100157.49999999999
30
0
11
162970.06
21
100157.49999999999
31
0
0
LINE
8
equipment
10
162970.06
20
100157.49999999999
30
0
11
163029.22
21
100157.49999999999
31
0
0
LINE
8
equipment
10
163029.22
20
100157.49999999999
30
0
11
163124.53
21
100157.49999999999
31
0
0
LINE
8
equipment
10
163124.53
20
100157.49999999999
30
0
11
163251.21000000002
21
100157.49999999999
31
0
0
LINE
8
equipment
10
163251.21000000002
20
100157.49999999999
30
0
11
163402.88999999998
21
100157.49999999999
31
0
0
LINE
8
equipment
10
163402.88999999998
20
100157.49999999999
30
0
11
163571.98
21
100157.49999999999
31
0
0
LINE
8
equipment
10
163571.98
20
100157.49999999999
30
0
11
163750.0
21
100157.49999999999
31
0
0
LINE
8
equipment
10
163750.0
20
100157.49999999999
30
0
11
163928.02
21
100157.49999999999
31
0
0
LINE
8
equipment
10
163928.02
20
100157.49999999999
30
0
11
164097.11
21
100157.49999999999
31
0
0
LINE
8
equipment
10
164097.11
20
100157.49999999999
30
0
11
164248.79
21
100157.49999999999
31
0
0
LINE
8
equipment
10
164248.79
20
100157.49999999999
30
0
11
164375.47
21
100157.49999999999
31
0
0
LINE
8
equipment
10
164375.47
20
100157.49999999999
30
0
11
164470.78
21
100157.49999999999
31
0
0
LINE
8
equipment
10
164470.78
20
100157.49999999999
30
0
11
164529.94
21
100157.49999999999
31
0
0
LINE
8
equipment
10
164529.94
20
100157.49999999999
30
0
11
164550.0
21
100157.49999999999
31
0
0
LINE
8
equipment
10
162950.0
20
98057.5
30
0
11
162950.0
21
100157.49999999999
31
0
0
LINE
8
equipment
10
163750.0
20
100057.5
30
0
11
163576.79
21
99757.5
31
0
0
LINE
8
equipment
10
163576.79
20
99757.5
30
0
11
163923.21
21
99757.5
31
0
0
LINE
8
equipment
10
163923.21
20
99757.5
30
0
11
163750.0
21
100057.5
31
0
0
LINE
8
equipment
10
161000.0
20
97657.5
30
0
11
161000.0
21
98057.5
31
0
0
LINE
8
equipment
10
158500.0
20
97657.5
30
0
11
158500.0
21
98057.5
31
0
0
LINE
8
equipment
10
161000.0
20
97657.5
30
0
11
158500.0
21
97657.5
31
0
0
LINE
8
equipment
10
161000.0
20
98057.5
30
0
11
158500.0
21
98057.5
31
0
0
LINE
8
equipment
10
158950.0
20
100157.49999999999
30
0
11
158970.06
21
100157.49999999999
31
0
0
LINE
8
equipment
10
158970.06
20
100157.49999999999
30
0
11
159029.22
21
100157.49999999999
31
0
0
LINE
8
equipment
10
159029.22
20
100157.49999999999
30
0
11
159124.53
21
100157.49999999999
31
0
0
LINE
8
equipment
10
159124.53
20
100157.49999999999
30
0
11
159251.21
21
100157.49999999999
31
0
0
LINE
8
equipment
10
159251.21
20
100157.49999999999
30
0
11
159402.88999999998
21
100157.49999999999
31
0
0
LINE
8
equipment
10
159402.88999999998
20
100157.49999999999
30
0
11
159571.98
21
100157.49999999999
31
0
0
LINE
8
equipment
10
159571.98
20
100157.49999999999
30
0
11
159750.0
21
100157.49999999999
31
0
0
LINE
8
equipment
10
159750.0
20
100157.49999999999
30
0
11
159928.02
21
100157.49999999999
31
0
0
LINE
8
equipment
10
159928.02
20
100157.49999999999
30
0
11
160097.11000000002
21
100157.49999999999
31
0
0
LINE
8
equipment
10
160097.11000000002
20
100157.49999999999
30
0
11
160248.79
21
100157.49999999999
31
0
0
LINE
8
equipment
10
160248.79
20
100157.49999999999
30
0
11
160375.47
21
100157.49999999999
31
0
0
LINE
8
equipment
10
160375.47
20
100157.49999999999
30
0
11
160470.78
21
100157.49999999999
31
0
0
LINE
8
equipment
10
160470.78
20
100157.49999999999
30
0
11
160529.94
21
100157.49999999999
31
0
0
LINE
8
equipment
10
160529.94
20
100157.49999999999
30
0
11
160550.0
21
100157.49999999999
31
0
0
LINE
8
equipment
10
158950.0
20
98057.5
30
0
11
158950.0
21
100157.49999999999
31
0
0
LINE
8
equipment
10
159750.0
20
100057.5
30
0
11
159576.79
21
99757.5
31
0
0
LINE
8
equipment
10
159576.79
20
99757.5
30
0
11
159923.21
21
99757.5
31
0
0
LINE
8
equipment
10
159923.21
20
99757.5
30
0
11
159750.0
21
100057.5
31
0
0
LINE
8
equipment
10
157000.0
20
97657.5
30
0
11
157000.0
21
98057.5
31
0
0
LINE
8
equipment
10
154500.0
20
97657.5
30
0
11
154500.0
21
98057.5
31
0
0
LINE
8
equipment
10
157000.0
20
97657.5
30
0
11
154500.0
21
97657.5
31
0
0
LINE
8
equipment
10
157000.0
20
98057.5
30
0
11
154500.0
21
98057.5
31
0
0
LINE
8
equipment
10
154950.0
20
100157.49999999999
30
0
11
154970.06
21
100157.49999999999
31
0
0
LINE
8
equipment
10
154970.06
20
100157.49999999999
30
0
11
155029.22
21
100157.49999999999
31
0
0
LINE
8
equipment
10
155029.22
20
100157.49999999999
30
0
11
155124.53
21
100157.49999999999
31
0
0
LINE
8
equipment
10
155124.53
20
100157.49999999999
30
0
11
155251.21
21
100157.49999999999
31
0
0
LINE
8
equipment
10
155251.21
20
100157.49999999999
30
0
11
155402.89
21
100157.49999999999
31
0
0
LINE
8
equipment
10
155402.89
20
100157.49999999999
30
0
11
155571.98
21
100157.49999999999
31
0
0
LINE
8
equipment
10
155571.98
20
100157.49999999999
30
0
11
155750.0
21
100157.49999999999
31
0
0
LINE
8
equipment
10
155750.0
20
100157.49999999999
30
0
11
155928.02
21
100157.49999999999
31
0
0
LINE
8
equipment
10
155928.02
20
100157.49999999999
30
0
11
156097.11000000002
21
100157.49999999999
31
0
0
LINE
8
equipment
10
156097.11000000002
20
100157.49999999999
30
0
11
156248.78999999998
21
100157.49999999999
31
0
0
LINE
8
equipment
10
156248.78999999998
20
100157.49999999999
30
0
11
156375.47
21
100157.49999999999
31
0
0
LINE
8
equipment
10
156375.47
20
100157.49999999999
30
0
11
156470.78
21
100157.49999999999
31
0
0
LINE
8
equipment
10
156470.78
20
100157.49999999999
30
0
11
156529.94
21
100157.49999999999
31
0
0
LINE
8
equipment
10
156529.94
20
100157.49999999999
30
0
11
156550.0
21
100157.49999999999
31
0
0
LINE
8
equipment
10
154950.0
20
98057.5
30
0
11
154950.0
21
100157.49999999999
31
0
0
LINE
8
equipment
10
155750.0
20
100057.5
30
0
11
155576.79
21
99757.5
31
0
0
LINE
8
equipment
10
155576.79
20
99757.5
30
0
11
155923.21
21
99757.5
31
0
0
LINE
8
equipment
10
155923.21
20
99757.5
30
0
11
155750.0
21
100057.5
31
0
0
LINE
8
equipment
10
153000.0
20
97657.5
30
0
11
153000.0
21
98057.5
31
0
0
LINE
8
equipment
10
150500.0
20
97657.5
30
0
11
150500.0
21
98057.5
31
0
0
LINE
8
equipment
10
153000.0
20
97657.5
30
0
11
150500.0
21
97657.5
31
0
0
LINE
8
equipment
10
153000.0
20
98057.5
30
0
11
150500.0
21
98057.5
31
0
0
LINE
8
equipment
10
150950.0
20
100157.49999999999
30
0
11
150970.06
21
100157.49999999999
31
0
0
LINE
8
equipment
10
150970.06
20
100157.49999999999
30
0
11
151029.22
21
100157.49999999999
31
0
0
LINE
8
equipment
10
151029.22
20
100157.49999999999
30
0
11
151124.53
21
100157.49999999999
31
0
0
LINE
8
equipment
10
151124.53
20
100157.49999999999
30
0
11
151251.21000000002
21
100157.49999999999
31
0
0
LINE
8
equipment
10
151251.21000000002
20
100157.49999999999
30
0
11
151402.88999999998
21
100157.49999999999
31
0
0
LINE
8
equipment
10
151402.88999999998
20
100157.49999999999
30
0
11
151571.98
21
100157.49999999999
31
0
0
LINE
8
equipment
10
151571.98
20
100157.49999999999
30
0
11
151750.0
21
100157.49999999999
31
0
0
LINE
8
equipment
10
151750.0
20
100157.49999999999
30
0
11
151928.02
21
100157.49999999999
31
0
0
LINE
8
equipment
10
151928.02
20
100157.49999999999
30
0
11
152097.11
21
100157.49999999999
31
0
0
LINE
8
equipment
10
152097.11
20
100157.49999999999
30
0
11
152248.79
21
100157.49999999999
31
0
0
LINE
8
equipment
10
152248.79
20
100157.49999999999
30
0
11
152375.47
21
100157.49999999999
31
0
0
LINE
8
equipment
10
152375.47
20
100157.49999999999
30
0
11
152470.78
21
100157.49999999999
31
0
0
LINE
8
equipment
10
152470.78
20
100157.49999999999
30
0
11
152529.94
21
100157.49999999999
31
0
0
LINE
8
equipment
10
152529.94
20
100157.49999999999
30
0
11
152550.0
21
100157.49999999999
31
0
0
LINE
8
equipment
10
150950.0
20
98057.5
30
0
11
150950.0
21
100157.49999999999
31
0
0
LINE
8
equipment
10
151750.0
20
100057.5
30
0
11
151576.79
21
99757.5
31
0
0
LINE
8
equipment
10
151576.79
20
99757.5
30
0
11
151923.21
21
99757.5
31
0
0
LINE
8
equipment
10
151923.21
20
99757.5
30
0
11
151750.0
21
100057.5
31
0
0
LINE
8
equipment
10
122000.0
20
97657.5
30
0
11
122000.0
21
98057.5
31
0
0
LINE
8
equipment
10
119500.0
20
97657.5
30
0
11
119500.0
21
98057.5
31
0
0
LINE
8
equipment
10
122000.0
20
97657.5
30
0
11
119500.0
21
97657.5
31
0
0
LINE
8
equipment
10
122000.0
20
98057.5
30
0
11
119500.0
21
98057.5
31
0
0
LINE
8
equipment
10
119950.0
20
100157.49999999999
30
0
11
119970.06
21
100157.49999999999
31
0
0
LINE
8
equipment
10
119970.06
20
100157.49999999999
30
0
11
120029.22
21
100157.49999999999
31
0
0
LINE
8
equipment
10
120029.22
20
100157.49999999999
30
0
11
120124.53000000001
21
100157.49999999999
31
0
0
LINE
8
equipment
10
120124.53000000001
20
100157.49999999999
30
0
11
120251.21
21
100157.49999999999
31
0
0
LINE
8
equipment
10
120251.21
20
100157.49999999999
30
0
11
120402.89
21
100157.49999999999
31
0
0
LINE
8
equipment
10
120402.89
20
100157.49999999999
30
0
11
120571.98000000001
21
100157.49999999999
31
0
0
LINE
8
equipment
10
120571.98000000001
20
100157.49999999999
30
0
11
120750.0
21
100157.49999999999
31
0
0
LINE
8
equipment
10
120750.0
20
100157.49999999999
30
0
11
120928.01999999999
21
100157.49999999999
31
0
0
LINE
8
equipment
10
120928.01999999999
20
100157.49999999999
30
0
11
121097.11
21
100157.49999999999
31
0
0
LINE
8
equipment
10
121097.11
20
100157.49999999999
30
0
11
121248.79
21
100157.49999999999
31
0
0
LINE
8
equipment
10
121248.79
20
100157.49999999999
30
0
11
121375.46999999999
21
100157.49999999999
31
0
0
LINE
8
equipment
10
121375.46999999999
20
100157.49999999999
30
0
11
121470.78
21
100157.49999999999
31
0
0
LINE
8
equipment
10
121470.78
20
100157.49999999999
30
0
11
121529.94
21
100157.49999999999
31
0
0
LINE
8
equipment
10
121529.94
20
100157.49999999999
30
0
11
121550.0
21
100157.49999999999
31
0
0
LINE
8
equipment
10
119950.0
20
98057.5
30
0
11
119950.0
21
100157.49999999999
31
0
0
LINE
8
equipment
10
120750.0
20
100057.5
30
0
11
120576.79
21
99757.5
31
0
0
LINE
8
equipment
10
120576.79
20
99757.5
30
0
11
120923.21
21
99757.5
31
0
0
LINE
8
equipment
10
120923.21
20
99757.5
30
0
11
120750.0
21
100057.5
31
0
0
LINE
8
equipment
10
118000.0
20
97657.5
30
0
11
118000.0
21
98057.5
31
0
0
LINE
8
equipment
10
115500.0
20
97657.5
30
0
11
115500.0
21
98057.5
31
0
0
LINE
8
equipment
10
118000.0
20
97657.5
30
0
11
115500.0
21
97657.5
31
0
0
LINE
8
equipment
10
118000.0
20
98057.5
30
0
11
115500.0
21
98057.5
31
0
0
LINE
8
equipment
10
115950.0
20
100157.49999999999
30
0
11
115970.06
21
100157.49999999999
31
0
0
LINE
8
equipment
10
115970.06
20
100157.49999999999
30
0
11
116029.22
21
100157.49999999999
31
0
0
LINE
8
equipment
10
116029.22
20
100157.49999999999
30
0
11
116124.53
21
100157.49999999999
31
0
0
LINE
8
equipment
10
116124.53
20
100157.49999999999
30
0
11
116251.20999999999
21
100157.49999999999
31
0
0
LINE
8
equipment
10
116251.20999999999
20
100157.49999999999
30
0
11
116402.89
21
100157.49999999999
31
0
0
LINE
8
equipment
10
116402.89
20
100157.49999999999
30
0
11
116571.98
21
100157.49999999999
31
0
0
LINE
8
equipment
10
116571.98
20
100157.49999999999
30
0
11
116750.0
21
100157.49999999999
31
0
0
LINE
8
equipment
10
116750.0
20
100157.49999999999
30
0
11
116928.01999999999
21
100157.49999999999
31
0
0
LINE
8
equipment
10
116928.01999999999
20
100157.49999999999
30
0
11
117097.11
21
100157.49999999999
31
0
0
LINE
8
equipment
10
117097.11
20
100157.49999999999
30
0
11
117248.79000000001
21
100157.49999999999
31
0
0
LINE
8
equipment
10
117248.79000000001
20
100157.49999999999
30
0
11
117375.47
21
100157.49999999999
31
0
0
LINE
8
equipment
10
117375.47
20
100157.49999999999
30
0
11
117470.77999999998
21
100157.49999999999
31
0
0
LINE
8
equipment
10
117470.77999999998
20
100157.49999999999
30
0
11
117529.94000000002
21
100157.49999999999
31
0
0
LINE
8
equipment
10
117529.94000000002
20
100157.49999999999
30
0
11
117550.00000000001
21
100157.49999999999
31
0
0
LINE
8
equipment
10
115950.0
20
98057.5
30
0
11
115950.0
21
100157.49999999999
31
0
0
LINE
8
equipment
10
116750.0
20
100057.5
30
0
11
116576.79000000001
21
99757.5
31
0
0
LINE
8
equipment
10
116576.79000000001
20
99757.5
30
0
11
116923.21
21
99757.5
31
0
0
LINE
8
equipment
10
116923.21
20
99757.5
30
0
11
116750.0
21
100057.5
31
0
0
LINE
8
equipment
10
114000.0
20
97657.5
30
0
11
114000.0
21
98057.5
31
0
0
LINE
8
equipment
10
111500.0
20
97657.5
30
0
11
111500.0
21
98057.5
31
0
0
LINE
8
equipment
10
114000.0
20
97657.5
30
0
11
111500.0
21
97657.5
31
0
0
LINE
8
equipment
10
114000.0
20
98057.5
30
0
11
111500.0
21
98057.5
31
0
0
LINE
8
equipment
10
111949.99999999999
20
100157.49999999999
30
0
11
111970.05999999998
21
100157.49999999999
31
0
0
LINE
8
equipment
10
111970.05999999998
20
100157.49999999999
30
0
11
112029.22000000002
21
100157.49999999999
31
0
0
LINE
8
equipment
10
112029.22000000002
20
100157.49999999999
30
0
11
112124.53
21
100157.49999999999
31
0
0
LINE
8
equipment
10
112124.53
20
100157.49999999999
30
0
11
112251.20999999999
21
100157.49999999999
31
0
0
LINE
8
equipment
10
112251.20999999999
20
100157.49999999999
30
0
11
112402.89
21
100157.49999999999
31
0
0
LINE
8
equipment
10
112402.89
20
100157.49999999999
30
0
11
112571.98000000001
21
100157.49999999999
31
0
0
LINE
8
equipment
10
112571.98000000001
20
100157.49999999999
30
0
11
112750.0
21
100157.49999999999
31
0
0
LINE
8
equipment
10
112750.0
20
100157.49999999999
30
0
11
112928.02
21
100157.49999999999
31
0
0
LINE
8
equipment
10
112928.02
20
100157.49999999999
30
0
11
113097.11
21
100157.49999999999
31
0
0
LINE
8
equipment
10
113097.11
20
100157.49999999999
30
0
11
113248.79000000001
21
100157.49999999999
31
0
0
LINE
8
equipment
10
113248.79000000001
20
100157.49999999999
30
0
11
113375.47
21
100157.49999999999
31
0
0
LINE
8
equipment
10
113375.47
20
100157.49999999999
30
0
11
113470.78
21
100157.49999999999
31
0
0
LINE
8
equipment
10
113470.78
20
100157.49999999999
30
0
11
113529.94
21
100157.49999999999
31
0
0
LINE
8
equipment
10
113529.94
20
100157.49999999999
30
0
11
113550.0
21
100157.49999999999
31
0
0
LINE
8
equipment
10
111949.99999999999
20
98057.5
30
0
11
111949.99999999999
21
100157.49999999999
31
0
0
LINE
8
equipment
10
112750.0
20
100057.5
30
0
11
112576.79
21
99757.5
31
0
0
LINE
8
equipment
10
112576.79
20
99757.5
30
0
11
112923.20999999999
21
99757.5
31
0
0
LINE
8
equipment
10
112923.20999999999
20
99757.5
30
0
11
112750.0
21
100057.5
31
0
0
LINE
8
equipment
10
110000.0
20
97657.5
30
0
11
110000.0
21
98057.5
31
0
0
LINE
8
equipment
10
107500.0
20
97657.5
30
0
11
107500.0
21
98057.5
31
0
0
LINE
8
equipment
10
110000.0
20
97657.5
30
0
11
107500.0
21
97657.5
31
0
0
LINE
8
equipment
10
110000.0
20
98057.5
30
0
11
107500.0
21
98057.5
31
0
0
LINE
8
equipment
10
107950.0
20
100157.49999999999
30
0
11
107970.06
21
100157.49999999999
31
0
0
LINE
8
equipment
10
107970.06
20
100157.49999999999
30
0
11
108029.22
21
100157.49999999999
31
0
0
LINE
8
equipment
10
108029.22
20
100157.49999999999
30
0
11
108124.53000000001
21
100157.49999999999
31
0
0
LINE
8
equipment
10
108124.53000000001
20
100157.49999999999
30
0
11
108251.21
21
100157.49999999999
31
0
0
LINE
8
equipment
10
108251.21
20
100157.49999999999
30
0
11
108402.89
21
100157.49999999999
31
0
0
LINE
8
equipment
10
108402.89
20
100157.49999999999
30
0
11
108571.98000000001
21
100157.49999999999
31
0
0
LINE
8
equipment
10
108571.98000000001
20
100157.49999999999
30
0
11
108750.0
21
100157.49999999999
31
0
0
LINE
8
equipment
10
108750.0
20
100157.49999999999
30
0
11
108928.01999999999
21
100157.49999999999
31
0
0
LINE
8
equipment
10
108928.01999999999
20
100157.49999999999
30
0
11
109097.11
21
100157.49999999999
31
0
0
LINE
8
equipment
10
109097.11
20
100157.49999999999
30
0
11
109248.79
21
100157.49999999999
31
0
0
LINE
8
equipment
10
109248.79
20
100157.49999999999
30
0
11
109375.46999999999
21
100157.49999999999
31
0
0
LINE
8
equipment
10
109375.46999999999
20
100157.49999999999
30
0
11
109470.78
21
100157.49999999999
31
0
0
LINE
8
equipment
10
109470.78
20
100157.49999999999
30
0
11
109529.94
21
100157.49999999999
31
0
0
LINE
8
equipment
10
109529.94
20
100157.49999999999
30
0
11
109550.0
21
100157.49999999999
31
0
0
LINE
8
equipment
10
107950.0
20
98057.5
30
0
11
107950.0
21
100157.49999999999
31
0
0
LINE
8
equipment
10
108750.0
20
100057.5
30
0
11
108576.79
21
99757.5
31
0
0
LINE
8
equipment
10
108576.79
20
99757.5
30
0
11
108923.21
21
99757.5
31
0
0
LINE
8
equipment
10
108923.21
20
99757.5
30
0
11
108750.0
21
100057.5
31
0
0
LINE
8
equipment
10
79000.0
20
97657.5
30
0
11
79000.0
21
98057.5
31
0
0
LINE
8
equipment
10
76500.0
20
97657.5
30
0
11
76500.0
21
98057.5
31
0
0
LINE
8
equipment
10
79000.0
20
97657.5
30
0
11
76500.0
21
97657.5
31
0
0
LINE
8
equipment
10
79000.0
20
98057.5
30
0
11
76500.0
21
98057.5
31
0
0
LINE
8
equipment
10
76950.0
20
100157.49999999999
30
0
11
76970.06
21
100157.49999999999
31
0
0
LINE
8
equipment
10
76970.06
20
100157.49999999999
30
0
11
77029.22
21
100157.49999999999
31
0
0
LINE
8
equipment
10
77029.22
20
100157.49999999999
30
0
11
77124.53
21
100157.49999999999
31
0
0
LINE
8
equipment
10
77124.53
20
100157.49999999999
30
0
11
77251.21
21
100157.49999999999
31
0
0
LINE
8
equipment
10
77251.21
20
100157.49999999999
30
0
11
77402.89
21
100157.49999999999
31
0
0
LINE
8
equipment
10
77402.89
20
100157.49999999999
30
0
11
77571.98
21
100157.49999999999
31
0
0
LINE
8
equipment
10
77571.98
20
100157.49999999999
30
0
11
77750.0
21
100157.49999999999
31
0
0
LINE
8
equipment
10
77750.0
20
100157.49999999999
30
0
11
77928.02
21
100157.49999999999
31
0
0
LINE
8
equipment
10
77928.02
20
100157.49999999999
30
0
11
78097.11
21
100157.49999999999
31
0
0
LINE
8
equipment
10
78097.11
20
100157.49999999999
30
0
11
78248.79
21
100157.49999999999
31
0
0
LINE
8
equipment
10
78248.79
20
100157.49999999999
30
0
11
78375.47
21
100157.49999999999
31
0
0
LINE
8
equipment
10
78375.47
20
100157.49999999999
30
0
11
78470.78
21
100157.49999999999
31
0
0
LINE
8
equipment
10
78470.78
20
100157.49999999999
30
0
11
78529.94
21
100157.49999999999
31
0
0
LINE
8
equipment
10
78529.94
20
100157.49999999999
30
0
11
78550.0
21
100157.49999999999
31
0
0
LINE
8
equipment
10
76950.0
20
98057.5
30
0
11
76950.0
21
100157.49999999999
31
0
0
LINE
8
equipment
10
77750.0
20
100057.5
30
0
11
77576.79
21
99757.5
31
0
0
LINE
8
equipment
10
77576.79
20
99757.5
30
0
11
77923.21
21
99757.5
31
0
0
LINE
8
equipment
10
77923.21
20
99757.5
30
0
11
77750.0
21
100057.5
31
0
0
LINE
8
equipment
10
75000.0
20
97657.5
30
0
11
75000.0
21
98057.5
31
0
0
LINE
8
equipment
10
72500.0
20
97657.5
30
0
11
72500.0
21
98057.5
31
0
0
LINE
8
equipment
10
75000.0
20
97657.5
30
0
11
72500.0
21
97657.5
31
0
0
LINE
8
equipment
10
75000.0
20
98057.5
30
0
11
72500.0
21
98057.5
31
0
0
LINE
8
equipment
10
72950.0
20
100157.49999999999
30
0
11
72970.06
21
100157.49999999999
31
0
0
LINE
8
equipment
10
72970.06
20
100157.49999999999
30
0
11
73029.22
21
100157.49999999999
31
0
0
LINE
8
equipment
10
73029.22
20
100157.49999999999
30
0
11
73124.53
21
100157.49999999999
31
0
0
LINE
8
equipment
10
73124.53
20
100157.49999999999
30
0
11
73251.21
21
100157.49999999999
31
0
0
LINE
8
equipment
10
73251.21
20
100157.49999999999
30
0
11
73402.89
21
100157.49999999999
31
0
0
LINE
8
equipment
10
73402.89
20
100157.49999999999
30
0
11
73571.98
21
100157.49999999999
31
0
0
LINE
8
equipment
10
73571.98
20
100157.49999999999
30
0
11
73750.0
21
100157.49999999999
31
0
0
LINE
8
equipment
10
73750.0
20
100157.49999999999
30
0
11
73928.02
21
100157.49999999999
31
0
0
LINE
8
equipment
10
73928.02
20
100157.49999999999
30
0
11
74097.11
21
100157.49999999999
31
0
0
LINE
8
equipment
10
74097.11
20
100157.49999999999
30
0
11
74248.79
21
100157.49999999999
31
0
0
LINE
8
equipment
10
74248.79
20
100157.49999999999
30
0
11
74375.47
21
100157.49999999999
31
0
0
LINE
8
equipment
10
74375.47
20
100157.49999999999
30
0
11
74470.78
21
100157.49999999999
31
0
0
LINE
8
equipment
10
74470.78
20
100157.49999999999
30
0
11
74529.94
21
100157.49999999999
31
0
0
LINE
8
equipment
10
74529.94
20
100157.49999999999
30
0
11
74550.0
21
100157.49999999999
31
0
0
LINE
8
equipment
10
72950.0
20
98057.5
30
0
11
72950.0
21
100157.49999999999
31
0
0
LINE
8
equipment
10
73750.0
20
100057.5
30
0
11
73576.79
21
99757.5
31
0
0
LINE
8
equipment
10
73576.79
20
99757.5
30
0
11
73923.21
21
99757.5
31
0
0
LINE
8
equipment
10
73923.21
20
99757.5
30
0
11
73750.0
21
100057.5
31
0
0
LINE
8
equipment
10
71000.0
20
97657.5
30
0
11
71000.0
21
98057.5
31
0
0
LINE
8
equipment
10
68500.0
20
97657.5
30
0
11
68500.0
21
98057.5
31
0
0
LINE
8
equipment
10
71000.0
20
97657.5
30
0
11
68500.0
21
97657.5
31
0
0
LINE
8
equipment
10
71000.0
20
98057.5
30
0
11
68500.0
21
98057.5
31
0
0
LINE
8
equipment
10
68950.0
20
100157.49999999999
30
0
11
68970.06
21
100157.49999999999
31
0
0
LINE
8
equipment
10
68970.06
20
100157.49999999999
30
0
11
69029.22
21
100157.49999999999
31
0
0
LINE
8
equipment
10
69029.22
20
100157.49999999999
30
0
11
69124.53
21
100157.49999999999
31
0
0
LINE
8
equipment
10
69124.53
20
100157.49999999999
30
0
11
69251.21
21
100157.49999999999
31
0
0
LINE
8
equipment
10
69251.21
20
100157.49999999999
30
0
11
69402.89
21
100157.49999999999
31
0
0
LINE
8
equipment
10
69402.89
20
100157.49999999999
30
0
11
69571.98
21
100157.49999999999
31
0
0
LINE
8
equipment
10
69571.98
20
100157.49999999999
30
0
11
69750.0
21
100157.49999999999
31
0
0
LINE
8
equipment
10
69750.0
20
100157.49999999999
30
0
11
69928.02
21
100157.49999999999
31
0
0
LINE
8
equipment
10
69928.02
20
100157.49999999999
30
0
11
70097.11
21
100157.49999999999
31
0
0
LINE
8
equipment
10
70097.11
20
100157.49999999999
30
0
11
70248.79
21
100157.49999999999
31
0
0
LINE
8
equipment
10
70248.79
20
100157.49999999999
30
0
11
70375.47
21
100157.49999999999
31
0
0
LINE
8
equipment
10
70375.47
20
100157.49999999999
30
0
11
70470.78
21
100157.49999999999
31
0
0
LINE
8
equipment
10
70470.78
20
100157.49999999999
30
0
11
70529.94
21
100157.49999999999
31
0
0
LINE
8
equipment
10
70529.94
20
100157.49999999999
30
0
11
70550.0
21
100157.49999999999
31
0
0
LINE
8
equipment
10
68950.0
20
98057.5
30
0
11
68950.0
21
100157.49999999999
31
0
0
LINE
8
equipment
10
69750.0
20
100057.5
30
0
11
69576.79
21
99757.5
31
0
0
LINE
8
equipment
10
69576.79
20
99757.5
30
0
11
69923.21
21
99757.5
31
0
0
LINE
8
equipment
10
69923.21
20
99757.5
30
0
11
69750.0
21
100057.5
31
0
0
LINE
8
equipment
10
67000.0
20
97657.5
30
0
11
67000.0
21
98057.5
31
0
0
LINE
8
equipment
10
64500.0
20
97657.5
30
0
11
64500.0
21
98057.5
31
0
0
LINE
8
equipment
10
67000.0
20
97657.5
30
0
11
64500.0
21
97657.5
31
0
0
LINE
8
equipment
10
67000.0
20
98057.5
30
0
11
64500.0
21
98057.5
31
0
0
LINE
8
equipment
10
64949.99999999999
20
100157.49999999999
30
0
11
64970.06
21
100157.49999999999
31
0
0
LINE
8
equipment
10
64970.06
20
100157.49999999999
30
0
11
65029.22000000001
21
100157.49999999999
31
0
0
LINE
8
equipment
10
65029.22000000001
20
100157.49999999999
30
0
11
65124.53
21
100157.49999999999
31
0
0
LINE
8
equipment
10
65124.53
20
100157.49999999999
30
0
11
65251.21000000001
21
100157.49999999999
31
0
0
LINE
8
equipment
10
65251.21000000001
20
100157.49999999999
30
0
11
65402.88999999999
21
100157.49999999999
31
0
0
LINE
8
equipment
10
65402.88999999999
20
100157.49999999999
30
0
11
65571.98
21
100157.49999999999
31
0
0
LINE
8
equipment
10
65571.98
20
100157.49999999999
30
0
11
65750.0
21
100157.49999999999
31
0
0
LINE
8
equipment
10
65750.0
20
100157.49999999999
30
0
11
65928.02
21
100157.49999999999
31
0
0
LINE
8
equipment
10
65928.02
20
100157.49999999999
30
0
11
66097.11
21
100157.49999999999
31
0
0
LINE
8
equipment
10
66097.11
20
100157.49999999999
30
0
11
66248.79
21
100157.49999999999
31
0
0
LINE
8
equipment
10
66248.79
20
100157.49999999999
30
0
11
66375.47
21
100157.49999999999
31
0
0
LINE
8
equipment
10
66375.47
20
100157.49999999999
30
0
11
66470.78
21
100157.49999999999
31
0
0
LINE
8
equipment
10
66470.78
20
100157.49999999999
30
0
11
66529.94
21
100157.49999999999
31
0
0
LINE
8
equipment
10
66529.94
20
100157.49999999999
30
0
11
66550.0
21
100157.49999999999
31
0
0
LINE
8
equipment
10
64949.99999999999
20
98057.5
30
0
11
64949.99999999999
21
100157.49999999999
31
0
0
LINE
8
equipment
10
65750.0
20
100057.5
30
0
11
65576.79
21
99757.5
31
0
0
LINE
8
equipment
10
65576.79
20
99757.5
30
0
11
65923.21
21
99757.5
31
0
0
LINE
8
equipment
10
65923.21
20
99757.5
30
0
11
65750.0
21
100057.5
31
0
0
LINE
8
piping
10
36750.0
20
101887.5
30
0
11
36750.0
21
101891.76000000001
31
0
0
LINE
8
piping
10
36750.0
20
101891.76000000001
30
0
11
36750.0
21
101904.34000000001
31
0
0
LINE
8
piping
10
36750.0
20
101904.34000000001
30
0
11
36750.0
21
101924.59
31
0
0
LINE
8
piping
10
36750.0
20
101924.59
30
0
11
36750.0
21
101951.51000000001
31
0
0
LINE
8
piping
10
36750.0
20
101951.51000000001
30
0
11
36750.0
21
101983.73999999999
31
0
0
LINE
8
piping
10
36750.0
20
101983.73999999999
30
0
11
36750.0
21
102019.67
31
0
0
LINE
8
piping
10
36750.0
20
102019.67
30
0
11
36750.0
21
102057.49999999999
31
0
0
LINE
8
piping
10
36750.0
20
102057.49999999999
30
0
11
36750.0
21
102095.33
31
0
0
LINE
8
piping
10
36750.0
20
102095.33
30
0
11
36750.0
21
102131.26000000001
31
0
0
LINE
8
piping
10
36750.0
20
102131.26000000001
30
0
11
36750.0
21
102163.48999999999
31
0
0
LINE
8
piping
10
36750.0
20
102163.48999999999
30
0
11
36750.0
21
102190.41
31
0
0
LINE
8
piping
10
36750.0
20
102190.41
30
0
11
36750.0
21
102210.66
31
0
0
LINE
8
piping
10
36750.0
20
102210.66
30
0
11
36750.0
21
102223.23999999999
31
0
0
LINE
8
piping
10
36750.0
20
102223.23999999999
30
0
11
36750.0
21
102227.5
31
0
0
LINE
8
piping
10
270750.0
20
102227.5
30
0
11
36750.0
21
102227.5
31
0
0
LINE
8
piping
10
270750.0
20
101887.5
30
0
11
270750.0
21
101891.76000000001
31
0
0
LINE
8
piping
10
270750.0
20
101891.76000000001
30
0
11
270750.0
21
101904.34000000001
31
0
0
LINE
8
piping
10
270750.0
20
101904.34000000001
30
0
11
270750.0
21
101924.59
31
0
0
LINE
8
piping
10
270750.0
20
101924.59
30
0
11
270750.0
21
101951.51000000001
31
0
0
LINE
8
piping
10
270750.0
20
101951.51000000001
30
0
11
270750.0
21
101983.73999999999
31
0
0
LINE
8
piping
10
270750.0
20
101983.73999999999
30
0
11
270750.0
21
102019.67
31
0
0
LINE
8
piping
10
270750.0
20
102019.67
30
0
11
270750.0
21
102057.49999999999
31
0
0
LINE
8
piping
10
270750.0
20
102057.49999999999
30
0
11
270750.0
21
102095.33
31
0
0
LINE
8
piping
10
270750.0
20
102095.33
30
0
11
270750.0
21
102131.26000000001
31
0
0
LINE
8
piping
10
270750.0
20
102131.26000000001
30
0
11
270750.0
21
102163.48999999999
31
0
0
LINE
8
piping
10
270750.0
20
102163.48999999999
30
0
11
270750.0
21
102190.41
31
0
0
LINE
8
piping
10
270750.0
20
102190.41
30
0
11
270750.0
21
102210.66
31
0
0
LINE
8
piping
10
270750.0
20
102210.66
30
0
11
270750.0
21
102223.23999999999
31
0
0
LINE
8
piping
10
270750.0
20
102223.23999999999
30
0
11
270750.0
21
102227.5
31
0
0
LINE
8
piping
10
36750.0
20
102347.5
30
0
11
36750.0
21
102352.77
31
0
0
LINE
8
piping
10
36750.0
20
102352.77
30
0
11
36750.0
21
102368.29999999999
31
0
0
LINE
8
piping
10
36750.0
20
102368.29999999999
30
0
11
36750.0
21
102393.32
31
0
0
LINE
8
piping
10
36750.0
20
102393.32
30
0
11
36750.0
21
102426.56999999999
31
0
0
LINE
8
piping
10
36750.0
20
102426.56999999999
30
0
11
36750.0
21
102466.37999999999
31
0
0
LINE
8
piping
10
36750.0
20
102466.37999999999
30
0
11
36750.0
21
102510.77
31
0
0
LINE
8
piping
10
36750.0
20
102510.77
30
0
11
36750.0
21
102557.5
31
0
0
LINE
8
piping
10
36750.0
20
102557.5
30
0
11
36750.0
21
102604.23000000001
31
0
0
LINE
8
piping
10
36750.0
20
102604.23000000001
30
0
11
36750.0
21
102648.62
31
0
0
LINE
8
piping
10
36750.0
20
102648.62
30
0
11
36750.0
21
102688.43000000001
31
0
0
LINE
8
piping
10
36750.0
20
102688.43000000001
30
0
11
36750.0
21
102721.68000000001
31
0
0
LINE
8
piping
10
36750.0
20
102721.68000000001
30
0
11
36750.0
21
102746.7
31
0
0
LINE
8
piping
10
36750.0
20
102746.7
30
0
11
36750.0
21
102762.22999999998
31
0
0
LINE
8
piping
10
36750.0
20
102762.22999999998
30
0
11
36750.0
21
102767.5
31
0
0
LINE
8
piping
10
270750.0
20
102767.5
30
0
11
36750.0
21
102767.5
31
0
0
LINE
8
piping
10
270750.0
20
102347.5
30
0
11
270750.0
21
102352.77
31
0
0
LINE
8
piping
10
270750.0
20
102352.77
30
0
11
270750.0
21
102368.29999999999
31
0
0
LINE
8
piping
10
270750.0
20
102368.29999999999
30
0
11
270750.0
21
102393.32
31
0
0
LINE
8
piping
10
270750.0
20
102393.32
30
0
11
270750.0
21
102426.56999999999
31
0
0
LINE
8
piping
10
270750.0
20
102426.56999999999
30
0
11
270750.0
21
102466.37999999999
31
0
0
LINE
8
piping
10
270750.0
20
102466.37999999999
30
0
11
270750.0
21
102510.77
31
0
0
LINE
8
piping
10
270750.0
20
102510.77
30
0
11
270750.0
21
102557.5
31
0
0
LINE
8
piping
10
270750.0
20
102557.5
30
0
11
270750.0
21
102604.23000000001
31
0
0
LINE
8
piping
10
270750.0
20
102604.23000000001
30
0
11
270750.0
21
102648.62
31
0
0
LINE
8
piping
10
270750.0
20
102648.62
30
0
11
270750.0
21
102688.43000000001
31
0
0
LINE
8
piping
10
270750.0
20
102688.43000000001
30
0
11
270750.0
21
102721.68000000001
31
0
0
LINE
8
piping
10
270750.0
20
102721.68000000001
30
0
11
270750.0
21
102746.7
31
0
0
LINE
8
piping
10
270750.0
20
102746.7
30
0
11
270750.0
21
102762.22999999998
31
0
0
LINE
8
piping
10
270750.0
20
102762.22999999998
30
0
11
270750.0
21
102767.5
31
0
0
LINE
8
piping
10
36750.0
20
102807.49999999999
30
0
11
36750.0
21
102813.77
31
0
0
LINE
8
piping
10
36750.0
20
102813.77
30
0
11
36750.0
21
102832.26
31
0
0
LINE
8
piping
10
36750.0
20
102832.26
30
0
11
36750.0
21
102862.04
31
0
0
LINE
8
piping
10
36750.0
20
102862.04
30
0
11
36750.0
21
102901.63
31
0
0
LINE
8
piping
10
36750.0
20
102901.63
30
0
11
36750.0
21
102949.03000000001
31
0
0
LINE
8
piping
10
36750.0
20
102949.03000000001
30
0
11
36750.0
21
103001.87
31
0
0
LINE
8
piping
10
36750.0
20
103001.87
30
0
11
36750.0
21
103057.5
31
0
0
LINE
8
piping
10
36750.0
20
103057.5
30
0
11
36750.0
21
103113.13
31
0
0
LINE
8
piping
10
36750.0
20
103113.13
30
0
11
36750.0
21
103165.97000000002
31
0
0
LINE
8
piping
10
36750.0
20
103165.97000000002
30
0
11
36750.0
21
103213.37000000001
31
0
0
LINE
8
piping
10
36750.0
20
103213.37000000001
30
0
11
36750.0
21
103252.96
31
0
0
LINE
8
piping
10
36750.0
20
103252.96
30
0
11
36750.0
21
103282.73999999999
31
0
0
LINE
8
piping
10
36750.0
20
103282.73999999999
30
0
11
36750.0
21
103301.23
31
0
0
LINE
8
piping
10
36750.0
20
103301.23
30
0
11
36750.0
21
103307.5
31
0
0
LINE
8
piping
10
270750.0
20
102807.49999999999
30
0
11
270750.0
21
102813.77
31
0
0
LINE
8
piping
10
270750.0
20
102813.77
30
0
11
270750.0
21
102832.26
31
0
0
LINE
8
piping
10
270750.0
20
102832.26
30
0
11
270750.0
21
102862.04
31
0
0
LINE
8
piping
10
270750.0
20
102862.04
30
0
11
270750.0
21
102901.63
31
0
0
LINE
8
piping
10
270750.0
20
102901.63
30
0
11
270750.0
21
102949.03000000001
31
0
0
LINE
8
piping
10
270750.0
20
102949.03000000001
30
0
11
270750.0
21
103001.87
31
0
0
LINE
8
piping
10
270750.0
20
103001.87
30
0
11
270750.0
21
103057.5
31
0
0
LINE
8
piping
10
270750.0
20
103057.5
30
0
11
270750.0
21
103113.13
31
0
0
LINE
8
piping
10
270750.0
20
103113.13
30
0
11
270750.0
21
103165.97000000002
31
0
0
LINE
8
piping
10
270750.0
20
103165.97000000002
30
0
11
270750.0
21
103213.37000000001
31
0
0
LINE
8
piping
10
270750.0
20
103213.37000000001
30
0
11
270750.0
21
103252.96
31
0
0
LINE
8
piping
10
270750.0
20
103252.96
30
0
11
270750.0
21
103282.73999999999
31
0
0
LINE
8
piping
10
270750.0
20
103282.73999999999
30
0
11
270750.0
21
103301.23
31
0
0
LINE
8
piping
10
270750.0
20
103301.23
30
0
11
270750.0
21
103307.5
31
0
0
LINE
8
piping
10
36750.0
20
103267.5
30
0
11
36750.0
21
103274.76999999999
31
0
0
LINE
8
piping
10
36750.0
20
103274.76999999999
30
0
11
36750.0
21
103296.22
31
0
0
LINE
8
piping
10
36750.0
20
103296.22
30
0
11
36750.0
21
103330.77
31
0
0
LINE
8
piping
10
36750.0
20
103330.77
30
0
11
36750.0
21
103376.69
31
0
0
LINE
8
piping
10
36750.0
20
103376.69
30
0
11
36750.0
21
103431.67
31
0
0
LINE
8
piping
10
36750.0
20
103431.67
30
0
11
36750.0
21
103492.96999999999
31
0
0
LINE
8
piping
10
36750.0
20
103492.96999999999
30
0
11
36750.0
21
103557.49999999999
31
0
0
LINE
8
piping
10
36750.0
20
103557.49999999999
30
0
11
36750.0
21
103622.03000000001
31
0
0
LINE
8
piping
10
36750.0
20
103622.03000000001
30
0
11
36750.0
21
103683.33
31
0
0
LINE
8
piping
10
36750.0
20
103683.33
30
0
11
36750.0
21
103738.31
31
0
0
LINE
8
piping
10
36750.0
20
103738.31
30
0
11
36750.0
21
103784.23
31
0
0
LINE
8
piping
10
36750.0
20
103784.23
30
0
11
36750.0
21
103818.78
31
0
0
LINE
8
piping
10
36750.0
20
103818.78
30
0
11
36750.0
21
103840.23000000001
31
0
0
LINE
8
piping
10
36750.0
20
103840.23000000001
30
0
11
36750.0
21
103847.5
31
0
0
LINE
8
piping
10
270750.0
20
103847.5
30
0
11
36750.0
21
103847.5
31
0
0
LINE
8
piping
10
270750.0
20
103267.5
30
0
11
270750.0
21
103274.76999999999
31
0
0
LINE
8
piping
10
270750.0
20
103274.76999999999
30
0
11
270750.0
21
103296.22
31
0
0
LINE
8
piping
10
270750.0
20
103296.22
30
0
11
270750.0
21
103330.77
31
0
0
LINE
8
piping
10
270750.0
20
103330.77
30
0
11
270750.0
21
103376.69
31
0
0
LINE
8
piping
10
270750.0
20
103376.69
30
0
11
270750.0
21
103431.67
31
0
0
LINE
8
piping
10
270750.0
20
103431.67
30
0
11
270750.0
21
103492.96999999999
31
0
0
LINE
8
piping
10
270750.0
20
103492.96999999999
30
0
11
270750.0
21
103557.49999999999
31
0
0
LINE
8
piping
10
270750.0
20
103557.49999999999
30
0
11
270750.0
21
103622.03000000001
31
0
0
LINE
8
piping
10
270750.0
20
103622.03000000001
30
0
11
270750.0
21
103683.33
31
0
0
LINE
8
piping
10
270750.0
20
103683.33
30
0
11
270750.0
21
103738.31
31
0
0
LINE
8
piping
10
270750.0
20
103738.31
30
0
11
270750.0
21
103784.23
31
0
0
LINE
8
piping
10
270750.0
20
103784.23
30
0
11
270750.0
21
103818.78
31
0
0
LINE
8
piping
10
270750.0
20
103818.78
30
0
11
270750.0
21
103840.23000000001
31
0
0
LINE
8
piping
10
270750.0
20
103840.23000000001
30
0
11
270750.0
21
103847.5
31
0
0
LINE
8
interiors
10
256700.0
20
119657.49999999999
30
0
11
256700.0
21
122457.5
31
0
0
LINE
8
interiors
10
252800.0
20
119657.49999999999
30
0
11
252800.0
21
122457.5
31
0
0
LINE
8
interiors
10
256700.0
20
119657.49999999999
30
0
11
252800.0
21
119657.49999999999
31
0
0
LINE
8
interiors
10
256700.0
20
122457.5
30
0
11
252800.0
21
122457.5
31
0
0
LINE
8
interiors
10
256350.0
20
122457.5
30
0
11
256350.0
21
123457.50000000001
31
0
0
LINE
8
interiors
10
253149.99999999997
20
122457.5
30
0
11
253149.99999999997
21
123457.50000000001
31
0
0
LINE
8
interiors
10
256350.0
20
123457.50000000001
30
0
11
253149.99999999997
21
123457.50000000001
31
0
0
LINE
8
interiors
10
254100.0
20
122957.5
30
0
11
254116.3
21
122957.5
31
0
0
LINE
8
interiors
10
254116.3
20
122957.5
30
0
11
254164.37
21
122957.5
31
0
0
LINE
8
interiors
10
254164.37
20
122957.5
30
0
11
254241.81
21
122957.5
31
0
0
LINE
8
interiors
10
254241.81
20
122957.5
30
0
11
254344.73
21
122957.5
31
0
0
LINE
8
interiors
10
254344.73
20
122957.5
30
0
11
254467.98
21
122957.5
31
0
0
LINE
8
interiors
10
254467.98
20
122957.5
30
0
11
254605.36000000002
21
122957.5
31
0
0
LINE
8
interiors
10
254605.36000000002
20
122957.5
30
0
11
254749.99999999997
21
122957.5
31
0
0
LINE
8
interiors
10
254749.99999999997
20
122957.5
30
0
11
254894.63999999998
21
122957.5
31
0
0
LINE
8
interiors
10
254894.63999999998
20
122957.5
30
0
11
255032.02
21
122957.5
31
0
0
LINE
8
interiors
10
255032.02
20
122957.5
30
0
11
255155.27000000002
21
122957.5
31
0
0
LINE
8
interiors
10
255155.27000000002
20
122957.5
30
0
11
255258.18999999997
21
122957.5
31
0
0
LINE
8
interiors
10
255258.18999999997
20
122957.5
30
0
11
255335.62999999998
21
122957.5
31
0
0
LINE
8
interiors
10
255335.62999999998
20
122957.5
30
0
11
255383.69999999998
21
122957.5
31
0
0
LINE
8
interiors
10
255383.69999999998
20
122957.5
30
0
11
255399.99999999997
21
122957.5
31
0
0
LINE
8
interiors
10
254100.0
20
122457.5
30
0
11
254100.0
21
122957.5
31
0
0
LINE
8
interiors
10
250700.0
20
119657.49999999999
30
0
11
250700.0
21
122457.5
31
0
0
LINE
8
interiors
10
246800.0
20
119657.49999999999
30
0
11
246800.0
21
122457.5
31
0
0
LINE
8
interiors
10
250700.0
20
119657.49999999999
30
0
11
246800.0
21
119657.49999999999
31
0
0
LINE
8
interiors
10
250700.0
20
122457.5
30
0
11
246800.0
21
122457.5
31
0
0
LINE
8
interiors
10
250350.0
20
122457.5
30
0
11
250350.0
21
123457.50000000001
31
0
0
LINE
8
interiors
10
247149.99999999997
20
122457.5
30
0
11
247149.99999999997
21
123457.50000000001
31
0
0
LINE
8
interiors
10
250350.0
20
123457.50000000001
30
0
11
247149.99999999997
21
123457.50000000001
31
0
0
LINE
8
interiors
10
248100.0
20
122957.5
30
0
11
248116.3
21
122957.5
31
0
0
LINE
8
interiors
10
248116.3
20
122957.5
30
0
11
248164.37
21
122957.5
31
0
0
LINE
8
interiors
10
248164.37
20
122957.5
30
0
11
248241.81
21
122957.5
31
0
0
LINE
8
interiors
10
248241.81
20
122957.5
30
0
11
248344.73
21
122957.5
31
0
0
LINE
8
interiors
10
248344.73
20
122957.5
30
0
11
248467.98
21
122957.5
31
0
0
LINE
8
interiors
10
248467.98
20
122957.5
30
0
11
248605.36000000002
21
122957.5
31
0
0
LINE
8
interiors
10
248605.36000000002
20
122957.5
30
0
11
248750.0
21
122957.5
31
0
0
LINE
8
interiors
10
248750.0
20
122957.5
30
0
11
248894.63999999998
21
122957.5
31
0
0
LINE
8
interiors
10
248894.63999999998
20
122957.5
30
0
11
249032.02
21
122957.5
31
0
0
LINE
8
interiors
10
249032.02
20
122957.5
30
0
11
249155.27000000002
21
122957.5
31
0
0
LINE
8
interiors
10
249155.27000000002
20
122957.5
30
0
11
249258.18999999997
21
122957.5
31
0
0
LINE
8
interiors
10
249258.18999999997
20
122957.5
30
0
11
249335.62999999998
21
122957.5
31
0
0
LINE
8
interiors
10
249335.62999999998
20
122957.5
30
0
11
249383.69999999998
21
122957.5
31
0
0
LINE
8
interiors
10
249383.69999999998
20
122957.5
30
0
11
249399.99999999997
21
122957.5
31
0
0
LINE
8
interiors
10
248100.0
20
122457.5
30
0
11
248100.0
21
122957.5
31
0
0
LINE
8
piping
10
246250.0
20
123177.50000000001
30
0
11
246146.08
21
122997.5
31
0
0
LINE
8
piping
10
246146.08
20
122997.5
30
0
11
246353.92
21
122997.5
31
0
0
LINE
8
piping
10
246353.92
20
122997.5
30
0
11
246250.0
21
123177.50000000001
31
0
0
LINE
8
piping
10
245600.00000000003
20
123247.50000000001
30
0
11
245435.46
21
122962.49999999999
31
0
0
LINE
8
piping
10
245435.46
20
122962.49999999999
30
0
11
245764.54
21
122962.49999999999
31
0
0
LINE
8
piping
10
245764.54
20
122962.49999999999
30
0
11
245600.00000000003
21
123247.50000000001
31
0
0
LINE
8
interiors
10
228700.0
20
119657.49999999999
30
0
11
228700.0
21
122457.5
31
0
0
LINE
8
interiors
10
224800.0
20
119657.49999999999
30
0
11
224800.0
21
122457.5
31
0
0
LINE
8
interiors
10
228700.0
20
119657.49999999999
30
0
11
224800.0
21
119657.49999999999
31
0
0
LINE
8
interiors
10
228700.0
20
122457.5
30
0
11
224800.0
21
122457.5
31
0
0
LINE
8
interiors
10
228350.00000000003
20
122457.5
30
0
11
228350.00000000003
21
123457.50000000001
31
0
0
LINE
8
interiors
10
225150.0
20
122457.5
30
0
11
225150.0
21
123457.50000000001
31
0
0
LINE
8
interiors
10
228350.00000000003
20
123457.50000000001
30
0
11
225150.0
21
123457.50000000001
31
0
0
LINE
8
interiors
10
226100.00000000003
20
122957.5
30
0
11
226116.30000000002
21
122957.5
31
0
0
LINE
8
interiors
10
226116.30000000002
20
122957.5
30
0
11
226164.37000000002
21
122957.5
31
0
0
LINE
8
interiors
10
226164.37000000002
20
122957.5
30
0
11
226241.81000000003
21
122957.5
31
0
0
LINE
8
interiors
10
226241.81000000003
20
122957.5
30
0
11
226344.72999999998
21
122957.5
31
0
0
LINE
8
interiors
10
226344.72999999998
20
122957.5
30
0
11
226467.98
21
122957.5
31
0
0
LINE
8
interiors
10
226467.98
20
122957.5
30
0
11
226605.36000000002
21
122957.5
31
0
0
LINE
8
interiors
10
226605.36000000002
20
122957.5
30
0
11
226750.0
21
122957.5
31
0
0
LINE
8
interiors
10
226750.0
20
122957.5
30
0
11
226894.63999999998
21
122957.5
31
0
0
LINE
8
interiors
10
226894.63999999998
20
122957.5
30
0
11
227032.02
21
122957.5
31
0
0
LINE
8
interiors
10
227032.02
20
122957.5
30
0
11
227155.27
21
122957.5
31
0
0
LINE
8
interiors
10
227155.27
20
122957.5
30
0
11
227258.19
21
122957.5
31
0
0
LINE
8
interiors
10
227258.19
20
122957.5
30
0
11
227335.63
21
122957.5
31
0
0
LINE
8
interiors
10
227335.63
20
122957.5
30
0
11
227383.7
21
122957.5
31
0
0
LINE
8
interiors
10
227383.7
20
122957.5
30
0
11
227400.0
21
122957.5
31
0
0
LINE
8
interiors
10
226100.00000000003
20
122457.5
30
0
11
226100.00000000003
21
122957.5
31
0
0
LINE
8
interiors
10
222700.0
20
119657.49999999999
30
0
11
222700.0
21
122457.5
31
0
0
LINE
8
interiors
10
218800.0
20
119657.49999999999
30
0
11
218800.0
21
122457.5
31
0
0
LINE
8
interiors
10
222700.0
20
119657.49999999999
30
0
11
218800.0
21
119657.49999999999
31
0
0
LINE
8
interiors
10
222700.0
20
122457.5
30
0
11
218800.0
21
122457.5
31
0
0
LINE
8
interiors
10
222350.00000000003
20
122457.5
30
0
11
222350.00000000003
21
123457.50000000001
31
0
0
LINE
8
interiors
10
219150.0
20
122457.5
30
0
11
219150.0
21
123457.50000000001
31
0
0
LINE
8
interiors
10
222350.00000000003
20
123457.50000000001
30
0
11
219150.0
21
123457.50000000001
31
0
0
LINE
8
interiors
10
220100.00000000003
20
122957.5
30
0
11
220116.30000000002
21
122957.5
31
0
0
LINE
8
interiors
10
220116.30000000002
20
122957.5
30
0
11
220164.37000000002
21
122957.5
31
0
0
LINE
8
interiors
10
220164.37000000002
20
122957.5
30
0
11
220241.81000000003
21
122957.5
31
0
0
LINE
8
interiors
10
220241.81000000003
20
122957.5
30
0
11
220344.72999999998
21
122957.5
31
0
0
LINE
8
interiors
10
220344.72999999998
20
122957.5
30
0
11
220467.98
21
122957.5
31
0
0
LINE
8
interiors
10
220467.98
20
122957.5
30
0
11
220605.36000000002
21
122957.5
31
0
0
LINE
8
interiors
10
220605.36000000002
20
122957.5
30
0
11
220750.0
21
122957.5
31
0
0
LINE
8
interiors
10
220750.0
20
122957.5
30
0
11
220894.63999999998
21
122957.5
31
0
0
LINE
8
interiors
10
220894.63999999998
20
122957.5
30
0
11
221032.02
21
122957.5
31
0
0
LINE
8
interiors
10
221032.02
20
122957.5
30
0
11
221155.27
21
122957.5
31
0
0
LINE
8
interiors
10
221155.27
20
122957.5
30
0
11
221258.19
21
122957.5
31
0
0
LINE
8
interiors
10
221258.19
20
122957.5
30
0
11
221335.63
21
122957.5
31
0
0
LINE
8
interiors
10
221335.63
20
122957.5
30
0
11
221383.7
21
122957.5
31
0
0
LINE
8
interiors
10
221383.7
20
122957.5
30
0
11
221400.0
21
122957.5
31
0
0
LINE
8
interiors
10
220100.00000000003
20
122457.5
30
0
11
220100.00000000003
21
122957.5
31
0
0
LINE
8
piping
10
218250.0
20
123177.50000000001
30
0
11
218146.08000000002
21
122997.5
31
0
0
LINE
8
piping
10
218146.08000000002
20
122997.5
30
0
11
218353.91999999998
21
122997.5
31
0
0
LINE
8
piping
10
218353.91999999998
20
122997.5
30
0
11
218250.0
21
123177.50000000001
31
0
0
LINE
8
piping
10
217600.0
20
123247.50000000001
30
0
11
217435.46
21
122962.49999999999
31
0
0
LINE
8
piping
10
217435.46
20
122962.49999999999
30
0
11
217764.53999999998
21
122962.49999999999
31
0
0
LINE
8
piping
10
217764.53999999998
20
122962.49999999999
30
0
11
217600.0
21
123247.50000000001
31
0
0
LINE
8
interiors
10
200700.00000000003
20
119657.49999999999
30
0
11
200700.00000000003
21
122457.5
31
0
0
LINE
8
interiors
10
196799.99999999997
20
119657.49999999999
30
0
11
196799.99999999997
21
122457.5
31
0
0
LINE
8
interiors
10
200700.00000000003
20
119657.49999999999
30
0
11
196799.99999999997
21
119657.49999999999
31
0
0
LINE
8
interiors
10
200700.00000000003
20
122457.5
30
0
11
196799.99999999997
21
122457.5
31
0
0
LINE
8
interiors
10
200350.0
20
122457.5
30
0
11
200350.0
21
123457.50000000001
31
0
0
LINE
8
interiors
10
197150.0
20
122457.5
30
0
11
197150.0
21
123457.50000000001
31
0
0
LINE
8
interiors
10
200350.0
20
123457.50000000001
30
0
11
197150.0
21
123457.50000000001
31
0
0
LINE
8
interiors
10
198100.0
20
122957.5
30
0
11
198116.30000000002
21
122957.5
31
0
0
LINE
8
interiors
10
198116.30000000002
20
122957.5
30
0
11
198164.37
21
122957.5
31
0
0
LINE
8
interiors
10
198164.37
20
122957.5
30
0
11
198241.81
21
122957.5
31
0
0
LINE
8
interiors
10
198241.81
20
122957.5
30
0
11
198344.73000000004
21
122957.5
31
0
0
LINE
8
interiors
10
198344.73000000004
20
122957.5
30
0
11
198467.97999999998
21
122957.5
31
0
0
LINE
8
interiors
10
198467.97999999998
20
122957.5
30
0
11
198605.36
21
122957.5
31
0
0
LINE
8
interiors
10
198605.36
20
122957.5
30
0
11
198750.0
21
122957.5
31
0
0
LINE
8
interiors
10
198750.0
20
122957.5
30
0
11
198894.64
21
122957.5
31
0
0
LINE
8
interiors
10
198894.64
20
122957.5
30
0
11
199032.02000000002
21
122957.5
31
0
0
LINE
8
interiors
10
199032.02000000002
20
122957.5
30
0
11
199155.26999999996
21
122957.5
31
0
0
LINE
8
interiors
10
199155.26999999996
20
122957.5
30
0
11
199258.19
21
122957.5
31
0
0
LINE
8
interiors
10
199258.19
20
122957.5
30
0
11
199335.63
21
122957.5
31
0
0
LINE
8
interiors
10
199335.63
20
122957.5
30
0
11
199383.69999999998
21
122957.5
31
0
0
LINE
8
interiors
10
199383.69999999998
20
122957.5
30
0
11
199400.0
21
122957.5
31
0
0
LINE
8
interiors
10
198100.0
20
122457.5
30
0
11
198100.0
21
122957.5
31
0
0
LINE
8
interiors
10
194700.00000000003
20
119657.49999999999
30
0
11
194700.00000000003
21
122457.5
31
0
0
LINE
8
interiors
10
190800.0
20
119657.49999999999
30
0
11
190800.0
21
122457.5
31
0
0
LINE
8
interiors
10
194700.00000000003
20
119657.49999999999
30
0
11
190800.0
21
119657.49999999999
31
0
0
LINE
8
interiors
10
194700.00000000003
20
122457.5
30
0
11
190800.0
21
122457.5
31
0
0
LINE
8
interiors
10
194350.0
20
122457.5
30
0
11
194350.0
21
123457.50000000001
31
0
0
LINE
8
interiors
10
191150.0
20
122457.5
30
0
11
191150.0
21
123457.50000000001
31
0
0
LINE
8
interiors
10
194350.0
20
123457.50000000001
30
0
11
191150.0
21
123457.50000000001
31
0
0
LINE
8
interiors
10
192100.0
20
122957.5
30
0
11
192116.30000000002
21
122957.5
31
0
0
LINE
8
interiors
10
192116.30000000002
20
122957.5
30
0
11
192164.37
21
122957.5
31
0
0
LINE
8
interiors
10
192164.37
20
122957.5
30
0
11
192241.81
21
122957.5
31
0
0
LINE
8
interiors
10
192241.81
20
122957.5
30
0
11
192344.73000000004
21
122957.5
31
0
0
LINE
8
interiors
10
192344.73000000004
20
122957.5
30
0
11
192467.97999999998
21
122957.5
31
0
0
LINE
8
interiors
10
192467.97999999998
20
122957.5
30
0
11
192605.36
21
122957.5
31
0
0
LINE
8
interiors
10
192605.36
20
122957.5
30
0
11
192750.0
21
122957.5
31
0
0
LINE
8
interiors
10
192750.0
20
122957.5
30
0
11
192894.64
21
122957.5
31
0
0
LINE
8
interiors
10
192894.64
20
122957.5
30
0
11
193032.02000000002
21
122957.5
31
0
0
LINE
8
interiors
10
193032.02000000002
20
122957.5
30
0
11
193155.26999999996
21
122957.5
31
0
0
LINE
8
interiors
10
193155.26999999996
20
122957.5
30
0
11
193258.19
21
122957.5
31
0
0
LINE
8
interiors
10
193258.19
20
122957.5
30
0
11
193335.63
21
122957.5
31
0
0
LINE
8
interiors
10
193335.63
20
122957.5
30
0
11
193383.69999999998
21
122957.5
31
0
0
LINE
8
interiors
10
193383.69999999998
20
122957.5
30
0
11
193400.0
21
122957.5
31
0
0
LINE
8
interiors
10
192100.0
20
122457.5
30
0
11
192100.0
21
122957.5
31
0
0
LINE
8
piping
10
190250.0
20
123177.50000000001
30
0
11
190146.08000000002
21
122997.5
31
0
0
LINE
8
piping
10
190146.08000000002
20
122997.5
30
0
11
190353.92
21
122997.5
31
0
0
LINE
8
piping
10
190353.92
20
122997.5
30
0
11
190250.0
21
123177.50000000001
31
0
0
LINE
8
piping
10
189600.0
20
123247.50000000001
30
0
11
189435.46
21
122962.49999999999
31
0
0
LINE
8
piping
10
189435.46
20
122962.49999999999
30
0
11
189764.54
21
122962.49999999999
31
0
0
LINE
8
piping
10
189764.54
20
122962.49999999999
30
0
11
189600.0
21
123247.50000000001
31
0
0
LINE
8
interiors
10
172700.0
20
119657.49999999999
30
0
11
172700.0
21
122457.5
31
0
0
LINE
8
interiors
10
168800.0
20
119657.49999999999
30
0
11
168800.0
21
122457.5
31
0
0
LINE
8
interiors
10
172700.0
20
119657.49999999999
30
0
11
168800.0
21
119657.49999999999
31
0
0
LINE
8
interiors
10
172700.0
20
122457.5
30
0
11
168800.0
21
122457.5
31
0
0
LINE
8
interiors
10
172350.0
20
122457.5
30
0
11
172350.0
21
123457.50000000001
31
0
0
LINE
8
interiors
10
169150.0
20
122457.5
30
0
11
169150.0
21
123457.50000000001
31
0
0
LINE
8
interiors
10
172350.0
20
123457.50000000001
30
0
11
169150.0
21
123457.50000000001
31
0
0
LINE
8
interiors
10
170100.0
20
122957.5
30
0
11
170116.3
21
122957.5
31
0
0
LINE
8
interiors
10
170116.3
20
122957.5
30
0
11
170164.37
21
122957.5
31
0
0
LINE
8
interiors
10
170164.37
20
122957.5
30
0
11
170241.81
21
122957.5
31
0
0
LINE
8
interiors
10
170241.81
20
122957.5
30
0
11
170344.73
21
122957.5
31
0
0
LINE
8
interiors
10
170344.73
20
122957.5
30
0
11
170467.98
21
122957.5
31
0
0
LINE
8
interiors
10
170467.98
20
122957.5
30
0
11
170605.36000000002
21
122957.5
31
0
0
LINE
8
interiors
10
170605.36000000002
20
122957.5
30
0
11
170750.0
21
122957.5
31
0
0
LINE
8
interiors
10
170750.0
20
122957.5
30
0
11
170894.64
21
122957.5
31
0
0
LINE
8
interiors
10
170894.64
20
122957.5
30
0
11
171032.02
21
122957.5
31
0
0
LINE
8
interiors
10
171032.02
20
122957.5
30
0
11
171155.27000000002
21
122957.5
31
0
0
LINE
8
interiors
10
171155.27000000002
20
122957.5
30
0
11
171258.19
21
122957.5
31
0
0
LINE
8
interiors
10
171258.19
20
122957.5
30
0
11
171335.63
21
122957.5
31
0
0
LINE
8
interiors
10
171335.63
20
122957.5
30
0
11
171383.69999999998
21
122957.5
31
0
0
LINE
8
interiors
10
171383.69999999998
20
122957.5
30
0
11
171400.0
21
122957.5
31
0
0
LINE
8
interiors
10
170100.0
20
122457.5
30
0
11
170100.0
21
122957.5
31
0
0
LINE
8
interiors
10
166700.0
20
119657.49999999999
30
0
11
166700.0
21
122457.5
31
0
0
LINE
8
interiors
10
162800.0
20
119657.49999999999
30
0
11
162800.0
21
122457.5
31
0
0
LINE
8
interiors
10
166700.0
20
119657.49999999999
30
0
11
162800.0
21
119657.49999999999
31
0
0
LINE
8
interiors
10
166700.0
20
122457.5
30
0
11
162800.0
21
122457.5
31
0
0
LINE
8
interiors
10
166350.0
20
122457.5
30
0
11
166350.0
21
123457.50000000001
31
0
0
LINE
8
interiors
10
163150.0
20
122457.5
30
0
11
163150.0
21
123457.50000000001
31
0
0
LINE
8
interiors
10
166350.0
20
123457.50000000001
30
0
11
163150.0
21
123457.50000000001
31
0
0
LINE
8
interiors
10
164100.0
20
122957.5
30
0
11
164116.3
21
122957.5
31
0
0
LINE
8
interiors
10
164116.3
20
122957.5
30
0
11
164164.37
21
122957.5
31
0
0
LINE
8
interiors
10
164164.37
20
122957.5
30
0
11
164241.81
21
122957.5
31
0
0
LINE
8
interiors
10
164241.81
20
122957.5
30
0
11
164344.73
21
122957.5
31
0
0
LINE
8
interiors
10
164344.73
20
122957.5
30
0
11
164467.98
21
122957.5
31
0
0
LINE
8
interiors
10
164467.98
20
122957.5
30
0
11
164605.36000000002
21
122957.5
31
0
0
LINE
8
interiors
10
164605.36000000002
20
122957.5
30
0
11
164750.0
21
122957.5
31
0
0
LINE
8
interiors
10
164750.0
20
122957.5
30
0
11
164894.64
21
122957.5
31
0
0
LINE
8
interiors
10
164894.64
20
122957.5
30
0
11
165032.02000000002
21
122957.5
31
0
0
LINE
8
interiors
10
165032.02000000002
20
122957.5
30
0
11
165155.27000000002
21
122957.5
31
0
0
LINE
8
interiors
10
165155.27000000002
20
122957.5
30
0
11
165258.19
21
122957.5
31
0
0
LINE
8
interiors
10
165258.19
20
122957.5
30
0
11
165335.63
21
122957.5
31
0
0
LINE
8
interiors
10
165335.63
20
122957.5
30
0
11
165383.69999999998
21
122957.5
31
0
0
LINE
8
interiors
10
165383.69999999998
20
122957.5
30
0
11
165400.0
21
122957.5
31
0
0
LINE
8
interiors
10
164100.0
20
122457.5
30
0
11
164100.0
21
122957.5
31
0
0
LINE
8
piping
10
162250.0
20
123177.50000000001
30
0
11
162146.08
21
122997.5
31
0
0
LINE
8
piping
10
162146.08
20
122997.5
30
0
11
162353.91999999998
21
122997.5
31
0
0
LINE
8
piping
10
162353.91999999998
20
122997.5
30
0
11
162250.0
21
123177.50000000001
31
0
0
LINE
8
piping
10
161600.0
20
123247.50000000001
30
0
11
161435.46
21
122962.49999999999
31
0
0
LINE
8
piping
10
161435.46
20
122962.49999999999
30
0
11
161764.54
21
122962.49999999999
31
0
0
LINE
8
piping
10
161764.54
20
122962.49999999999
30
0
11
161600.0
21
123247.50000000001
31
0
0
LINE
8
interiors
10
144700.0
20
119657.49999999999
30
0
11
144700.0
21
122457.5
31
0
0
LINE
8
interiors
10
140800.0
20
119657.49999999999
30
0
11
140800.0
21
122457.5
31
0
0
LINE
8
interiors
10
144700.0
20
119657.49999999999
30
0
11
140800.0
21
119657.49999999999
31
0
0
LINE
8
interiors
10
144700.0
20
122457.5
30
0
11
140800.0
21
122457.5
31
0
0
LINE
8
interiors
10
144350.0
20
122457.5
30
0
11
144350.0
21
123457.50000000001
31
0
0
LINE
8
interiors
10
141150.0
20
122457.5
30
0
11
141150.0
21
123457.50000000001
31
0
0
LINE
8
interiors
10
144350.0
20
123457.50000000001
30
0
11
141150.0
21
123457.50000000001
31
0
0
LINE
8
interiors
10
142100.0
20
122957.5
30
0
11
142116.30000000002
21
122957.5
31
0
0
LINE
8
interiors
10
142116.30000000002
20
122957.5
30
0
11
142164.37
21
122957.5
31
0
0
LINE
8
interiors
10
142164.37
20
122957.5
30
0
11
142241.81
21
122957.5
31
0
0
LINE
8
interiors
10
142241.81
20
122957.5
30
0
11
142344.72999999998
21
122957.5
31
0
0
LINE
8
interiors
10
142344.72999999998
20
122957.5
30
0
11
142467.97999999998
21
122957.5
31
0
0
LINE
8
interiors
10
142467.97999999998
20
122957.5
30
0
11
142605.36
21
122957.5
31
0
0
LINE
8
interiors
10
142605.36
20
122957.5
30
0
11
142750.0
21
122957.5
31
0
0
LINE
8
interiors
10
142750.0
20
122957.5
30
0
11
142894.63999999998
21
122957.5
31
0
0
LINE
8
interiors
10
142894.63999999998
20
122957.5
30
0
11
143032.02
21
122957.5
31
0
0
LINE
8
interiors
10
143032.02
20
122957.5
30
0
11
143155.27
21
122957.5
31
0
0
LINE
8
interiors
10
143155.27
20
122957.5
30
0
11
143258.19
21
122957.5
31
0
0
LINE
8
interiors
10
143258.19
20
122957.5
30
0
11
143335.63
21
122957.5
31
0
0
LINE
8
interiors
10
143335.63
20
122957.5
30
0
11
143383.7
21
122957.5
31
0
0
LINE
8
interiors
10
143383.7
20
122957.5
30
0
11
143400.0
21
122957.5
31
0
0
LINE
8
interiors
10
142100.0
20
122457.5
30
0
11
142100.0
21
122957.5
31
0
0
LINE
8
interiors
10
138700.0
20
119657.49999999999
30
0
11
138700.0
21
122457.5
31
0
0
LINE
8
interiors
10
134800.0
20
119657.49999999999
30
0
11
134800.0
21
122457.5
31
0
0
LINE
8
interiors
10
138700.0
20
119657.49999999999
30
0
11
134800.0
21
119657.49999999999
31
0
0
LINE
8
interiors
10
138700.0
20
122457.5
30
0
11
134800.0
21
122457.5
31
0
0
LINE
8
interiors
10
138350.0
20
122457.5
30
0
11
138350.0
21
123457.50000000001
31
0
0
LINE
8
interiors
10
135150.0
20
122457.5
30
0
11
135150.0
21
123457.50000000001
31
0
0
LINE
8
interiors
10
138350.0
20
123457.50000000001
30
0
11
135150.0
21
123457.50000000001
31
0
0
LINE
8
interiors
10
136100.0
20
122957.5
30
0
11
136116.30000000002
21
122957.5
31
0
0
LINE
8
interiors
10
136116.30000000002
20
122957.5
30
0
11
136164.37
21
122957.5
31
0
0
LINE
8
interiors
10
136164.37
20
122957.5
30
0
11
136241.81
21
122957.5
31
0
0
LINE
8
interiors
10
136241.81
20
122957.5
30
0
11
136344.72999999998
21
122957.5
31
0
0
LINE
8
interiors
10
136344.72999999998
20
122957.5
30
0
11
136467.98
21
122957.5
31
0
0
LINE
8
interiors
10
136467.98
20
122957.5
30
0
11
136605.36
21
122957.5
31
0
0
LINE
8
interiors
10
136605.36
20
122957.5
30
0
11
136750.0
21
122957.5
31
0
0
LINE
8
interiors
10
136750.0
20
122957.5
30
0
11
136894.63999999998
21
122957.5
31
0
0
LINE
8
interiors
10
136894.63999999998
20
122957.5
30
0
11
137032.02
21
122957.5
31
0
0
LINE
8
interiors
10
137032.02
20
122957.5
30
0
11
137155.27
21
122957.5
31
0
0
LINE
8
interiors
10
137155.27
20
122957.5
30
0
11
137258.19
21
122957.5
31
0
0
LINE
8
interiors
10
137258.19
20
122957.5
30
0
11
137335.63
21
122957.5
31
0
0
LINE
8
interiors
10
137335.63
20
122957.5
30
0
11
137383.7
21
122957.5
31
0
0
LINE
8
interiors
10
137383.7
20
122957.5
30
0
11
137400.0
21
122957.5
31
0
0
LINE
8
interiors
10
136100.0
20
122457.5
30
0
11
136100.0
21
122957.5
31
0
0
LINE
8
piping
10
134250.0
20
123177.50000000001
30
0
11
134146.08000000002
21
122997.5
31
0
0
LINE
8
piping
10
134146.08000000002
20
122997.5
30
0
11
134353.91999999998
21
122997.5
31
0
0
LINE
8
piping
10
134353.91999999998
20
122997.5
30
0
11
134250.0
21
123177.50000000001
31
0
0
LINE
8
piping
10
133600.0
20
123247.50000000001
30
0
11
133435.46
21
122962.49999999999
31
0
0
LINE
8
piping
10
133435.46
20
122962.49999999999
30
0
11
133764.54
21
122962.49999999999
31
0
0
LINE
8
piping
10
133764.54
20
122962.49999999999
30
0
11
133600.0
21
123247.50000000001
31
0
0
LINE
8
interiors
10
116700.0
20
119657.49999999999
30
0
11
116700.0
21
122457.5
31
0
0
LINE
8
interiors
10
112800.0
20
119657.49999999999
30
0
11
112800.0
21
122457.5
31
0
0
LINE
8
interiors
10
116700.0
20
119657.49999999999
30
0
11
112800.0
21
119657.49999999999
31
0
0
LINE
8
interiors
10
116700.0
20
122457.5
30
0
11
112800.0
21
122457.5
31
0
0
LINE
8
interiors
10
116350.0
20
122457.5
30
0
11
116350.0
21
123457.50000000001
31
0
0
LINE
8
interiors
10
113150.0
20
122457.5
30
0
11
113150.0
21
123457.50000000001
31
0
0
LINE
8
interiors
10
116350.0
20
123457.50000000001
30
0
11
113150.0
21
123457.50000000001
31
0
0
LINE
8
interiors
10
114100.0
20
122957.5
30
0
11
114116.3
21
122957.5
31
0
0
LINE
8
interiors
10
114116.3
20
122957.5
30
0
11
114164.37
21
122957.5
31
0
0
LINE
8
interiors
10
114164.37
20
122957.5
30
0
11
114241.80999999998
21
122957.5
31
0
0
LINE
8
interiors
10
114241.80999999998
20
122957.5
30
0
11
114344.73000000001
21
122957.5
31
0
0
LINE
8
interiors
10
114344.73000000001
20
122957.5
30
0
11
114467.98000000001
21
122957.5
31
0
0
LINE
8
interiors
10
114467.98000000001
20
122957.5
30
0
11
114605.35999999999
21
122957.5
31
0
0
LINE
8
interiors
10
114605.35999999999
20
122957.5
30
0
11
114750.0
21
122957.5
31
0
0
LINE
8
interiors
10
114750.0
20
122957.5
30
0
11
114894.64000000001
21
122957.5
31
0
0
LINE
8
interiors
10
114894.64000000001
20
122957.5
30
0
11
115032.01999999999
21
122957.5
31
0
0
LINE
8
interiors
10
115032.01999999999
20
122957.5
30
0
11
115155.26999999999
21
122957.5
31
0
0
LINE
8
interiors
10
115155.26999999999
20
122957.5
30
0
11
115258.19000000002
21
122957.5
31
0
0
LINE
8
interiors
10
115258.19000000002
20
122957.5
30
0
11
115335.63
21
122957.5
31
0
0
LINE
8
interiors
10
115335.63
20
122957.5
30
0
11
115383.7
21
122957.5
31
0
0
LINE
8
interiors
10
115383.7
20
122957.5
30
0
11
115400.0
21
122957.5
31
0
0
LINE
8
interiors
10
114100.0
20
122457.5
30
0
11
114100.0
21
122957.5
31
0
0
LINE
8
interiors
10
110700.0
20
119657.49999999999
30
0
11
110700.0
21
122457.5
31
0
0
LINE
8
interiors
10
106800.0
20
119657.49999999999
30
0
11
106800.0
21
122457.5
31
0
0
LINE
8
interiors
10
110700.0
20
119657.49999999999
30
0
11
106800.0
21
119657.49999999999
31
0
0
LINE
8
interiors
10
110700.0
20
122457.5
30
0
11
106800.0
21
122457.5
31
0
0
LINE
8
interiors
10
110350.0
20
122457.5
30
0
11
110350.0
21
123457.50000000001
31
0
0
LINE
8
interiors
10
107150.0
20
122457.5
30
0
11
107150.0
21
123457.50000000001
31
0
0
LINE
8
interiors
10
110350.0
20
123457.50000000001
30
0
11
107150.0
21
123457.50000000001
31
0
0
LINE
8
interiors
10
108100.0
20
122957.5
30
0
11
108116.3
21
122957.5
31
0
0
LINE
8
interiors
10
108116.3
20
122957.5
30
0
11
108164.37
21
122957.5
31
0
0
LINE
8
interiors
10
108164.37
20
122957.5
30
0
11
108241.80999999998
21
122957.5
31
0
0
LINE
8
interiors
10
108241.80999999998
20
122957.5
30
0
11
108344.73000000001
21
122957.5
31
0
0
LINE
8
interiors
10
108344.73000000001
20
122957.5
30
0
11
108467.98000000001
21
122957.5
31
0
0
LINE
8
interiors
10
108467.98000000001
20
122957.5
30
0
11
108605.35999999999
21
122957.5
31
0
0
LINE
8
interiors
10
108605.35999999999
20
122957.5
30
0
11
108750.0
21
122957.5
31
0
0
LINE
8
interiors
10
108750.0
20
122957.5
30
0
11
108894.64000000001
21
122957.5
31
0
0
LINE
8
interiors
10
108894.64000000001
20
122957.5
30
0
11
109032.01999999999
21
122957.5
31
0
0
LINE
8
interiors
10
109032.01999999999
20
122957.5
30
0
11
109155.26999999999
21
122957.5
31
0
0
LINE
8
interiors
10
109155.26999999999
20
122957.5
30
0
11
109258.19000000002
21
122957.5
31
0
0
LINE
8
interiors
10
109258.19000000002
20
122957.5
30
0
11
109335.63
21
122957.5
31
0
0
LINE
8
interiors
10
109335.63
20
122957.5
30
0
11
109383.7
21
122957.5
31
0
0
LINE
8
interiors
10
109383.7
20
122957.5
30
0
11
109400.0
21
122957.5
31
0
0
LINE
8
interiors
10
108100.0
20
122457.5
30
0
11
108100.0
21
122957.5
31
0
0
LINE
8
piping
10
106250.0
20
123177.50000000001
30
0
11
106146.08
21
122997.5
31
0
0
LINE
8
piping
10
106146.08
20
122997.5
30
0
11
106353.92
21
122997.5
31
0
0
LINE
8
piping
10
106353.92
20
122997.5
30
0
11
106250.0
21
123177.50000000001
31
0
0
LINE
8
piping
10
105600.00000000001
20
123247.50000000001
30
0
11
105435.45999999999
21
122962.49999999999
31
0
0
LINE
8
piping
10
105435.45999999999
20
122962.49999999999
30
0
11
105764.54
21
122962.49999999999
31
0
0
LINE
8
piping
10
105764.54
20
122962.49999999999
30
0
11
105600.00000000001
21
123247.50000000001
31
0
0
LINE
8
interiors
10
88700.0
20
119657.49999999999
30
0
11
88700.0
21
122457.5
31
0
0
LINE
8
interiors
10
84800.0
20
119657.49999999999
30
0
11
84800.0
21
122457.5
31
0
0
LINE
8
interiors
10
88700.0
20
119657.49999999999
30
0
11
84800.0
21
119657.49999999999
31
0
0
LINE
8
interiors
10
88700.0
20
122457.5
30
0
11
84800.0
21
122457.5
31
0
0
LINE
8
interiors
10
88350.0
20
122457.5
30
0
11
88350.0
21
123457.50000000001
31
0
0
LINE
8
interiors
10
85150.0
20
122457.5
30
0
11
85150.0
21
123457.50000000001
31
0
0
LINE
8
interiors
10
88350.0
20
123457.50000000001
30
0
11
85150.0
21
123457.50000000001
31
0
0
LINE
8
interiors
10
86100.0
20
122957.5
30
0
11
86116.3
21
122957.5
31
0
0
LINE
8
interiors
10
86116.3
20
122957.5
30
0
11
86164.37
21
122957.5
31
0
0
LINE
8
interiors
10
86164.37
20
122957.5
30
0
11
86241.81
21
122957.5
31
0
0
LINE
8
interiors
10
86241.81
20
122957.5
30
0
11
86344.73
21
122957.5
31
0
0
LINE
8
interiors
10
86344.73
20
122957.5
30
0
11
86467.98
21
122957.5
31
0
0
LINE
8
interiors
10
86467.98
20
122957.5
30
0
11
86605.36
21
122957.5
31
0
0
LINE
8
interiors
10
86605.36
20
122957.5
30
0
11
86750.0
21
122957.5
31
0
0
LINE
8
interiors
10
86750.0
20
122957.5
30
0
11
86894.64
21
122957.5
31
0
0
LINE
8
interiors
10
86894.64
20
122957.5
30
0
11
87032.02
21
122957.5
31
0
0
LINE
8
interiors
10
87032.02
20
122957.5
30
0
11
87155.27
21
122957.5
31
0
0
LINE
8
interiors
10
87155.27
20
122957.5
30
0
11
87258.19
21
122957.5
31
0
0
LINE
8
interiors
10
87258.19
20
122957.5
30
0
11
87335.63
21
122957.5
31
0
0
LINE
8
interiors
10
87335.63
20
122957.5
30
0
11
87383.7
21
122957.5
31
0
0
LINE
8
interiors
10
87383.7
20
122957.5
30
0
11
87400.0
21
122957.5
31
0
0
LINE
8
interiors
10
86100.0
20
122457.5
30
0
11
86100.0
21
122957.5
31
0
0
LINE
8
interiors
10
82700.0
20
119657.49999999999
30
0
11
82700.0
21
122457.5
31
0
0
LINE
8
interiors
10
78800.0
20
119657.49999999999
30
0
11
78800.0
21
122457.5
31
0
0
LINE
8
interiors
10
82700.0
20
119657.49999999999
30
0
11
78800.0
21
119657.49999999999
31
0
0
LINE
8
interiors
10
82700.0
20
122457.5
30
0
11
78800.0
21
122457.5
31
0
0
LINE
8
interiors
10
82350.0
20
122457.5
30
0
11
82350.0
21
123457.50000000001
31
0
0
LINE
8
interiors
10
79150.0
20
122457.5
30
0
11
79150.0
21
123457.50000000001
31
0
0
LINE
8
interiors
10
82350.0
20
123457.50000000001
30
0
11
79150.0
21
123457.50000000001
31
0
0
LINE
8
interiors
10
80100.0
20
122957.5
30
0
11
80116.3
21
122957.5
31
0
0
LINE
8
interiors
10
80116.3
20
122957.5
30
0
11
80164.37
21
122957.5
31
0
0
LINE
8
interiors
10
80164.37
20
122957.5
30
0
11
80241.81
21
122957.5
31
0
0
LINE
8
interiors
10
80241.81
20
122957.5
30
0
11
80344.73
21
122957.5
31
0
0
LINE
8
interiors
10
80344.73
20
122957.5
30
0
11
80467.98
21
122957.5
31
0
0
LINE
8
interiors
10
80467.98
20
122957.5
30
0
11
80605.36
21
122957.5
31
0
0
LINE
8
interiors
10
80605.36
20
122957.5
30
0
11
80750.0
21
122957.5
31
0
0
LINE
8
interiors
10
80750.0
20
122957.5
30
0
11
80894.64
21
122957.5
31
0
0
LINE
8
interiors
10
80894.64
20
122957.5
30
0
11
81032.02
21
122957.5
31
0
0
LINE
8
interiors
10
81032.02
20
122957.5
30
0
11
81155.27
21
122957.5
31
0
0
LINE
8
interiors
10
81155.27
20
122957.5
30
0
11
81258.19
21
122957.5
31
0
0
LINE
8
interiors
10
81258.19
20
122957.5
30
0
11
81335.63
21
122957.5
31
0
0
LINE
8
interiors
10
81335.63
20
122957.5
30
0
11
81383.7
21
122957.5
31
0
0
LINE
8
interiors
10
81383.7
20
122957.5
30
0
11
81400.0
21
122957.5
31
0
0
LINE
8
interiors
10
80100.0
20
122457.5
30
0
11
80100.0
21
122957.5
31
0
0
LINE
8
piping
10
78250.0
20
123177.50000000001
30
0
11
78146.08
21
122997.5
31
0
0
LINE
8
piping
10
78146.08
20
122997.5
30
0
11
78353.92
21
122997.5
31
0
0
LINE
8
piping
10
78353.92
20
122997.5
30
0
11
78250.0
21
123177.50000000001
31
0
0
LINE
8
piping
10
77600.0
20
123247.50000000001
30
0
11
77435.46
21
122962.49999999999
31
0
0
LINE
8
piping
10
77435.46
20
122962.49999999999
30
0
11
77764.54
21
122962.49999999999
31
0
0
LINE
8
piping
10
77764.54
20
122962.49999999999
30
0
11
77600.0
21
123247.50000000001
31
0
0
LINE
8
interiors
10
60700.0
20
119657.49999999999
30
0
11
60700.0
21
122457.5
31
0
0
LINE
8
interiors
10
56799.99999999999
20
119657.49999999999
30
0
11
56799.99999999999
21
122457.5
31
0
0
LINE
8
interiors
10
60700.0
20
119657.49999999999
30
0
11
56799.99999999999
21
119657.49999999999
31
0
0
LINE
8
interiors
10
60700.0
20
122457.5
30
0
11
56799.99999999999
21
122457.5
31
0
0
LINE
8
interiors
10
60350.0
20
122457.5
30
0
11
60350.0
21
123457.50000000001
31
0
0
LINE
8
interiors
10
57149.99999999999
20
122457.5
30
0
11
57149.99999999999
21
123457.50000000001
31
0
0
LINE
8
interiors
10
60350.0
20
123457.50000000001
30
0
11
57149.99999999999
21
123457.50000000001
31
0
0
LINE
8
interiors
10
58100.0
20
122957.5
30
0
11
58116.299999999996
21
122957.5
31
0
0
LINE
8
interiors
10
58116.299999999996
20
122957.5
30
0
11
58164.369999999995
21
122957.5
31
0
0
LINE
8
interiors
10
58164.369999999995
20
122957.5
30
0
11
58241.80999999999
21
122957.5
31
0
0
LINE
8
interiors
10
58241.80999999999
20
122957.5
30
0
11
58344.72999999999
21
122957.5
31
0
0
LINE
8
interiors
10
58344.72999999999
20
122957.5
30
0
11
58467.98
21
122957.5
31
0
0
LINE
8
interiors
10
58467.98
20
122957.5
30
0
11
58605.36
21
122957.5
31
0
0
LINE
8
interiors
10
58605.36
20
122957.5
30
0
11
58750.0
21
122957.5
31
0
0
LINE
8
interiors
10
58750.0
20
122957.5
30
0
11
58894.63999999999
21
122957.5
31
0
0
LINE
8
interiors
10
58894.63999999999
20
122957.5
30
0
11
59032.020000000004
21
122957.5
31
0
0
LINE
8
interiors
10
59032.020000000004
20
122957.5
30
0
11
59155.270000000004
21
122957.5
31
0
0
LINE
8
interiors
10
59155.270000000004
20
122957.5
30
0
11
59258.19
21
122957.5
31
0
0
LINE
8
interiors
10
59258.19
20
122957.5
30
0
11
59335.630000000005
21
122957.5
31
0
0
LINE
8
interiors
10
59335.630000000005
20
122957.5
30
0
11
59383.7
21
122957.5
31
0
0
LINE
8
interiors
10
59383.7
20
122957.5
30
0
11
59400.0
21
122957.5
31
0
0
LINE
8
interiors
10
58100.0
20
122457.5
30
0
11
58100.0
21
122957.5
31
0
0
LINE
8
interiors
10
54700.0
20
119657.49999999999
30
0
11
54700.0
21
122457.5
31
0
0
LINE
8
interiors
10
50799.99999999999
20
119657.49999999999
30
0
11
50799.99999999999
21
122457.5
31
0
0
LINE
8
interiors
10
54700.0
20
119657.49999999999
30
0
11
50799.99999999999
21
119657.49999999999
31
0
0
LINE
8
interiors
10
54700.0
20
122457.5
30
0
11
50799.99999999999
21
122457.5
31
0
0
LINE
8
interiors
10
54350.0
20
122457.5
30
0
11
54350.0
21
123457.50000000001
31
0
0
LINE
8
interiors
10
51149.99999999999
20
122457.5
30
0
11
51149.99999999999
21
123457.50000000001
31
0
0
LINE
8
interiors
10
54350.0
20
123457.50000000001
30
0
11
51149.99999999999
21
123457.50000000001
31
0
0
LINE
8
interiors
10
52100.0
20
122957.5
30
0
11
52116.30000000001
21
122957.5
31
0
0
LINE
8
interiors
10
52116.30000000001
20
122957.5
30
0
11
52164.369999999995
21
122957.5
31
0
0
LINE
8
interiors
10
52164.369999999995
20
122957.5
30
0
11
52241.80999999999
21
122957.5
31
0
0
LINE
8
interiors
10
52241.80999999999
20
122957.5
30
0
11
52344.72999999999
21
122957.5
31
0
0
LINE
8
interiors
10
52344.72999999999
20
122957.5
30
0
11
52467.97999999999
21
122957.5
31
0
0
LINE
8
interiors
10
52467.97999999999
20
122957.5
30
0
11
52605.36
21
122957.5
31
0
0
LINE
8
interiors
10
52605.36
20
122957.5
30
0
11
52750.00000000001
21
122957.5
31
0
0
LINE
8
interiors
10
52750.00000000001
20
122957.5
30
0
11
52894.63999999999
21
122957.5
31
0
0
LINE
8
interiors
10
52894.63999999999
20
122957.5
30
0
11
53032.020000000004
21
122957.5
31
0
0
LINE
8
interiors
10
53032.020000000004
20
122957.5
30
0
11
53155.270000000004
21
122957.5
31
0
0
LINE
8
interiors
10
53155.270000000004
20
122957.5
30
0
11
53258.19
21
122957.5
31
0
0
LINE
8
interiors
10
53258.19
20
122957.5
30
0
11
53335.63
21
122957.5
31
0
0
LINE
8
interiors
10
53335.63
20
122957.5
30
0
11
53383.700000000004
21
122957.5
31
0
0
LINE
8
interiors
10
53383.700000000004
20
122957.5
30
0
11
53399.99999999999
21
122957.5
31
0
0
LINE
8
interiors
10
52100.0
20
122457.5
30
0
11
52100.0
21
122957.5
31
0
0
LINE
8
piping
10
50250.0
20
123177.50000000001
30
0
11
50146.08000000001
21
122997.5
31
0
0
LINE
8
piping
10
50146.08000000001
20
122997.5
30
0
11
50353.91999999999
21
122997.5
31
0
0
LINE
8
piping
10
50353.91999999999
20
122997.5
30
0
11
50250.0
21
123177.50000000001
31
0
0
LINE
8
piping
10
49599.99999999999
20
123247.50000000001
30
0
11
49435.46000000001
21
122962.49999999999
31
0
0
LINE
8
piping
10
49435.46000000001
20
122962.49999999999
30
0
11
49764.54
21
122962.49999999999
31
0
0
LINE
8
piping
10
49764.54
20
122962.49999999999
30
0
11
49599.99999999999
21
123247.50000000001
31
0
0
LINE
8
cut
10
38550.00000000001
20
124357.5
30
0
11
38550.00000000001
21
124057.5
31
0
0
LINE
8
cut
10
38550.00000000001
20
124357.5
30
0
11
38950.0
21
124357.5
31
0
0
LINE
8
cut
10
38550.00000000001
20
124057.5
30
0
11
38950.0
21
124057.5
31
0
0
LINE
8
cut
10
38950.0
20
124357.5
30
0
11
38950.0
21
124057.5
31
0
0
LINE
8
interiors
10
268750.0
20
119657.49999999999
30
0
11
268750.0
21
124257.50000000001
31
0
0
LINE
8
interiors
10
268750.0
20
124257.50000000001
30
0
11
49450.0
21
124257.50000000001
31
0
0
LINE
8
interiors
10
38749.99999999999
20
119657.49999999999
30
0
11
38749.99999999999
21
124257.50000000001
31
0
0
LINE
8
interiors
10
48050.0
20
124257.50000000001
30
0
11
38749.99999999999
21
124257.50000000001
31
0
0
LINE
8
interiors
10
48050.0
20
124257.50000000001
30
0
11
48050.0
21
123757.5
31
0
0
LINE
8
interiors
10
49450.0
20
123757.5
30
0
11
48050.0
21
123757.5
31
0
0
LINE
8
interiors
10
49450.0
20
124257.50000000001
30
0
11
49450.0
21
123757.5
31
0
0
LINE
8
interiors
10
268750.0
20
119657.49999999999
30
0
11
38749.99999999999
21
119657.49999999999
31
0
0
LINE
8
cut
10
268550.0
20
124357.5
30
0
11
268550.0
21
124057.5
31
0
0
LINE
8
cut
10
268550.0
20
124357.5
30
0
11
268950.0
21
124357.5
31
0
0
LINE
8
cut
10
268550.0
20
124057.5
30
0
11
268950.0
21
124057.5
31
0
0
LINE
8
cut
10
268950.0
20
124357.5
30
0
11
268950.0
21
124057.5
31
0
0
LINE
8
equipment
10
244250.0
20
123057.49999999999
30
0
11
244250.0
21
123857.50000000001
31
0
0
LINE
8
equipment
10
243250.0
20
123057.49999999999
30
0
11
243250.0
21
123857.50000000001
31
0
0
LINE
8
equipment
10
244250.0
20
123057.49999999999
30
0
11
243250.0
21
123057.49999999999
31
0
0
LINE
8
equipment
10
244250.0
20
123857.50000000001
30
0
11
243250.0
21
123857.50000000001
31
0
0
LINE
8
equipment
10
244000.0
20
123857.50000000001
30
0
11
244000.0
21
124307.5
31
0
0
LINE
8
equipment
10
243500.0
20
123857.50000000001
30
0
11
243500.0
21
124307.5
31
0
0
LINE
8
equipment
10
244000.0
20
124307.5
30
0
11
243500.0
21
124307.5
31
0
0
LINE
8
equipment
10
209250.0
20
123057.49999999999
30
0
11
209250.0
21
123857.50000000001
31
0
0
LINE
8
equipment
10
208250.0
20
123057.49999999999
30
0
11
208250.0
21
123857.50000000001
31
0
0
LINE
8
equipment
10
209250.0
20
123057.49999999999
30
0
11
208250.0
21
123057.49999999999
31
0
0
LINE
8
equipment
10
209250.0
20
123857.50000000001
30
0
11
208250.0
21
123857.50000000001
31
0
0
LINE
8
equipment
10
209000.0
20
123857.50000000001
30
0
11
209000.0
21
124307.5
31
0
0
LINE
8
equipment
10
208500.0
20
123857.50000000001
30
0
11
208500.0
21
124307.5
31
0
0
LINE
8
equipment
10
209000.0
20
124307.5
30
0
11
208500.0
21
124307.5
31
0
0
LINE
8
equipment
10
174250.0
20
123057.49999999999
30
0
11
174250.0
21
123857.50000000001
31
0
0
LINE
8
equipment
10
173250.0
20
123057.49999999999
30
0
11
173250.0
21
123857.50000000001
31
0
0
LINE
8
equipment
10
174250.0
20
123057.49999999999
30
0
11
173250.0
21
123057.49999999999
31
0
0
LINE
8
equipment
10
174250.0
20
123857.50000000001
30
0
11
173250.0
21
123857.50000000001
31
0
0
LINE
8
equipment
10
174000.0
20
123857.50000000001
30
0
11
174000.0
21
124307.5
31
0
0
LINE
8
equipment
10
173500.0
20
123857.50000000001
30
0
11
173500.0
21
124307.5
31
0
0
LINE
8
equipment
10
174000.0
20
124307.5
30
0
11
173500.0
21
124307.5
31
0
0
LINE
8
equipment
10
139250.0
20
123057.49999999999
30
0
11
139250.0
21
123857.50000000001
31
0
0
LINE
8
equipment
10
138250.0
20
123057.49999999999
30
0
11
138250.0
21
123857.50000000001
31
0
0
LINE
8
equipment
10
139250.0
20
123057.49999999999
30
0
11
138250.0
21
123057.49999999999
31
0
0
LINE
8
equipment
10
139250.0
20
123857.50000000001
30
0
11
138250.0
21
123857.50000000001
31
0
0
LINE
8
equipment
10
139000.0
20
123857.50000000001
30
0
11
139000.0
21
124307.5
31
0
0
LINE
8
equipment
10
138500.0
20
123857.50000000001
30
0
11
138500.0
21
124307.5
31
0
0
LINE
8
equipment
10
139000.0
20
124307.5
30
0
11
138500.0
21
124307.5
31
0
0
LINE
8
equipment
10
104250.0
20
123057.49999999999
30
0
11
104250.0
21
123857.50000000001
31
0
0
LINE
8
equipment
10
103250.00000000001
20
123057.49999999999
30
0
11
103250.00000000001
21
123857.50000000001
31
0
0
LINE
8
equipment
10
104250.0
20
123057.49999999999
30
0
11
103250.00000000001
21
123057.49999999999
31
0
0
LINE
8
equipment
10
104250.0
20
123857.50000000001
30
0
11
103250.00000000001
21
123857.50000000001
31
0
0
LINE
8
equipment
10
104000.00000000001
20
123857.50000000001
30
0
11
104000.00000000001
21
124307.5
31
0
0
LINE
8
equipment
10
103500.0
20
123857.50000000001
30
0
11
103500.0
21
124307.5
31
0
0
LINE
8
equipment
10
104000.00000000001
20
124307.5
30
0
11
103500.0
21
124307.5
31
0
0
LINE
8
equipment
10
69250.0
20
123057.49999999999
30
0
11
69250.0
21
123857.50000000001
31
0
0
LINE
8
equipment
10
68250.0
20
123057.49999999999
30
0
11
68250.0
21
123857.50000000001
31
0
0
LINE
8
equipment
10
69250.0
20
123057.49999999999
30
0
11
68250.0
21
123057.49999999999
31
0
0
LINE
8
equipment
10
69250.0
20
123857.50000000001
30
0
11
68250.0
21
123857.50000000001
31
0
0
LINE
8
equipment
10
69000.0
20
123857.50000000001
30
0
11
69000.0
21
124307.5
31
0
0
LINE
8
equipment
10
68500.0
20
123857.50000000001
30
0
11
68500.0
21
124307.5
31
0
0
LINE
8
equipment
10
69000.0
20
124307.5
30
0
11
68500.0
21
124307.5
31
0
0
LINE
8
equipment
10
53250.0
20
119657.49999999999
30
0
11
53250.0
21
125657.49999999999
31
0
0
LINE
8
equipment
10
44250.0
20
119657.49999999999
30
0
11
44250.0
21
125657.49999999999
31
0
0
LINE
8
equipment
10
53250.0
20
119657.49999999999
30
0
11
44250.0
21
119657.49999999999
31
0
0
LINE
8
equipment
10
53250.0
20
125657.49999999999
30
0
11
44250.0
21
125657.49999999999
31
0
0
LINE
8
equipment
10
262000.00000000003
20
134457.5
30
0
11
262000.00000000003
21
135757.5
31
0
0
LINE
8
equipment
10
257500.00000000003
20
134457.5
30
0
11
257500.00000000003
21
135757.5
31
0
0
LINE
8
equipment
10
262000.00000000003
20
134457.5
30
0
11
257500.00000000003
21
134457.5
31
0
0
LINE
8
equipment
10
262000.00000000003
20
135757.5
30
0
11
257500.00000000003
21
135757.5
31
0
0
LINE
8
equipment
10
246000.0
20
134457.5
30
0
11
246000.0
21
135757.5
31
0
0
LINE
8
equipment
10
241500.0
20
134457.5
30
0
11
241500.0
21
135757.5
31
0
0
LINE
8
equipment
10
246000.0
20
134457.5
30
0
11
241500.0
21
134457.5
31
0
0
LINE
8
equipment
10
246000.0
20
135757.5
30
0
11
241500.0
21
135757.5
31
0
0
LINE
8
equipment
10
230000.0
20
134457.5
30
0
11
230000.0
21
135757.5
31
0
0
LINE
8
equipment
10
225500.0
20
134457.5
30
0
11
225500.0
21
135757.5
31
0
0
LINE
8
equipment
10
230000.0
20
134457.5
30
0
11
225500.0
21
134457.5
31
0
0
LINE
8
equipment
10
230000.0
20
135757.5
30
0
11
225500.0
21
135757.5
31
0
0
LINE
8
equipment
10
214000.0
20
134457.5
30
0
11
214000.0
21
135757.5
31
0
0
LINE
8
equipment
10
209500.0
20
134457.5
30
0
11
209500.0
21
135757.5
31
0
0
LINE
8
equipment
10
214000.0
20
134457.5
30
0
11
209500.0
21
134457.5
31
0
0
LINE
8
equipment
10
214000.0
20
135757.5
30
0
11
209500.0
21
135757.5
31
0
0
LINE
8
equipment
10
198000.0
20
134457.5
30
0
11
198000.0
21
135757.5
31
0
0
LINE
8
equipment
10
193500.0
20
134457.5
30
0
11
193500.0
21
135757.5
31
0
0
LINE
8
equipment
10
198000.0
20
134457.5
30
0
11
193500.0
21
134457.5
31
0
0
LINE
8
equipment
10
198000.0
20
135757.5
30
0
11
193500.0
21
135757.5
31
0
0
LINE
8
equipment
10
182000.0
20
134457.5
30
0
11
182000.0
21
135757.5
31
0
0
LINE
8
equipment
10
177500.0
20
134457.5
30
0
11
177500.0
21
135757.5
31
0
0
LINE
8
equipment
10
182000.0
20
134457.5
30
0
11
177500.0
21
134457.5
31
0
0
LINE
8
equipment
10
182000.0
20
135757.5
30
0
11
177500.0
21
135757.5
31
0
0
LINE
8
equipment
10
166000.0
20
134457.5
30
0
11
166000.0
21
135757.5
31
0
0
LINE
8
equipment
10
161500.0
20
134457.5
30
0
11
161500.0
21
135757.5
31
0
0
LINE
8
equipment
10
166000.0
20
134457.5
30
0
11
161500.0
21
134457.5
31
0
0
LINE
8
equipment
10
166000.0
20
135757.5
30
0
11
161500.0
21
135757.5
31
0
0
LINE
8
equipment
10
150000.0
20
134457.5
30
0
11
150000.0
21
135757.5
31
0
0
LINE
8
equipment
10
145500.0
20
134457.5
30
0
11
145500.0
21
135757.5
31
0
0
LINE
8
equipment
10
150000.0
20
134457.5
30
0
11
145500.0
21
134457.5
31
0
0
LINE
8
equipment
10
150000.0
20
135757.5
30
0
11
145500.0
21
135757.5
31
0
0
LINE
8
equipment
10
134000.0
20
134457.5
30
0
11
134000.0
21
135757.5
31
0
0
LINE
8
equipment
10
129500.0
20
134457.5
30
0
11
129500.0
21
135757.5
31
0
0
LINE
8
equipment
10
134000.0
20
134457.5
30
0
11
129500.0
21
134457.5
31
0
0
LINE
8
equipment
10
134000.0
20
135757.5
30
0
11
129500.0
21
135757.5
31
0
0
LINE
8
equipment
10
118000.0
20
134457.5
30
0
11
118000.0
21
135757.5
31
0
0
LINE
8
equipment
10
113500.0
20
134457.5
30
0
11
113500.0
21
135757.5
31
0
0
LINE
8
equipment
10
118000.0
20
134457.5
30
0
11
113500.0
21
134457.5
31
0
0
LINE
8
equipment
10
118000.0
20
135757.5
30
0
11
113500.0
21
135757.5
31
0
0
LINE
8
equipment
10
102000.0
20
134457.5
30
0
11
102000.0
21
135757.5
31
0
0
LINE
8
equipment
10
97500.0
20
134457.5
30
0
11
97500.0
21
135757.5
31
0
0
LINE
8
equipment
10
102000.0
20
134457.5
30
0
11
97500.0
21
134457.5
31
0
0
LINE
8
equipment
10
102000.0
20
135757.5
30
0
11
97500.0
21
135757.5
31
0
0
LINE
8
equipment
10
86000.0
20
134457.5
30
0
11
86000.0
21
135757.5
31
0
0
LINE
8
equipment
10
81500.0
20
134457.5
30
0
11
81500.0
21
135757.5
31
0
0
LINE
8
equipment
10
86000.0
20
134457.5
30
0
11
81500.0
21
134457.5
31
0
0
LINE
8
equipment
10
86000.0
20
135757.5
30
0
11
81500.0
21
135757.5
31
0
0
LINE
8
equipment
10
70000.0
20
134457.5
30
0
11
70000.0
21
135757.5
31
0
0
LINE
8
equipment
10
65500.0
20
134457.5
30
0
11
65500.0
21
135757.5
31
0
0
LINE
8
equipment
10
70000.0
20
134457.5
30
0
11
65500.0
21
134457.5
31
0
0
LINE
8
equipment
10
70000.0
20
135757.5
30
0
11
65500.0
21
135757.5
31
0
0
LINE
8
equipment
10
54000.0
20
134457.5
30
0
11
54000.0
21
135757.5
31
0
0
LINE
8
equipment
10
49500.0
20
134457.5
30
0
11
49500.0
21
135757.5
31
0
0
LINE
8
equipment
10
54000.0
20
134457.5
30
0
11
49500.0
21
134457.5
31
0
0
LINE
8
equipment
10
54000.0
20
135757.5
30
0
11
49500.0
21
135757.5
31
0
0
LINE
8
piping
10
272750.0
20
136857.5
30
0
11
272750.0
21
139057.5
31
0
0
LINE
8
piping
10
34750.00000000001
20
136857.5
30
0
11
34750.00000000001
21
139057.5
31
0
0
LINE
8
piping
10
272750.0
20
136857.5
30
0
11
34750.00000000001
21
136857.5
31
0
0
LINE
8
piping
10
272750.0
20
139057.5
30
0
11
34750.00000000001
21
139057.5
31
0
0
LINE
8
equipment
10
251649.99999999997
20
146657.5
30
0
11
251649.99999999997
21
147157.5
31
0
0
LINE
8
equipment
10
251649.99999999997
20
147157.5
30
0
11
239850.0
21
147157.5
31
0
0
LINE
8
equipment
10
251649.99999999997
20
146657.5
30
0
11
239850.0
21
146657.5
31
0
0
LINE
8
equipment
10
239850.0
20
146657.5
30
0
11
239850.0
21
147157.5
31
0
0
LINE
8
equipment
10
250850.00000000003
20
147557.5
30
0
11
250850.00000000003
21
149857.5
31
0
0
LINE
8
equipment
10
249050.0
20
147557.5
30
0
11
249050.0
21
149857.5
31
0
0
LINE
8
equipment
10
250850.00000000003
20
147557.5
30
0
11
249050.0
21
147557.5
31
0
0
LINE
8
equipment
10
250850.00000000003
20
149857.5
30
0
11
249050.0
21
149857.5
31
0
0
LINE
8
equipment
10
246650.0
20
147557.5
30
0
11
246650.0
21
149857.5
31
0
0
LINE
8
equipment
10
244850.00000000003
20
147557.5
30
0
11
244850.00000000003
21
149857.5
31
0
0
LINE
8
equipment
10
246650.0
20
147557.5
30
0
11
244850.00000000003
21
147557.5
31
0
0
LINE
8
equipment
10
246650.0
20
149857.5
30
0
11
244850.00000000003
21
149857.5
31
0
0
LINE
8
equipment
10
242450.0
20
147557.5
30
0
11
242450.0
21
149857.5
31
0
0
LINE
8
equipment
10
240650.0
20
147557.5
30
0
11
240650.0
21
149857.5
31
0
0
LINE
8
equipment
10
242450.0
20
147557.5
30
0
11
240650.0
21
147557.5
31
0
0
LINE
8
equipment
10
242450.0
20
149857.5
30
0
11
240650.0
21
149857.5
31
0
0
LINE
8
equipment
10
251050.0
20
147457.5
30
0
11
251050.0
21
147537.5
31
0
0
LINE
8
equipment
10
240450.00000000003
20
147457.5
30
0
11
240450.00000000003
21
147537.5
31
0
0
LINE
8
equipment
10
251050.0
20
147457.5
30
0
11
240450.00000000003
21
147457.5
31
0
0
LINE
8
equipment
10
251050.0
20
147537.5
30
0
11
240450.00000000003
21
147537.5
31
0
0
LINE
8
equipment
10
251050.0
20
147707.5
30
0
11
251050.0
21
147787.5
31
0
0
LINE
8
equipment
10
240450.00000000003
20
147707.5
30
0
11
240450.00000000003
21
147787.5
31
0
0
LINE
8
equipment
10
251050.0
20
147707.5
30
0
11
250850.00000000003
21
147707.5
31
0
0
LINE
8
equipment
10
249050.0
20
147707.5
30
0
11
246650.0
21
147707.5
31
0
0
LINE
8
equipment
10
244850.00000000003
20
147707.5
30
0
11
242450.0
21
147707.5
31
0
0
LINE
8
equipment
10
240650.0
20
147707.5
30
0
11
240450.00000000003
21
147707.5
31
0
0
LINE
8
equipment
10
251050.0
20
147787.5
30
0
11
250850.00000000003
21
147787.5
31
0
0
LINE
8
equipment
10
249050.0
20
147787.5
30
0
11
246650.0
21
147787.5
31
0
0
LINE
8
equipment
10
244850.00000000003
20
147787.5
30
0
11
242450.0
21
147787.5
31
0
0
LINE
8
equipment
10
240650.0
20
147787.5
30
0
11
240450.00000000003
21
147787.5
31
0
0
LINE
8
equipment
10
251050.0
20
147957.5
30
0
11
251050.0
21
148037.5
31
0
0
LINE
8
equipment
10
240450.00000000003
20
147957.5
30
0
11
240450.00000000003
21
148037.5
31
0
0
LINE
8
equipment
10
251050.0
20
147957.5
30
0
11
250850.00000000003
21
147957.5
31
0
0
LINE
8
equipment
10
249050.0
20
147957.5
30
0
11
246650.0
21
147957.5
31
0
0
LINE
8
equipment
10
244850.00000000003
20
147957.5
30
0
11
242450.0
21
147957.5
31
0
0
LINE
8
equipment
10
240650.0
20
147957.5
30
0
11
240450.00000000003
21
147957.5
31
0
0
LINE
8
equipment
10
251050.0
20
148037.5
30
0
11
250850.00000000003
21
148037.5
31
0
0
LINE
8
equipment
10
249050.0
20
148037.5
30
0
11
246650.0
21
148037.5
31
0
0
LINE
8
equipment
10
244850.00000000003
20
148037.5
30
0
11
242450.0
21
148037.5
31
0
0
LINE
8
equipment
10
240650.0
20
148037.5
30
0
11
240450.00000000003
21
148037.5
31
0
0
LINE
8
equipment
10
251050.0
20
148207.5
30
0
11
251050.0
21
148287.5
31
0
0
LINE
8
equipment
10
240450.00000000003
20
148207.5
30
0
11
240450.00000000003
21
148287.5
31
0
0
LINE
8
equipment
10
251050.0
20
148207.5
30
0
11
250850.00000000003
21
148207.5
31
0
0
LINE
8
equipment
10
249050.0
20
148207.5
30
0
11
246650.0
21
148207.5
31
0
0
LINE
8
equipment
10
244850.00000000003
20
148207.5
30
0
11
242450.0
21
148207.5
31
0
0
LINE
8
equipment
10
240650.0
20
148207.5
30
0
11
240450.00000000003
21
148207.5
31
0
0
LINE
8
equipment
10
251050.0
20
148287.5
30
0
11
250850.00000000003
21
148287.5
31
0
0
LINE
8
equipment
10
249050.0
20
148287.5
30
0
11
246650.0
21
148287.5
31
0
0
LINE
8
equipment
10
244850.00000000003
20
148287.5
30
0
11
242450.0
21
148287.5
31
0
0
LINE
8
equipment
10
240650.0
20
148287.5
30
0
11
240450.00000000003
21
148287.5
31
0
0
LINE
8
equipment
10
251050.0
20
148457.5
30
0
11
251050.0
21
148537.5
31
0
0
LINE
8
equipment
10
240450.00000000003
20
148457.5
30
0
11
240450.00000000003
21
148537.5
31
0
0
LINE
8
equipment
10
251050.0
20
148457.5
30
0
11
250850.00000000003
21
148457.5
31
0
0
LINE
8
equipment
10
249050.0
20
148457.5
30
0
11
246650.0
21
148457.5
31
0
0
LINE
8
equipment
10
244850.00000000003
20
148457.5
30
0
11
242450.0
21
148457.5
31
0
0
LINE
8
equipment
10
240650.0
20
148457.5
30
0
11
240450.00000000003
21
148457.5
31
0
0
LINE
8
equipment
10
251050.0
20
148537.5
30
0
11
250850.00000000003
21
148537.5
31
0
0
LINE
8
equipment
10
249050.0
20
148537.5
30
0
11
246650.0
21
148537.5
31
0
0
LINE
8
equipment
10
244850.00000000003
20
148537.5
30
0
11
242450.0
21
148537.5
31
0
0
LINE
8
equipment
10
240650.0
20
148537.5
30
0
11
240450.00000000003
21
148537.5
31
0
0
LINE
8
equipment
10
251050.0
20
148707.5
30
0
11
251050.0
21
148787.5
31
0
0
LINE
8
equipment
10
240450.00000000003
20
148707.5
30
0
11
240450.00000000003
21
148787.5
31
0
0
LINE
8
equipment
10
251050.0
20
148707.5
30
0
11
250850.00000000003
21
148707.5
31
0
0
LINE
8
equipment
10
249050.0
20
148707.5
30
0
11
246650.0
21
148707.5
31
0
0
LINE
8
equipment
10
244850.00000000003
20
148707.5
30
0
11
242450.0
21
148707.5
31
0
0
LINE
8
equipment
10
240650.0
20
148707.5
30
0
11
240450.00000000003
21
148707.5
31
0
0
LINE
8
equipment
10
251050.0
20
148787.5
30
0
11
250850.00000000003
21
148787.5
31
0
0
LINE
8
equipment
10
249050.0
20
148787.5
30
0
11
246650.0
21
148787.5
31
0
0
LINE
8
equipment
10
244850.00000000003
20
148787.5
30
0
11
242450.0
21
148787.5
31
0
0
LINE
8
equipment
10
240650.0
20
148787.5
30
0
11
240450.00000000003
21
148787.5
31
0
0
LINE
8
equipment
10
251050.0
20
148957.5
30
0
11
251050.0
21
149037.5
31
0
0
LINE
8
equipment
10
240450.00000000003
20
148957.5
30
0
11
240450.00000000003
21
149037.5
31
0
0
LINE
8
equipment
10
251050.0
20
148957.5
30
0
11
250850.00000000003
21
148957.5
31
0
0
LINE
8
equipment
10
249050.0
20
148957.5
30
0
11
246650.0
21
148957.5
31
0
0
LINE
8
equipment
10
244850.00000000003
20
148957.5
30
0
11
242450.0
21
148957.5
31
0
0
LINE
8
equipment
10
240650.0
20
148957.5
30
0
11
240450.00000000003
21
148957.5
31
0
0
LINE
8
equipment
10
251050.0
20
149037.5
30
0
11
250850.00000000003
21
149037.5
31
0
0
LINE
8
equipment
10
249050.0
20
149037.5
30
0
11
246650.0
21
149037.5
31
0
0
LINE
8
equipment
10
244850.00000000003
20
149037.5
30
0
11
242450.0
21
149037.5
31
0
0
LINE
8
equipment
10
240650.0
20
149037.5
30
0
11
240450.00000000003
21
149037.5
31
0
0
LINE
8
equipment
10
251050.0
20
149207.5
30
0
11
251050.0
21
149287.5
31
0
0
LINE
8
equipment
10
240450.00000000003
20
149207.5
30
0
11
240450.00000000003
21
149287.5
31
0
0
LINE
8
equipment
10
251050.0
20
149207.5
30
0
11
250850.00000000003
21
149207.5
31
0
0
LINE
8
equipment
10
249050.0
20
149207.5
30
0
11
246650.0
21
149207.5
31
0
0
LINE
8
equipment
10
244850.00000000003
20
149207.5
30
0
11
242450.0
21
149207.5
31
0
0
LINE
8
equipment
10
240650.0
20
149207.5
30
0
11
240450.00000000003
21
149207.5
31
0
0
LINE
8
equipment
10
251050.0
20
149287.5
30
0
11
250850.00000000003
21
149287.5
31
0
0
LINE
8
equipment
10
249050.0
20
149287.5
30
0
11
246650.0
21
149287.5
31
0
0
LINE
8
equipment
10
244850.00000000003
20
149287.5
30
0
11
242450.0
21
149287.5
31
0
0
LINE
8
equipment
10
240650.0
20
149287.5
30
0
11
240450.00000000003
21
149287.5
31
0
0
LINE
8
equipment
10
251050.0
20
149457.5
30
0
11
251050.0
21
149537.5
31
0
0
LINE
8
equipment
10
240450.00000000003
20
149457.5
30
0
11
240450.00000000003
21
149537.5
31
0
0
LINE
8
equipment
10
251050.0
20
149457.5
30
0
11
250850.00000000003
21
149457.5
31
0
0
LINE
8
equipment
10
249050.0
20
149457.5
30
0
11
246650.0
21
149457.5
31
0
0
LINE
8
equipment
10
244850.00000000003
20
149457.5
30
0
11
242450.0
21
149457.5
31
0
0
LINE
8
equipment
10
240650.0
20
149457.5
30
0
11
240450.00000000003
21
149457.5
31
0
0
LINE
8
equipment
10
251050.0
20
149537.5
30
0
11
250850.00000000003
21
149537.5
31
0
0
LINE
8
equipment
10
249050.0
20
149537.5
30
0
11
246650.0
21
149537.5
31
0
0
LINE
8
equipment
10
244850.00000000003
20
149537.5
30
0
11
242450.0
21
149537.5
31
0
0
LINE
8
equipment
10
240650.0
20
149537.5
30
0
11
240450.00000000003
21
149537.5
31
0
0
LINE
8
equipment
10
251050.0
20
149707.5
30
0
11
251050.0
21
149787.5
31
0
0
LINE
8
equipment
10
240450.00000000003
20
149707.5
30
0
11
240450.00000000003
21
149787.5
31
0
0
LINE
8
equipment
10
251050.0
20
149707.5
30
0
11
250850.00000000003
21
149707.5
31
0
0
LINE
8
equipment
10
249050.0
20
149707.5
30
0
11
246650.0
21
149707.5
31
0
0
LINE
8
equipment
10
244850.00000000003
20
149707.5
30
0
11
242450.0
21
149707.5
31
0
0
LINE
8
equipment
10
240650.0
20
149707.5
30
0
11
240450.00000000003
21
149707.5
31
0
0
LINE
8
equipment
10
251050.0
20
149787.5
30
0
11
250850.00000000003
21
149787.5
31
0
0
LINE
8
equipment
10
249050.0
20
149787.5
30
0
11
246650.0
21
149787.5
31
0
0
LINE
8
equipment
10
244850.00000000003
20
149787.5
30
0
11
242450.0
21
149787.5
31
0
0
LINE
8
equipment
10
240650.0
20
149787.5
30
0
11
240450.00000000003
21
149787.5
31
0
0
LINE
8
equipment
10
215649.99999999997
20
146657.5
30
0
11
215649.99999999997
21
147157.5
31
0
0
LINE
8
equipment
10
215649.99999999997
20
147157.5
30
0
11
203850.0
21
147157.5
31
0
0
LINE
8
equipment
10
215649.99999999997
20
146657.5
30
0
11
203850.0
21
146657.5
31
0
0
LINE
8
equipment
10
203850.0
20
146657.5
30
0
11
203850.0
21
147157.5
31
0
0
LINE
8
equipment
10
214850.00000000003
20
147557.5
30
0
11
214850.00000000003
21
149857.5
31
0
0
LINE
8
equipment
10
213050.0
20
147557.5
30
0
11
213050.0
21
149857.5
31
0
0
LINE
8
equipment
10
214850.00000000003
20
147557.5
30
0
11
213050.0
21
147557.5
31
0
0
LINE
8
equipment
10
214850.00000000003
20
149857.5
30
0
11
213050.0
21
149857.5
31
0
0
LINE
8
equipment
10
210650.0
20
147557.5
30
0
11
210650.0
21
149857.5
31
0
0
LINE
8
equipment
10
208850.00000000003
20
147557.5
30
0
11
208850.00000000003
21
149857.5
31
0
0
LINE
8
equipment
10
210650.0
20
147557.5
30
0
11
208850.00000000003
21
147557.5
31
0
0
LINE
8
equipment
10
210650.0
20
149857.5
30
0
11
208850.00000000003
21
149857.5
31
0
0
LINE
8
equipment
10
206450.0
20
147557.5
30
0
11
206450.0
21
149857.5
31
0
0
LINE
8
equipment
10
204650.0
20
147557.5
30
0
11
204650.0
21
149857.5
31
0
0
LINE
8
equipment
10
206450.0
20
147557.5
30
0
11
204650.0
21
147557.5
31
0
0
LINE
8
equipment
10
206450.0
20
149857.5
30
0
11
204650.0
21
149857.5
31
0
0
LINE
8
equipment
10
215050.0
20
147457.5
30
0
11
215050.0
21
147537.5
31
0
0
LINE
8
equipment
10
204450.00000000003
20
147457.5
30
0
11
204450.00000000003
21
147537.5
31
0
0
LINE
8
equipment
10
215050.0
20
147457.5
30
0
11
204450.00000000003
21
147457.5
31
0
0
LINE
8
equipment
10
215050.0
20
147537.5
30
0
11
204450.00000000003
21
147537.5
31
0
0
LINE
8
equipment
10
215050.0
20
147707.5
30
0
11
215050.0
21
147787.5
31
0
0
LINE
8
equipment
10
204450.00000000003
20
147707.5
30
0
11
204450.00000000003
21
147787.5
31
0
0
LINE
8
equipment
10
215050.0
20
147707.5
30
0
11
214850.00000000003
21
147707.5
31
0
0
LINE
8
equipment
10
213050.0
20
147707.5
30
0
11
210650.0
21
147707.5
31
0
0
LINE
8
equipment
10
208850.00000000003
20
147707.5
30
0
11
206450.0
21
147707.5
31
0
0
LINE
8
equipment
10
204650.0
20
147707.5
30
0
11
204450.00000000003
21
147707.5
31
0
0
LINE
8
equipment
10
215050.0
20
147787.5
30
0
11
214850.00000000003
21
147787.5
31
0
0
LINE
8
equipment
10
213050.0
20
147787.5
30
0
11
210650.0
21
147787.5
31
0
0
LINE
8
equipment
10
208850.00000000003
20
147787.5
30
0
11
206450.0
21
147787.5
31
0
0
LINE
8
equipment
10
204650.0
20
147787.5
30
0
11
204450.00000000003
21
147787.5
31
0
0
LINE
8
equipment
10
215050.0
20
147957.5
30
0
11
215050.0
21
148037.5
31
0
0
LINE
8
equipment
10
204450.00000000003
20
147957.5
30
0
11
204450.00000000003
21
148037.5
31
0
0
LINE
8
equipment
10
215050.0
20
147957.5
30
0
11
214850.00000000003
21
147957.5
31
0
0
LINE
8
equipment
10
213050.0
20
147957.5
30
0
11
210650.0
21
147957.5
31
0
0
LINE
8
equipment
10
208850.00000000003
20
147957.5
30
0
11
206450.0
21
147957.5
31
0
0
LINE
8
equipment
10
204650.0
20
147957.5
30
0
11
204450.00000000003
21
147957.5
31
0
0
LINE
8
equipment
10
215050.0
20
148037.5
30
0
11
214850.00000000003
21
148037.5
31
0
0
LINE
8
equipment
10
213050.0
20
148037.5
30
0
11
210650.0
21
148037.5
31
0
0
LINE
8
equipment
10
208850.00000000003
20
148037.5
30
0
11
206450.0
21
148037.5
31
0
0
LINE
8
equipment
10
204650.0
20
148037.5
30
0
11
204450.00000000003
21
148037.5
31
0
0
LINE
8
equipment
10
215050.0
20
148207.5
30
0
11
215050.0
21
148287.5
31
0
0
LINE
8
equipment
10
204450.00000000003
20
148207.5
30
0
11
204450.00000000003
21
148287.5
31
0
0
LINE
8
equipment
10
215050.0
20
148207.5
30
0
11
214850.00000000003
21
148207.5
31
0
0
LINE
8
equipment
10
213050.0
20
148207.5
30
0
11
210650.0
21
148207.5
31
0
0
LINE
8
equipment
10
208850.00000000003
20
148207.5
30
0
11
206450.0
21
148207.5
31
0
0
LINE
8
equipment
10
204650.0
20
148207.5
30
0
11
204450.00000000003
21
148207.5
31
0
0
LINE
8
equipment
10
215050.0
20
148287.5
30
0
11
214850.00000000003
21
148287.5
31
0
0
LINE
8
equipment
10
213050.0
20
148287.5
30
0
11
210650.0
21
148287.5
31
0
0
LINE
8
equipment
10
208850.00000000003
20
148287.5
30
0
11
206450.0
21
148287.5
31
0
0
LINE
8
equipment
10
204650.0
20
148287.5
30
0
11
204450.00000000003
21
148287.5
31
0
0
LINE
8
equipment
10
215050.0
20
148457.5
30
0
11
215050.0
21
148537.5
31
0
0
LINE
8
equipment
10
204450.00000000003
20
148457.5
30
0
11
204450.00000000003
21
148537.5
31
0
0
LINE
8
equipment
10
215050.0
20
148457.5
30
0
11
214850.00000000003
21
148457.5
31
0
0
LINE
8
equipment
10
213050.0
20
148457.5
30
0
11
210650.0
21
148457.5
31
0
0
LINE
8
equipment
10
208850.00000000003
20
148457.5
30
0
11
206450.0
21
148457.5
31
0
0
LINE
8
equipment
10
204650.0
20
148457.5
30
0
11
204450.00000000003
21
148457.5
31
0
0
LINE
8
equipment
10
215050.0
20
148537.5
30
0
11
214850.00000000003
21
148537.5
31
0
0
LINE
8
equipment
10
213050.0
20
148537.5
30
0
11
210650.0
21
148537.5
31
0
0
LINE
8
equipment
10
208850.00000000003
20
148537.5
30
0
11
206450.0
21
148537.5
31
0
0
LINE
8
equipment
10
204650.0
20
148537.5
30
0
11
204450.00000000003
21
148537.5
31
0
0
LINE
8
equipment
10
215050.0
20
148707.5
30
0
11
215050.0
21
148787.5
31
0
0
LINE
8
equipment
10
204450.00000000003
20
148707.5
30
0
11
204450.00000000003
21
148787.5
31
0
0
LINE
8
equipment
10
215050.0
20
148707.5
30
0
11
214850.00000000003
21
148707.5
31
0
0
LINE
8
equipment
10
213050.0
20
148707.5
30
0
11
210650.0
21
148707.5
31
0
0
LINE
8
equipment
10
208850.00000000003
20
148707.5
30
0
11
206450.0
21
148707.5
31
0
0
LINE
8
equipment
10
204650.0
20
148707.5
30
0
11
204450.00000000003
21
148707.5
31
0
0
LINE
8
equipment
10
215050.0
20
148787.5
30
0
11
214850.00000000003
21
148787.5
31
0
0
LINE
8
equipment
10
213050.0
20
148787.5
30
0
11
210650.0
21
148787.5
31
0
0
LINE
8
equipment
10
208850.00000000003
20
148787.5
30
0
11
206450.0
21
148787.5
31
0
0
LINE
8
equipment
10
204650.0
20
148787.5
30
0
11
204450.00000000003
21
148787.5
31
0
0
LINE
8
equipment
10
215050.0
20
148957.5
30
0
11
215050.0
21
149037.5
31
0
0
LINE
8
equipment
10
204450.00000000003
20
148957.5
30
0
11
204450.00000000003
21
149037.5
31
0
0
LINE
8
equipment
10
215050.0
20
148957.5
30
0
11
214850.00000000003
21
148957.5
31
0
0
LINE
8
equipment
10
213050.0
20
148957.5
30
0
11
210650.0
21
148957.5
31
0
0
LINE
8
equipment
10
208850.00000000003
20
148957.5
30
0
11
206450.0
21
148957.5
31
0
0
LINE
8
equipment
10
204650.0
20
148957.5
30
0
11
204450.00000000003
21
148957.5
31
0
0
LINE
8
equipment
10
215050.0
20
149037.5
30
0
11
214850.00000000003
21
149037.5
31
0
0
LINE
8
equipment
10
213050.0
20
149037.5
30
0
11
210650.0
21
149037.5
31
0
0
LINE
8
equipment
10
208850.00000000003
20
149037.5
30
0
11
206450.0
21
149037.5
31
0
0
LINE
8
equipment
10
204650.0
20
149037.5
30
0
11
204450.00000000003
21
149037.5
31
0
0
LINE
8
equipment
10
215050.0
20
149207.5
30
0
11
215050.0
21
149287.5
31
0
0
LINE
8
equipment
10
204450.00000000003
20
149207.5
30
0
11
204450.00000000003
21
149287.5
31
0
0
LINE
8
equipment
10
215050.0
20
149207.5
30
0
11
214850.00000000003
21
149207.5
31
0
0
LINE
8
equipment
10
213050.0
20
149207.5
30
0
11
210650.0
21
149207.5
31
0
0
LINE
8
equipment
10
208850.00000000003
20
149207.5
30
0
11
206450.0
21
149207.5
31
0
0
LINE
8
equipment
10
204650.0
20
149207.5
30
0
11
204450.00000000003
21
149207.5
31
0
0
LINE
8
equipment
10
215050.0
20
149287.5
30
0
11
214850.00000000003
21
149287.5
31
0
0
LINE
8
equipment
10
213050.0
20
149287.5
30
0
11
210650.0
21
149287.5
31
0
0
LINE
8
equipment
10
208850.00000000003
20
149287.5
30
0
11
206450.0
21
149287.5
31
0
0
LINE
8
equipment
10
204650.0
20
149287.5
30
0
11
204450.00000000003
21
149287.5
31
0
0
LINE
8
equipment
10
215050.0
20
149457.5
30
0
11
215050.0
21
149537.5
31
0
0
LINE
8
equipment
10
204450.00000000003
20
149457.5
30
0
11
204450.00000000003
21
149537.5
31
0
0
LINE
8
equipment
10
215050.0
20
149457.5
30
0
11
214850.00000000003
21
149457.5
31
0
0
LINE
8
equipment
10
213050.0
20
149457.5
30
0
11
210650.0
21
149457.5
31
0
0
LINE
8
equipment
10
208850.00000000003
20
149457.5
30
0
11
206450.0
21
149457.5
31
0
0
LINE
8
equipment
10
204650.0
20
149457.5
30
0
11
204450.00000000003
21
149457.5
31
0
0
LINE
8
equipment
10
215050.0
20
149537.5
30
0
11
214850.00000000003
21
149537.5
31
0
0
LINE
8
equipment
10
213050.0
20
149537.5
30
0
11
210650.0
21
149537.5
31
0
0
LINE
8
equipment
10
208850.00000000003
20
149537.5
30
0
11
206450.0
21
149537.5
31
0
0
LINE
8
equipment
10
204650.0
20
149537.5
30
0
11
204450.00000000003
21
149537.5
31
0
0
LINE
8
equipment
10
215050.0
20
149707.5
30
0
11
215050.0
21
149787.5
31
0
0
LINE
8
equipment
10
204450.00000000003
20
149707.5
30
0
11
204450.00000000003
21
149787.5
31
0
0
LINE
8
equipment
10
215050.0
20
149707.5
30
0
11
214850.00000000003
21
149707.5
31
0
0
LINE
8
equipment
10
213050.0
20
149707.5
30
0
11
210650.0
21
149707.5
31
0
0
LINE
8
equipment
10
208850.00000000003
20
149707.5
30
0
11
206450.0
21
149707.5
31
0
0
LINE
8
equipment
10
204650.0
20
149707.5
30
0
11
204450.00000000003
21
149707.5
31
0
0
LINE
8
equipment
10
215050.0
20
149787.5
30
0
11
214850.00000000003
21
149787.5
31
0
0
LINE
8
equipment
10
213050.0
20
149787.5
30
0
11
210650.0
21
149787.5
31
0
0
LINE
8
equipment
10
208850.00000000003
20
149787.5
30
0
11
206450.0
21
149787.5
31
0
0
LINE
8
equipment
10
204650.0
20
149787.5
30
0
11
204450.00000000003
21
149787.5
31
0
0
LINE
8
equipment
10
179650.0
20
146657.5
30
0
11
179650.0
21
147157.5
31
0
0
LINE
8
equipment
10
179650.0
20
147157.5
30
0
11
167850.0
21
147157.5
31
0
0
LINE
8
equipment
10
179650.0
20
146657.5
30
0
11
167850.0
21
146657.5
31
0
0
LINE
8
equipment
10
167850.0
20
146657.5
30
0
11
167850.0
21
147157.5
31
0
0
LINE
8
equipment
10
178850.0
20
147557.5
30
0
11
178850.0
21
149857.5
31
0
0
LINE
8
equipment
10
177050.0
20
147557.5
30
0
11
177050.0
21
149857.5
31
0
0
LINE
8
equipment
10
178850.0
20
147557.5
30
0
11
177050.0
21
147557.5
31
0
0
LINE
8
equipment
10
178850.0
20
149857.5
30
0
11
177050.0
21
149857.5
31
0
0
LINE
8
equipment
10
174650.0
20
147557.5
30
0
11
174650.0
21
149857.5
31
0
0
LINE
8
equipment
10
172850.0
20
147557.5
30
0
11
172850.0
21
149857.5
31
0
0
LINE
8
equipment
10
174650.0
20
147557.5
30
0
11
172850.0
21
147557.5
31
0
0
LINE
8
equipment
10
174650.0
20
149857.5
30
0
11
172850.0
21
149857.5
31
0
0
LINE
8
equipment
10
170450.0
20
147557.5
30
0
11
170450.0
21
149857.5
31
0
0
LINE
8
equipment
10
168650.0
20
147557.5
30
0
11
168650.0
21
149857.5
31
0
0
LINE
8
equipment
10
170450.0
20
147557.5
30
0
11
168650.0
21
147557.5
31
0
0
LINE
8
equipment
10
170450.0
20
149857.5
30
0
11
168650.0
21
149857.5
31
0
0
LINE
8
equipment
10
179050.0
20
147457.5
30
0
11
179050.0
21
147537.5
31
0
0
LINE
8
equipment
10
168450.0
20
147457.5
30
0
11
168450.0
21
147537.5
31
0
0
LINE
8
equipment
10
179050.0
20
147457.5
30
0
11
168450.0
21
147457.5
31
0
0
LINE
8
equipment
10
179050.0
20
147537.5
30
0
11
168450.0
21
147537.5
31
0
0
LINE
8
equipment
10
179050.0
20
147707.5
30
0
11
179050.0
21
147787.5
31
0
0
LINE
8
equipment
10
168450.0
20
147707.5
30
0
11
168450.0
21
147787.5
31
0
0
LINE
8
equipment
10
179050.0
20
147707.5
30
0
11
178850.0
21
147707.5
31
0
0
LINE
8
equipment
10
177050.0
20
147707.5
30
0
11
174650.0
21
147707.5
31
0
0
LINE
8
equipment
10
172850.0
20
147707.5
30
0
11
170450.0
21
147707.5
31
0
0
LINE
8
equipment
10
168650.0
20
147707.5
30
0
11
168450.0
21
147707.5
31
0
0
LINE
8
equipment
10
179050.0
20
147787.5
30
0
11
178850.0
21
147787.5
31
0
0
LINE
8
equipment
10
177050.0
20
147787.5
30
0
11
174650.0
21
147787.5
31
0
0
LINE
8
equipment
10
172850.0
20
147787.5
30
0
11
170450.0
21
147787.5
31
0
0
LINE
8
equipment
10
168650.0
20
147787.5
30
0
11
168450.0
21
147787.5
31
0
0
LINE
8
equipment
10
179050.0
20
147957.5
30
0
11
179050.0
21
148037.5
31
0
0
LINE
8
equipment
10
168450.0
20
147957.5
30
0
11
168450.0
21
148037.5
31
0
0
LINE
8
equipment
10
179050.0
20
147957.5
30
0
11
178850.0
21
147957.5
31
0
0
LINE
8
equipment
10
177050.0
20
147957.5
30
0
11
174650.0
21
147957.5
31
0
0
LINE
8
equipment
10
172850.0
20
147957.5
30
0
11
170450.0
21
147957.5
31
0
0
LINE
8
equipment
10
168650.0
20
147957.5
30
0
11
168450.0
21
147957.5
31
0
0
LINE
8
equipment
10
179050.0
20
148037.5
30
0
11
178850.0
21
148037.5
31
0
0
LINE
8
equipment
10
177050.0
20
148037.5
30
0
11
174650.0
21
148037.5
31
0
0
LINE
8
equipment
10
172850.0
20
148037.5
30
0
11
170450.0
21
148037.5
31
0
0
LINE
8
equipment
10
168650.0
20
148037.5
30
0
11
168450.0
21
148037.5
31
0
0
LINE
8
equipment
10
179050.0
20
148207.5
30
0
11
179050.0
21
148287.5
31
0
0
LINE
8
equipment
10
168450.0
20
148207.5
30
0
11
168450.0
21
148287.5
31
0
0
LINE
8
equipment
10
179050.0
20
148207.5
30
0
11
178850.0
21
148207.5
31
0
0
LINE
8
equipment
10
177050.0
20
148207.5
30
0
11
174650.0
21
148207.5
31
0
0
LINE
8
equipment
10
172850.0
20
148207.5
30
0
11
170450.0
21
148207.5
31
0
0
LINE
8
equipment
10
168650.0
20
148207.5
30
0
11
168450.0
21
148207.5
31
0
0
LINE
8
equipment
10
179050.0
20
148287.5
30
0
11
178850.0
21
148287.5
31
0
0
LINE
8
equipment
10
177050.0
20
148287.5
30
0
11
174650.0
21
148287.5
31
0
0
LINE
8
equipment
10
172850.0
20
148287.5
30
0
11
170450.0
21
148287.5
31
0
0
LINE
8
equipment
10
168650.0
20
148287.5
30
0
11
168450.0
21
148287.5
31
0
0
LINE
8
equipment
10
179050.0
20
148457.5
30
0
11
179050.0
21
148537.5
31
0
0
LINE
8
equipment
10
168450.0
20
148457.5
30
0
11
168450.0
21
148537.5
31
0
0
LINE
8
equipment
10
179050.0
20
148457.5
30
0
11
178850.0
21
148457.5
31
0
0
LINE
8
equipment
10
177050.0
20
148457.5
30
0
11
174650.0
21
148457.5
31
0
0
LINE
8
equipment
10
172850.0
20
148457.5
30
0
11
170450.0
21
148457.5
31
0
0
LINE
8
equipment
10
168650.0
20
148457.5
30
0
11
168450.0
21
148457.5
31
0
0
LINE
8
equipment
10
179050.0
20
148537.5
30
0
11
178850.0
21
148537.5
31
0
0
LINE
8
equipment
10
177050.0
20
148537.5
30
0
11
174650.0
21
148537.5
31
0
0
LINE
8
equipment
10
172850.0
20
148537.5
30
0
11
170450.0
21
148537.5
31
0
0
LINE
8
equipment
10
168650.0
20
148537.5
30
0
11
168450.0
21
148537.5
31
0
0
LINE
8
equipment
10
179050.0
20
148707.5
30
0
11
179050.0
21
148787.5
31
0
0
LINE
8
equipment
10
168450.0
20
148707.5
30
0
11
168450.0
21
148787.5
31
0
0
LINE
8
equipment
10
179050.0
20
148707.5
30
0
11
178850.0
21
148707.5
31
0
0
LINE
8
equipment
10
177050.0
20
148707.5
30
0
11
174650.0
21
148707.5
31
0
0
LINE
8
equipment
10
172850.0
20
148707.5
30
0
11
170450.0
21
148707.5
31
0
0
LINE
8
equipment
10
168650.0
20
148707.5
30
0
11
168450.0
21
148707.5
31
0
0
LINE
8
equipment
10
179050.0
20
148787.5
30
0
11
178850.0
21
148787.5
31
0
0
LINE
8
equipment
10
177050.0
20
148787.5
30
0
11
174650.0
21
148787.5
31
0
0
LINE
8
equipment
10
172850.0
20
148787.5
30
0
11
170450.0
21
148787.5
31
0
0
LINE
8
equipment
10
168650.0
20
148787.5
30
0
11
168450.0
21
148787.5
31
0
0
LINE
8
equipment
10
179050.0
20
148957.5
30
0
11
179050.0
21
149037.5
31
0
0
LINE
8
equipment
10
168450.0
20
148957.5
30
0
11
168450.0
21
149037.5
31
0
0
LINE
8
equipment
10
179050.0
20
148957.5
30
0
11
178850.0
21
148957.5
31
0
0
LINE
8
equipment
10
177050.0
20
148957.5
30
0
11
174650.0
21
148957.5
31
0
0
LINE
8
equipment
10
172850.0
20
148957.5
30
0
11
170450.0
21
148957.5
31
0
0
LINE
8
equipment
10
168650.0
20
148957.5
30
0
11
168450.0
21
148957.5
31
0
0
LINE
8
equipment
10
179050.0
20
149037.5
30
0
11
178850.0
21
149037.5
31
0
0
LINE
8
equipment
10
177050.0
20
149037.5
30
0
11
174650.0
21
149037.5
31
0
0
LINE
8
equipment
10
172850.0
20
149037.5
30
0
11
170450.0
21
149037.5
31
0
0
LINE
8
equipment
10
168650.0
20
149037.5
30
0
11
168450.0
21
149037.5
31
0
0
LINE
8
equipment
10
179050.0
20
149207.5
30
0
11
179050.0
21
149287.5
31
0
0
LINE
8
equipment
10
168450.0
20
149207.5
30
0
11
168450.0
21
149287.5
31
0
0
LINE
8
equipment
10
179050.0
20
149207.5
30
0
11
178850.0
21
149207.5
31
0
0
LINE
8
equipment
10
177050.0
20
149207.5
30
0
11
174650.0
21
149207.5
31
0
0
LINE
8
equipment
10
172850.0
20
149207.5
30
0
11
170450.0
21
149207.5
31
0
0
LINE
8
equipment
10
168650.0
20
149207.5
30
0
11
168450.0
21
149207.5
31
0
0
LINE
8
equipment
10
179050.0
20
149287.5
30
0
11
178850.0
21
149287.5
31
0
0
LINE
8
equipment
10
177050.0
20
149287.5
30
0
11
174650.0
21
149287.5
31
0
0
LINE
8
equipment
10
172850.0
20
149287.5
30
0
11
170450.0
21
149287.5
31
0
0
LINE
8
equipment
10
168650.0
20
149287.5
30
0
11
168450.0
21
149287.5
31
0
0
LINE
8
equipment
10
179050.0
20
149457.5
30
0
11
179050.0
21
149537.5
31
0
0
LINE
8
equipment
10
168450.0
20
149457.5
30
0
11
168450.0
21
149537.5
31
0
0
LINE
8
equipment
10
179050.0
20
149457.5
30
0
11
178850.0
21
149457.5
31
0
0
LINE
8
equipment
10
177050.0
20
149457.5
30
0
11
174650.0
21
149457.5
31
0
0
LINE
8
equipment
10
172850.0
20
149457.5
30
0
11
170450.0
21
149457.5
31
0
0
LINE
8
equipment
10
168650.0
20
149457.5
30
0
11
168450.0
21
149457.5
31
0
0
LINE
8
equipment
10
179050.0
20
149537.5
30
0
11
178850.0
21
149537.5
31
0
0
LINE
8
equipment
10
177050.0
20
149537.5
30
0
11
174650.0
21
149537.5
31
0
0
LINE
8
equipment
10
172850.0
20
149537.5
30
0
11
170450.0
21
149537.5
31
0
0
LINE
8
equipment
10
168650.0
20
149537.5
30
0
11
168450.0
21
149537.5
31
0
0
LINE
8
equipment
10
179050.0
20
149707.5
30
0
11
179050.0
21
149787.5
31
0
0
LINE
8
equipment
10
168450.0
20
149707.5
30
0
11
168450.0
21
149787.5
31
0
0
LINE
8
equipment
10
179050.0
20
149707.5
30
0
11
178850.0
21
149707.5
31
0
0
LINE
8
equipment
10
177050.0
20
149707.5
30
0
11
174650.0
21
149707.5
31
0
0
LINE
8
equipment
10
172850.0
20
149707.5
30
0
11
170450.0
21
149707.5
31
0
0
LINE
8
equipment
10
168650.0
20
149707.5
30
0
11
168450.0
21
149707.5
31
0
0
LINE
8
equipment
10
179050.0
20
149787.5
30
0
11
178850.0
21
149787.5
31
0
0
LINE
8
equipment
10
177050.0
20
149787.5
30
0
11
174650.0
21
149787.5
31
0
0
LINE
8
equipment
10
172850.0
20
149787.5
30
0
11
170450.0
21
149787.5
31
0
0
LINE
8
equipment
10
168650.0
20
149787.5
30
0
11
168450.0
21
149787.5
31
0
0
LINE
8
equipment
10
143650.0
20
146657.5
30
0
11
143650.0
21
147157.5
31
0
0
LINE
8
equipment
10
143650.0
20
147157.5
30
0
11
131850.0
21
147157.5
31
0
0
LINE
8
equipment
10
143650.0
20
146657.5
30
0
11
131850.0
21
146657.5
31
0
0
LINE
8
equipment
10
131850.0
20
146657.5
30
0
11
131850.0
21
147157.5
31
0
0
LINE
8
equipment
10
142850.0
20
147557.5
30
0
11
142850.0
21
149857.5
31
0
0
LINE
8
equipment
10
141050.0
20
147557.5
30
0
11
141050.0
21
149857.5
31
0
0
LINE
8
equipment
10
142850.0
20
147557.5
30
0
11
141050.0
21
147557.5
31
0
0
LINE
8
equipment
10
142850.0
20
149857.5
30
0
11
141050.0
21
149857.5
31
0
0
LINE
8
equipment
10
138650.0
20
147557.5
30
0
11
138650.0
21
149857.5
31
0
0
LINE
8
equipment
10
136850.0
20
147557.5
30
0
11
136850.0
21
149857.5
31
0
0
LINE
8
equipment
10
138650.0
20
147557.5
30
0
11
136850.0
21
147557.5
31
0
0
LINE
8
equipment
10
138650.0
20
149857.5
30
0
11
136850.0
21
149857.5
31
0
0
LINE
8
equipment
10
134450.0
20
147557.5
30
0
11
134450.0
21
149857.5
31
0
0
LINE
8
equipment
10
132650.0
20
147557.5
30
0
11
132650.0
21
149857.5
31
0
0
LINE
8
equipment
10
134450.0
20
147557.5
30
0
11
132650.0
21
147557.5
31
0
0
LINE
8
equipment
10
134450.0
20
149857.5
30
0
11
132650.0
21
149857.5
31
0
0
LINE
8
equipment
10
143050.0
20
147457.5
30
0
11
143050.0
21
147537.5
31
0
0
LINE
8
equipment
10
132450.0
20
147457.5
30
0
11
132450.0
21
147537.5
31
0
0
LINE
8
equipment
10
143050.0
20
147457.5
30
0
11
132450.0
21
147457.5
31
0
0
LINE
8
equipment
10
143050.0
20
147537.5
30
0
11
132450.0
21
147537.5
31
0
0
LINE
8
equipment
10
143050.0
20
147707.5
30
0
11
143050.0
21
147787.5
31
0
0
LINE
8
equipment
10
132450.0
20
147707.5
30
0
11
132450.0
21
147787.5
31
0
0
LINE
8
equipment
10
143050.0
20
147707.5
30
0
11
142850.0
21
147707.5
31
0
0
LINE
8
equipment
10
141050.0
20
147707.5
30
0
11
138650.0
21
147707.5
31
0
0
LINE
8
equipment
10
136850.0
20
147707.5
30
0
11
134450.0
21
147707.5
31
0
0
LINE
8
equipment
10
132650.0
20
147707.5
30
0
11
132450.0
21
147707.5
31
0
0
LINE
8
equipment
10
143050.0
20
147787.5
30
0
11
142850.0
21
147787.5
31
0
0
LINE
8
equipment
10
141050.0
20
147787.5
30
0
11
138650.0
21
147787.5
31
0
0
LINE
8
equipment
10
136850.0
20
147787.5
30
0
11
134450.0
21
147787.5
31
0
0
LINE
8
equipment
10
132650.0
20
147787.5
30
0
11
132450.0
21
147787.5
31
0
0
LINE
8
equipment
10
143050.0
20
147957.5
30
0
11
143050.0
21
148037.5
31
0
0
LINE
8
equipment
10
132450.0
20
147957.5
30
0
11
132450.0
21
148037.5
31
0
0
LINE
8
equipment
10
143050.0
20
147957.5
30
0
11
142850.0
21
147957.5
31
0
0
LINE
8
equipment
10
141050.0
20
147957.5
30
0
11
138650.0
21
147957.5
31
0
0
LINE
8
equipment
10
136850.0
20
147957.5
30
0
11
134450.0
21
147957.5
31
0
0
LINE
8
equipment
10
132650.0
20
147957.5
30
0
11
132450.0
21
147957.5
31
0
0
LINE
8
equipment
10
143050.0
20
148037.5
30
0
11
142850.0
21
148037.5
31
0
0
LINE
8
equipment
10
141050.0
20
148037.5
30
0
11
138650.0
21
148037.5
31
0
0
LINE
8
equipment
10
136850.0
20
148037.5
30
0
11
134450.0
21
148037.5
31
0
0
LINE
8
equipment
10
132650.0
20
148037.5
30
0
11
132450.0
21
148037.5
31
0
0
LINE
8
equipment
10
143050.0
20
148207.5
30
0
11
143050.0
21
148287.5
31
0
0
LINE
8
equipment
10
132450.0
20
148207.5
30
0
11
132450.0
21
148287.5
31
0
0
LINE
8
equipment
10
143050.0
20
148207.5
30
0
11
142850.0
21
148207.5
31
0
0
LINE
8
equipment
10
141050.0
20
148207.5
30
0
11
138650.0
21
148207.5
31
0
0
LINE
8
equipment
10
136850.0
20
148207.5
30
0
11
134450.0
21
148207.5
31
0
0
LINE
8
equipment
10
132650.0
20
148207.5
30
0
11
132450.0
21
148207.5
31
0
0
LINE
8
equipment
10
143050.0
20
148287.5
30
0
11
142850.0
21
148287.5
31
0
0
LINE
8
equipment
10
141050.0
20
148287.5
30
0
11
138650.0
21
148287.5
31
0
0
LINE
8
equipment
10
136850.0
20
148287.5
30
0
11
134450.0
21
148287.5
31
0
0
LINE
8
equipment
10
132650.0
20
148287.5
30
0
11
132450.0
21
148287.5
31
0
0
LINE
8
equipment
10
143050.0
20
148457.5
30
0
11
143050.0
21
148537.5
31
0
0
LINE
8
equipment
10
132450.0
20
148457.5
30
0
11
132450.0
21
148537.5
31
0
0
LINE
8
equipment
10
143050.0
20
148457.5
30
0
11
142850.0
21
148457.5
31
0
0
LINE
8
equipment
10
141050.0
20
148457.5
30
0
11
138650.0
21
148457.5
31
0
0
LINE
8
equipment
10
136850.0
20
148457.5
30
0
11
134450.0
21
148457.5
31
0
0
LINE
8
equipment
10
132650.0
20
148457.5
30
0
11
132450.0
21
148457.5
31
0
0
LINE
8
equipment
10
143050.0
20
148537.5
30
0
11
142850.0
21
148537.5
31
0
0
LINE
8
equipment
10
141050.0
20
148537.5
30
0
11
138650.0
21
148537.5
31
0
0
LINE
8
equipment
10
136850.0
20
148537.5
30
0
11
134450.0
21
148537.5
31
0
0
LINE
8
equipment
10
132650.0
20
148537.5
30
0
11
132450.0
21
148537.5
31
0
0
LINE
8
equipment
10
143050.0
20
148707.5
30
0
11
143050.0
21
148787.5
31
0
0
LINE
8
equipment
10
132450.0
20
148707.5
30
0
11
132450.0
21
148787.5
31
0
0
LINE
8
equipment
10
143050.0
20
148707.5
30
0
11
142850.0
21
148707.5
31
0
0
LINE
8
equipment
10
141050.0
20
148707.5
30
0
11
138650.0
21
148707.5
31
0
0
LINE
8
equipment
10
136850.0
20
148707.5
30
0
11
134450.0
21
148707.5
31
0
0
LINE
8
equipment
10
132650.0
20
148707.5
30
0
11
132450.0
21
148707.5
31
0
0
LINE
8
equipment
10
143050.0
20
148787.5
30
0
11
142850.0
21
148787.5
31
0
0
LINE
8
equipment
10
141050.0
20
148787.5
30
0
11
138650.0
21
148787.5
31
0
0
LINE
8
equipment
10
136850.0
20
148787.5
30
0
11
134450.0
21
148787.5
31
0
0
LINE
8
equipment
10
132650.0
20
148787.5
30
0
11
132450.0
21
148787.5
31
0
0
LINE
8
equipment
10
143050.0
20
148957.5
30
0
11
143050.0
21
149037.5
31
0
0
LINE
8
equipment
10
132450.0
20
148957.5
30
0
11
132450.0
21
149037.5
31
0
0
LINE
8
equipment
10
143050.0
20
148957.5
30
0
11
142850.0
21
148957.5
31
0
0
LINE
8
equipment
10
141050.0
20
148957.5
30
0
11
138650.0
21
148957.5
31
0
0
LINE
8
equipment
10
136850.0
20
148957.5
30
0
11
134450.0
21
148957.5
31
0
0
LINE
8
equipment
10
132650.0
20
148957.5
30
0
11
132450.0
21
148957.5
31
0
0
LINE
8
equipment
10
143050.0
20
149037.5
30
0
11
142850.0
21
149037.5
31
0
0
LINE
8
equipment
10
141050.0
20
149037.5
30
0
11
138650.0
21
149037.5
31
0
0
LINE
8
equipment
10
136850.0
20
149037.5
30
0
11
134450.0
21
149037.5
31
0
0
LINE
8
equipment
10
132650.0
20
149037.5
30
0
11
132450.0
21
149037.5
31
0
0
LINE
8
equipment
10
143050.0
20
149207.5
30
0
11
143050.0
21
149287.5
31
0
0
LINE
8
equipment
10
132450.0
20
149207.5
30
0
11
132450.0
21
149287.5
31
0
0
LINE
8
equipment
10
143050.0
20
149207.5
30
0
11
142850.0
21
149207.5
31
0
0
LINE
8
equipment
10
141050.0
20
149207.5
30
0
11
138650.0
21
149207.5
31
0
0
LINE
8
equipment
10
136850.0
20
149207.5
30
0
11
134450.0
21
149207.5
31
0
0
LINE
8
equipment
10
132650.0
20
149207.5
30
0
11
132450.0
21
149207.5
31
0
0
LINE
8
equipment
10
143050.0
20
149287.5
30
0
11
142850.0
21
149287.5
31
0
0
LINE
8
equipment
10
141050.0
20
149287.5
30
0
11
138650.0
21
149287.5
31
0
0
LINE
8
equipment
10
136850.0
20
149287.5
30
0
11
134450.0
21
149287.5
31
0
0
LINE
8
equipment
10
132650.0
20
149287.5
30
0
11
132450.0
21
149287.5
31
0
0
LINE
8
equipment
10
143050.0
20
149457.5
30
0
11
143050.0
21
149537.5
31
0
0
LINE
8
equipment
10
132450.0
20
149457.5
30
0
11
132450.0
21
149537.5
31
0
0
LINE
8
equipment
10
143050.0
20
149457.5
30
0
11
142850.0
21
149457.5
31
0
0
LINE
8
equipment
10
141050.0
20
149457.5
30
0
11
138650.0
21
149457.5
31
0
0
LINE
8
equipment
10
136850.0
20
149457.5
30
0
11
134450.0
21
149457.5
31
0
0
LINE
8
equipment
10
132650.0
20
149457.5
30
0
11
132450.0
21
149457.5
31
0
0
LINE
8
equipment
10
143050.0
20
149537.5
30
0
11
142850.0
21
149537.5
31
0
0
LINE
8
equipment
10
141050.0
20
149537.5
30
0
11
138650.0
21
149537.5
31
0
0
LINE
8
equipment
10
136850.0
20
149537.5
30
0
11
134450.0
21
149537.5
31
0
0
LINE
8
equipment
10
132650.0
20
149537.5
30
0
11
132450.0
21
149537.5
31
0
0
LINE
8
equipment
10
143050.0
20
149707.5
30
0
11
143050.0
21
149787.5
31
0
0
LINE
8
equipment
10
132450.0
20
149707.5
30
0
11
132450.0
21
149787.5
31
0
0
LINE
8
equipment
10
143050.0
20
149707.5
30
0
11
142850.0
21
149707.5
31
0
0
LINE
8
equipment
10
141050.0
20
149707.5
30
0
11
138650.0
21
149707.5
31
0
0
LINE
8
equipment
10
136850.0
20
149707.5
30
0
11
134450.0
21
149707.5
31
0
0
LINE
8
equipment
10
132650.0
20
149707.5
30
0
11
132450.0
21
149707.5
31
0
0
LINE
8
equipment
10
143050.0
20
149787.5
30
0
11
142850.0
21
149787.5
31
0
0
LINE
8
equipment
10
141050.0
20
149787.5
30
0
11
138650.0
21
149787.5
31
0
0
LINE
8
equipment
10
136850.0
20
149787.5
30
0
11
134450.0
21
149787.5
31
0
0
LINE
8
equipment
10
132650.0
20
149787.5
30
0
11
132450.0
21
149787.5
31
0
0
LINE
8
equipment
10
107650.0
20
146657.5
30
0
11
107650.0
21
147157.5
31
0
0
LINE
8
equipment
10
107650.0
20
147157.5
30
0
11
95850.0
21
147157.5
31
0
0
LINE
8
equipment
10
107650.0
20
146657.5
30
0
11
95850.0
21
146657.5
31
0
0
LINE
8
equipment
10
95850.0
20
146657.5
30
0
11
95850.0
21
147157.5
31
0
0
LINE
8
equipment
10
106850.0
20
147557.5
30
0
11
106850.0
21
149857.5
31
0
0
LINE
8
equipment
10
105050.0
20
147557.5
30
0
11
105050.0
21
149857.5
31
0
0
LINE
8
equipment
10
106850.0
20
147557.5
30
0
11
105050.0
21
147557.5
31
0
0
LINE
8
equipment
10
106850.0
20
149857.5
30
0
11
105050.0
21
149857.5
31
0
0
LINE
8
equipment
10
102650.0
20
147557.5
30
0
11
102650.0
21
149857.5
31
0
0
LINE
8
equipment
10
100850.0
20
147557.5
30
0
11
100850.0
21
149857.5
31
0
0
LINE
8
equipment
10
102650.0
20
147557.5
30
0
11
100850.0
21
147557.5
31
0
0
LINE
8
equipment
10
102650.0
20
149857.5
30
0
11
100850.0
21
149857.5
31
0
0
LINE
8
equipment
10
98449.99999999999
20
147557.5
30
0
11
98449.99999999999
21
149857.5
31
0
0
LINE
8
equipment
10
96650.0
20
147557.5
30
0
11
96650.0
21
149857.5
31
0
0
LINE
8
equipment
10
98449.99999999999
20
147557.5
30
0
11
96650.0
21
147557.5
31
0
0
LINE
8
equipment
10
98449.99999999999
20
149857.5
30
0
11
96650.0
21
149857.5
31
0
0
LINE
8
equipment
10
107050.00000000001
20
147457.5
30
0
11
107050.00000000001
21
147537.5
31
0
0
LINE
8
equipment
10
96450.0
20
147457.5
30
0
11
96450.0
21
147537.5
31
0
0
LINE
8
equipment
10
107050.00000000001
20
147457.5
30
0
11
96450.0
21
147457.5
31
0
0
LINE
8
equipment
10
107050.00000000001
20
147537.5
30
0
11
96450.0
21
147537.5
31
0
0
LINE
8
equipment
10
107050.00000000001
20
147707.5
30
0
11
107050.00000000001
21
147787.5
31
0
0
LINE
8
equipment
10
96450.0
20
147707.5
30
0
11
96450.0
21
147787.5
31
0
0
LINE
8
equipment
10
107050.00000000001
20
147707.5
30
0
11
106850.0
21
147707.5
31
0
0
LINE
8
equipment
10
105050.0
20
147707.5
30
0
11
102650.0
21
147707.5
31
0
0
LINE
8
equipment
10
100850.0
20
147707.5
30
0
11
98449.99999999999
21
147707.5
31
0
0
LINE
8
equipment
10
96650.0
20
147707.5
30
0
11
96450.0
21
147707.5
31
0
0
LINE
8
equipment
10
107050.00000000001
20
147787.5
30
0
11
106850.0
21
147787.5
31
0
0
LINE
8
equipment
10
105050.0
20
147787.5
30
0
11
102650.0
21
147787.5
31
0
0
LINE
8
equipment
10
100850.0
20
147787.5
30
0
11
98449.99999999999
21
147787.5
31
0
0
LINE
8
equipment
10
96650.0
20
147787.5
30
0
11
96450.0
21
147787.5
31
0
0
LINE
8
equipment
10
107050.00000000001
20
147957.5
30
0
11
107050.00000000001
21
148037.5
31
0
0
LINE
8
equipment
10
96450.0
20
147957.5
30
0
11
96450.0
21
148037.5
31
0
0
LINE
8
equipment
10
107050.00000000001
20
147957.5
30
0
11
106850.0
21
147957.5
31
0
0
LINE
8
equipment
10
105050.0
20
147957.5
30
0
11
102650.0
21
147957.5
31
0
0
LINE
8
equipment
10
100850.0
20
147957.5
30
0
11
98449.99999999999
21
147957.5
31
0
0
LINE
8
equipment
10
96650.0
20
147957.5
30
0
11
96450.0
21
147957.5
31
0
0
LINE
8
equipment
10
107050.00000000001
20
148037.5
30
0
11
106850.0
21
148037.5
31
0
0
LINE
8
equipment
10
105050.0
20
148037.5
30
0
11
102650.0
21
148037.5
31
0
0
LINE
8
equipment
10
100850.0
20
148037.5
30
0
11
98449.99999999999
21
148037.5
31
0
0
LINE
8
equipment
10
96650.0
20
148037.5
30
0
11
96450.0
21
148037.5
31
0
0
LINE
8
equipment
10
107050.00000000001
20
148207.5
30
0
11
107050.00000000001
21
148287.5
31
0
0
LINE
8
equipment
10
96450.0
20
148207.5
30
0
11
96450.0
21
148287.5
31
0
0
LINE
8
equipment
10
107050.00000000001
20
148207.5
30
0
11
106850.0
21
148207.5
31
0
0
LINE
8
equipment
10
105050.0
20
148207.5
30
0
11
102650.0
21
148207.5
31
0
0
LINE
8
equipment
10
100850.0
20
148207.5
30
0
11
98449.99999999999
21
148207.5
31
0
0
LINE
8
equipment
10
96650.0
20
148207.5
30
0
11
96450.0
21
148207.5
31
0
0
LINE
8
equipment
10
107050.00000000001
20
148287.5
30
0
11
106850.0
21
148287.5
31
0
0
LINE
8
equipment
10
105050.0
20
148287.5
30
0
11
102650.0
21
148287.5
31
0
0
LINE
8
equipment
10
100850.0
20
148287.5
30
0
11
98449.99999999999
21
148287.5
31
0
0
LINE
8
equipment
10
96650.0
20
148287.5
30
0
11
96450.0
21
148287.5
31
0
0
LINE
8
equipment
10
107050.00000000001
20
148457.5
30
0
11
107050.00000000001
21
148537.5
31
0
0
LINE
8
equipment
10
96450.0
20
148457.5
30
0
11
96450.0
21
148537.5
31
0
0
LINE
8
equipment
10
107050.00000000001
20
148457.5
30
0
11
106850.0
21
148457.5
31
0
0
LINE
8
equipment
10
105050.0
20
148457.5
30
0
11
102650.0
21
148457.5
31
0
0
LINE
8
equipment
10
100850.0
20
148457.5
30
0
11
98449.99999999999
21
148457.5
31
0
0
LINE
8
equipment
10
96650.0
20
148457.5
30
0
11
96450.0
21
148457.5
31
0
0
LINE
8
equipment
10
107050.00000000001
20
148537.5
30
0
11
106850.0
21
148537.5
31
0
0
LINE
8
equipment
10
105050.0
20
148537.5
30
0
11
102650.0
21
148537.5
31
0
0
LINE
8
equipment
10
100850.0
20
148537.5
30
0
11
98449.99999999999
21
148537.5
31
0
0
LINE
8
equipment
10
96650.0
20
148537.5
30
0
11
96450.0
21
148537.5
31
0
0
LINE
8
equipment
10
107050.00000000001
20
148707.5
30
0
11
107050.00000000001
21
148787.5
31
0
0
LINE
8
equipment
10
96450.0
20
148707.5
30
0
11
96450.0
21
148787.5
31
0
0
LINE
8
equipment
10
107050.00000000001
20
148707.5
30
0
11
106850.0
21
148707.5
31
0
0
LINE
8
equipment
10
105050.0
20
148707.5
30
0
11
102650.0
21
148707.5
31
0
0
LINE
8
equipment
10
100850.0
20
148707.5
30
0
11
98449.99999999999
21
148707.5
31
0
0
LINE
8
equipment
10
96650.0
20
148707.5
30
0
11
96450.0
21
148707.5
31
0
0
LINE
8
equipment
10
107050.00000000001
20
148787.5
30
0
11
106850.0
21
148787.5
31
0
0
LINE
8
equipment
10
105050.0
20
148787.5
30
0
11
102650.0
21
148787.5
31
0
0
LINE
8
equipment
10
100850.0
20
148787.5
30
0
11
98449.99999999999
21
148787.5
31
0
0
LINE
8
equipment
10
96650.0
20
148787.5
30
0
11
96450.0
21
148787.5
31
0
0
LINE
8
equipment
10
107050.00000000001
20
148957.5
30
0
11
107050.00000000001
21
149037.5
31
0
0
LINE
8
equipment
10
96450.0
20
148957.5
30
0
11
96450.0
21
149037.5
31
0
0
LINE
8
equipment
10
107050.00000000001
20
148957.5
30
0
11
106850.0
21
148957.5
31
0
0
LINE
8
equipment
10
105050.0
20
148957.5
30
0
11
102650.0
21
148957.5
31
0
0
LINE
8
equipment
10
100850.0
20
148957.5
30
0
11
98449.99999999999
21
148957.5
31
0
0
LINE
8
equipment
10
96650.0
20
148957.5
30
0
11
96450.0
21
148957.5
31
0
0
LINE
8
equipment
10
107050.00000000001
20
149037.5
30
0
11
106850.0
21
149037.5
31
0
0
LINE
8
equipment
10
105050.0
20
149037.5
30
0
11
102650.0
21
149037.5
31
0
0
LINE
8
equipment
10
100850.0
20
149037.5
30
0
11
98449.99999999999
21
149037.5
31
0
0
LINE
8
equipment
10
96650.0
20
149037.5
30
0
11
96450.0
21
149037.5
31
0
0
LINE
8
equipment
10
107050.00000000001
20
149207.5
30
0
11
107050.00000000001
21
149287.5
31
0
0
LINE
8
equipment
10
96450.0
20
149207.5
30
0
11
96450.0
21
149287.5
31
0
0
LINE
8
equipment
10
107050.00000000001
20
149207.5
30
0
11
106850.0
21
149207.5
31
0
0
LINE
8
equipment
10
105050.0
20
149207.5
30
0
11
102650.0
21
149207.5
31
0
0
LINE
8
equipment
10
100850.0
20
149207.5
30
0
11
98449.99999999999
21
149207.5
31
0
0
LINE
8
equipment
10
96650.0
20
149207.5
30
0
11
96450.0
21
149207.5
31
0
0
LINE
8
equipment
10
107050.00000000001
20
149287.5
30
0
11
106850.0
21
149287.5
31
0
0
LINE
8
equipment
10
105050.0
20
149287.5
30
0
11
102650.0
21
149287.5
31
0
0
LINE
8
equipment
10
100850.0
20
149287.5
30
0
11
98449.99999999999
21
149287.5
31
0
0
LINE
8
equipment
10
96650.0
20
149287.5
30
0
11
96450.0
21
149287.5
31
0
0
LINE
8
equipment
10
107050.00000000001
20
149457.5
30
0
11
107050.00000000001
21
149537.5
31
0
0
LINE
8
equipment
10
96450.0
20
149457.5
30
0
11
96450.0
21
149537.5
31
0
0
LINE
8
equipment
10
107050.00000000001
20
149457.5
30
0
11
106850.0
21
149457.5
31
0
0
LINE
8
equipment
10
105050.0
20
149457.5
30
0
11
102650.0
21
149457.5
31
0
0
LINE
8
equipment
10
100850.0
20
149457.5
30
0
11
98449.99999999999
21
149457.5
31
0
0
LINE
8
equipment
10
96650.0
20
149457.5
30
0
11
96450.0
21
149457.5
31
0
0
LINE
8
equipment
10
107050.00000000001
20
149537.5
30
0
11
106850.0
21
149537.5
31
0
0
LINE
8
equipment
10
105050.0
20
149537.5
30
0
11
102650.0
21
149537.5
31
0
0
LINE
8
equipment
10
100850.0
20
149537.5
30
0
11
98449.99999999999
21
149537.5
31
0
0
LINE
8
equipment
10
96650.0
20
149537.5
30
0
11
96450.0
21
149537.5
31
0
0
LINE
8
equipment
10
107050.00000000001
20
149707.5
30
0
11
107050.00000000001
21
149787.5
31
0
0
LINE
8
equipment
10
96450.0
20
149707.5
30
0
11
96450.0
21
149787.5
31
0
0
LINE
8
equipment
10
107050.00000000001
20
149707.5
30
0
11
106850.0
21
149707.5
31
0
0
LINE
8
equipment
10
105050.0
20
149707.5
30
0
11
102650.0
21
149707.5
31
0
0
LINE
8
equipment
10
100850.0
20
149707.5
30
0
11
98449.99999999999
21
149707.5
31
0
0
LINE
8
equipment
10
96650.0
20
149707.5
30
0
11
96450.0
21
149707.5
31
0
0
LINE
8
equipment
10
107050.00000000001
20
149787.5
30
0
11
106850.0
21
149787.5
31
0
0
LINE
8
equipment
10
105050.0
20
149787.5
30
0
11
102650.0
21
149787.5
31
0
0
LINE
8
equipment
10
100850.0
20
149787.5
30
0
11
98449.99999999999
21
149787.5
31
0
0
LINE
8
equipment
10
96650.0
20
149787.5
30
0
11
96450.0
21
149787.5
31
0
0
LINE
8
equipment
10
71650.0
20
146657.5
30
0
11
71650.0
21
147157.5
31
0
0
LINE
8
equipment
10
71650.0
20
147157.5
30
0
11
59850.0
21
147157.5
31
0
0
LINE
8
equipment
10
71650.0
20
146657.5
30
0
11
59850.0
21
146657.5
31
0
0
LINE
8
equipment
10
59850.0
20
146657.5
30
0
11
59850.0
21
147157.5
31
0
0
LINE
8
equipment
10
70850.0
20
147557.5
30
0
11
70850.0
21
149857.5
31
0
0
LINE
8
equipment
10
69050.0
20
147557.5
30
0
11
69050.0
21
149857.5
31
0
0
LINE
8
equipment
10
70850.0
20
147557.5
30
0
11
69050.0
21
147557.5
31
0
0
LINE
8
equipment
10
70850.0
20
149857.5
30
0
11
69050.0
21
149857.5
31
0
0
LINE
8
equipment
10
66650.0
20
147557.5
30
0
11
66650.0
21
149857.5
31
0
0
LINE
8
equipment
10
64850.0
20
147557.5
30
0
11
64850.0
21
149857.5
31
0
0
LINE
8
equipment
10
66650.0
20
147557.5
30
0
11
64850.0
21
147557.5
31
0
0
LINE
8
equipment
10
66650.0
20
149857.5
30
0
11
64850.0
21
149857.5
31
0
0
LINE
8
equipment
10
62450.0
20
147557.5
30
0
11
62450.0
21
149857.5
31
0
0
LINE
8
equipment
10
60649.99999999999
20
147557.5
30
0
11
60649.99999999999
21
149857.5
31
0
0
LINE
8
equipment
10
62450.0
20
147557.5
30
0
11
60649.99999999999
21
147557.5
31
0
0
LINE
8
equipment
10
62450.0
20
149857.5
30
0
11
60649.99999999999
21
149857.5
31
0
0
LINE
8
equipment
10
71050.0
20
147457.5
30
0
11
71050.0
21
147537.5
31
0
0
LINE
8
equipment
10
60449.99999999999
20
147457.5
30
0
11
60449.99999999999
21
147537.5
31
0
0
LINE
8
equipment
10
71050.0
20
147457.5
30
0
11
60449.99999999999
21
147457.5
31
0
0
LINE
8
equipment
10
71050.0
20
147537.5
30
0
11
60449.99999999999
21
147537.5
31
0
0
LINE
8
equipment
10
71050.0
20
147707.5
30
0
11
71050.0
21
147787.5
31
0
0
LINE
8
equipment
10
60449.99999999999
20
147707.5
30
0
11
60449.99999999999
21
147787.5
31
0
0
LINE
8
equipment
10
71050.0
20
147707.5
30
0
11
70850.0
21
147707.5
31
0
0
LINE
8
equipment
10
69050.0
20
147707.5
30
0
11
66650.0
21
147707.5
31
0
0
LINE
8
equipment
10
64850.0
20
147707.5
30
0
11
62450.0
21
147707.5
31
0
0
LINE
8
equipment
10
60649.99999999999
20
147707.5
30
0
11
60449.99999999999
21
147707.5
31
0
0
LINE
8
equipment
10
71050.0
20
147787.5
30
0
11
70850.0
21
147787.5
31
0
0
LINE
8
equipment
10
69050.0
20
147787.5
30
0
11
66650.0
21
147787.5
31
0
0
LINE
8
equipment
10
64850.0
20
147787.5
30
0
11
62450.0
21
147787.5
31
0
0
LINE
8
equipment
10
60649.99999999999
20
147787.5
30
0
11
60449.99999999999
21
147787.5
31
0
0
LINE
8
equipment
10
71050.0
20
147957.5
30
0
11
71050.0
21
148037.5
31
0
0
LINE
8
equipment
10
60449.99999999999
20
147957.5
30
0
11
60449.99999999999
21
148037.5
31
0
0
LINE
8
equipment
10
71050.0
20
147957.5
30
0
11
70850.0
21
147957.5
31
0
0
LINE
8
equipment
10
69050.0
20
147957.5
30
0
11
66650.0
21
147957.5
31
0
0
LINE
8
equipment
10
64850.0
20
147957.5
30
0
11
62450.0
21
147957.5
31
0
0
LINE
8
equipment
10
60649.99999999999
20
147957.5
30
0
11
60449.99999999999
21
147957.5
31
0
0
LINE
8
equipment
10
71050.0
20
148037.5
30
0
11
70850.0
21
148037.5
31
0
0
LINE
8
equipment
10
69050.0
20
148037.5
30
0
11
66650.0
21
148037.5
31
0
0
LINE
8
equipment
10
64850.0
20
148037.5
30
0
11
62450.0
21
148037.5
31
0
0
LINE
8
equipment
10
60649.99999999999
20
148037.5
30
0
11
60449.99999999999
21
148037.5
31
0
0
LINE
8
equipment
10
71050.0
20
148207.5
30
0
11
71050.0
21
148287.5
31
0
0
LINE
8
equipment
10
60449.99999999999
20
148207.5
30
0
11
60449.99999999999
21
148287.5
31
0
0
LINE
8
equipment
10
71050.0
20
148207.5
30
0
11
70850.0
21
148207.5
31
0
0
LINE
8
equipment
10
69050.0
20
148207.5
30
0
11
66650.0
21
148207.5
31
0
0
LINE
8
equipment
10
64850.0
20
148207.5
30
0
11
62450.0
21
148207.5
31
0
0
LINE
8
equipment
10
60649.99999999999
20
148207.5
30
0
11
60449.99999999999
21
148207.5
31
0
0
LINE
8
equipment
10
71050.0
20
148287.5
30
0
11
70850.0
21
148287.5
31
0
0
LINE
8
equipment
10
69050.0
20
148287.5
30
0
11
66650.0
21
148287.5
31
0
0
LINE
8
equipment
10
64850.0
20
148287.5
30
0
11
62450.0
21
148287.5
31
0
0
LINE
8
equipment
10
60649.99999999999
20
148287.5
30
0
11
60449.99999999999
21
148287.5
31
0
0
LINE
8
equipment
10
71050.0
20
148457.5
30
0
11
71050.0
21
148537.5
31
0
0
LINE
8
equipment
10
60449.99999999999
20
148457.5
30
0
11
60449.99999999999
21
148537.5
31
0
0
LINE
8
equipment
10
71050.0
20
148457.5
30
0
11
70850.0
21
148457.5
31
0
0
LINE
8
equipment
10
69050.0
20
148457.5
30
0
11
66650.0
21
148457.5
31
0
0
LINE
8
equipment
10
64850.0
20
148457.5
30
0
11
62450.0
21
148457.5
31
0
0
LINE
8
equipment
10
60649.99999999999
20
148457.5
30
0
11
60449.99999999999
21
148457.5
31
0
0
LINE
8
equipment
10
71050.0
20
148537.5
30
0
11
70850.0
21
148537.5
31
0
0
LINE
8
equipment
10
69050.0
20
148537.5
30
0
11
66650.0
21
148537.5
31
0
0
LINE
8
equipment
10
64850.0
20
148537.5
30
0
11
62450.0
21
148537.5
31
0
0
LINE
8
equipment
10
60649.99999999999
20
148537.5
30
0
11
60449.99999999999
21
148537.5
31
0
0
LINE
8
equipment
10
71050.0
20
148707.5
30
0
11
71050.0
21
148787.5
31
0
0
LINE
8
equipment
10
60449.99999999999
20
148707.5
30
0
11
60449.99999999999
21
148787.5
31
0
0
LINE
8
equipment
10
71050.0
20
148707.5
30
0
11
70850.0
21
148707.5
31
0
0
LINE
8
equipment
10
69050.0
20
148707.5
30
0
11
66650.0
21
148707.5
31
0
0
LINE
8
equipment
10
64850.0
20
148707.5
30
0
11
62450.0
21
148707.5
31
0
0
LINE
8
equipment
10
60649.99999999999
20
148707.5
30
0
11
60449.99999999999
21
148707.5
31
0
0
LINE
8
equipment
10
71050.0
20
148787.5
30
0
11
70850.0
21
148787.5
31
0
0
LINE
8
equipment
10
69050.0
20
148787.5
30
0
11
66650.0
21
148787.5
31
0
0
LINE
8
equipment
10
64850.0
20
148787.5
30
0
11
62450.0
21
148787.5
31
0
0
LINE
8
equipment
10
60649.99999999999
20
148787.5
30
0
11
60449.99999999999
21
148787.5
31
0
0
LINE
8
equipment
10
71050.0
20
148957.5
30
0
11
71050.0
21
149037.5
31
0
0
LINE
8
equipment
10
60449.99999999999
20
148957.5
30
0
11
60449.99999999999
21
149037.5
31
0
0
LINE
8
equipment
10
71050.0
20
148957.5
30
0
11
70850.0
21
148957.5
31
0
0
LINE
8
equipment
10
69050.0
20
148957.5
30
0
11
66650.0
21
148957.5
31
0
0
LINE
8
equipment
10
64850.0
20
148957.5
30
0
11
62450.0
21
148957.5
31
0
0
LINE
8
equipment
10
60649.99999999999
20
148957.5
30
0
11
60449.99999999999
21
148957.5
31
0
0
LINE
8
equipment
10
71050.0
20
149037.5
30
0
11
70850.0
21
149037.5
31
0
0
LINE
8
equipment
10
69050.0
20
149037.5
30
0
11
66650.0
21
149037.5
31
0
0
LINE
8
equipment
10
64850.0
20
149037.5
30
0
11
62450.0
21
149037.5
31
0
0
LINE
8
equipment
10
60649.99999999999
20
149037.5
30
0
11
60449.99999999999
21
149037.5
31
0
0
LINE
8
equipment
10
71050.0
20
149207.5
30
0
11
71050.0
21
149287.5
31
0
0
LINE
8
equipment
10
60449.99999999999
20
149207.5
30
0
11
60449.99999999999
21
149287.5
31
0
0
LINE
8
equipment
10
71050.0
20
149207.5
30
0
11
70850.0
21
149207.5
31
0
0
LINE
8
equipment
10
69050.0
20
149207.5
30
0
11
66650.0
21
149207.5
31
0
0
LINE
8
equipment
10
64850.0
20
149207.5
30
0
11
62450.0
21
149207.5
31
0
0
LINE
8
equipment
10
60649.99999999999
20
149207.5
30
0
11
60449.99999999999
21
149207.5
31
0
0
LINE
8
equipment
10
71050.0
20
149287.5
30
0
11
70850.0
21
149287.5
31
0
0
LINE
8
equipment
10
69050.0
20
149287.5
30
0
11
66650.0
21
149287.5
31
0
0
LINE
8
equipment
10
64850.0
20
149287.5
30
0
11
62450.0
21
149287.5
31
0
0
LINE
8
equipment
10
60649.99999999999
20
149287.5
30
0
11
60449.99999999999
21
149287.5
31
0
0
LINE
8
equipment
10
71050.0
20
149457.5
30
0
11
71050.0
21
149537.5
31
0
0
LINE
8
equipment
10
60449.99999999999
20
149457.5
30
0
11
60449.99999999999
21
149537.5
31
0
0
LINE
8
equipment
10
71050.0
20
149457.5
30
0
11
70850.0
21
149457.5
31
0
0
LINE
8
equipment
10
69050.0
20
149457.5
30
0
11
66650.0
21
149457.5
31
0
0
LINE
8
equipment
10
64850.0
20
149457.5
30
0
11
62450.0
21
149457.5
31
0
0
LINE
8
equipment
10
60649.99999999999
20
149457.5
30
0
11
60449.99999999999
21
149457.5
31
0
0
LINE
8
equipment
10
71050.0
20
149537.5
30
0
11
70850.0
21
149537.5
31
0
0
LINE
8
equipment
10
69050.0
20
149537.5
30
0
11
66650.0
21
149537.5
31
0
0
LINE
8
equipment
10
64850.0
20
149537.5
30
0
11
62450.0
21
149537.5
31
0
0
LINE
8
equipment
10
60649.99999999999
20
149537.5
30
0
11
60449.99999999999
21
149537.5
31
0
0
LINE
8
equipment
10
71050.0
20
149707.5
30
0
11
71050.0
21
149787.5
31
0
0
LINE
8
equipment
10
60449.99999999999
20
149707.5
30
0
11
60449.99999999999
21
149787.5
31
0
0
LINE
8
equipment
10
71050.0
20
149707.5
30
0
11
70850.0
21
149707.5
31
0
0
LINE
8
equipment
10
69050.0
20
149707.5
30
0
11
66650.0
21
149707.5
31
0
0
LINE
8
equipment
10
64850.0
20
149707.5
30
0
11
62450.0
21
149707.5
31
0
0
LINE
8
equipment
10
60649.99999999999
20
149707.5
30
0
11
60449.99999999999
21
149707.5
31
0
0
LINE
8
equipment
10
71050.0
20
149787.5
30
0
11
70850.0
21
149787.5
31
0
0
LINE
8
equipment
10
69050.0
20
149787.5
30
0
11
66650.0
21
149787.5
31
0
0
LINE
8
equipment
10
64850.0
20
149787.5
30
0
11
62450.0
21
149787.5
31
0
0
LINE
8
equipment
10
60649.99999999999
20
149787.5
30
0
11
60449.99999999999
21
149787.5
31
0
0
LINE
8
equipment
10
247170.0
20
150757.5
30
0
11
247195.07
21
150757.5
31
0
0
LINE
8
equipment
10
247195.07
20
150757.5
30
0
11
247269.03000000003
21
150757.5
31
0
0
LINE
8
equipment
10
247269.03000000003
20
150757.5
30
0
11
247388.16999999998
21
150757.5
31
0
0
LINE
8
equipment
10
247388.16999999998
20
150757.5
30
0
11
247546.50999999998
21
150757.5
31
0
0
LINE
8
equipment
10
247546.50999999998
20
150757.5
30
0
11
247736.12
21
150757.5
31
0
0
LINE
8
equipment
10
247736.12
20
150757.5
30
0
11
247947.47999999998
21
150757.5
31
0
0
LINE
8
equipment
10
247947.47999999998
20
150757.5
30
0
11
248170.0
21
150757.5
31
0
0
LINE
8
equipment
10
248170.0
20
150757.5
30
0
11
248392.52
21
150757.5
31
0
0
LINE
8
equipment
10
248392.52
20
150757.5
30
0
11
248603.87999999998
21
150757.5
31
0
0
LINE
8
equipment
10
248603.87999999998
20
150757.5
30
0
11
248793.49
21
150757.5
31
0
0
LINE
8
equipment
10
248793.49
20
150757.5
30
0
11
248951.83
21
150757.5
31
0
0
LINE
8
equipment
10
248951.83
20
150757.5
30
0
11
249070.97
21
150757.5
31
0
0
LINE
8
equipment
10
249070.97
20
150757.5
30
0
11
249144.93
21
150757.5
31
0
0
LINE
8
equipment
10
249144.93
20
150757.5
30
0
11
249170.00000000003
21
150757.5
31
0
0
LINE
8
equipment
10
247170.0
20
150457.5
30
0
11
247170.0
21
150757.5
31
0
0
LINE
8
equipment
10
247170.0
20
150457.5
30
0
11
247195.07
21
150457.5
31
0
0
LINE
8
equipment
10
247195.07
20
150457.5
30
0
11
247269.03000000003
21
150457.5
31
0
0
LINE
8
equipment
10
247269.03000000003
20
150457.5
30
0
11
247388.16999999998
21
150457.5
31
0
0
LINE
8
equipment
10
247388.16999999998
20
150457.5
30
0
11
247546.50999999998
21
150457.5
31
0
0
LINE
8
equipment
10
247546.50999999998
20
150457.5
30
0
11
247736.12
21
150457.5
31
0
0
LINE
8
equipment
10
247736.12
20
150457.5
30
0
11
247947.47999999998
21
150457.5
31
0
0
LINE
8
equipment
10
247947.47999999998
20
150457.5
30
0
11
248170.0
21
150457.5
31
0
0
LINE
8
equipment
10
248170.0
20
150457.5
30
0
11
248392.52
21
150457.5
31
0
0
LINE
8
equipment
10
248392.52
20
150457.5
30
0
11
248603.87999999998
21
150457.5
31
0
0
LINE
8
equipment
10
248603.87999999998
20
150457.5
30
0
11
248793.49
21
150457.5
31
0
0
LINE
8
equipment
10
248793.49
20
150457.5
30
0
11
248951.83
21
150457.5
31
0
0
LINE
8
equipment
10
248951.83
20
150457.5
30
0
11
249070.97
21
150457.5
31
0
0
LINE
8
equipment
10
249070.97
20
150457.5
30
0
11
249144.93
21
150457.5
31
0
0
LINE
8
equipment
10
249144.93
20
150457.5
30
0
11
249170.00000000003
21
150457.5
31
0
0
LINE
8
equipment
10
244750.0
20
150757.5
30
0
11
244775.07
21
150757.5
31
0
0
LINE
8
equipment
10
244775.07
20
150757.5
30
0
11
244849.03
21
150757.5
31
0
0
LINE
8
equipment
10
244849.03
20
150757.5
30
0
11
244968.17
21
150757.5
31
0
0
LINE
8
equipment
10
244968.17
20
150757.5
30
0
11
245126.51
21
150757.5
31
0
0
LINE
8
equipment
10
245126.51
20
150757.5
30
0
11
245316.12000000002
21
150757.5
31
0
0
LINE
8
equipment
10
245316.12000000002
20
150757.5
30
0
11
245527.48
21
150757.5
31
0
0
LINE
8
equipment
10
245527.48
20
150757.5
30
0
11
245750.0
21
150757.5
31
0
0
LINE
8
equipment
10
245750.0
20
150757.5
30
0
11
245972.52000000002
21
150757.5
31
0
0
LINE
8
equipment
10
245972.52000000002
20
150757.5
30
0
11
246183.88
21
150757.5
31
0
0
LINE
8
equipment
10
246183.88
20
150757.5
30
0
11
246373.49000000002
21
150757.5
31
0
0
LINE
8
equipment
10
246373.49000000002
20
150757.5
30
0
11
246531.83000000002
21
150757.5
31
0
0
LINE
8
equipment
10
246531.83000000002
20
150757.5
30
0
11
246650.97
21
150757.5
31
0
0
LINE
8
equipment
10
246650.97
20
150757.5
30
0
11
246724.93
21
150757.5
31
0
0
LINE
8
equipment
10
246724.93
20
150757.5
30
0
11
246750.0
21
150757.5
31
0
0
LINE
8
equipment
10
244750.0
20
150457.5
30
0
11
244750.0
21
150757.5
31
0
0
LINE
8
equipment
10
244750.0
20
150457.5
30
0
11
244775.07
21
150457.5
31
0
0
LINE
8
equipment
10
244775.07
20
150457.5
30
0
11
244849.03
21
150457.5
31
0
0
LINE
8
equipment
10
244849.03
20
150457.5
30
0
11
244968.17
21
150457.5
31
0
0
LINE
8
equipment
10
244968.17
20
150457.5
30
0
11
245126.51
21
150457.5
31
0
0
LINE
8
equipment
10
245126.51
20
150457.5
30
0
11
245316.12000000002
21
150457.5
31
0
0
LINE
8
equipment
10
245316.12000000002
20
150457.5
30
0
11
245527.48
21
150457.5
31
0
0
LINE
8
equipment
10
245527.48
20
150457.5
30
0
11
245750.0
21
150457.5
31
0
0
LINE
8
equipment
10
245750.0
20
150457.5
30
0
11
245972.52000000002
21
150457.5
31
0
0
LINE
8
equipment
10
245972.52000000002
20
150457.5
30
0
11
246183.88
21
150457.5
31
0
0
LINE
8
equipment
10
246183.88
20
150457.5
30
0
11
246373.49000000002
21
150457.5
31
0
0
LINE
8
equipment
10
246373.49000000002
20
150457.5
30
0
11
246531.83000000002
21
150457.5
31
0
0
LINE
8
equipment
10
246531.83000000002
20
150457.5
30
0
11
246650.97
21
150457.5
31
0
0
LINE
8
equipment
10
246650.97
20
150457.5
30
0
11
246724.93
21
150457.5
31
0
0
LINE
8
equipment
10
246724.93
20
150457.5
30
0
11
246750.0
21
150457.5
31
0
0
LINE
8
equipment
10
242330.0
20
150757.5
30
0
11
242355.06999999998
21
150757.5
31
0
0
LINE
8
equipment
10
242355.06999999998
20
150757.5
30
0
11
242429.02999999997
21
150757.5
31
0
0
LINE
8
equipment
10
242429.02999999997
20
150757.5
30
0
11
242548.17
21
150757.5
31
0
0
LINE
8
equipment
10
242548.17
20
150757.5
30
0
11
242706.50999999998
21
150757.5
31
0
0
LINE
8
equipment
10
242706.50999999998
20
150757.5
30
0
11
242896.12
21
150757.5
31
0
0
LINE
8
equipment
10
242896.12
20
150757.5
30
0
11
243107.47999999998
21
150757.5
31
0
0
LINE
8
equipment
10
243107.47999999998
20
150757.5
30
0
11
243330.0
21
150757.5
31
0
0
LINE
8
equipment
10
243330.0
20
150757.5
30
0
11
243552.52
21
150757.5
31
0
0
LINE
8
equipment
10
243552.52
20
150757.5
30
0
11
243763.88
21
150757.5
31
0
0
LINE
8
equipment
10
243763.88
20
150757.5
30
0
11
243953.49
21
150757.5
31
0
0
LINE
8
equipment
10
243953.49
20
150757.5
30
0
11
244111.83
21
150757.5
31
0
0
LINE
8
equipment
10
244111.83
20
150757.5
30
0
11
244230.97
21
150757.5
31
0
0
LINE
8
equipment
10
244230.97
20
150757.5
30
0
11
244304.93000000002
21
150757.5
31
0
0
LINE
8
equipment
10
244304.93000000002
20
150757.5
30
0
11
244329.99999999997
21
150757.5
31
0
0
LINE
8
equipment
10
242330.0
20
150457.5
30
0
11
242330.0
21
150757.5
31
0
0
LINE
8
equipment
10
242330.0
20
150457.5
30
0
11
242355.06999999998
21
150457.5
31
0
0
LINE
8
equipment
10
242355.06999999998
20
150457.5
30
0
11
242429.02999999997
21
150457.5
31
0
0
LINE
8
equipment
10
242429.02999999997
20
150457.5
30
0
11
242548.17
21
150457.5
31
0
0
LINE
8
equipment
10
242548.17
20
150457.5
30
0
11
242706.50999999998
21
150457.5
31
0
0
LINE
8
equipment
10
242706.50999999998
20
150457.5
30
0
11
242896.12
21
150457.5
31
0
0
LINE
8
equipment
10
242896.12
20
150457.5
30
0
11
243107.47999999998
21
150457.5
31
0
0
LINE
8
equipment
10
243107.47999999998
20
150457.5
30
0
11
243330.0
21
150457.5
31
0
0
LINE
8
equipment
10
243330.0
20
150457.5
30
0
11
243552.52
21
150457.5
31
0
0
LINE
8
equipment
10
243552.52
20
150457.5
30
0
11
243763.88
21
150457.5
31
0
0
LINE
8
equipment
10
243763.88
20
150457.5
30
0
11
243953.49
21
150457.5
31
0
0
LINE
8
equipment
10
243953.49
20
150457.5
30
0
11
244111.83
21
150457.5
31
0
0
LINE
8
equipment
10
244111.83
20
150457.5
30
0
11
244230.97
21
150457.5
31
0
0
LINE
8
equipment
10
244230.97
20
150457.5
30
0
11
244304.93000000002
21
150457.5
31
0
0
LINE
8
equipment
10
244304.93000000002
20
150457.5
30
0
11
244329.99999999997
21
150457.5
31
0
0
LINE
8
equipment
10
211170.0
20
150757.5
30
0
11
211195.07
21
150757.5
31
0
0
LINE
8
equipment
10
211195.07
20
150757.5
30
0
11
211269.03000000003
21
150757.5
31
0
0
LINE
8
equipment
10
211269.03000000003
20
150757.5
30
0
11
211388.16999999998
21
150757.5
31
0
0
LINE
8
equipment
10
211388.16999999998
20
150757.5
30
0
11
211546.50999999998
21
150757.5
31
0
0
LINE
8
equipment
10
211546.50999999998
20
150757.5
30
0
11
211736.12000000002
21
150757.5
31
0
0
LINE
8
equipment
10
211736.12000000002
20
150757.5
30
0
11
211947.47999999998
21
150757.5
31
0
0
LINE
8
equipment
10
211947.47999999998
20
150757.5
30
0
11
212170.0
21
150757.5
31
0
0
LINE
8
equipment
10
212170.0
20
150757.5
30
0
11
212392.52
21
150757.5
31
0
0
LINE
8
equipment
10
212392.52
20
150757.5
30
0
11
212603.87999999998
21
150757.5
31
0
0
LINE
8
equipment
10
212603.87999999998
20
150757.5
30
0
11
212793.49
21
150757.5
31
0
0
LINE
8
equipment
10
212793.49
20
150757.5
30
0
11
212951.83
21
150757.5
31
0
0
LINE
8
equipment
10
212951.83
20
150757.5
30
0
11
213070.97
21
150757.5
31
0
0
LINE
8
equipment
10
213070.97
20
150757.5
30
0
11
213144.93
21
150757.5
31
0
0
LINE
8
equipment
10
213144.93
20
150757.5
30
0
11
213170.00000000003
21
150757.5
31
0
0
LINE
8
equipment
10
211170.0
20
150457.5
30
0
11
211170.0
21
150757.5
31
0
0
LINE
8
equipment
10
211170.0
20
150457.5
30
0
11
211195.07
21
150457.5
31
0
0
LINE
8
equipment
10
211195.07
20
150457.5
30
0
11
211269.03000000003
21
150457.5
31
0
0
LINE
8
equipment
10
211269.03000000003
20
150457.5
30
0
11
211388.16999999998
21
150457.5
31
0
0
LINE
8
equipment
10
211388.16999999998
20
150457.5
30
0
11
211546.50999999998
21
150457.5
31
0
0
LINE
8
equipment
10
211546.50999999998
20
150457.5
30
0
11
211736.12000000002
21
150457.5
31
0
0
LINE
8
equipment
10
211736.12000000002
20
150457.5
30
0
11
211947.47999999998
21
150457.5
31
0
0
LINE
8
equipment
10
211947.47999999998
20
150457.5
30
0
11
212170.0
21
150457.5
31
0
0
LINE
8
equipment
10
212170.0
20
150457.5
30
0
11
212392.52
21
150457.5
31
0
0
LINE
8
equipment
10
212392.52
20
150457.5
30
0
11
212603.87999999998
21
150457.5
31
0
0
LINE
8
equipment
10
212603.87999999998
20
150457.5
30
0
11
212793.49
21
150457.5
31
0
0
LINE
8
equipment
10
212793.49
20
150457.5
30
0
11
212951.83
21
150457.5
31
0
0
LINE
8
equipment
10
212951.83
20
150457.5
30
0
11
213070.97
21
150457.5
31
0
0
LINE
8
equipment
10
213070.97
20
150457.5
30
0
11
213144.93
21
150457.5
31
0
0
LINE
8
equipment
10
213144.93
20
150457.5
30
0
11
213170.00000000003
21
150457.5
31
0
0
LINE
8
equipment
10
208750.0
20
150757.5
30
0
11
208775.07
21
150757.5
31
0
0
LINE
8
equipment
10
208775.07
20
150757.5
30
0
11
208849.03
21
150757.5
31
0
0
LINE
8
equipment
10
208849.03
20
150757.5
30
0
11
208968.17
21
150757.5
31
0
0
LINE
8
equipment
10
208968.17
20
150757.5
30
0
11
209126.51
21
150757.5
31
0
0
LINE
8
equipment
10
209126.51
20
150757.5
30
0
11
209316.12000000002
21
150757.5
31
0
0
LINE
8
equipment
10
209316.12000000002
20
150757.5
30
0
11
209527.48
21
150757.5
31
0
0
LINE
8
equipment
10
209527.48
20
150757.5
30
0
11
209750.0
21
150757.5
31
0
0
LINE
8
equipment
10
209750.0
20
150757.5
30
0
11
209972.51999999996
21
150757.5
31
0
0
LINE
8
equipment
10
209972.51999999996
20
150757.5
30
0
11
210183.88
21
150757.5
31
0
0
LINE
8
equipment
10
210183.88
20
150757.5
30
0
11
210373.48999999996
21
150757.5
31
0
0
LINE
8
equipment
10
210373.48999999996
20
150757.5
30
0
11
210531.83000000002
21
150757.5
31
0
0
LINE
8
equipment
10
210531.83000000002
20
150757.5
30
0
11
210650.97
21
150757.5
31
0
0
LINE
8
equipment
10
210650.97
20
150757.5
30
0
11
210724.93
21
150757.5
31
0
0
LINE
8
equipment
10
210724.93
20
150757.5
30
0
11
210750.0
21
150757.5
31
0
0
LINE
8
equipment
10
208750.0
20
150457.5
30
0
11
208750.0
21
150757.5
31
0
0
LINE
8
equipment
10
208750.0
20
150457.5
30
0
11
208775.07
21
150457.5
31
0
0
LINE
8
equipment
10
208775.07
20
150457.5
30
0
11
208849.03
21
150457.5
31
0
0
LINE
8
equipment
10
208849.03
20
150457.5
30
0
11
208968.17
21
150457.5
31
0
0
LINE
8
equipment
10
208968.17
20
150457.5
30
0
11
209126.51
21
150457.5
31
0
0
LINE
8
equipment
10
209126.51
20
150457.5
30
0
11
209316.12000000002
21
150457.5
31
0
0
LINE
8
equipment
10
209316.12000000002
20
150457.5
30
0
11
209527.48
21
150457.5
31
0
0
LINE
8
equipment
10
209527.48
20
150457.5
30
0
11
209750.0
21
150457.5
31
0
0
LINE
8
equipment
10
209750.0
20
150457.5
30
0
11
209972.51999999996
21
150457.5
31
0
0
LINE
8
equipment
10
209972.51999999996
20
150457.5
30
0
11
210183.88
21
150457.5
31
0
0
LINE
8
equipment
10
210183.88
20
150457.5
30
0
11
210373.48999999996
21
150457.5
31
0
0
LINE
8
equipment
10
210373.48999999996
20
150457.5
30
0
11
210531.83000000002
21
150457.5
31
0
0
LINE
8
equipment
10
210531.83000000002
20
150457.5
30
0
11
210650.97
21
150457.5
31
0
0
LINE
8
equipment
10
210650.97
20
150457.5
30
0
11
210724.93
21
150457.5
31
0
0
LINE
8
equipment
10
210724.93
20
150457.5
30
0
11
210750.0
21
150457.5
31
0
0
LINE
8
equipment
10
206330.0
20
150757.5
30
0
11
206355.06999999998
21
150757.5
31
0
0
LINE
8
equipment
10
206355.06999999998
20
150757.5
30
0
11
206429.02999999997
21
150757.5
31
0
0
LINE
8
equipment
10
206429.02999999997
20
150757.5
30
0
11
206548.17
21
150757.5
31
0
0
LINE
8
equipment
10
206548.17
20
150757.5
30
0
11
206706.50999999998
21
150757.5
31
0
0
LINE
8
equipment
10
206706.50999999998
20
150757.5
30
0
11
206896.12
21
150757.5
31
0
0
LINE
8
equipment
10
206896.12
20
150757.5
30
0
11
207107.47999999998
21
150757.5
31
0
0
LINE
8
equipment
10
207107.47999999998
20
150757.5
30
0
11
207330.0
21
150757.5
31
0
0
LINE
8
equipment
10
207330.0
20
150757.5
30
0
11
207552.52
21
150757.5
31
0
0
LINE
8
equipment
10
207552.52
20
150757.5
30
0
11
207763.88
21
150757.5
31
0
0
LINE
8
equipment
10
207763.88
20
150757.5
30
0
11
207953.49
21
150757.5
31
0
0
LINE
8
equipment
10
207953.49
20
150757.5
30
0
11
208111.83
21
150757.5
31
0
0
LINE
8
equipment
10
208111.83
20
150757.5
30
0
11
208230.97
21
150757.5
31
0
0
LINE
8
equipment
10
208230.97
20
150757.5
30
0
11
208304.93000000002
21
150757.5
31
0
0
LINE
8
equipment
10
208304.93000000002
20
150757.5
30
0
11
208329.99999999997
21
150757.5
31
0
0
LINE
8
equipment
10
206330.0
20
150457.5
30
0
11
206330.0
21
150757.5
31
0
0
LINE
8
equipment
10
206330.0
20
150457.5
30
0
11
206355.06999999998
21
150457.5
31
0
0
LINE
8
equipment
10
206355.06999999998
20
150457.5
30
0
11
206429.02999999997
21
150457.5
31
0
0
LINE
8
equipment
10
206429.02999999997
20
150457.5
30
0
11
206548.17
21
150457.5
31
0
0
LINE
8
equipment
10
206548.17
20
150457.5
30
0
11
206706.50999999998
21
150457.5
31
0
0
LINE
8
equipment
10
206706.50999999998
20
150457.5
30
0
11
206896.12
21
150457.5
31
0
0
LINE
8
equipment
10
206896.12
20
150457.5
30
0
11
207107.47999999998
21
150457.5
31
0
0
LINE
8
equipment
10
207107.47999999998
20
150457.5
30
0
11
207330.0
21
150457.5
31
0
0
LINE
8
equipment
10
207330.0
20
150457.5
30
0
11
207552.52
21
150457.5
31
0
0
LINE
8
equipment
10
207552.52
20
150457.5
30
0
11
207763.88
21
150457.5
31
0
0
LINE
8
equipment
10
207763.88
20
150457.5
30
0
11
207953.49
21
150457.5
31
0
0
LINE
8
equipment
10
207953.49
20
150457.5
30
0
11
208111.83
21
150457.5
31
0
0
LINE
8
equipment
10
208111.83
20
150457.5
30
0
11
208230.97
21
150457.5
31
0
0
LINE
8
equipment
10
208230.97
20
150457.5
30
0
11
208304.93000000002
21
150457.5
31
0
0
LINE
8
equipment
10
208304.93000000002
20
150457.5
30
0
11
208329.99999999997
21
150457.5
31
0
0
LINE
8
equipment
10
175170.0
20
150757.5
30
0
11
175195.07
21
150757.5
31
0
0
LINE
8
equipment
10
175195.07
20
150757.5
30
0
11
175269.03
21
150757.5
31
0
0
LINE
8
equipment
10
175269.03
20
150757.5
30
0
11
175388.16999999998
21
150757.5
31
0
0
LINE
8
equipment
10
175388.16999999998
20
150757.5
30
0
11
175546.51
21
150757.5
31
0
0
LINE
8
equipment
10
175546.51
20
150757.5
30
0
11
175736.12
21
150757.5
31
0
0
LINE
8
equipment
10
175736.12
20
150757.5
30
0
11
175947.48
21
150757.5
31
0
0
LINE
8
equipment
10
175947.48
20
150757.5
30
0
11
176170.0
21
150757.5
31
0
0
LINE
8
equipment
10
176170.0
20
150757.5
30
0
11
176392.52
21
150757.5
31
0
0
LINE
8
equipment
10
176392.52
20
150757.5
30
0
11
176603.87999999998
21
150757.5
31
0
0
LINE
8
equipment
10
176603.87999999998
20
150757.5
30
0
11
176793.49
21
150757.5
31
0
0
LINE
8
equipment
10
176793.49
20
150757.5
30
0
11
176951.83000000002
21
150757.5
31
0
0
LINE
8
equipment
10
176951.83000000002
20
150757.5
30
0
11
177070.97
21
150757.5
31
0
0
LINE
8
equipment
10
177070.97
20
150757.5
30
0
11
177144.93
21
150757.5
31
0
0
LINE
8
equipment
10
177144.93
20
150757.5
30
0
11
177170.0
21
150757.5
31
0
0
LINE
8
equipment
10
175170.0
20
150457.5
30
0
11
175170.0
21
150757.5
31
0
0
LINE
8
equipment
10
175170.0
20
150457.5
30
0
11
175195.07
21
150457.5
31
0
0
LINE
8
equipment
10
175195.07
20
150457.5
30
0
11
175269.03
21
150457.5
31
0
0
LINE
8
equipment
10
175269.03
20
150457.5
30
0
11
175388.16999999998
21
150457.5
31
0
0
LINE
8
equipment
10
175388.16999999998
20
150457.5
30
0
11
175546.51
21
150457.5
31
0
0
LINE
8
equipment
10
175546.51
20
150457.5
30
0
11
175736.12
21
150457.5
31
0
0
LINE
8
equipment
10
175736.12
20
150457.5
30
0
11
175947.48
21
150457.5
31
0
0
LINE
8
equipment
10
175947.48
20
150457.5
30
0
11
176170.0
21
150457.5
31
0
0
LINE
8
equipment
10
176170.0
20
150457.5
30
0
11
176392.52
21
150457.5
31
0
0
LINE
8
equipment
10
176392.52
20
150457.5
30
0
11
176603.87999999998
21
150457.5
31
0
0
LINE
8
equipment
10
176603.87999999998
20
150457.5
30
0
11
176793.49
21
150457.5
31
0
0
LINE
8
equipment
10
176793.49
20
150457.5
30
0
11
176951.83000000002
21
150457.5
31
0
0
LINE
8
equipment
10
176951.83000000002
20
150457.5
30
0
11
177070.97
21
150457.5
31
0
0
LINE
8
equipment
10
177070.97
20
150457.5
30
0
11
177144.93
21
150457.5
31
0
0
LINE
8
equipment
10
177144.93
20
150457.5
30
0
11
177170.0
21
150457.5
31
0
0
LINE
8
equipment
10
172750.0
20
150757.5
30
0
11
172775.07
21
150757.5
31
0
0
LINE
8
equipment
10
172775.07
20
150757.5
30
0
11
172849.03
21
150757.5
31
0
0
LINE
8
equipment
10
172849.03
20
150757.5
30
0
11
172968.16999999998
21
150757.5
31
0
0
LINE
8
equipment
10
172968.16999999998
20
150757.5
30
0
11
173126.51
21
150757.5
31
0
0
LINE
8
equipment
10
173126.51
20
150757.5
30
0
11
173316.12
21
150757.5
31
0
0
LINE
8
equipment
10
173316.12
20
150757.5
30
0
11
173527.48
21
150757.5
31
0
0
LINE
8
equipment
10
173527.48
20
150757.5
30
0
11
173750.0
21
150757.5
31
0
0
LINE
8
equipment
10
173750.0
20
150757.5
30
0
11
173972.52
21
150757.5
31
0
0
LINE
8
equipment
10
173972.52
20
150757.5
30
0
11
174183.88
21
150757.5
31
0
0
LINE
8
equipment
10
174183.88
20
150757.5
30
0
11
174373.49
21
150757.5
31
0
0
LINE
8
equipment
10
174373.49
20
150757.5
30
0
11
174531.83000000002
21
150757.5
31
0
0
LINE
8
equipment
10
174531.83000000002
20
150757.5
30
0
11
174650.97
21
150757.5
31
0
0
LINE
8
equipment
10
174650.97
20
150757.5
30
0
11
174724.93000000002
21
150757.5
31
0
0
LINE
8
equipment
10
174724.93000000002
20
150757.5
30
0
11
174750.0
21
150757.5
31
0
0
LINE
8
equipment
10
172750.0
20
150457.5
30
0
11
172750.0
21
150757.5
31
0
0
LINE
8
equipment
10
172750.0
20
150457.5
30
0
11
172775.07
21
150457.5
31
0
0
LINE
8
equipment
10
172775.07
20
150457.5
30
0
11
172849.03
21
150457.5
31
0
0
LINE
8
equipment
10
172849.03
20
150457.5
30
0
11
172968.16999999998
21
150457.5
31
0
0
LINE
8
equipment
10
172968.16999999998
20
150457.5
30
0
11
173126.51
21
150457.5
31
0
0
LINE
8
equipment
10
173126.51
20
150457.5
30
0
11
173316.12
21
150457.5
31
0
0
LINE
8
equipment
10
173316.12
20
150457.5
30
0
11
173527.48
21
150457.5
31
0
0
LINE
8
equipment
10
173527.48
20
150457.5
30
0
11
173750.0
21
150457.5
31
0
0
LINE
8
equipment
10
173750.0
20
150457.5
30
0
11
173972.52
21
150457.5
31
0
0
LINE
8
equipment
10
173972.52
20
150457.5
30
0
11
174183.88
21
150457.5
31
0
0
LINE
8
equipment
10
174183.88
20
150457.5
30
0
11
174373.49
21
150457.5
31
0
0
LINE
8
equipment
10
174373.49
20
150457.5
30
0
11
174531.83000000002
21
150457.5
31
0
0
LINE
8
equipment
10
174531.83000000002
20
150457.5
30
0
11
174650.97
21
150457.5
31
0
0
LINE
8
equipment
10
174650.97
20
150457.5
30
0
11
174724.93000000002
21
150457.5
31
0
0
LINE
8
equipment
10
174724.93000000002
20
150457.5
30
0
11
174750.0
21
150457.5
31
0
0
LINE
8
equipment
10
170330.0
20
150757.5
30
0
11
170355.07
21
150757.5
31
0
0
LINE
8
equipment
10
170355.07
20
150757.5
30
0
11
170429.03
21
150757.5
31
0
0
LINE
8
equipment
10
170429.03
20
150757.5
30
0
11
170548.17
21
150757.5
31
0
0
LINE
8
equipment
10
170548.17
20
150757.5
30
0
11
170706.50999999998
21
150757.5
31
0
0
LINE
8
equipment
10
170706.50999999998
20
150757.5
30
0
11
170896.12
21
150757.5
31
0
0
LINE
8
equipment
10
170896.12
20
150757.5
30
0
11
171107.47999999998
21
150757.5
31
0
0
LINE
8
equipment
10
171107.47999999998
20
150757.5
30
0
11
171330.0
21
150757.5
31
0
0
LINE
8
equipment
10
171330.0
20
150757.5
30
0
11
171552.52
21
150757.5
31
0
0
LINE
8
equipment
10
171552.52
20
150757.5
30
0
11
171763.88
21
150757.5
31
0
0
LINE
8
equipment
10
171763.88
20
150757.5
30
0
11
171953.49
21
150757.5
31
0
0
LINE
8
equipment
10
171953.49
20
150757.5
30
0
11
172111.83
21
150757.5
31
0
0
LINE
8
equipment
10
172111.83
20
150757.5
30
0
11
172230.97
21
150757.5
31
0
0
LINE
8
equipment
10
172230.97
20
150757.5
30
0
11
172304.93
21
150757.5
31
0
0
LINE
8
equipment
10
172304.93
20
150757.5
30
0
11
172330.0
21
150757.5
31
0
0
LINE
8
equipment
10
170330.0
20
150457.5
30
0
11
170330.0
21
150757.5
31
0
0
LINE
8
equipment
10
170330.0
20
150457.5
30
0
11
170355.07
21
150457.5
31
0
0
LINE
8
equipment
10
170355.07
20
150457.5
30
0
11
170429.03
21
150457.5
31
0
0
LINE
8
equipment
10
170429.03
20
150457.5
30
0
11
170548.17
21
150457.5
31
0
0
LINE
8
equipment
10
170548.17
20
150457.5
30
0
11
170706.50999999998
21
150457.5
31
0
0
LINE
8
equipment
10
170706.50999999998
20
150457.5
30
0
11
170896.12
21
150457.5
31
0
0
LINE
8
equipment
10
170896.12
20
150457.5
30
0
11
171107.47999999998
21
150457.5
31
0
0
LINE
8
equipment
10
171107.47999999998
20
150457.5
30
0
11
171330.0
21
150457.5
31
0
0
LINE
8
equipment
10
171330.0
20
150457.5
30
0
11
171552.52
21
150457.5
31
0
0
LINE
8
equipment
10
171552.52
20
150457.5
30
0
11
171763.88
21
150457.5
31
0
0
LINE
8
equipment
10
171763.88
20
150457.5
30
0
11
171953.49
21
150457.5
31
0
0
LINE
8
equipment
10
171953.49
20
150457.5
30
0
11
172111.83
21
150457.5
31
0
0
LINE
8
equipment
10
172111.83
20
150457.5
30
0
11
172230.97
21
150457.5
31
0
0
LINE
8
equipment
10
172230.97
20
150457.5
30
0
11
172304.93
21
150457.5
31
0
0
LINE
8
equipment
10
172304.93
20
150457.5
30
0
11
172330.0
21
150457.5
31
0
0
LINE
8
equipment
10
139170.0
20
150757.5
30
0
11
139195.07
21
150757.5
31
0
0
LINE
8
equipment
10
139195.07
20
150757.5
30
0
11
139269.03
21
150757.5
31
0
0
LINE
8
equipment
10
139269.03
20
150757.5
30
0
11
139388.16999999998
21
150757.5
31
0
0
LINE
8
equipment
10
139388.16999999998
20
150757.5
30
0
11
139546.51
21
150757.5
31
0
0
LINE
8
equipment
10
139546.51
20
150757.5
30
0
11
139736.12
21
150757.5
31
0
0
LINE
8
equipment
10
139736.12
20
150757.5
30
0
11
139947.48
21
150757.5
31
0
0
LINE
8
equipment
10
139947.48
20
150757.5
30
0
11
140170.0
21
150757.5
31
0
0
LINE
8
equipment
10
140170.0
20
150757.5
30
0
11
140392.52
21
150757.5
31
0
0
LINE
8
equipment
10
140392.52
20
150757.5
30
0
11
140603.87999999998
21
150757.5
31
0
0
LINE
8
equipment
10
140603.87999999998
20
150757.5
30
0
11
140793.49
21
150757.5
31
0
0
LINE
8
equipment
10
140793.49
20
150757.5
30
0
11
140951.83000000002
21
150757.5
31
0
0
LINE
8
equipment
10
140951.83000000002
20
150757.5
30
0
11
141070.97
21
150757.5
31
0
0
LINE
8
equipment
10
141070.97
20
150757.5
30
0
11
141144.93
21
150757.5
31
0
0
LINE
8
equipment
10
141144.93
20
150757.5
30
0
11
141170.0
21
150757.5
31
0
0
LINE
8
equipment
10
139170.0
20
150457.5
30
0
11
139170.0
21
150757.5
31
0
0
LINE
8
equipment
10
139170.0
20
150457.5
30
0
11
139195.07
21
150457.5
31
0
0
LINE
8
equipment
10
139195.07
20
150457.5
30
0
11
139269.03
21
150457.5
31
0
0
LINE
8
equipment
10
139269.03
20
150457.5
30
0
11
139388.16999999998
21
150457.5
31
0
0
LINE
8
equipment
10
139388.16999999998
20
150457.5
30
0
11
139546.51
21
150457.5
31
0
0
LINE
8
equipment
10
139546.51
20
150457.5
30
0
11
139736.12
21
150457.5
31
0
0
LINE
8
equipment
10
139736.12
20
150457.5
30
0
11
139947.48
21
150457.5
31
0
0
LINE
8
equipment
10
139947.48
20
150457.5
30
0
11
140170.0
21
150457.5
31
0
0
LINE
8
equipment
10
140170.0
20
150457.5
30
0
11
140392.52
21
150457.5
31
0
0
LINE
8
equipment
10
140392.52
20
150457.5
30
0
11
140603.87999999998
21
150457.5
31
0
0
LINE
8
equipment
10
140603.87999999998
20
150457.5
30
0
11
140793.49
21
150457.5
31
0
0
LINE
8
equipment
10
140793.49
20
150457.5
30
0
11
140951.83000000002
21
150457.5
31
0
0
LINE
8
equipment
10
140951.83000000002
20
150457.5
30
0
11
141070.97
21
150457.5
31
0
0
LINE
8
equipment
10
141070.97
20
150457.5
30
0
11
141144.93
21
150457.5
31
0
0
LINE
8
equipment
10
141144.93
20
150457.5
30
0
11
141170.0
21
150457.5
31
0
0
LINE
8
equipment
10
136750.0
20
150757.5
30
0
11
136775.07
21
150757.5
31
0
0
LINE
8
equipment
10
136775.07
20
150757.5
30
0
11
136849.03
21
150757.5
31
0
0
LINE
8
equipment
10
136849.03
20
150757.5
30
0
11
136968.16999999998
21
150757.5
31
0
0
LINE
8
equipment
10
136968.16999999998
20
150757.5
30
0
11
137126.51
21
150757.5
31
0
0
LINE
8
equipment
10
137126.51
20
150757.5
30
0
11
137316.12
21
150757.5
31
0
0
LINE
8
equipment
10
137316.12
20
150757.5
30
0
11
137527.48
21
150757.5
31
0
0
LINE
8
equipment
10
137527.48
20
150757.5
30
0
11
137750.0
21
150757.5
31
0
0
LINE
8
equipment
10
137750.0
20
150757.5
30
0
11
137972.52
21
150757.5
31
0
0
LINE
8
equipment
10
137972.52
20
150757.5
30
0
11
138183.88
21
150757.5
31
0
0
LINE
8
equipment
10
138183.88
20
150757.5
30
0
11
138373.49
21
150757.5
31
0
0
LINE
8
equipment
10
138373.49
20
150757.5
30
0
11
138531.83
21
150757.5
31
0
0
LINE
8
equipment
10
138531.83
20
150757.5
30
0
11
138650.97
21
150757.5
31
0
0
LINE
8
equipment
10
138650.97
20
150757.5
30
0
11
138724.93000000002
21
150757.5
31
0
0
LINE
8
equipment
10
138724.93000000002
20
150757.5
30
0
11
138750.0
21
150757.5
31
0
0
LINE
8
equipment
10
136750.0
20
150457.5
30
0
11
136750.0
21
150757.5
31
0
0
LINE
8
equipment
10
136750.0
20
150457.5
30
0
11
136775.07
21
150457.5
31
0
0
LINE
8
equipment
10
136775.07
20
150457.5
30
0
11
136849.03
21
150457.5
31
0
0
LINE
8
equipment
10
136849.03
20
150457.5
30
0
11
136968.16999999998
21
150457.5
31
0
0
LINE
8
equipment
10
136968.16999999998
20
150457.5
30
0
11
137126.51
21
150457.5
31
0
0
LINE
8
equipment
10
137126.51
20
150457.5
30
0
11
137316.12
21
150457.5
31
0
0
LINE
8
equipment
10
137316.12
20
150457.5
30
0
11
137527.48
21
150457.5
31
0
0
LINE
8
equipment
10
137527.48
20
150457.5
30
0
11
137750.0
21
150457.5
31
0
0
LINE
8
equipment
10
137750.0
20
150457.5
30
0
11
137972.52
21
150457.5
31
0
0
LINE
8
equipment
10
137972.52
20
150457.5
30
0
11
138183.88
21
150457.5
31
0
0
LINE
8
equipment
10
138183.88
20
150457.5
30
0
11
138373.49
21
150457.5
31
0
0
LINE
8
equipment
10
138373.49
20
150457.5
30
0
11
138531.83
21
150457.5
31
0
0
LINE
8
equipment
10
138531.83
20
150457.5
30
0
11
138650.97
21
150457.5
31
0
0
LINE
8
equipment
10
138650.97
20
150457.5
30
0
11
138724.93000000002
21
150457.5
31
0
0
LINE
8
equipment
10
138724.93000000002
20
150457.5
30
0
11
138750.0
21
150457.5
31
0
0
LINE
8
equipment
10
134330.0
20
150757.5
30
0
11
134355.07
21
150757.5
31
0
0
LINE
8
equipment
10
134355.07
20
150757.5
30
0
11
134429.03
21
150757.5
31
0
0
LINE
8
equipment
10
134429.03
20
150757.5
30
0
11
134548.17
21
150757.5
31
0
0
LINE
8
equipment
10
134548.17
20
150757.5
30
0
11
134706.50999999998
21
150757.5
31
0
0
LINE
8
equipment
10
134706.50999999998
20
150757.5
30
0
11
134896.12
21
150757.5
31
0
0
LINE
8
equipment
10
134896.12
20
150757.5
30
0
11
135107.47999999998
21
150757.5
31
0
0
LINE
8
equipment
10
135107.47999999998
20
150757.5
30
0
11
135330.0
21
150757.5
31
0
0
LINE
8
equipment
10
135330.0
20
150757.5
30
0
11
135552.52
21
150757.5
31
0
0
LINE
8
equipment
10
135552.52
20
150757.5
30
0
11
135763.88
21
150757.5
31
0
0
LINE
8
equipment
10
135763.88
20
150757.5
30
0
11
135953.49
21
150757.5
31
0
0
LINE
8
equipment
10
135953.49
20
150757.5
30
0
11
136111.83
21
150757.5
31
0
0
LINE
8
equipment
10
136111.83
20
150757.5
30
0
11
136230.97
21
150757.5
31
0
0
LINE
8
equipment
10
136230.97
20
150757.5
30
0
11
136304.93
21
150757.5
31
0
0
LINE
8
equipment
10
136304.93
20
150757.5
30
0
11
136330.0
21
150757.5
31
0
0
LINE
8
equipment
10
134330.0
20
150457.5
30
0
11
134330.0
21
150757.5
31
0
0
LINE
8
equipment
10
134330.0
20
150457.5
30
0
11
134355.07
21
150457.5
31
0
0
LINE
8
equipment
10
134355.07
20
150457.5
30
0
11
134429.03
21
150457.5
31
0
0
LINE
8
equipment
10
134429.03
20
150457.5
30
0
11
134548.17
21
150457.5
31
0
0
LINE
8
equipment
10
134548.17
20
150457.5
30
0
11
134706.50999999998
21
150457.5
31
0
0
LINE
8
equipment
10
134706.50999999998
20
150457.5
30
0
11
134896.12
21
150457.5
31
0
0
LINE
8
equipment
10
134896.12
20
150457.5
30
0
11
135107.47999999998
21
150457.5
31
0
0
LINE
8
equipment
10
135107.47999999998
20
150457.5
30
0
11
135330.0
21
150457.5
31
0
0
LINE
8
equipment
10
135330.0
20
150457.5
30
0
11
135552.52
21
150457.5
31
0
0
LINE
8
equipment
10
135552.52
20
150457.5
30
0
11
135763.88
21
150457.5
31
0
0
LINE
8
equipment
10
135763.88
20
150457.5
30
0
11
135953.49
21
150457.5
31
0
0
LINE
8
equipment
10
135953.49
20
150457.5
30
0
11
136111.83
21
150457.5
31
0
0
LINE
8
equipment
10
136111.83
20
150457.5
30
0
11
136230.97
21
150457.5
31
0
0
LINE
8
equipment
10
136230.97
20
150457.5
30
0
11
136304.93
21
150457.5
31
0
0
LINE
8
equipment
10
136304.93
20
150457.5
30
0
11
136330.0
21
150457.5
31
0
0
LINE
8
equipment
10
103170.0
20
150757.5
30
0
11
103195.07000000002
21
150757.5
31
0
0
LINE
8
equipment
10
103195.07000000002
20
150757.5
30
0
11
103269.03
21
150757.5
31
0
0
LINE
8
equipment
10
103269.03
20
150757.5
30
0
11
103388.16999999998
21
150757.5
31
0
0
LINE
8
equipment
10
103388.16999999998
20
150757.5
30
0
11
103546.51000000001
21
150757.5
31
0
0
LINE
8
equipment
10
103546.51000000001
20
150757.5
30
0
11
103736.12000000001
21
150757.5
31
0
0
LINE
8
equipment
10
103736.12000000001
20
150757.5
30
0
11
103947.48000000001
21
150757.5
31
0
0
LINE
8
equipment
10
103947.48000000001
20
150757.5
30
0
11
104169.99999999999
21
150757.5
31
0
0
LINE
8
equipment
10
104169.99999999999
20
150757.5
30
0
11
104392.51999999999
21
150757.5
31
0
0
LINE
8
equipment
10
104392.51999999999
20
150757.5
30
0
11
104603.87999999999
21
150757.5
31
0
0
LINE
8
equipment
10
104603.87999999999
20
150757.5
30
0
11
104793.48999999999
21
150757.5
31
0
0
LINE
8
equipment
10
104793.48999999999
20
150757.5
30
0
11
104951.82999999999
21
150757.5
31
0
0
LINE
8
equipment
10
104951.82999999999
20
150757.5
30
0
11
105070.97
21
150757.5
31
0
0
LINE
8
equipment
10
105070.97
20
150757.5
30
0
11
105144.93000000001
21
150757.5
31
0
0
LINE
8
equipment
10
105144.93000000001
20
150757.5
30
0
11
105170.00000000001
21
150757.5
31
0
0
LINE
8
equipment
10
103170.0
20
150457.5
30
0
11
103170.0
21
150757.5
31
0
0
LINE
8
equipment
10
103170.0
20
150457.5
30
0
11
103195.07000000002
21
150457.5
31
0
0
LINE
8
equipment
10
103195.07000000002
20
150457.5
30
0
11
103269.03
21
150457.5
31
0
0
LINE
8
equipment
10
103269.03
20
150457.5
30
0
11
103388.16999999998
21
150457.5
31
0
0
LINE
8
equipment
10
103388.16999999998
20
150457.5
30
0
11
103546.51000000001
21
150457.5
31
0
0
LINE
8
equipment
10
103546.51000000001
20
150457.5
30
0
11
103736.12000000001
21
150457.5
31
0
0
LINE
8
equipment
10
103736.12000000001
20
150457.5
30
0
11
103947.48000000001
21
150457.5
31
0
0
LINE
8
equipment
10
103947.48000000001
20
150457.5
30
0
11
104169.99999999999
21
150457.5
31
0
0
LINE
8
equipment
10
104169.99999999999
20
150457.5
30
0
11
104392.51999999999
21
150457.5
31
0
0
LINE
8
equipment
10
104392.51999999999
20
150457.5
30
0
11
104603.87999999999
21
150457.5
31
0
0
LINE
8
equipment
10
104603.87999999999
20
150457.5
30
0
11
104793.48999999999
21
150457.5
31
0
0
LINE
8
equipment
10
104793.48999999999
20
150457.5
30
0
11
104951.82999999999
21
150457.5
31
0
0
LINE
8
equipment
10
104951.82999999999
20
150457.5
30
0
11
105070.97
21
150457.5
31
0
0
LINE
8
equipment
10
105070.97
20
150457.5
30
0
11
105144.93000000001
21
150457.5
31
0
0
LINE
8
equipment
10
105144.93000000001
20
150457.5
30
0
11
105170.00000000001
21
150457.5
31
0
0
LINE
8
equipment
10
100749.99999999999
20
150757.5
30
0
11
100775.06999999999
21
150757.5
31
0
0
LINE
8
equipment
10
100775.06999999999
20
150757.5
30
0
11
100849.03
21
150757.5
31
0
0
LINE
8
equipment
10
100849.03
20
150757.5
30
0
11
100968.17
21
150757.5
31
0
0
LINE
8
equipment
10
100968.17
20
150757.5
30
0
11
101126.51000000001
21
150757.5
31
0
0
LINE
8
equipment
10
101126.51000000001
20
150757.5
30
0
11
101316.12000000001
21
150757.5
31
0
0
LINE
8
equipment
10
101316.12000000001
20
150757.5
30
0
11
101527.48000000001
21
150757.5
31
0
0
LINE
8
equipment
10
101527.48000000001
20
150757.5
30
0
11
101750.00000000001
21
150757.5
31
0
0
LINE
8
equipment
10
101750.00000000001
20
150757.5
30
0
11
101972.51999999999
21
150757.5
31
0
0
LINE
8
equipment
10
101972.51999999999
20
150757.5
30
0
11
102183.87999999999
21
150757.5
31
0
0
LINE
8
equipment
10
102183.87999999999
20
150757.5
30
0
11
102373.48999999999
21
150757.5
31
0
0
LINE
8
equipment
10
102373.48999999999
20
150757.5
30
0
11
102531.83000000002
21
150757.5
31
0
0
LINE
8
equipment
10
102531.83000000002
20
150757.5
30
0
11
102650.96999999999
21
150757.5
31
0
0
LINE
8
equipment
10
102650.96999999999
20
150757.5
30
0
11
102724.93
21
150757.5
31
0
0
LINE
8
equipment
10
102724.93
20
150757.5
30
0
11
102750.0
21
150757.5
31
0
0
LINE
8
equipment
10
100749.99999999999
20
150457.5
30
0
11
100749.99999999999
21
150757.5
31
0
0
LINE
8
equipment
10
100749.99999999999
20
150457.5
30
0
11
100775.06999999999
21
150457.5
31
0
0
LINE
8
equipment
10
100775.06999999999
20
150457.5
30
0
11
100849.03
21
150457.5
31
0
0
LINE
8
equipment
10
100849.03
20
150457.5
30
0
11
100968.17
21
150457.5
31
0
0
LINE
8
equipment
10
100968.17
20
150457.5
30
0
11
101126.51000000001
21
150457.5
31
0
0
LINE
8
equipment
10
101126.51000000001
20
150457.5
30
0
11
101316.12000000001
21
150457.5
31
0
0
LINE
8
equipment
10
101316.12000000001
20
150457.5
30
0
11
101527.48000000001
21
150457.5
31
0
0
LINE
8
equipment
10
101527.48000000001
20
150457.5
30
0
11
101750.00000000001
21
150457.5
31
0
0
LINE
8
equipment
10
101750.00000000001
20
150457.5
30
0
11
101972.51999999999
21
150457.5
31
0
0
LINE
8
equipment
10
101972.51999999999
20
150457.5
30
0
11
102183.87999999999
21
150457.5
31
0
0
LINE
8
equipment
10
102183.87999999999
20
150457.5
30
0
11
102373.48999999999
21
150457.5
31
0
0
LINE
8
equipment
10
102373.48999999999
20
150457.5
30
0
11
102531.83000000002
21
150457.5
31
0
0
LINE
8
equipment
10
102531.83000000002
20
150457.5
30
0
11
102650.96999999999
21
150457.5
31
0
0
LINE
8
equipment
10
102650.96999999999
20
150457.5
30
0
11
102724.93
21
150457.5
31
0
0
LINE
8
equipment
10
102724.93
20
150457.5
30
0
11
102750.0
21
150457.5
31
0
0
LINE
8
equipment
10
98330.00000000001
20
150757.5
30
0
11
98355.07
21
150757.5
31
0
0
LINE
8
equipment
10
98355.07
20
150757.5
30
0
11
98429.02999999998
21
150757.5
31
0
0
LINE
8
equipment
10
98429.02999999998
20
150757.5
30
0
11
98548.17
21
150757.5
31
0
0
LINE
8
equipment
10
98548.17
20
150757.5
30
0
11
98706.51
21
150757.5
31
0
0
LINE
8
equipment
10
98706.51
20
150757.5
30
0
11
98896.12
21
150757.5
31
0
0
LINE
8
equipment
10
98896.12
20
150757.5
30
0
11
99107.48
21
150757.5
31
0
0
LINE
8
equipment
10
99107.48
20
150757.5
30
0
11
99330.0
21
150757.5
31
0
0
LINE
8
equipment
10
99330.0
20
150757.5
30
0
11
99552.52
21
150757.5
31
0
0
LINE
8
equipment
10
99552.52
20
150757.5
30
0
11
99763.88
21
150757.5
31
0
0
LINE
8
equipment
10
99763.88
20
150757.5
30
0
11
99953.49
21
150757.5
31
0
0
LINE
8
equipment
10
99953.49
20
150757.5
30
0
11
100111.83
21
150757.5
31
0
0
LINE
8
equipment
10
100111.83
20
150757.5
30
0
11
100230.97000000002
21
150757.5
31
0
0
LINE
8
equipment
10
100230.97000000002
20
150757.5
30
0
11
100304.93000000001
21
150757.5
31
0
0
LINE
8
equipment
10
100304.93000000001
20
150757.5
30
0
11
100329.99999999999
21
150757.5
31
0
0
LINE
8
equipment
10
98330.00000000001
20
150457.5
30
0
11
98330.00000000001
21
150757.5
31
0
0
LINE
8
equipment
10
98330.00000000001
20
150457.5
30
0
11
98355.07
21
150457.5
31
0
0
LINE
8
equipment
10
98355.07
20
150457.5
30
0
11
98429.02999999998
21
150457.5
31
0
0
LINE
8
equipment
10
98429.02999999998
20
150457.5
30
0
11
98548.17
21
150457.5
31
0
0
LINE
8
equipment
10
98548.17
20
150457.5
30
0
11
98706.51
21
150457.5
31
0
0
LINE
8
equipment
10
98706.51
20
150457.5
30
0
11
98896.12
21
150457.5
31
0
0
LINE
8
equipment
10
98896.12
20
150457.5
30
0
11
99107.48
21
150457.5
31
0
0
LINE
8
equipment
10
99107.48
20
150457.5
30
0
11
99330.0
21
150457.5
31
0
0
LINE
8
equipment
10
99330.0
20
150457.5
30
0
11
99552.52
21
150457.5
31
0
0
LINE
8
equipment
10
99552.52
20
150457.5
30
0
11
99763.88
21
150457.5
31
0
0
LINE
8
equipment
10
99763.88
20
150457.5
30
0
11
99953.49
21
150457.5
31
0
0
LINE
8
equipment
10
99953.49
20
150457.5
30
0
11
100111.83
21
150457.5
31
0
0
LINE
8
equipment
10
100111.83
20
150457.5
30
0
11
100230.97000000002
21
150457.5
31
0
0
LINE
8
equipment
10
100230.97000000002
20
150457.5
30
0
11
100304.93000000001
21
150457.5
31
0
0
LINE
8
equipment
10
100304.93000000001
20
150457.5
30
0
11
100329.99999999999
21
150457.5
31
0
0
LINE
8
equipment
10
67170.0
20
150757.5
30
0
11
67195.07
21
150757.5
31
0
0
LINE
8
equipment
10
67195.07
20
150757.5
30
0
11
67269.03
21
150757.5
31
0
0
LINE
8
equipment
10
67269.03
20
150757.5
30
0
11
67388.17
21
150757.5
31
0
0
LINE
8
equipment
10
67388.17
20
150757.5
30
0
11
67546.51
21
150757.5
31
0
0
LINE
8
equipment
10
67546.51
20
150757.5
30
0
11
67736.12
21
150757.5
31
0
0
LINE
8
equipment
10
67736.12
20
150757.5
30
0
11
67947.48
21
150757.5
31
0
0
LINE
8
equipment
10
67947.48
20
150757.5
30
0
11
68170.0
21
150757.5
31
0
0
LINE
8
equipment
10
68170.0
20
150757.5
30
0
11
68392.52
21
150757.5
31
0
0
LINE
8
equipment
10
68392.52
20
150757.5
30
0
11
68603.88
21
150757.5
31
0
0
LINE
8
equipment
10
68603.88
20
150757.5
30
0
11
68793.49
21
150757.5
31
0
0
LINE
8
equipment
10
68793.49
20
150757.5
30
0
11
68951.83
21
150757.5
31
0
0
LINE
8
equipment
10
68951.83
20
150757.5
30
0
11
69070.97
21
150757.5
31
0
0
LINE
8
equipment
10
69070.97
20
150757.5
30
0
11
69144.93
21
150757.5
31
0
0
LINE
8
equipment
10
69144.93
20
150757.5
30
0
11
69170.0
21
150757.5
31
0
0
LINE
8
equipment
10
67170.0
20
150457.5
30
0
11
67170.0
21
150757.5
31
0
0
LINE
8
equipment
10
67170.0
20
150457.5
30
0
11
67195.07
21
150457.5
31
0
0
LINE
8
equipment
10
67195.07
20
150457.5
30
0
11
67269.03
21
150457.5
31
0
0
LINE
8
equipment
10
67269.03
20
150457.5
30
0
11
67388.17
21
150457.5
31
0
0
LINE
8
equipment
10
67388.17
20
150457.5
30
0
11
67546.51
21
150457.5
31
0
0
LINE
8
equipment
10
67546.51
20
150457.5
30
0
11
67736.12
21
150457.5
31
0
0
LINE
8
equipment
10
67736.12
20
150457.5
30
0
11
67947.48
21
150457.5
31
0
0
LINE
8
equipment
10
67947.48
20
150457.5
30
0
11
68170.0
21
150457.5
31
0
0
LINE
8
equipment
10
68170.0
20
150457.5
30
0
11
68392.52
21
150457.5
31
0
0
LINE
8
equipment
10
68392.52
20
150457.5
30
0
11
68603.88
21
150457.5
31
0
0
LINE
8
equipment
10
68603.88
20
150457.5
30
0
11
68793.49
21
150457.5
31
0
0
LINE
8
equipment
10
68793.49
20
150457.5
30
0
11
68951.83
21
150457.5
31
0
0
LINE
8
equipment
10
68951.83
20
150457.5
30
0
11
69070.97
21
150457.5
31
0
0
LINE
8
equipment
10
69070.97
20
150457.5
30
0
11
69144.93
21
150457.5
31
0
0
LINE
8
equipment
10
69144.93
20
150457.5
30
0
11
69170.0
21
150457.5
31
0
0
LINE
8
equipment
10
64750.0
20
150757.5
30
0
11
64775.07000000001
21
150757.5
31
0
0
LINE
8
equipment
10
64775.07000000001
20
150757.5
30
0
11
64849.03
21
150757.5
31
0
0
LINE
8
equipment
10
64849.03
20
150757.5
30
0
11
64968.16999999999
21
150757.5
31
0
0
LINE
8
equipment
10
64968.16999999999
20
150757.5
30
0
11
65126.51
21
150757.5
31
0
0
LINE
8
equipment
10
65126.51
20
150757.5
30
0
11
65316.11999999999
21
150757.5
31
0
0
LINE
8
equipment
10
65316.11999999999
20
150757.5
30
0
11
65527.48
21
150757.5
31
0
0
LINE
8
equipment
10
65527.48
20
150757.5
30
0
11
65750.0
21
150757.5
31
0
0
LINE
8
equipment
10
65750.0
20
150757.5
30
0
11
65972.52
21
150757.5
31
0
0
LINE
8
equipment
10
65972.52
20
150757.5
30
0
11
66183.88
21
150757.5
31
0
0
LINE
8
equipment
10
66183.88
20
150757.5
30
0
11
66373.49
21
150757.5
31
0
0
LINE
8
equipment
10
66373.49
20
150757.5
30
0
11
66531.83
21
150757.5
31
0
0
LINE
8
equipment
10
66531.83
20
150757.5
30
0
11
66650.97
21
150757.5
31
0
0
LINE
8
equipment
10
66650.97
20
150757.5
30
0
11
66724.93
21
150757.5
31
0
0
LINE
8
equipment
10
66724.93
20
150757.5
30
0
11
66750.0
21
150757.5
31
0
0
LINE
8
equipment
10
64750.0
20
150457.5
30
0
11
64750.0
21
150757.5
31
0
0
LINE
8
equipment
10
64750.0
20
150457.5
30
0
11
64775.07000000001
21
150457.5
31
0
0
LINE
8
equipment
10
64775.07000000001
20
150457.5
30
0
11
64849.03
21
150457.5
31
0
0
LINE
8
equipment
10
64849.03
20
150457.5
30
0
11
64968.16999999999
21
150457.5
31
0
0
LINE
8
equipment
10
64968.16999999999
20
150457.5
30
0
11
65126.51
21
150457.5
31
0
0
LINE
8
equipment
10
65126.51
20
150457.5
30
0
11
65316.11999999999
21
150457.5
31
0
0
LINE
8
equipment
10
65316.11999999999
20
150457.5
30
0
11
65527.48
21
150457.5
31
0
0
LINE
8
equipment
10
65527.48
20
150457.5
30
0
11
65750.0
21
150457.5
31
0
0
LINE
8
equipment
10
65750.0
20
150457.5
30
0
11
65972.52
21
150457.5
31
0
0
LINE
8
equipment
10
65972.52
20
150457.5
30
0
11
66183.88
21
150457.5
31
0
0
LINE
8
equipment
10
66183.88
20
150457.5
30
0
11
66373.49
21
150457.5
31
0
0
LINE
8
equipment
10
66373.49
20
150457.5
30
0
11
66531.83
21
150457.5
31
0
0
LINE
8
equipment
10
66531.83
20
150457.5
30
0
11
66650.97
21
150457.5
31
0
0
LINE
8
equipment
10
66650.97
20
150457.5
30
0
11
66724.93
21
150457.5
31
0
0
LINE
8
equipment
10
66724.93
20
150457.5
30
0
11
66750.0
21
150457.5
31
0
0
LINE
8
equipment
10
62330.0
20
150757.5
30
0
11
62355.07000000001
21
150757.5
31
0
0
LINE
8
equipment
10
62355.07000000001
20
150757.5
30
0
11
62429.02999999999
21
150757.5
31
0
0
LINE
8
equipment
10
62429.02999999999
20
150757.5
30
0
11
62548.17
21
150757.5
31
0
0
LINE
8
equipment
10
62548.17
20
150757.5
30
0
11
62706.509999999995
21
150757.5
31
0
0
LINE
8
equipment
10
62706.509999999995
20
150757.5
30
0
11
62896.119999999995
21
150757.5
31
0
0
LINE
8
equipment
10
62896.119999999995
20
150757.5
30
0
11
63107.479999999996
21
150757.5
31
0
0
LINE
8
equipment
10
63107.479999999996
20
150757.5
30
0
11
63330.0
21
150757.5
31
0
0
LINE
8
equipment
10
63330.0
20
150757.5
30
0
11
63552.520000000004
21
150757.5
31
0
0
LINE
8
equipment
10
63552.520000000004
20
150757.5
30
0
11
63763.88
21
150757.5
31
0
0
LINE
8
equipment
10
63763.88
20
150757.5
30
0
11
63953.490000000005
21
150757.5
31
0
0
LINE
8
equipment
10
63953.490000000005
20
150757.5
30
0
11
64111.829999999994
21
150757.5
31
0
0
LINE
8
equipment
10
64111.829999999994
20
150757.5
30
0
11
64230.97
21
150757.5
31
0
0
LINE
8
equipment
10
64230.97
20
150757.5
30
0
11
64304.92999999999
21
150757.5
31
0
0
LINE
8
equipment
10
64304.92999999999
20
150757.5
30
0
11
64329.99999999999
21
150757.5
31
0
0
LINE
8
equipment
10
62330.0
20
150457.5
30
0
11
62330.0
21
150757.5
31
0
0
LINE
8
equipment
10
62330.0
20
150457.5
30
0
11
62355.07000000001
21
150457.5
31
0
0
LINE
8
equipment
10
62355.07000000001
20
150457.5
30
0
11
62429.02999999999
21
150457.5
31
0
0
LINE
8
equipment
10
62429.02999999999
20
150457.5
30
0
11
62548.17
21
150457.5
31
0
0
LINE
8
equipment
10
62548.17
20
150457.5
30
0
11
62706.509999999995
21
150457.5
31
0
0
LINE
8
equipment
10
62706.509999999995
20
150457.5
30
0
11
62896.119999999995
21
150457.5
31
0
0
LINE
8
equipment
10
62896.119999999995
20
150457.5
30
0
11
63107.479999999996
21
150457.5
31
0
0
LINE
8
equipment
10
63107.479999999996
20
150457.5
30
0
11
63330.0
21
150457.5
31
0
0
LINE
8
equipment
10
63330.0
20
150457.5
30
0
11
63552.520000000004
21
150457.5
31
0
0
LINE
8
equipment
10
63552.520000000004
20
150457.5
30
0
11
63763.88
21
150457.5
31
0
0
LINE
8
equipment
10
63763.88
20
150457.5
30
0
11
63953.490000000005
21
150457.5
31
0
0
LINE
8
equipment
10
63953.490000000005
20
150457.5
30
0
11
64111.829999999994
21
150457.5
31
0
0
LINE
8
equipment
10
64111.829999999994
20
150457.5
30
0
11
64230.97
21
150457.5
31
0
0
LINE
8
equipment
10
64230.97
20
150457.5
30
0
11
64304.92999999999
21
150457.5
31
0
0
LINE
8
equipment
10
64304.92999999999
20
150457.5
30
0
11
64329.99999999999
21
150457.5
31
0
0
LINE
8
piping
10
36750.0
20
148897.5
30
0
11
36750.0
21
148901.51
31
0
0
LINE
8
piping
10
36750.0
20
148901.51
30
0
11
36750.0
21
148913.34
31
0
0
LINE
8
piping
10
36750.0
20
148913.34
30
0
11
36750.0
21
148932.41
31
0
0
LINE
8
piping
10
36750.0
20
148932.41
30
0
11
36750.0
21
148957.74
31
0
0
LINE
8
piping
10
36750.0
20
148957.74
30
0
11
36750.0
21
148988.08000000002
31
0
0
LINE
8
piping
10
36750.0
20
148988.08000000002
30
0
11
36750.0
21
149021.9
31
0
0
LINE
8
piping
10
36750.0
20
149021.9
30
0
11
36750.0
21
149057.5
31
0
0
LINE
8
piping
10
36750.0
20
149057.5
30
0
11
36750.0
21
149093.1
31
0
0
LINE
8
piping
10
36750.0
20
149093.1
30
0
11
36750.0
21
149126.92
31
0
0
LINE
8
piping
10
36750.0
20
149126.92
30
0
11
36750.0
21
149157.26
31
0
0
LINE
8
piping
10
36750.0
20
149157.26
30
0
11
36750.0
21
149182.59
31
0
0
LINE
8
piping
10
36750.0
20
149182.59
30
0
11
36750.0
21
149201.66
31
0
0
LINE
8
piping
10
36750.0
20
149201.66
30
0
11
36750.0
21
149213.49000000002
31
0
0
LINE
8
piping
10
36750.0
20
149213.49000000002
30
0
11
36750.0
21
149217.5
31
0
0
LINE
8
piping
10
270750.0
20
149217.5
30
0
11
36750.0
21
149217.5
31
0
0
LINE
8
piping
10
270750.0
20
148897.5
30
0
11
270750.0
21
148901.51
31
0
0
LINE
8
piping
10
270750.0
20
148901.51
30
0
11
270750.0
21
148913.34
31
0
0
LINE
8
piping
10
270750.0
20
148913.34
30
0
11
270750.0
21
148932.41
31
0
0
LINE
8
piping
10
270750.0
20
148932.41
30
0
11
270750.0
21
148957.74
31
0
0
LINE
8
piping
10
270750.0
20
148957.74
30
0
11
270750.0
21
148988.08000000002
31
0
0
LINE
8
piping
10
270750.0
20
148988.08000000002
30
0
11
270750.0
21
149021.9
31
0
0
LINE
8
piping
10
270750.0
20
149021.9
30
0
11
270750.0
21
149057.5
31
0
0
LINE
8
piping
10
270750.0
20
149057.5
30
0
11
270750.0
21
149093.1
31
0
0
LINE
8
piping
10
270750.0
20
149093.1
30
0
11
270750.0
21
149126.92
31
0
0
LINE
8
piping
10
270750.0
20
149126.92
30
0
11
270750.0
21
149157.26
31
0
0
LINE
8
piping
10
270750.0
20
149157.26
30
0
11
270750.0
21
149182.59
31
0
0
LINE
8
piping
10
270750.0
20
149182.59
30
0
11
270750.0
21
149201.66
31
0
0
LINE
8
piping
10
270750.0
20
149201.66
30
0
11
270750.0
21
149213.49000000002
31
0
0
LINE
8
piping
10
270750.0
20
149213.49000000002
30
0
11
270750.0
21
149217.5
31
0
0
LINE
8
piping
10
36750.0
20
149422.5
30
0
11
36750.0
21
149427.14
31
0
0
LINE
8
piping
10
36750.0
20
149427.14
30
0
11
36750.0
21
149440.82
31
0
0
LINE
8
piping
10
36750.0
20
149440.82
30
0
11
36750.0
21
149462.86000000002
31
0
0
LINE
8
piping
10
36750.0
20
149462.86000000002
30
0
11
36750.0
21
149492.15
31
0
0
LINE
8
piping
10
36750.0
20
149492.15
30
0
11
36750.0
21
149527.23
31
0
0
LINE
8
piping
10
36750.0
20
149527.23
30
0
11
36750.0
21
149566.33
31
0
0
LINE
8
piping
10
36750.0
20
149566.33
30
0
11
36750.0
21
149607.5
31
0
0
LINE
8
piping
10
36750.0
20
149607.5
30
0
11
36750.0
21
149648.67
31
0
0
LINE
8
piping
10
36750.0
20
149648.67
30
0
11
36750.0
21
149687.77
31
0
0
LINE
8
piping
10
36750.0
20
149687.77
30
0
11
36750.0
21
149722.85
31
0
0
LINE
8
piping
10
36750.0
20
149722.85
30
0
11
36750.0
21
149752.14
31
0
0
LINE
8
piping
10
36750.0
20
149752.14
30
0
11
36750.0
21
149774.18
31
0
0
LINE
8
piping
10
36750.0
20
149774.18
30
0
11
36750.0
21
149787.86000000002
31
0
0
LINE
8
piping
10
36750.0
20
149787.86000000002
30
0
11
36750.0
21
149792.5
31
0
0
LINE
8
piping
10
270750.0
20
149792.5
30
0
11
36750.0
21
149792.5
31
0
0
LINE
8
piping
10
270750.0
20
149422.5
30
0
11
270750.0
21
149427.14
31
0
0
LINE
8
piping
10
270750.0
20
149427.14
30
0
11
270750.0
21
149440.82
31
0
0
LINE
8
piping
10
270750.0
20
149440.82
30
0
11
270750.0
21
149462.86000000002
31
0
0
LINE
8
piping
10
270750.0
20
149462.86000000002
30
0
11
270750.0
21
149492.15
31
0
0
LINE
8
piping
10
270750.0
20
149492.15
30
0
11
270750.0
21
149527.23
31
0
0
LINE
8
piping
10
270750.0
20
149527.23
30
0
11
270750.0
21
149566.33
31
0
0
LINE
8
piping
10
270750.0
20
149566.33
30
0
11
270750.0
21
149607.5
31
0
0
LINE
8
piping
10
270750.0
20
149607.5
30
0
11
270750.0
21
149648.67
31
0
0
LINE
8
piping
10
270750.0
20
149648.67
30
0
11
270750.0
21
149687.77
31
0
0
LINE
8
piping
10
270750.0
20
149687.77
30
0
11
270750.0
21
149722.85
31
0
0
LINE
8
piping
10
270750.0
20
149722.85
30
0
11
270750.0
21
149752.14
31
0
0
LINE
8
piping
10
270750.0
20
149752.14
30
0
11
270750.0
21
149774.18
31
0
0
LINE
8
piping
10
270750.0
20
149774.18
30
0
11
270750.0
21
149787.86000000002
31
0
0
LINE
8
piping
10
270750.0
20
149787.86000000002
30
0
11
270750.0
21
149792.5
31
0
0
LINE
8
piping
10
36750.0
20
149947.5
30
0
11
36750.0
21
149952.77
31
0
0
LINE
8
piping
10
36750.0
20
149952.77
30
0
11
36750.0
21
149968.30000000002
31
0
0
LINE
8
piping
10
36750.0
20
149968.30000000002
30
0
11
36750.0
21
149993.32
31
0
0
LINE
8
piping
10
36750.0
20
149993.32
30
0
11
36750.0
21
150026.57
31
0
0
LINE
8
piping
10
36750.0
20
150026.57
30
0
11
36750.0
21
150066.38
31
0
0
LINE
8
piping
10
36750.0
20
150066.38
30
0
11
36750.0
21
150110.77
31
0
0
LINE
8
piping
10
36750.0
20
150110.77
30
0
11
36750.0
21
150157.5
31
0
0
LINE
8
piping
10
36750.0
20
150157.5
30
0
11
36750.0
21
150204.23
31
0
0
LINE
8
piping
10
36750.0
20
150204.23
30
0
11
36750.0
21
150248.62
31
0
0
LINE
8
piping
10
36750.0
20
150248.62
30
0
11
36750.0
21
150288.43
31
0
0
LINE
8
piping
10
36750.0
20
150288.43
30
0
11
36750.0
21
150321.68000000002
31
0
0
LINE
8
piping
10
36750.0
20
150321.68000000002
30
0
11
36750.0
21
150346.7
31
0
0
LINE
8
piping
10
36750.0
20
150346.7
30
0
11
36750.0
21
150362.23
31
0
0
LINE
8
piping
10
36750.0
20
150362.23
30
0
11
36750.0
21
150367.5
31
0
0
LINE
8
piping
10
270750.0
20
150367.5
30
0
11
36750.0
21
150367.5
31
0
0
LINE
8
piping
10
270750.0
20
149947.5
30
0
11
270750.0
21
149952.77
31
0
0
LINE
8
piping
10
270750.0
20
149952.77
30
0
11
270750.0
21
149968.30000000002
31
0
0
LINE
8
piping
10
270750.0
20
149968.30000000002
30
0
11
270750.0
21
149993.32
31
0
0
LINE
8
piping
10
270750.0
20
149993.32
30
0
11
270750.0
21
150026.57
31
0
0
LINE
8
piping
10
270750.0
20
150026.57
30
0
11
270750.0
21
150066.38
31
0
0
LINE
8
piping
10
270750.0
20
150066.38
30
0
11
270750.0
21
150110.77
31
0
0
LINE
8
piping
10
270750.0
20
150110.77
30
0
11
270750.0
21
150157.5
31
0
0
LINE
8
piping
10
270750.0
20
150157.5
30
0
11
270750.0
21
150204.23
31
0
0
LINE
8
piping
10
270750.0
20
150204.23
30
0
11
270750.0
21
150248.62
31
0
0
LINE
8
piping
10
270750.0
20
150248.62
30
0
11
270750.0
21
150288.43
31
0
0
LINE
8
piping
10
270750.0
20
150288.43
30
0
11
270750.0
21
150321.68000000002
31
0
0
LINE
8
piping
10
270750.0
20
150321.68000000002
30
0
11
270750.0
21
150346.7
31
0
0
LINE
8
piping
10
270750.0
20
150346.7
30
0
11
270750.0
21
150362.23
31
0
0
LINE
8
piping
10
270750.0
20
150362.23
30
0
11
270750.0
21
150367.5
31
0
0
LINE
8
piping
10
36750.0
20
150472.5
30
0
11
36750.0
21
150478.39
31
0
0
LINE
8
piping
10
36750.0
20
150478.39
30
0
11
36750.0
21
150495.77
31
0
0
LINE
8
piping
10
36750.0
20
150495.77
30
0
11
36750.0
21
150523.77
31
0
0
LINE
8
piping
10
36750.0
20
150523.77
30
0
11
36750.0
21
150560.98
31
0
0
LINE
8
piping
10
36750.0
20
150560.98
30
0
11
36750.0
21
150605.54
31
0
0
LINE
8
piping
10
36750.0
20
150605.54
30
0
11
36750.0
21
150655.21
31
0
0
LINE
8
piping
10
36750.0
20
150655.21
30
0
11
36750.0
21
150707.5
31
0
0
LINE
8
piping
10
36750.0
20
150707.5
30
0
11
36750.0
21
150759.79
31
0
0
LINE
8
piping
10
36750.0
20
150759.79
30
0
11
36750.0
21
150809.46
31
0
0
LINE
8
piping
10
36750.0
20
150809.46
30
0
11
36750.0
21
150854.02
31
0
0
LINE
8
piping
10
36750.0
20
150854.02
30
0
11
36750.0
21
150891.23
31
0
0
LINE
8
piping
10
36750.0
20
150891.23
30
0
11
36750.0
21
150919.23
31
0
0
LINE
8
piping
10
36750.0
20
150919.23
30
0
11
36750.0
21
150936.61
31
0
0
LINE
8
piping
10
36750.0
20
150936.61
30
0
11
36750.0
21
150942.5
31
0
0
LINE
8
piping
10
270750.0
20
150942.5
30
0
11
36750.0
21
150942.5
31
0
0
LINE
8
piping
10
270750.0
20
150472.5
30
0
11
270750.0
21
150478.39
31
0
0
LINE
8
piping
10
270750.0
20
150478.39
30
0
11
270750.0
21
150495.77
31
0
0
LINE
8
piping
10
270750.0
20
150495.77
30
0
11
270750.0
21
150523.77
31
0
0
LINE
8
piping
10
270750.0
20
150523.77
30
0
11
270750.0
21
150560.98
31
0
0
LINE
8
piping
10
270750.0
20
150560.98
30
0
11
270750.0
21
150605.54
31
0
0
LINE
8
piping
10
270750.0
20
150605.54
30
0
11
270750.0
21
150655.21
31
0
0
LINE
8
piping
10
270750.0
20
150655.21
30
0
11
270750.0
21
150707.5
31
0
0
LINE
8
piping
10
270750.0
20
150707.5
30
0
11
270750.0
21
150759.79
31
0
0
LINE
8
piping
10
270750.0
20
150759.79
30
0
11
270750.0
21
150809.46
31
0
0
LINE
8
piping
10
270750.0
20
150809.46
30
0
11
270750.0
21
150854.02
31
0
0
LINE
8
piping
10
270750.0
20
150854.02
30
0
11
270750.0
21
150891.23
31
0
0
LINE
8
piping
10
270750.0
20
150891.23
30
0
11
270750.0
21
150919.23
31
0
0
LINE
8
piping
10
270750.0
20
150919.23
30
0
11
270750.0
21
150936.61
31
0
0
LINE
8
piping
10
270750.0
20
150936.61
30
0
11
270750.0
21
150942.5
31
0
0
LINE
8
piping
10
40750.00000000001
20
149357.5
30
0
11
40450.0
21
149057.5
31
0
0
LINE
8
piping
10
40450.0
20
149057.5
30
0
11
40750.00000000001
21
148757.5
31
0
0
LINE
8
piping
10
40750.00000000001
20
148757.5
30
0
11
41049.99999999999
21
149057.5
31
0
0
LINE
8
piping
10
41049.99999999999
20
149057.5
30
0
11
40750.00000000001
21
149357.5
31
0
0
LINE
8
grid
10
282250.0
20
92057.5
30
0
11
293250
21
92057.5
31
0
0
TEXT
8
annotation
10
278875.0
20
92957.5
30
0
40
1875.0
1
FOUNDATION -12.20m
50
0
0
LINE
8
grid
10
282250.0
20
97057.5
30
0
11
293250
21
97057.5
31
0
0
TEXT
8
annotation
10
287312.5
20
97957.49999999999
30
0
40
1875.0
1
B1 -7.20m
50
0
0
LINE
8
grid
10
282250.0
20
119057.5
30
0
11
293250
21
119057.5
31
0
0
TEXT
8
annotation
10
286375.0
20
119957.5
30
0
40
1875.0
1
F1 +14.80m
50
0
0
LINE
8
grid
10
282250.0
20
133857.5
30
0
11
293250
21
133857.5
31
0
0
TEXT
8
annotation
10
286375.0
20
134757.5
30
0
40
1875.0
1
F2 +29.60m
50
0
0
LINE
8
grid
10
282250.0
20
146057.5
30
0
11
293250
21
146057.5
31
0
0
TEXT
8
annotation
10
286375.0
20
146957.5
30
0
40
1875.0
1
RF +41.80m
50
0
0
LINE
8
dimension
10
26749.999999999993
20
83807.5
30
0
11
280750.0
21
83807.5
31
0
0
LINE
8
dimension
10
25999.999999999993
20
83057.5
30
0
11
27499.999999999993
21
84557.5
31
0
0
LINE
8
dimension
10
280000.0
20
83057.5
30
0
11
281500.0
21
84557.5
31
0
0
TEXT
8
annotation
10
140812.5
20
84932.5
30
0
40
2250.0
1
254,000 mm shown extent
50
0
0
TEXT
8
annotation
10
58750.0
20
108257.5
30
0
40
2100.0
1
B1  SUB-FAB / UTILITIES
50
0
0
TEXT
8
annotation
10
58750.0
20
126257.5
30
0
40
2100.0
1
1F  PROCESS BAYS / OHT
50
0
0
TEXT
8
annotation
10
58750.0
20
139257.5
30
0
40
2100.0
1
2F  FILTER / AIR PLENUM
50
0
0
TEXT
8
annotation
10
58750.0
20
152257.5
30
0
40
2100.0
1
RF  MECHANICAL
50
0
0
LINE
8
frame
10
10500
20
44250
30
0
11
304500
21
44250
31
0
0
TEXT
8
annotation
10
10500
20
38250
30
0
40
2625.0
1
CONCEPT DESIGN | IMAGE-INFERRED | NOT FOR CONSTRUCTION
50
0
0
TEXT
8
annotation
10
10500
20
28500.0
30
0
40
1987.5
1
Source: two campus AI images + fab1.jpg; official analogues documented in analysis/cad/.
50
0
0
TEXT
8
annotation
10
10500
20
25200.00000000002
30
0
40
1987.5
1
CAD model in mm; site coordinates X east, Y north, Z up. Internal layouts and member sizes are design estimates.
50
0
0
TEXT
8
annotation
10
10500
20
21899.999999999993
30
0
40
1987.5
1
Plans/sections are extracted from actual FreeCAD BRep. Elevations project component outlines; hidden edges omitted per component.
50
0
0
TEXT
8
annotation
10
10500
20
18600.000000000007
30
0
40
1987.5
1
FAB source levels preserved, unverified: foundation -12.2 / B1 -7.2 / F1 +14.8 / F2 +29.6 / RF +41.8 m.
50
0
0
TEXT
8
annotation
10
10500
20
15299.999999999984
30
0
40
1987.5
1
No process certification, structural verification, measured survey, or construction approval is implied.
50
0
0
TEXT
8
annotation
10
267750.0
20
8250
30
0
40
2100.0
1
2026-09-30  |  FreeCAD 1.1.4  |  mm
50
0
0
ENDSEC
0
EOF
