0
SECTION
2
HEADER
9
$ACADVER
1
AC1015
9
$INSUNITS
70
4
0
ENDSEC
0
SECTION
2
ENTITIES
0
LINE
8
electrical
10
-282950.0
20
121875.0
30
0
11
-282950.0
21
122125.0
31
0
0
LINE
8
electrical
10
-282050.0
20
121875.0
30
0
11
-282050.0
21
122125.0
31
0
0
LINE
8
electrical
10
-282950.0
20
121875.0
30
0
11
-282050.0
21
121875.0
31
0
0
LINE
8
electrical
10
-282950.0
20
122125.0
30
0
11
-282050.0
21
122125.0
31
0
0
LINE
8
electrical
10
-282910.0
20
121847.5
30
0
11
-282910.0
21
121882.5
31
0
0
LINE
8
electrical
10
-282090.0
20
121847.5
30
0
11
-282090.0
21
121882.5
31
0
0
LINE
8
electrical
10
-282910.0
20
121847.5
30
0
11
-282090.0
21
121847.5
31
0
0
LINE
8
electrical
10
-282910.0
20
121882.5
30
0
11
-282090.0
21
121882.5
31
0
0
LINE
8
electrical
10
-282775.0
20
121810.0
30
0
11
-282775.0
21
121850.0
31
0
0
LINE
8
electrical
10
-282675.0
20
121810.0
30
0
11
-282675.0
21
121850.0
31
0
0
LINE
8
electrical
10
-282775.0
20
121810.0
30
0
11
-282675.0
21
121810.0
31
0
0
LINE
8
electrical
10
-282775.0
20
121850.0
30
0
11
-282675.0
21
121850.0
31
0
0
LINE
8
electrical
10
-282550.0
20
121810.0
30
0
11
-282550.0
21
121850.0
31
0
0
LINE
8
electrical
10
-282450.0
20
121810.0
30
0
11
-282450.0
21
121850.0
31
0
0
LINE
8
electrical
10
-282550.0
20
121810.0
30
0
11
-282450.0
21
121810.0
31
0
0
LINE
8
electrical
10
-282550.0
20
121850.0
30
0
11
-282450.0
21
121850.0
31
0
0
LINE
8
electrical
10
-282325.0
20
121810.0
30
0
11
-282325.0
21
121850.0
31
0
0
LINE
8
electrical
10
-282225.0
20
121810.0
30
0
11
-282225.0
21
121850.0
31
0
0
LINE
8
electrical
10
-282325.0
20
121810.0
30
0
11
-282225.0
21
121810.0
31
0
0
LINE
8
electrical
10
-282325.0
20
121850.0
30
0
11
-282225.0
21
121850.0
31
0
0
LINE
8
electrical
10
-282725.0
20
121795.0
30
0
11
-282701.62
21
121795.0
31
0
0
LINE
8
electrical
10
-282701.62
20
121795.0
30
0
11
-282748.38
21
121795.0
31
0
0
LINE
8
electrical
10
-282748.38
20
121795.0
30
0
11
-282725.0
21
121795.0
31
0
0
LINE
8
electrical
10
-282725.0
20
121820.0
30
0
11
-282725.0
21
121795.0
31
0
0
LINE
8
electrical
10
-282725.0
20
121820.0
30
0
11
-282701.62
21
121820.0
31
0
0
LINE
8
electrical
10
-282701.62
20
121820.0
30
0
11
-282748.38
21
121820.0
31
0
0
LINE
8
electrical
10
-282748.38
20
121820.0
30
0
11
-282725.0
21
121820.0
31
0
0
LINE
8
electrical
10
-282500.0
20
121795.0
30
0
11
-282476.62
21
121795.0
31
0
0
LINE
8
electrical
10
-282476.62
20
121795.0
30
0
11
-282523.38
21
121795.0
31
0
0
LINE
8
electrical
10
-282523.38
20
121795.0
30
0
11
-282500.0
21
121795.0
31
0
0
LINE
8
electrical
10
-282500.0
20
121820.0
30
0
11
-282500.0
21
121795.0
31
0
0
LINE
8
electrical
10
-282500.0
20
121820.0
30
0
11
-282476.62
21
121820.0
31
0
0
LINE
8
electrical
10
-282476.62
20
121820.0
30
0
11
-282523.38
21
121820.0
31
0
0
LINE
8
electrical
10
-282523.38
20
121820.0
30
0
11
-282500.0
21
121820.0
31
0
0
LINE
8
electrical
10
-282275.0
20
121795.0
30
0
11
-282251.62
21
121795.0
31
0
0
LINE
8
electrical
10
-282251.62
20
121795.0
30
0
11
-282298.38
21
121795.0
31
0
0
LINE
8
electrical
10
-282298.38
20
121795.0
30
0
11
-282275.0
21
121795.0
31
0
0
LINE
8
electrical
10
-282275.0
20
121820.0
30
0
11
-282275.0
21
121795.0
31
0
0
LINE
8
electrical
10
-282275.0
20
121820.0
30
0
11
-282251.62
21
121820.0
31
0
0
LINE
8
electrical
10
-282251.62
20
121820.0
30
0
11
-282298.38
21
121820.0
31
0
0
LINE
8
electrical
10
-282298.38
20
121820.0
30
0
11
-282275.0
21
121820.0
31
0
0
LINE
8
water
10
-279300.0
20
124000.0
30
0
11
-279300.0
21
123925.0
31
0
0
LINE
8
water
10
-279300.0
20
123925.0
30
0
11
-279300.0
21
124000.0
31
0
0
LINE
8
water
10
-279300.0
20
124000.0
30
0
11
-279300.0
21
124075.0
31
0
0
LINE
8
water
10
-279300.0
20
124075.0
30
0
11
-279300.0
21
124000.0
31
0
0
LINE
8
water
10
-279700.0
20
124000.0
30
0
11
-279300.0
21
124000.0
31
0
0
LINE
8
water
10
-279700.0
20
124000.0
30
0
11
-279700.0
21
123925.0
31
0
0
LINE
8
water
10
-279700.0
20
123925.0
30
0
11
-279700.0
21
124000.0
31
0
0
LINE
8
water
10
-279700.0
20
124000.0
30
0
11
-279700.0
21
124075.0
31
0
0
LINE
8
water
10
-279700.0
20
124075.0
30
0
11
-279700.0
21
124000.0
31
0
0
LINE
8
water
10
-279410.0
20
124000.0
30
0
11
-279472.19
21
124085.6
31
0
0
LINE
8
water
10
-279472.19
20
124085.6
30
0
11
-279572.81
21
124052.9
31
0
0
LINE
8
water
10
-279572.81
20
124052.9
30
0
11
-279572.81
21
123947.1
31
0
0
LINE
8
water
10
-279572.81
20
123947.1
30
0
11
-279472.19
21
123914.4
31
0
0
LINE
8
water
10
-279472.19
20
123914.4
30
0
11
-279410.0
21
124000.0
31
0
0
LINE
8
water
10
-279690.0
20
123975.0
30
0
11
-279690.0
21
124025.0
31
0
0
LINE
8
water
10
-279310.0
20
123975.0
30
0
11
-279310.0
21
124025.0
31
0
0
LINE
8
water
10
-279690.0
20
123975.0
30
0
11
-279310.0
21
123975.0
31
0
0
LINE
8
water
10
-279690.0
20
124025.0
30
0
11
-279310.0
21
124025.0
31
0
0
LINE
8
water
10
-279625.0
20
124000.0
30
0
11
-279625.0
21
123895.38
31
0
0
LINE
8
water
10
-279625.0
20
123895.38
30
0
11
-279625.0
21
123935.34
31
0
0
LINE
8
water
10
-279625.0
20
123935.34
30
0
11
-279625.0
21
124064.66
31
0
0
LINE
8
water
10
-279625.0
20
124064.66
30
0
11
-279625.0
21
124104.62
31
0
0
LINE
8
water
10
-279625.0
20
124104.62
30
0
11
-279625.0
21
124000.0
31
0
0
LINE
8
water
10
-279650.0
20
124000.0
30
0
11
-279625.0
21
124000.0
31
0
0
LINE
8
water
10
-279650.0
20
124000.0
30
0
11
-279650.0
21
123895.38
31
0
0
LINE
8
water
10
-279650.0
20
123895.38
30
0
11
-279650.0
21
123935.34
31
0
0
LINE
8
water
10
-279650.0
20
123935.34
30
0
11
-279650.0
21
124064.66
31
0
0
LINE
8
water
10
-279650.0
20
124064.66
30
0
11
-279650.0
21
124104.62
31
0
0
LINE
8
water
10
-279650.0
20
124104.62
30
0
11
-279650.0
21
124000.0
31
0
0
LINE
8
water
10
-279325.0
20
124000.0
30
0
11
-279325.0
21
123895.38
31
0
0
LINE
8
water
10
-279325.0
20
123895.38
30
0
11
-279325.0
21
123935.34
31
0
0
LINE
8
water
10
-279325.0
20
123935.34
30
0
11
-279325.0
21
124064.66
31
0
0
LINE
8
water
10
-279325.0
20
124064.66
30
0
11
-279325.0
21
124104.62
31
0
0
LINE
8
water
10
-279325.0
20
124104.62
30
0
11
-279325.0
21
124000.0
31
0
0
LINE
8
water
10
-279350.0
20
124000.0
30
0
11
-279325.0
21
124000.0
31
0
0
LINE
8
water
10
-279350.0
20
124000.0
30
0
11
-279350.0
21
123895.38
31
0
0
LINE
8
water
10
-279350.0
20
123895.38
30
0
11
-279350.0
21
123935.34
31
0
0
LINE
8
water
10
-279350.0
20
123935.34
30
0
11
-279350.0
21
124064.66
31
0
0
LINE
8
water
10
-279350.0
20
124064.66
30
0
11
-279350.0
21
124104.62
31
0
0
LINE
8
water
10
-279350.0
20
124104.62
30
0
11
-279350.0
21
124000.0
31
0
0
LINE
8
water
10
-279300.0
20
125000.0
30
0
11
-279300.0
21
124925.0
31
0
0
LINE
8
water
10
-279300.0
20
124925.0
30
0
11
-279300.0
21
125000.0
31
0
0
LINE
8
water
10
-279300.0
20
125000.0
30
0
11
-279300.0
21
125075.0
31
0
0
LINE
8
water
10
-279300.0
20
125075.0
30
0
11
-279300.0
21
125000.0
31
0
0
LINE
8
water
10
-279700.0
20
125000.0
30
0
11
-279300.0
21
125000.0
31
0
0
LINE
8
water
10
-279700.0
20
125000.0
30
0
11
-279700.0
21
124925.0
31
0
0
LINE
8
water
10
-279700.0
20
124925.0
30
0
11
-279700.0
21
125000.0
31
0
0
LINE
8
water
10
-279700.0
20
125000.0
30
0
11
-279700.0
21
125075.0
31
0
0
LINE
8
water
10
-279700.0
20
125075.0
30
0
11
-279700.0
21
125000.0
31
0
0
LINE
8
water
10
-279410.0
20
125000.0
30
0
11
-279472.19
21
125085.6
31
0
0
LINE
8
water
10
-279472.19
20
125085.6
30
0
11
-279572.81
21
125052.9
31
0
0
LINE
8
water
10
-279572.81
20
125052.9
30
0
11
-279572.81
21
124947.1
31
0
0
LINE
8
water
10
-279572.81
20
124947.1
30
0
11
-279472.19
21
124914.4
31
0
0
LINE
8
water
10
-279472.19
20
124914.4
30
0
11
-279410.0
21
125000.0
31
0
0
LINE
8
water
10
-279690.0
20
124975.0
30
0
11
-279690.0
21
125025.0
31
0
0
LINE
8
water
10
-279310.0
20
124975.0
30
0
11
-279310.0
21
125025.0
31
0
0
LINE
8
water
10
-279690.0
20
124975.0
30
0
11
-279310.0
21
124975.0
31
0
0
LINE
8
water
10
-279690.0
20
125025.0
30
0
11
-279310.0
21
125025.0
31
0
0
LINE
8
water
10
-279625.0
20
125000.0
30
0
11
-279625.0
21
124895.38
31
0
0
LINE
8
water
10
-279625.0
20
124895.38
30
0
11
-279625.0
21
124935.34
31
0
0
LINE
8
water
10
-279625.0
20
124935.34
30
0
11
-279625.0
21
125064.66
31
0
0
LINE
8
water
10
-279625.0
20
125064.66
30
0
11
-279625.0
21
125104.62
31
0
0
LINE
8
water
10
-279625.0
20
125104.62
30
0
11
-279625.0
21
125000.0
31
0
0
LINE
8
water
10
-279650.0
20
125000.0
30
0
11
-279625.0
21
125000.0
31
0
0
LINE
8
water
10
-279650.0
20
125000.0
30
0
11
-279650.0
21
124895.38
31
0
0
LINE
8
water
10
-279650.0
20
124895.38
30
0
11
-279650.0
21
124935.34
31
0
0
LINE
8
water
10
-279650.0
20
124935.34
30
0
11
-279650.0
21
125064.66
31
0
0
LINE
8
water
10
-279650.0
20
125064.66
30
0
11
-279650.0
21
125104.62
31
0
0
LINE
8
water
10
-279650.0
20
125104.62
30
0
11
-279650.0
21
125000.0
31
0
0
LINE
8
water
10
-279325.0
20
125000.0
30
0
11
-279325.0
21
124895.38
31
0
0
LINE
8
water
10
-279325.0
20
124895.38
30
0
11
-279325.0
21
124935.34
31
0
0
LINE
8
water
10
-279325.0
20
124935.34
30
0
11
-279325.0
21
125064.66
31
0
0
LINE
8
water
10
-279325.0
20
125064.66
30
0
11
-279325.0
21
125104.62
31
0
0
LINE
8
water
10
-279325.0
20
125104.62
30
0
11
-279325.0
21
125000.0
31
0
0
LINE
8
water
10
-279350.0
20
125000.0
30
0
11
-279325.0
21
125000.0
31
0
0
LINE
8
water
10
-279350.0
20
125000.0
30
0
11
-279350.0
21
124895.38
31
0
0
LINE
8
water
10
-279350.0
20
124895.38
30
0
11
-279350.0
21
124935.34
31
0
0
LINE
8
water
10
-279350.0
20
124935.34
30
0
11
-279350.0
21
125064.66
31
0
0
LINE
8
water
10
-279350.0
20
125064.66
30
0
11
-279350.0
21
125104.62
31
0
0
LINE
8
water
10
-279350.0
20
125104.62
30
0
11
-279350.0
21
125000.0
31
0
0
LINE
8
water
10
-278300.0
20
125275.0
30
0
11
-278300.0
21
126125.0
31
0
0
LINE
8
water
10
-276700.0
20
125275.0
30
0
11
-276700.0
21
126125.0
31
0
0
LINE
8
water
10
-278300.0
20
125275.0
30
0
11
-276700.0
21
125275.0
31
0
0
LINE
8
water
10
-278300.0
20
126125.0
30
0
11
-276700.0
21
126125.0
31
0
0
LINE
8
water
10
-277400.0
20
125700.0
30
0
11
-277400.0
21
125528.0
31
0
0
LINE
8
water
10
-277400.0
20
125528.0
30
0
11
-277400.0
21
125485.52
31
0
0
LINE
8
water
10
-277400.0
20
125485.52
30
0
11
-277400.0
21
125604.55
31
0
0
LINE
8
water
10
-277400.0
20
125604.55
30
0
11
-277400.0
21
125795.45
31
0
0
LINE
8
water
10
-277400.0
20
125795.45
30
0
11
-277400.0
21
125914.48
31
0
0
LINE
8
water
10
-277400.0
20
125914.48
30
0
11
-277400.0
21
125872.0
31
0
0
LINE
8
water
10
-277400.0
20
125872.0
30
0
11
-277400.0
21
125700.0
31
0
0
LINE
8
water
10
-278050.0
20
125700.0
30
0
11
-277400.0
21
125700.0
31
0
0
LINE
8
water
10
-278050.0
20
125700.0
30
0
11
-278050.0
21
125528.0
31
0
0
LINE
8
water
10
-278050.0
20
125528.0
30
0
11
-278050.0
21
125485.52
31
0
0
LINE
8
water
10
-278050.0
20
125485.52
30
0
11
-278050.0
21
125604.55
31
0
0
LINE
8
water
10
-278050.0
20
125604.55
30
0
11
-278050.0
21
125795.45
31
0
0
LINE
8
water
10
-278050.0
20
125795.45
30
0
11
-278050.0
21
125914.48
31
0
0
LINE
8
water
10
-278050.0
20
125914.48
30
0
11
-278050.0
21
125872.0
31
0
0
LINE
8
water
10
-278050.0
20
125872.0
30
0
11
-278050.0
21
125700.0
31
0
0
LINE
8
water
10
-277200.0
20
125700.0
30
0
11
-276994.94
21
125700.0
31
0
0
LINE
8
water
10
-276994.94
20
125700.0
30
0
11
-276910.0
21
125700.0
31
0
0
LINE
8
water
10
-276910.0
20
125700.0
30
0
11
-276994.94
21
125700.0
31
0
0
LINE
8
water
10
-276994.94
20
125700.0
30
0
11
-277200.0
21
125700.0
31
0
0
LINE
8
water
10
-277120.0
20
125700.0
30
0
11
-277200.0
21
125780.0
31
0
0
LINE
8
water
10
-277200.0
20
125780.0
30
0
11
-277280.0
21
125700.0
31
0
0
LINE
8
water
10
-277280.0
20
125700.0
30
0
11
-277200.0
21
125620.0
31
0
0
LINE
8
water
10
-277200.0
20
125620.0
30
0
11
-277120.0
21
125700.0
31
0
0
LINE
8
water
10
-278012.0
20
125700.0
30
0
11
-278012.0
21
125516.27
31
0
0
LINE
8
water
10
-278012.0
20
125516.27
30
0
11
-278012.0
21
125470.89
31
0
0
LINE
8
water
10
-278012.0
20
125470.89
30
0
11
-278012.0
21
125598.04
31
0
0
LINE
8
water
10
-278012.0
20
125598.04
30
0
11
-278012.0
21
125801.96
31
0
0
LINE
8
water
10
-278012.0
20
125801.96
30
0
11
-278012.0
21
125929.11
31
0
0
LINE
8
water
10
-278012.0
20
125929.11
30
0
11
-278012.0
21
125883.73
31
0
0
LINE
8
water
10
-278012.0
20
125883.73
30
0
11
-278012.0
21
125700.0
31
0
0
LINE
8
water
10
-278030.0
20
125700.0
30
0
11
-278012.0
21
125700.0
31
0
0
LINE
8
water
10
-278030.0
20
125700.0
30
0
11
-278030.0
21
125516.27
31
0
0
LINE
8
water
10
-278030.0
20
125516.27
30
0
11
-278030.0
21
125470.89
31
0
0
LINE
8
water
10
-278030.0
20
125470.89
30
0
11
-278030.0
21
125598.04
31
0
0
LINE
8
water
10
-278030.0
20
125598.04
30
0
11
-278030.0
21
125801.96
31
0
0
LINE
8
water
10
-278030.0
20
125801.96
30
0
11
-278030.0
21
125929.11
31
0
0
LINE
8
water
10
-278030.0
20
125929.11
30
0
11
-278030.0
21
125883.73
31
0
0
LINE
8
water
10
-278030.0
20
125883.73
30
0
11
-278030.0
21
125700.0
31
0
0
LINE
8
water
10
-277927.0
20
125700.0
30
0
11
-277927.0
21
125516.27
31
0
0
LINE
8
water
10
-277927.0
20
125516.27
30
0
11
-277927.0
21
125470.89
31
0
0
LINE
8
water
10
-277927.0
20
125470.89
30
0
11
-277927.0
21
125598.04
31
0
0
LINE
8
water
10
-277927.0
20
125598.04
30
0
11
-277927.0
21
125801.96
31
0
0
LINE
8
water
10
-277927.0
20
125801.96
30
0
11
-277927.0
21
125929.11
31
0
0
LINE
8
water
10
-277927.0
20
125929.11
30
0
11
-277927.0
21
125883.73
31
0
0
LINE
8
water
10
-277927.0
20
125883.73
30
0
11
-277927.0
21
125700.0
31
0
0
LINE
8
water
10
-277945.0
20
125700.0
30
0
11
-277927.0
21
125700.0
31
0
0
LINE
8
water
10
-277945.0
20
125700.0
30
0
11
-277945.0
21
125516.27
31
0
0
LINE
8
water
10
-277945.0
20
125516.27
30
0
11
-277945.0
21
125470.89
31
0
0
LINE
8
water
10
-277945.0
20
125470.89
30
0
11
-277945.0
21
125598.04
31
0
0
LINE
8
water
10
-277945.0
20
125598.04
30
0
11
-277945.0
21
125801.96
31
0
0
LINE
8
water
10
-277945.0
20
125801.96
30
0
11
-277945.0
21
125929.11
31
0
0
LINE
8
water
10
-277945.0
20
125929.11
30
0
11
-277945.0
21
125883.73
31
0
0
LINE
8
water
10
-277945.0
20
125883.73
30
0
11
-277945.0
21
125700.0
31
0
0
LINE
8
water
10
-277842.0
20
125700.0
30
0
11
-277842.0
21
125516.27
31
0
0
LINE
8
water
10
-277842.0
20
125516.27
30
0
11
-277842.0
21
125470.89
31
0
0
LINE
8
water
10
-277842.0
20
125470.89
30
0
11
-277842.0
21
125598.04
31
0
0
LINE
8
water
10
-277842.0
20
125598.04
30
0
11
-277842.0
21
125801.96
31
0
0
LINE
8
water
10
-277842.0
20
125801.96
30
0
11
-277842.0
21
125929.11
31
0
0
LINE
8
water
10
-277842.0
20
125929.11
30
0
11
-277842.0
21
125883.73
31
0
0
LINE
8
water
10
-277842.0
20
125883.73
30
0
11
-277842.0
21
125700.0
31
0
0
LINE
8
water
10
-277860.0
20
125700.0
30
0
11
-277842.0
21
125700.0
31
0
0
LINE
8
water
10
-277860.0
20
125700.0
30
0
11
-277860.0
21
125516.27
31
0
0
LINE
8
water
10
-277860.0
20
125516.27
30
0
11
-277860.0
21
125470.89
31
0
0
LINE
8
water
10
-277860.0
20
125470.89
30
0
11
-277860.0
21
125598.04
31
0
0
LINE
8
water
10
-277860.0
20
125598.04
30
0
11
-277860.0
21
125801.96
31
0
0
LINE
8
water
10
-277860.0
20
125801.96
30
0
11
-277860.0
21
125929.11
31
0
0
LINE
8
water
10
-277860.0
20
125929.11
30
0
11
-277860.0
21
125883.73
31
0
0
LINE
8
water
10
-277860.0
20
125883.73
30
0
11
-277860.0
21
125700.0
31
0
0
LINE
8
water
10
-277757.0
20
125700.0
30
0
11
-277757.0
21
125516.27
31
0
0
LINE
8
water
10
-277757.0
20
125516.27
30
0
11
-277757.0
21
125470.89
31
0
0
LINE
8
water
10
-277757.0
20
125470.89
30
0
11
-277757.0
21
125598.04
31
0
0
LINE
8
water
10
-277757.0
20
125598.04
30
0
11
-277757.0
21
125801.96
31
0
0
LINE
8
water
10
-277757.0
20
125801.96
30
0
11
-277757.0
21
125929.11
31
0
0
LINE
8
water
10
-277757.0
20
125929.11
30
0
11
-277757.0
21
125883.73
31
0
0
LINE
8
water
10
-277757.0
20
125883.73
30
0
11
-277757.0
21
125700.0
31
0
0
LINE
8
water
10
-277775.0
20
125700.0
30
0
11
-277757.0
21
125700.0
31
0
0
LINE
8
water
10
-277775.0
20
125700.0
30
0
11
-277775.0
21
125516.27
31
0
0
LINE
8
water
10
-277775.0
20
125516.27
30
0
11
-277775.0
21
125470.89
31
0
0
LINE
8
water
10
-277775.0
20
125470.89
30
0
11
-277775.0
21
125598.04
31
0
0
LINE
8
water
10
-277775.0
20
125598.04
30
0
11
-277775.0
21
125801.96
31
0
0
LINE
8
water
10
-277775.0
20
125801.96
30
0
11
-277775.0
21
125929.11
31
0
0
LINE
8
water
10
-277775.0
20
125929.11
30
0
11
-277775.0
21
125883.73
31
0
0
LINE
8
water
10
-277775.0
20
125883.73
30
0
11
-277775.0
21
125700.0
31
0
0
LINE
8
water
10
-277672.0
20
125700.0
30
0
11
-277672.0
21
125516.27
31
0
0
LINE
8
water
10
-277672.0
20
125516.27
30
0
11
-277672.0
21
125470.89
31
0
0
LINE
8
water
10
-277672.0
20
125470.89
30
0
11
-277672.0
21
125598.04
31
0
0
LINE
8
water
10
-277672.0
20
125598.04
30
0
11
-277672.0
21
125801.96
31
0
0
LINE
8
water
10
-277672.0
20
125801.96
30
0
11
-277672.0
21
125929.11
31
0
0
LINE
8
water
10
-277672.0
20
125929.11
30
0
11
-277672.0
21
125883.73
31
0
0
LINE
8
water
10
-277672.0
20
125883.73
30
0
11
-277672.0
21
125700.0
31
0
0
LINE
8
water
10
-277690.0
20
125700.0
30
0
11
-277672.0
21
125700.0
31
0
0
LINE
8
water
10
-277690.0
20
125700.0
30
0
11
-277690.0
21
125516.27
31
0
0
LINE
8
water
10
-277690.0
20
125516.27
30
0
11
-277690.0
21
125470.89
31
0
0
LINE
8
water
10
-277690.0
20
125470.89
30
0
11
-277690.0
21
125598.04
31
0
0
LINE
8
water
10
-277690.0
20
125598.04
30
0
11
-277690.0
21
125801.96
31
0
0
LINE
8
water
10
-277690.0
20
125801.96
30
0
11
-277690.0
21
125929.11
31
0
0
LINE
8
water
10
-277690.0
20
125929.11
30
0
11
-277690.0
21
125883.73
31
0
0
LINE
8
water
10
-277690.0
20
125883.73
30
0
11
-277690.0
21
125700.0
31
0
0
LINE
8
water
10
-277587.0
20
125700.0
30
0
11
-277587.0
21
125516.27
31
0
0
LINE
8
water
10
-277587.0
20
125516.27
30
0
11
-277587.0
21
125470.89
31
0
0
LINE
8
water
10
-277587.0
20
125470.89
30
0
11
-277587.0
21
125598.04
31
0
0
LINE
8
water
10
-277587.0
20
125598.04
30
0
11
-277587.0
21
125801.96
31
0
0
LINE
8
water
10
-277587.0
20
125801.96
30
0
11
-277587.0
21
125929.11
31
0
0
LINE
8
water
10
-277587.0
20
125929.11
30
0
11
-277587.0
21
125883.73
31
0
0
LINE
8
water
10
-277587.0
20
125883.73
30
0
11
-277587.0
21
125700.0
31
0
0
LINE
8
water
10
-277605.0
20
125700.0
30
0
11
-277587.0
21
125700.0
31
0
0
LINE
8
water
10
-277605.0
20
125700.0
30
0
11
-277605.0
21
125516.27
31
0
0
LINE
8
water
10
-277605.0
20
125516.27
30
0
11
-277605.0
21
125470.89
31
0
0
LINE
8
water
10
-277605.0
20
125470.89
30
0
11
-277605.0
21
125598.04
31
0
0
LINE
8
water
10
-277605.0
20
125598.04
30
0
11
-277605.0
21
125801.96
31
0
0
LINE
8
water
10
-277605.0
20
125801.96
30
0
11
-277605.0
21
125929.11
31
0
0
LINE
8
water
10
-277605.0
20
125929.11
30
0
11
-277605.0
21
125883.73
31
0
0
LINE
8
water
10
-277605.0
20
125883.73
30
0
11
-277605.0
21
125700.0
31
0
0
LINE
8
water
10
-277502.0
20
125700.0
30
0
11
-277502.0
21
125516.27
31
0
0
LINE
8
water
10
-277502.0
20
125516.27
30
0
11
-277502.0
21
125470.89
31
0
0
LINE
8
water
10
-277502.0
20
125470.89
30
0
11
-277502.0
21
125598.04
31
0
0
LINE
8
water
10
-277502.0
20
125598.04
30
0
11
-277502.0
21
125801.96
31
0
0
LINE
8
water
10
-277502.0
20
125801.96
30
0
11
-277502.0
21
125929.11
31
0
0
LINE
8
water
10
-277502.0
20
125929.11
30
0
11
-277502.0
21
125883.73
31
0
0
LINE
8
water
10
-277502.0
20
125883.73
30
0
11
-277502.0
21
125700.0
31
0
0
LINE
8
water
10
-277520.0
20
125700.0
30
0
11
-277502.0
21
125700.0
31
0
0
LINE
8
water
10
-277520.0
20
125700.0
30
0
11
-277520.0
21
125516.27
31
0
0
LINE
8
water
10
-277520.0
20
125516.27
30
0
11
-277520.0
21
125470.89
31
0
0
LINE
8
water
10
-277520.0
20
125470.89
30
0
11
-277520.0
21
125598.04
31
0
0
LINE
8
water
10
-277520.0
20
125598.04
30
0
11
-277520.0
21
125801.96
31
0
0
LINE
8
water
10
-277520.0
20
125801.96
30
0
11
-277520.0
21
125929.11
31
0
0
LINE
8
water
10
-277520.0
20
125929.11
30
0
11
-277520.0
21
125883.73
31
0
0
LINE
8
water
10
-277520.0
20
125883.73
30
0
11
-277520.0
21
125700.0
31
0
0
LINE
8
water
10
-274950.0
20
125700.0
30
0
11
-275037.31
21
125997.35
31
0
0
LINE
8
water
10
-275037.31
20
125997.35
30
0
11
-275271.52
21
126200.3
31
0
0
LINE
8
water
10
-275271.52
20
126200.3
30
0
11
-275578.27
21
126244.4
31
0
0
LINE
8
water
10
-275578.27
20
126244.4
30
0
11
-275860.17
21
126115.66
31
0
0
LINE
8
water
10
-275860.17
20
126115.66
30
0
11
-276027.72
21
125854.95
31
0
0
LINE
8
water
10
-276027.72
20
125854.95
30
0
11
-276027.72
21
125545.05
31
0
0
LINE
8
water
10
-276027.72
20
125545.05
30
0
11
-275860.17
21
125284.34
31
0
0
LINE
8
water
10
-275860.17
20
125284.34
30
0
11
-275578.27
21
125155.6
31
0
0
LINE
8
water
10
-275578.27
20
125155.6
30
0
11
-275271.52
21
125199.7
31
0
0
LINE
8
water
10
-275271.52
20
125199.7
30
0
11
-275037.31
21
125402.65
31
0
0
LINE
8
water
10
-275037.31
20
125402.65
30
0
11
-274950.0
21
125700.0
31
0
0
LINE
8
water
10
-276150.0
20
125050.0
30
0
11
-276150.0
21
126350.0
31
0
0
LINE
8
water
10
-274850.0
20
125050.0
30
0
11
-274850.0
21
126350.0
31
0
0
LINE
8
water
10
-276150.0
20
125050.0
30
0
11
-274850.0
21
125050.0
31
0
0
LINE
8
water
10
-276150.0
20
126350.0
30
0
11
-274850.0
21
126350.0
31
0
0
LINE
8
water
10
-277200.0
20
125800.0
30
0
11
-277200.0
21
125735.0
31
0
0
LINE
8
water
10
-277200.0
20
125735.0
30
0
11
-277200.0
21
125800.0
31
0
0
LINE
8
water
10
-277200.0
20
125800.0
30
0
11
-277200.0
21
125865.0
31
0
0
LINE
8
water
10
-277200.0
20
125865.0
30
0
11
-277200.0
21
125800.0
31
0
0
LINE
8
water
10
-279500.0
20
125800.0
30
0
11
-277200.0
21
125800.0
31
0
0
LINE
8
water
10
-279500.0
20
125800.0
30
0
11
-279500.0
21
125735.0
31
0
0
LINE
8
water
10
-279500.0
20
125735.0
30
0
11
-279500.0
21
125800.0
31
0
0
LINE
8
water
10
-279500.0
20
125800.0
30
0
11
-279500.0
21
125865.0
31
0
0
LINE
8
water
10
-279500.0
20
125865.0
30
0
11
-279500.0
21
125800.0
31
0
0
LINE
8
water
10
-277200.0
20
125635.08
30
0
11
-277265.0
21
125700.0
31
0
0
LINE
8
water
10
-277265.0
20
125700.0
30
0
11
-277200.0
21
125764.92
31
0
0
LINE
8
water
10
-277200.0
20
125764.92
30
0
11
-277135.0
21
125700.0
31
0
0
LINE
8
water
10
-277135.0
20
125700.0
30
0
11
-277200.0
21
125635.08
31
0
0
LINE
8
water
10
-277200.0
20
125735.08
30
0
11
-277200.0
21
125635.08
31
0
0
LINE
8
water
10
-277200.0
20
125735.08
30
0
11
-277265.0
21
125800.0
31
0
0
LINE
8
water
10
-277265.0
20
125800.0
30
0
11
-277200.0
21
125864.92
31
0
0
LINE
8
water
10
-277200.0
20
125864.92
30
0
11
-277135.0
21
125800.0
31
0
0
LINE
8
water
10
-277135.0
20
125800.0
30
0
11
-277200.0
21
125735.08
31
0
0
LINE
8
water
10
-277200.0
20
125800.0
30
0
11
-277129.8
21
125800.0
31
0
0
LINE
8
water
10
-277129.8
20
125800.0
30
0
11
-277200.0
21
125800.0
31
0
0
LINE
8
water
10
-275500.0
20
125400.0
30
0
11
-275500.0
21
125335.0
31
0
0
LINE
8
water
10
-275500.0
20
125335.0
30
0
11
-275500.0
21
125400.0
31
0
0
LINE
8
water
10
-275500.0
20
125400.0
30
0
11
-275500.0
21
125465.0
31
0
0
LINE
8
water
10
-275500.0
20
125465.0
30
0
11
-275500.0
21
125400.0
31
0
0
LINE
8
water
10
-277200.0
20
125400.0
30
0
11
-275500.0
21
125400.0
31
0
0
LINE
8
water
10
-277200.0
20
125400.0
30
0
11
-277200.0
21
125335.0
31
0
0
LINE
8
water
10
-277200.0
20
125335.0
30
0
11
-277200.0
21
125400.0
31
0
0
LINE
8
water
10
-277200.0
20
125400.0
30
0
11
-277200.0
21
125465.0
31
0
0
LINE
8
water
10
-277200.0
20
125465.0
30
0
11
-277200.0
21
125400.0
31
0
0
LINE
8
water
10
-275500.0
20
125700.0
30
0
11
-275435.0
21
125700.0
31
0
0
LINE
8
water
10
-275435.0
20
125700.0
30
0
11
-275500.0
21
125700.0
31
0
0
LINE
8
water
10
-275500.0
20
125700.0
30
0
11
-275565.0
21
125700.0
31
0
0
LINE
8
water
10
-275565.0
20
125700.0
30
0
11
-275500.0
21
125700.0
31
0
0
LINE
8
water
10
-275500.0
20
125400.0
30
0
11
-275500.0
21
125700.0
31
0
0
LINE
8
water
10
-275500.0
20
125400.0
30
0
11
-275435.0
21
125400.0
31
0
0
LINE
8
water
10
-275435.0
20
125400.0
30
0
11
-275500.0
21
125400.0
31
0
0
LINE
8
water
10
-275500.0
20
125400.0
30
0
11
-275565.0
21
125400.0
31
0
0
LINE
8
water
10
-275565.0
20
125400.0
30
0
11
-275500.0
21
125400.0
31
0
0
LINE
8
water
10
-275500.0
20
125400.0
30
0
11
-275429.8
21
125400.0
31
0
0
LINE
8
water
10
-275429.8
20
125400.0
30
0
11
-275500.0
21
125400.0
31
0
0
LINE
8
water
10
-275500.0
20
125000.0
30
0
11
-275435.0
21
125000.0
31
0
0
LINE
8
water
10
-275435.0
20
125000.0
30
0
11
-275500.0
21
125000.0
31
0
0
LINE
8
water
10
-275500.0
20
125000.0
30
0
11
-275565.0
21
125000.0
31
0
0
LINE
8
water
10
-275565.0
20
125000.0
30
0
11
-275500.0
21
125000.0
31
0
0
LINE
8
water
10
-275500.0
20
125700.0
30
0
11
-275500.0
21
125000.0
31
0
0
LINE
8
water
10
-275435.0
20
125000.0
30
0
11
-275500.0
21
125065.0
31
0
0
LINE
8
water
10
-275500.0
20
125065.0
30
0
11
-275565.0
21
125000.0
31
0
0
LINE
8
water
10
-275565.0
20
125000.0
30
0
11
-275500.0
21
124935.0
31
0
0
LINE
8
water
10
-275500.0
20
124935.0
30
0
11
-275435.0
21
125000.0
31
0
0
LINE
8
water
10
-275500.0
20
125000.0
30
0
11
-275429.8
21
125000.0
31
0
0
LINE
8
water
10
-275429.8
20
125000.0
30
0
11
-275500.0
21
125000.0
31
0
0
LINE
8
water
10
-279420.0
20
124000.0
30
0
11
-279500.0
21
124080.0
31
0
0
LINE
8
water
10
-279500.0
20
124080.0
30
0
11
-279580.0
21
124000.0
31
0
0
LINE
8
water
10
-279580.0
20
124000.0
30
0
11
-279500.0
21
123920.0
31
0
0
LINE
8
water
10
-279500.0
20
123920.0
30
0
11
-279420.0
21
124000.0
31
0
0
LINE
8
water
10
-233500.0
20
124000.0
30
0
11
-233500.0
21
123920.0
31
0
0
LINE
8
water
10
-233500.0
20
123920.0
30
0
11
-233500.0
21
124000.0
31
0
0
LINE
8
water
10
-233500.0
20
124000.0
30
0
11
-233500.0
21
124080.0
31
0
0
LINE
8
water
10
-233500.0
20
124080.0
30
0
11
-233500.0
21
124000.0
31
0
0
LINE
8
water
10
-279500.0
20
124000.0
30
0
11
-233500.0
21
124000.0
31
0
0
LINE
8
water
10
-279500.0
20
124000.0
30
0
11
-279500.0
21
123920.0
31
0
0
LINE
8
water
10
-279500.0
20
123920.0
30
0
11
-279500.0
21
124000.0
31
0
0
LINE
8
water
10
-279500.0
20
124000.0
30
0
11
-279500.0
21
124080.0
31
0
0
LINE
8
water
10
-279500.0
20
124080.0
30
0
11
-279500.0
21
124000.0
31
0
0
LINE
8
water
10
-279420.0
20
125000.0
30
0
11
-279500.0
21
125080.0
31
0
0
LINE
8
water
10
-279500.0
20
125080.0
30
0
11
-279580.0
21
125000.0
31
0
0
LINE
8
water
10
-279580.0
20
125000.0
30
0
11
-279500.0
21
124920.0
31
0
0
LINE
8
water
10
-279500.0
20
124920.0
30
0
11
-279420.0
21
125000.0
31
0
0
LINE
8
water
10
-233500.0
20
125000.0
30
0
11
-233500.0
21
124920.0
31
0
0
LINE
8
water
10
-233500.0
20
124920.0
30
0
11
-233500.0
21
125000.0
31
0
0
LINE
8
water
10
-233500.0
20
125000.0
30
0
11
-233500.0
21
125080.0
31
0
0
LINE
8
water
10
-233500.0
20
125080.0
30
0
11
-233500.0
21
125000.0
31
0
0
LINE
8
water
10
-279500.0
20
125000.0
30
0
11
-233500.0
21
125000.0
31
0
0
LINE
8
water
10
-279500.0
20
125000.0
30
0
11
-279500.0
21
124920.0
31
0
0
LINE
8
water
10
-279500.0
20
124920.0
30
0
11
-279500.0
21
125000.0
31
0
0
LINE
8
water
10
-279500.0
20
125000.0
30
0
11
-279500.0
21
125080.0
31
0
0
LINE
8
water
10
-279500.0
20
125080.0
30
0
11
-279500.0
21
125000.0
31
0
0
LINE
8
water
10
-279420.0
20
125800.0
30
0
11
-279500.0
21
125880.0
31
0
0
LINE
8
water
10
-279500.0
20
125880.0
30
0
11
-279580.0
21
125800.0
31
0
0
LINE
8
water
10
-279580.0
20
125800.0
30
0
11
-279500.0
21
125720.0
31
0
0
LINE
8
water
10
-279500.0
20
125720.0
30
0
11
-279420.0
21
125800.0
31
0
0
LINE
8
water
10
-233500.0
20
125800.0
30
0
11
-233500.0
21
125720.0
31
0
0
LINE
8
water
10
-233500.0
20
125720.0
30
0
11
-233500.0
21
125800.0
31
0
0
LINE
8
water
10
-233500.0
20
125800.0
30
0
11
-233500.0
21
125880.0
31
0
0
LINE
8
water
10
-233500.0
20
125880.0
30
0
11
-233500.0
21
125800.0
31
0
0
LINE
8
water
10
-279500.0
20
125800.0
30
0
11
-233500.0
21
125800.0
31
0
0
LINE
8
water
10
-279500.0
20
125800.0
30
0
11
-279500.0
21
125720.0
31
0
0
LINE
8
water
10
-279500.0
20
125720.0
30
0
11
-279500.0
21
125800.0
31
0
0
LINE
8
water
10
-279500.0
20
125800.0
30
0
11
-279500.0
21
125880.0
31
0
0
LINE
8
water
10
-279500.0
20
125880.0
30
0
11
-279500.0
21
125800.0
31
0
0
LINE
8
water
10
-233500.0
20
125800.0
30
0
11
-233420.0
21
125800.0
31
0
0
LINE
8
water
10
-233420.0
20
125800.0
30
0
11
-233500.0
21
125800.0
31
0
0
LINE
8
water
10
-233500.0
20
125800.0
30
0
11
-233580.0
21
125800.0
31
0
0
LINE
8
water
10
-233580.0
20
125800.0
30
0
11
-233500.0
21
125800.0
31
0
0
LINE
8
water
10
-233500.0
20
125000.0
30
0
11
-233500.0
21
125800.0
31
0
0
LINE
8
water
10
-233500.0
20
125000.0
30
0
11
-233420.0
21
125000.0
31
0
0
LINE
8
water
10
-233420.0
20
125000.0
30
0
11
-233500.0
21
125000.0
31
0
0
LINE
8
water
10
-233500.0
20
125000.0
30
0
11
-233580.0
21
125000.0
31
0
0
LINE
8
water
10
-233580.0
20
125000.0
30
0
11
-233500.0
21
125000.0
31
0
0
LINE
8
electrical
10
-282500.0
20
122000.0
30
0
11
-282500.0
21
122050.0
31
0
0
LINE
8
electrical
10
-282500.0
20
122350.0
30
0
11
-282500.0
21
122050.0
31
0
0
LINE
8
electrical
10
-282500.0
20
122350.0
30
0
11
-282500.0
21
122400.0
31
0
0
LINE
8
electrical
10
-282500.0
20
122000.0
30
0
11
-282500.0
21
122400.0
31
0
0
LINE
8
electrical
10
-233500.0
20
122050.0
30
0
11
-282500.0
21
122050.0
31
0
0
LINE
8
electrical
10
-233500.0
20
122000.0
30
0
11
-233500.0
21
122050.0
31
0
0
LINE
8
electrical
10
-282500.0
20
122000.0
30
0
11
-233500.0
21
122000.0
31
0
0
LINE
8
electrical
10
-282500.0
20
122350.0
30
0
11
-233500.0
21
122350.0
31
0
0
LINE
8
electrical
10
-233500.0
20
122350.0
30
0
11
-233500.0
21
122050.0
31
0
0
LINE
8
electrical
10
-282500.0
20
122400.0
30
0
11
-233500.0
21
122400.0
31
0
0
LINE
8
electrical
10
-233500.0
20
122350.0
30
0
11
-233500.0
21
122400.0
31
0
0
LINE
8
electrical
10
-233500.0
20
122000.0
30
0
11
-233500.0
21
122400.0
31
0
0
LINE
8
electrical
10
-233500.0
20
122200.0
30
0
11
-233500.0
21
122184.41
31
0
0
LINE
8
electrical
10
-233500.0
20
122184.41
30
0
11
-233500.0
21
122215.59
31
0
0
LINE
8
electrical
10
-233500.0
20
122215.59
30
0
11
-233500.0
21
122200.0
31
0
0
LINE
8
electrical
10
-282500.0
20
122200.0
30
0
11
-233500.0
21
122200.0
31
0
0
LINE
8
electrical
10
-282500.0
20
122200.0
30
0
11
-282500.0
21
122184.41
31
0
0
LINE
8
electrical
10
-282500.0
20
122184.41
30
0
11
-282500.0
21
122215.59
31
0
0
LINE
8
electrical
10
-282500.0
20
122215.59
30
0
11
-282500.0
21
122200.0
31
0
0
LINE
8
electrical
10
-282500.0
20
122000.0
30
0
11
-282500.0
21
122050.0
31
0
0
LINE
8
electrical
10
-282500.0
20
122350.0
30
0
11
-282500.0
21
122050.0
31
0
0
LINE
8
electrical
10
-282500.0
20
122350.0
30
0
11
-282500.0
21
122400.0
31
0
0
LINE
8
electrical
10
-282500.0
20
122000.0
30
0
11
-282500.0
21
122400.0
31
0
0
LINE
8
electrical
10
-233500.0
20
122050.0
30
0
11
-282500.0
21
122050.0
31
0
0
LINE
8
electrical
10
-233500.0
20
122000.0
30
0
11
-233500.0
21
122050.0
31
0
0
LINE
8
electrical
10
-282500.0
20
122000.0
30
0
11
-233500.0
21
122000.0
31
0
0
LINE
8
electrical
10
-282500.0
20
122350.0
30
0
11
-233500.0
21
122350.0
31
0
0
LINE
8
electrical
10
-233500.0
20
122350.0
30
0
11
-233500.0
21
122050.0
31
0
0
LINE
8
electrical
10
-282500.0
20
122400.0
30
0
11
-233500.0
21
122400.0
31
0
0
LINE
8
electrical
10
-233500.0
20
122350.0
30
0
11
-233500.0
21
122400.0
31
0
0
LINE
8
electrical
10
-233500.0
20
122000.0
30
0
11
-233500.0
21
122400.0
31
0
0
LINE
8
electrical
10
-233500.0
20
122200.0
30
0
11
-233500.0
21
122184.41
31
0
0
LINE
8
electrical
10
-233500.0
20
122184.41
30
0
11
-233500.0
21
122215.59
31
0
0
LINE
8
electrical
10
-233500.0
20
122215.59
30
0
11
-233500.0
21
122200.0
31
0
0
LINE
8
electrical
10
-282500.0
20
122200.0
30
0
11
-233500.0
21
122200.0
31
0
0
LINE
8
electrical
10
-282500.0
20
122200.0
30
0
11
-282500.0
21
122184.41
31
0
0
LINE
8
electrical
10
-282500.0
20
122184.41
30
0
11
-282500.0
21
122215.59
31
0
0
LINE
8
electrical
10
-282500.0
20
122215.59
30
0
11
-282500.0
21
122200.0
31
0
0
LINE
8
electrical
10
-282500.0
20
122200.0
30
0
11
-282478.35
21
122200.0
31
0
0
LINE
8
electrical
10
-282478.35
20
122200.0
30
0
11
-282521.65
21
122200.0
31
0
0
LINE
8
electrical
10
-282521.65
20
122200.0
30
0
11
-282500.0
21
122200.0
31
0
0
LINE
8
electrical
10
-282500.0
20
122000.0
30
0
11
-282500.0
21
122200.0
31
0
0
LINE
8
electrical
10
-282500.0
20
122000.0
30
0
11
-282478.35
21
122000.0
31
0
0
LINE
8
electrical
10
-282478.35
20
122000.0
30
0
11
-282521.65
21
122000.0
31
0
0
LINE
8
electrical
10
-282521.65
20
122000.0
30
0
11
-282500.0
21
122000.0
31
0
0
LINE
8
electrical
10
-282475.0
20
122200.0
30
0
11
-282512.5
21
122221.65
31
0
0
LINE
8
electrical
10
-282512.5
20
122221.65
30
0
11
-282512.5
21
122178.35
31
0
0
LINE
8
electrical
10
-282512.5
20
122178.35
30
0
11
-282475.0
21
122200.0
31
0
0
LINE
8
electrical
10
-282500.0
20
122200.0
30
0
11
-282473.0
21
122200.0
31
0
0
LINE
8
electrical
10
-282473.0
20
122200.0
30
0
11
-282500.0
21
122200.0
31
0
0
LINE
8
interiors
10
-285000.0
20
122500.0
30
0
11
-285000.0
21
149500.0
31
0
0
LINE
8
interiors
10
-285000.0
20
122500.0
30
0
11
-264700.0
21
122500.0
31
0
0
LINE
8
interiors
10
-264700.0
20
122500.0
30
0
11
-262300.0
21
122500.0
31
0
0
LINE
8
interiors
10
-262300.0
20
122500.0
30
0
11
-242000.0
21
122500.0
31
0
0
LINE
8
interiors
10
-285000.0
20
122500.0
30
0
11
-242000.0
21
122500.0
31
0
0
LINE
8
interiors
10
-285000.0
20
149500.0
30
0
11
-242000.0
21
149500.0
31
0
0
LINE
8
interiors
10
-242000.0
20
122500.0
30
0
11
-242000.0
21
149500.0
31
0
0
LINE
8
interiors
10
-242120.0
20
122620.0
30
0
11
-284880.0
21
122620.0
31
0
0
LINE
8
interiors
10
-242120.0
20
122620.0
30
0
11
-242120.0
21
149380.0
31
0
0
LINE
8
interiors
10
-242120.0
20
149380.0
30
0
11
-284880.0
21
149380.0
31
0
0
LINE
8
interiors
10
-284880.0
20
122620.0
30
0
11
-284880.0
21
149380.0
31
0
0
LINE
8
interiors
10
-274680.0
20
149500.0
30
0
11
-252320.0
21
149500.0
31
0
0
LINE
8
interiors
10
-262300.0
20
122500.0
30
0
11
-262300.0
21
122620.0
31
0
0
LINE
8
interiors
10
-242120.0
20
122620.0
30
0
11
-262300.0
21
122620.0
31
0
0
LINE
8
interiors
10
-264700.0
20
122620.0
30
0
11
-284880.0
21
122620.0
31
0
0
LINE
8
interiors
10
-264700.0
20
122500.0
30
0
11
-264700.0
21
122620.0
31
0
0
LINE
8
interiors
10
-264700.0
20
122620.0
30
0
11
-262300.0
21
122620.0
31
0
0
LINE
8
interiors
10
-274680.0
20
149380.0
30
0
11
-252320.0
21
149380.0
31
0
0
LINE
8
interiors
10
-274680.0
20
149380.0
30
0
11
-274680.0
21
149500.0
31
0
0
LINE
8
interiors
10
-252320.0
20
149380.0
30
0
11
-252320.0
21
149500.0
31
0
0
LINE
8
interiors
10
-274680.0
20
149477.5
30
0
11
-274680.0
21
149522.5
31
0
0
LINE
8
interiors
10
-252320.0
20
149477.5
30
0
11
-252320.0
21
149522.5
31
0
0
LINE
8
interiors
10
-274680.0
20
149477.5
30
0
11
-252320.0
21
149477.5
31
0
0
LINE
8
interiors
10
-274680.0
20
149522.5
30
0
11
-252320.0
21
149522.5
31
0
0
LINE
8
interiors
10
-284875.0
20
122625.0
30
0
11
-284875.0
21
149375.0
31
0
0
LINE
8
interiors
10
-242125.0
20
122625.0
30
0
11
-242125.0
21
149375.0
31
0
0
LINE
8
interiors
10
-284875.0
20
122625.0
30
0
11
-242125.0
21
122625.0
31
0
0
LINE
8
interiors
10
-284875.0
20
149375.0
30
0
11
-242125.0
21
149375.0
31
0
0
LINE
8
interiors
10
-264655.0
20
122380.0
30
0
11
-264655.0
21
122620.0
31
0
0
LINE
8
interiors
10
-264585.0
20
122380.0
30
0
11
-264585.0
21
122620.0
31
0
0
LINE
8
interiors
10
-264655.0
20
122380.0
30
0
11
-264585.0
21
122380.0
31
0
0
LINE
8
interiors
10
-264655.0
20
122620.0
30
0
11
-264585.0
21
122620.0
31
0
0
LINE
8
interiors
10
-262415.0
20
122380.0
30
0
11
-262415.0
21
122620.0
31
0
0
LINE
8
interiors
10
-262345.0
20
122380.0
30
0
11
-262345.0
21
122620.0
31
0
0
LINE
8
interiors
10
-262415.0
20
122380.0
30
0
11
-262345.0
21
122380.0
31
0
0
LINE
8
interiors
10
-262415.0
20
122620.0
30
0
11
-262345.0
21
122620.0
31
0
0
LINE
8
interiors
10
-264650.0
20
122380.0
30
0
11
-264650.0
21
122620.0
31
0
0
LINE
8
interiors
10
-262350.0
20
122380.0
30
0
11
-262350.0
21
122620.0
31
0
0
LINE
8
interiors
10
-264650.0
20
122380.0
30
0
11
-262350.0
21
122380.0
31
0
0
LINE
8
interiors
10
-264650.0
20
122620.0
30
0
11
-262350.0
21
122620.0
31
0
0
LINE
8
interiors
10
-264569.61
20
122590.49
30
0
11
-264610.39
21
122609.51
31
0
0
LINE
8
interiors
10
-264113.18
20
123569.3
30
0
11
-264153.96
21
123588.32
31
0
0
LINE
8
interiors
10
-264569.61
20
122590.49
30
0
11
-264113.18
21
123569.3
31
0
0
LINE
8
interiors
10
-264610.39
20
122609.51
30
0
11
-264153.96
21
123588.32
31
0
0
LINE
8
interiors
10
-279220.0
20
135760.0
30
0
11
-279220.0
21
136240.0
31
0
0
LINE
8
interiors
10
-278740.0
20
135760.0
30
0
11
-278740.0
21
136240.0
31
0
0
LINE
8
interiors
10
-279220.0
20
135760.0
30
0
11
-278740.0
21
135760.0
31
0
0
LINE
8
interiors
10
-279220.0
20
136240.0
30
0
11
-278740.0
21
136240.0
31
0
0
LINE
8
interiors
10
-279220.0
20
136177.5
30
0
11
-279220.0
21
136242.5
31
0
0
LINE
8
interiors
10
-278740.0
20
136177.5
30
0
11
-278740.0
21
136242.5
31
0
0
LINE
8
interiors
10
-279220.0
20
136177.5
30
0
11
-278740.0
21
136177.5
31
0
0
LINE
8
interiors
10
-279220.0
20
136242.5
30
0
11
-278740.0
21
136242.5
31
0
0
LINE
8
interiors
10
-279187.5
20
135792.5
30
0
11
-279187.5
21
135827.5
31
0
0
LINE
8
interiors
10
-279152.5
20
135792.5
30
0
11
-279152.5
21
135827.5
31
0
0
LINE
8
interiors
10
-279187.5
20
135792.5
30
0
11
-279152.5
21
135792.5
31
0
0
LINE
8
interiors
10
-279187.5
20
135827.5
30
0
11
-279152.5
21
135827.5
31
0
0
LINE
8
interiors
10
-279187.5
20
136172.5
30
0
11
-279187.5
21
136207.5
31
0
0
LINE
8
interiors
10
-279152.5
20
136172.5
30
0
11
-279152.5
21
136207.5
31
0
0
LINE
8
interiors
10
-279187.5
20
136172.5
30
0
11
-279152.5
21
136172.5
31
0
0
LINE
8
interiors
10
-279187.5
20
136207.5
30
0
11
-279152.5
21
136207.5
31
0
0
LINE
8
interiors
10
-278807.5
20
135792.5
30
0
11
-278807.5
21
135827.5
31
0
0
LINE
8
interiors
10
-278772.5
20
135792.5
30
0
11
-278772.5
21
135827.5
31
0
0
LINE
8
interiors
10
-278807.5
20
135792.5
30
0
11
-278772.5
21
135792.5
31
0
0
LINE
8
interiors
10
-278807.5
20
135827.5
30
0
11
-278772.5
21
135827.5
31
0
0
LINE
8
interiors
10
-278807.5
20
136172.5
30
0
11
-278807.5
21
136207.5
31
0
0
LINE
8
interiors
10
-278772.5
20
136172.5
30
0
11
-278772.5
21
136207.5
31
0
0
LINE
8
interiors
10
-278807.5
20
136172.5
30
0
11
-278772.5
21
136172.5
31
0
0
LINE
8
interiors
10
-278807.5
20
136207.5
30
0
11
-278772.5
21
136207.5
31
0
0
LINE
8
interiors
10
-277980.0
20
136000.0
30
0
11
-278061.88
21
136224.98
31
0
0
LINE
8
interiors
10
-278061.88
20
136224.98
30
0
11
-278269.22
21
136344.68
31
0
0
LINE
8
interiors
10
-278269.22
20
136344.68
30
0
11
-278505.0
21
136303.11
31
0
0
LINE
8
interiors
10
-278505.0
20
136303.11
30
0
11
-278658.89
21
136119.71
31
0
0
LINE
8
interiors
10
-278658.89
20
136119.71
30
0
11
-278658.89
21
135880.29
31
0
0
LINE
8
interiors
10
-278658.89
20
135880.29
30
0
11
-278505.0
21
135696.89
31
0
0
LINE
8
interiors
10
-278505.0
20
135696.89
30
0
11
-278269.22
21
135655.32
31
0
0
LINE
8
interiors
10
-278269.22
20
135655.32
30
0
11
-278061.88
21
135775.02
31
0
0
LINE
8
interiors
10
-278061.88
20
135775.02
30
0
11
-277980.0
21
136000.0
31
0
0
LINE
8
interiors
10
-278290.0
20
136000.0
30
0
11
-278350.0
21
136034.64
31
0
0
LINE
8
interiors
10
-278350.0
20
136034.64
30
0
11
-278350.0
21
135965.36
31
0
0
LINE
8
interiors
10
-278350.0
20
135965.36
30
0
11
-278290.0
21
136000.0
31
0
0
LINE
8
interiors
10
-273028.0
20
135760.0
30
0
11
-273028.0
21
136240.0
31
0
0
LINE
8
interiors
10
-272548.0
20
135760.0
30
0
11
-272548.0
21
136240.0
31
0
0
LINE
8
interiors
10
-273028.0
20
135760.0
30
0
11
-272548.0
21
135760.0
31
0
0
LINE
8
interiors
10
-273028.0
20
136240.0
30
0
11
-272548.0
21
136240.0
31
0
0
LINE
8
interiors
10
-273028.0
20
136177.5
30
0
11
-273028.0
21
136242.5
31
0
0
LINE
8
interiors
10
-272548.0
20
136177.5
30
0
11
-272548.0
21
136242.5
31
0
0
LINE
8
interiors
10
-273028.0
20
136177.5
30
0
11
-272548.0
21
136177.5
31
0
0
LINE
8
interiors
10
-273028.0
20
136242.5
30
0
11
-272548.0
21
136242.5
31
0
0
LINE
8
interiors
10
-272995.5
20
135792.5
30
0
11
-272995.5
21
135827.5
31
0
0
LINE
8
interiors
10
-272960.5
20
135792.5
30
0
11
-272960.5
21
135827.5
31
0
0
LINE
8
interiors
10
-272995.5
20
135792.5
30
0
11
-272960.5
21
135792.5
31
0
0
LINE
8
interiors
10
-272995.5
20
135827.5
30
0
11
-272960.5
21
135827.5
31
0
0
LINE
8
interiors
10
-272995.5
20
136172.5
30
0
11
-272995.5
21
136207.5
31
0
0
LINE
8
interiors
10
-272960.5
20
136172.5
30
0
11
-272960.5
21
136207.5
31
0
0
LINE
8
interiors
10
-272995.5
20
136172.5
30
0
11
-272960.5
21
136172.5
31
0
0
LINE
8
interiors
10
-272995.5
20
136207.5
30
0
11
-272960.5
21
136207.5
31
0
0
LINE
8
interiors
10
-272615.5
20
135792.5
30
0
11
-272615.5
21
135827.5
31
0
0
LINE
8
interiors
10
-272580.5
20
135792.5
30
0
11
-272580.5
21
135827.5
31
0
0
LINE
8
interiors
10
-272615.5
20
135792.5
30
0
11
-272580.5
21
135792.5
31
0
0
LINE
8
interiors
10
-272615.5
20
135827.5
30
0
11
-272580.5
21
135827.5
31
0
0
LINE
8
interiors
10
-272615.5
20
136172.5
30
0
11
-272615.5
21
136207.5
31
0
0
LINE
8
interiors
10
-272580.5
20
136172.5
30
0
11
-272580.5
21
136207.5
31
0
0
LINE
8
interiors
10
-272615.5
20
136172.5
30
0
11
-272580.5
21
136172.5
31
0
0
LINE
8
interiors
10
-272615.5
20
136207.5
30
0
11
-272580.5
21
136207.5
31
0
0
LINE
8
interiors
10
-271788.0
20
136000.0
30
0
11
-271869.88
21
136224.98
31
0
0
LINE
8
interiors
10
-271869.88
20
136224.98
30
0
11
-272077.22
21
136344.68
31
0
0
LINE
8
interiors
10
-272077.22
20
136344.68
30
0
11
-272313.0
21
136303.11
31
0
0
LINE
8
interiors
10
-272313.0
20
136303.11
30
0
11
-272466.89
21
136119.71
31
0
0
LINE
8
interiors
10
-272466.89
20
136119.71
30
0
11
-272466.89
21
135880.29
31
0
0
LINE
8
interiors
10
-272466.89
20
135880.29
30
0
11
-272313.0
21
135696.89
31
0
0
LINE
8
interiors
10
-272313.0
20
135696.89
30
0
11
-272077.22
21
135655.32
31
0
0
LINE
8
interiors
10
-272077.22
20
135655.32
30
0
11
-271869.88
21
135775.02
31
0
0
LINE
8
interiors
10
-271869.88
20
135775.02
30
0
11
-271788.0
21
136000.0
31
0
0
LINE
8
interiors
10
-272098.0
20
136000.0
30
0
11
-272158.0
21
136034.64
31
0
0
LINE
8
interiors
10
-272158.0
20
136034.64
30
0
11
-272158.0
21
135965.36
31
0
0
LINE
8
interiors
10
-272158.0
20
135965.36
30
0
11
-272098.0
21
136000.0
31
0
0
LINE
8
interiors
10
-266836.0
20
135760.0
30
0
11
-266836.0
21
136240.0
31
0
0
LINE
8
interiors
10
-266356.0
20
135760.0
30
0
11
-266356.0
21
136240.0
31
0
0
LINE
8
interiors
10
-266836.0
20
135760.0
30
0
11
-266356.0
21
135760.0
31
0
0
LINE
8
interiors
10
-266836.0
20
136240.0
30
0
11
-266356.0
21
136240.0
31
0
0
LINE
8
interiors
10
-266836.0
20
136177.5
30
0
11
-266836.0
21
136242.5
31
0
0
LINE
8
interiors
10
-266356.0
20
136177.5
30
0
11
-266356.0
21
136242.5
31
0
0
LINE
8
interiors
10
-266836.0
20
136177.5
30
0
11
-266356.0
21
136177.5
31
0
0
LINE
8
interiors
10
-266836.0
20
136242.5
30
0
11
-266356.0
21
136242.5
31
0
0
LINE
8
interiors
10
-266803.5
20
135792.5
30
0
11
-266803.5
21
135827.5
31
0
0
LINE
8
interiors
10
-266768.5
20
135792.5
30
0
11
-266768.5
21
135827.5
31
0
0
LINE
8
interiors
10
-266803.5
20
135792.5
30
0
11
-266768.5
21
135792.5
31
0
0
LINE
8
interiors
10
-266803.5
20
135827.5
30
0
11
-266768.5
21
135827.5
31
0
0
LINE
8
interiors
10
-266803.5
20
136172.5
30
0
11
-266803.5
21
136207.5
31
0
0
LINE
8
interiors
10
-266768.5
20
136172.5
30
0
11
-266768.5
21
136207.5
31
0
0
LINE
8
interiors
10
-266803.5
20
136172.5
30
0
11
-266768.5
21
136172.5
31
0
0
LINE
8
interiors
10
-266803.5
20
136207.5
30
0
11
-266768.5
21
136207.5
31
0
0
LINE
8
interiors
10
-266423.5
20
135792.5
30
0
11
-266423.5
21
135827.5
31
0
0
LINE
8
interiors
10
-266388.5
20
135792.5
30
0
11
-266388.5
21
135827.5
31
0
0
LINE
8
interiors
10
-266423.5
20
135792.5
30
0
11
-266388.5
21
135792.5
31
0
0
LINE
8
interiors
10
-266423.5
20
135827.5
30
0
11
-266388.5
21
135827.5
31
0
0
LINE
8
interiors
10
-266423.5
20
136172.5
30
0
11
-266423.5
21
136207.5
31
0
0
LINE
8
interiors
10
-266388.5
20
136172.5
30
0
11
-266388.5
21
136207.5
31
0
0
LINE
8
interiors
10
-266423.5
20
136172.5
30
0
11
-266388.5
21
136172.5
31
0
0
LINE
8
interiors
10
-266423.5
20
136207.5
30
0
11
-266388.5
21
136207.5
31
0
0
LINE
8
interiors
10
-265596.0
20
136000.0
30
0
11
-265677.88
21
136224.98
31
0
0
LINE
8
interiors
10
-265677.88
20
136224.98
30
0
11
-265885.22
21
136344.68
31
0
0
LINE
8
interiors
10
-265885.22
20
136344.68
30
0
11
-266121.0
21
136303.11
31
0
0
LINE
8
interiors
10
-266121.0
20
136303.11
30
0
11
-266274.89
21
136119.71
31
0
0
LINE
8
interiors
10
-266274.89
20
136119.71
30
0
11
-266274.89
21
135880.29
31
0
0
LINE
8
interiors
10
-266274.89
20
135880.29
30
0
11
-266121.0
21
135696.89
31
0
0
LINE
8
interiors
10
-266121.0
20
135696.89
30
0
11
-265885.22
21
135655.32
31
0
0
LINE
8
interiors
10
-265885.22
20
135655.32
30
0
11
-265677.88
21
135775.02
31
0
0
LINE
8
interiors
10
-265677.88
20
135775.02
30
0
11
-265596.0
21
136000.0
31
0
0
LINE
8
interiors
10
-265906.0
20
136000.0
30
0
11
-265966.0
21
136034.64
31
0
0
LINE
8
interiors
10
-265966.0
20
136034.64
30
0
11
-265966.0
21
135965.36
31
0
0
LINE
8
interiors
10
-265966.0
20
135965.36
30
0
11
-265906.0
21
136000.0
31
0
0
LINE
8
interiors
10
-260644.0
20
135760.0
30
0
11
-260644.0
21
136240.0
31
0
0
LINE
8
interiors
10
-260164.0
20
135760.0
30
0
11
-260164.0
21
136240.0
31
0
0
LINE
8
interiors
10
-260644.0
20
135760.0
30
0
11
-260164.0
21
135760.0
31
0
0
LINE
8
interiors
10
-260644.0
20
136240.0
30
0
11
-260164.0
21
136240.0
31
0
0
LINE
8
interiors
10
-260644.0
20
136177.5
30
0
11
-260644.0
21
136242.5
31
0
0
LINE
8
interiors
10
-260164.0
20
136177.5
30
0
11
-260164.0
21
136242.5
31
0
0
LINE
8
interiors
10
-260644.0
20
136177.5
30
0
11
-260164.0
21
136177.5
31
0
0
LINE
8
interiors
10
-260644.0
20
136242.5
30
0
11
-260164.0
21
136242.5
31
0
0
LINE
8
interiors
10
-260611.5
20
135792.5
30
0
11
-260611.5
21
135827.5
31
0
0
LINE
8
interiors
10
-260576.5
20
135792.5
30
0
11
-260576.5
21
135827.5
31
0
0
LINE
8
interiors
10
-260611.5
20
135792.5
30
0
11
-260576.5
21
135792.5
31
0
0
LINE
8
interiors
10
-260611.5
20
135827.5
30
0
11
-260576.5
21
135827.5
31
0
0
LINE
8
interiors
10
-260611.5
20
136172.5
30
0
11
-260611.5
21
136207.5
31
0
0
LINE
8
interiors
10
-260576.5
20
136172.5
30
0
11
-260576.5
21
136207.5
31
0
0
LINE
8
interiors
10
-260611.5
20
136172.5
30
0
11
-260576.5
21
136172.5
31
0
0
LINE
8
interiors
10
-260611.5
20
136207.5
30
0
11
-260576.5
21
136207.5
31
0
0
LINE
8
interiors
10
-260231.5
20
135792.5
30
0
11
-260231.5
21
135827.5
31
0
0
LINE
8
interiors
10
-260196.5
20
135792.5
30
0
11
-260196.5
21
135827.5
31
0
0
LINE
8
interiors
10
-260231.5
20
135792.5
30
0
11
-260196.5
21
135792.5
31
0
0
LINE
8
interiors
10
-260231.5
20
135827.5
30
0
11
-260196.5
21
135827.5
31
0
0
LINE
8
interiors
10
-260231.5
20
136172.5
30
0
11
-260231.5
21
136207.5
31
0
0
LINE
8
interiors
10
-260196.5
20
136172.5
30
0
11
-260196.5
21
136207.5
31
0
0
LINE
8
interiors
10
-260231.5
20
136172.5
30
0
11
-260196.5
21
136172.5
31
0
0
LINE
8
interiors
10
-260231.5
20
136207.5
30
0
11
-260196.5
21
136207.5
31
0
0
LINE
8
interiors
10
-259404.0
20
136000.0
30
0
11
-259485.88
21
136224.98
31
0
0
LINE
8
interiors
10
-259485.88
20
136224.98
30
0
11
-259693.22
21
136344.68
31
0
0
LINE
8
interiors
10
-259693.22
20
136344.68
30
0
11
-259929.0
21
136303.11
31
0
0
LINE
8
interiors
10
-259929.0
20
136303.11
30
0
11
-260082.89
21
136119.71
31
0
0
LINE
8
interiors
10
-260082.89
20
136119.71
30
0
11
-260082.89
21
135880.29
31
0
0
LINE
8
interiors
10
-260082.89
20
135880.29
30
0
11
-259929.0
21
135696.89
31
0
0
LINE
8
interiors
10
-259929.0
20
135696.89
30
0
11
-259693.22
21
135655.32
31
0
0
LINE
8
interiors
10
-259693.22
20
135655.32
30
0
11
-259485.88
21
135775.02
31
0
0
LINE
8
interiors
10
-259485.88
20
135775.02
30
0
11
-259404.0
21
136000.0
31
0
0
LINE
8
interiors
10
-259714.0
20
136000.0
30
0
11
-259774.0
21
136034.64
31
0
0
LINE
8
interiors
10
-259774.0
20
136034.64
30
0
11
-259774.0
21
135965.36
31
0
0
LINE
8
interiors
10
-259774.0
20
135965.36
30
0
11
-259714.0
21
136000.0
31
0
0
LINE
8
interiors
10
-254452.0
20
135760.0
30
0
11
-254452.0
21
136240.0
31
0
0
LINE
8
interiors
10
-253972.0
20
135760.0
30
0
11
-253972.0
21
136240.0
31
0
0
LINE
8
interiors
10
-254452.0
20
135760.0
30
0
11
-253972.0
21
135760.0
31
0
0
LINE
8
interiors
10
-254452.0
20
136240.0
30
0
11
-253972.0
21
136240.0
31
0
0
LINE
8
interiors
10
-254452.0
20
136177.5
30
0
11
-254452.0
21
136242.5
31
0
0
LINE
8
interiors
10
-253972.0
20
136177.5
30
0
11
-253972.0
21
136242.5
31
0
0
LINE
8
interiors
10
-254452.0
20
136177.5
30
0
11
-253972.0
21
136177.5
31
0
0
LINE
8
interiors
10
-254452.0
20
136242.5
30
0
11
-253972.0
21
136242.5
31
0
0
LINE
8
interiors
10
-254419.5
20
135792.5
30
0
11
-254419.5
21
135827.5
31
0
0
LINE
8
interiors
10
-254384.5
20
135792.5
30
0
11
-254384.5
21
135827.5
31
0
0
LINE
8
interiors
10
-254419.5
20
135792.5
30
0
11
-254384.5
21
135792.5
31
0
0
LINE
8
interiors
10
-254419.5
20
135827.5
30
0
11
-254384.5
21
135827.5
31
0
0
LINE
8
interiors
10
-254419.5
20
136172.5
30
0
11
-254419.5
21
136207.5
31
0
0
LINE
8
interiors
10
-254384.5
20
136172.5
30
0
11
-254384.5
21
136207.5
31
0
0
LINE
8
interiors
10
-254419.5
20
136172.5
30
0
11
-254384.5
21
136172.5
31
0
0
LINE
8
interiors
10
-254419.5
20
136207.5
30
0
11
-254384.5
21
136207.5
31
0
0
LINE
8
interiors
10
-254039.5
20
135792.5
30
0
11
-254039.5
21
135827.5
31
0
0
LINE
8
interiors
10
-254004.5
20
135792.5
30
0
11
-254004.5
21
135827.5
31
0
0
LINE
8
interiors
10
-254039.5
20
135792.5
30
0
11
-254004.5
21
135792.5
31
0
0
LINE
8
interiors
10
-254039.5
20
135827.5
30
0
11
-254004.5
21
135827.5
31
0
0
LINE
8
interiors
10
-254039.5
20
136172.5
30
0
11
-254039.5
21
136207.5
31
0
0
LINE
8
interiors
10
-254004.5
20
136172.5
30
0
11
-254004.5
21
136207.5
31
0
0
LINE
8
interiors
10
-254039.5
20
136172.5
30
0
11
-254004.5
21
136172.5
31
0
0
LINE
8
interiors
10
-254039.5
20
136207.5
30
0
11
-254004.5
21
136207.5
31
0
0
LINE
8
interiors
10
-253212.0
20
136000.0
30
0
11
-253293.88
21
136224.98
31
0
0
LINE
8
interiors
10
-253293.88
20
136224.98
30
0
11
-253501.22
21
136344.68
31
0
0
LINE
8
interiors
10
-253501.22
20
136344.68
30
0
11
-253737.0
21
136303.11
31
0
0
LINE
8
interiors
10
-253737.0
20
136303.11
30
0
11
-253890.89
21
136119.71
31
0
0
LINE
8
interiors
10
-253890.89
20
136119.71
30
0
11
-253890.89
21
135880.29
31
0
0
LINE
8
interiors
10
-253890.89
20
135880.29
30
0
11
-253737.0
21
135696.89
31
0
0
LINE
8
interiors
10
-253737.0
20
135696.89
30
0
11
-253501.22
21
135655.32
31
0
0
LINE
8
interiors
10
-253501.22
20
135655.32
30
0
11
-253293.88
21
135775.02
31
0
0
LINE
8
interiors
10
-253293.88
20
135775.02
30
0
11
-253212.0
21
136000.0
31
0
0
LINE
8
interiors
10
-253522.0
20
136000.0
30
0
11
-253582.0
21
136034.64
31
0
0
LINE
8
interiors
10
-253582.0
20
136034.64
30
0
11
-253582.0
21
135965.36
31
0
0
LINE
8
interiors
10
-253582.0
20
135965.36
30
0
11
-253522.0
21
136000.0
31
0
0
LINE
8
interiors
10
-248260.0
20
135760.0
30
0
11
-248260.0
21
136240.0
31
0
0
LINE
8
interiors
10
-247780.0
20
135760.0
30
0
11
-247780.0
21
136240.0
31
0
0
LINE
8
interiors
10
-248260.0
20
135760.0
30
0
11
-247780.0
21
135760.0
31
0
0
LINE
8
interiors
10
-248260.0
20
136240.0
30
0
11
-247780.0
21
136240.0
31
0
0
LINE
8
interiors
10
-248260.0
20
136177.5
30
0
11
-248260.0
21
136242.5
31
0
0
LINE
8
interiors
10
-247780.0
20
136177.5
30
0
11
-247780.0
21
136242.5
31
0
0
LINE
8
interiors
10
-248260.0
20
136177.5
30
0
11
-247780.0
21
136177.5
31
0
0
LINE
8
interiors
10
-248260.0
20
136242.5
30
0
11
-247780.0
21
136242.5
31
0
0
LINE
8
interiors
10
-248227.5
20
135792.5
30
0
11
-248227.5
21
135827.5
31
0
0
LINE
8
interiors
10
-248192.5
20
135792.5
30
0
11
-248192.5
21
135827.5
31
0
0
LINE
8
interiors
10
-248227.5
20
135792.5
30
0
11
-248192.5
21
135792.5
31
0
0
LINE
8
interiors
10
-248227.5
20
135827.5
30
0
11
-248192.5
21
135827.5
31
0
0
LINE
8
interiors
10
-248227.5
20
136172.5
30
0
11
-248227.5
21
136207.5
31
0
0
LINE
8
interiors
10
-248192.5
20
136172.5
30
0
11
-248192.5
21
136207.5
31
0
0
LINE
8
interiors
10
-248227.5
20
136172.5
30
0
11
-248192.5
21
136172.5
31
0
0
LINE
8
interiors
10
-248227.5
20
136207.5
30
0
11
-248192.5
21
136207.5
31
0
0
LINE
8
interiors
10
-247847.5
20
135792.5
30
0
11
-247847.5
21
135827.5
31
0
0
LINE
8
interiors
10
-247812.5
20
135792.5
30
0
11
-247812.5
21
135827.5
31
0
0
LINE
8
interiors
10
-247847.5
20
135792.5
30
0
11
-247812.5
21
135792.5
31
0
0
LINE
8
interiors
10
-247847.5
20
135827.5
30
0
11
-247812.5
21
135827.5
31
0
0
LINE
8
interiors
10
-247847.5
20
136172.5
30
0
11
-247847.5
21
136207.5
31
0
0
LINE
8
interiors
10
-247812.5
20
136172.5
30
0
11
-247812.5
21
136207.5
31
0
0
LINE
8
interiors
10
-247847.5
20
136172.5
30
0
11
-247812.5
21
136172.5
31
0
0
LINE
8
interiors
10
-247847.5
20
136207.5
30
0
11
-247812.5
21
136207.5
31
0
0
LINE
8
interiors
10
-247020.0
20
136000.0
30
0
11
-247101.88
21
136224.98
31
0
0
LINE
8
interiors
10
-247101.88
20
136224.98
30
0
11
-247309.22
21
136344.68
31
0
0
LINE
8
interiors
10
-247309.22
20
136344.68
30
0
11
-247545.0
21
136303.11
31
0
0
LINE
8
interiors
10
-247545.0
20
136303.11
30
0
11
-247698.89
21
136119.71
31
0
0
LINE
8
interiors
10
-247698.89
20
136119.71
30
0
11
-247698.89
21
135880.29
31
0
0
LINE
8
interiors
10
-247698.89
20
135880.29
30
0
11
-247545.0
21
135696.89
31
0
0
LINE
8
interiors
10
-247545.0
20
135696.89
30
0
11
-247309.22
21
135655.32
31
0
0
LINE
8
interiors
10
-247309.22
20
135655.32
30
0
11
-247101.88
21
135775.02
31
0
0
LINE
8
interiors
10
-247101.88
20
135775.02
30
0
11
-247020.0
21
136000.0
31
0
0
LINE
8
interiors
10
-247330.0
20
136000.0
30
0
11
-247390.0
21
136034.64
31
0
0
LINE
8
interiors
10
-247390.0
20
136034.64
30
0
11
-247390.0
21
135965.36
31
0
0
LINE
8
interiors
10
-247390.0
20
135965.36
30
0
11
-247330.0
21
136000.0
31
0
0
LINE
8
interiors
10
-277500.0
20
127400.0
30
0
11
-277500.0
21
128400.0
31
0
0
LINE
8
interiors
10
-275300.0
20
127400.0
30
0
11
-275300.0
21
128400.0
31
0
0
LINE
8
interiors
10
-277500.0
20
127400.0
30
0
11
-275300.0
21
127400.0
31
0
0
LINE
8
interiors
10
-277500.0
20
128400.0
30
0
11
-275300.0
21
128400.0
31
0
0
LINE
8
interiors
10
-276350.0
20
127625.0
30
0
11
-276350.0
21
128175.0
31
0
0
LINE
8
interiors
10
-275650.0
20
127625.0
30
0
11
-275650.0
21
128175.0
31
0
0
LINE
8
interiors
10
-276350.0
20
127625.0
30
0
11
-275650.0
21
127625.0
31
0
0
LINE
8
interiors
10
-276350.0
20
128175.0
30
0
11
-275650.0
21
128175.0
31
0
0
LINE
8
interiors
10
-276850.0
20
127900.0
30
0
11
-276925.3
21
128056.37
31
0
0
LINE
8
interiors
10
-276925.3
20
128056.37
30
0
11
-277094.5
21
128094.99
31
0
0
LINE
8
interiors
10
-277094.5
20
128094.99
30
0
11
-277230.19
21
127986.78
31
0
0
LINE
8
interiors
10
-277230.19
20
127986.78
30
0
11
-277230.19
21
127813.22
31
0
0
LINE
8
interiors
10
-277230.19
20
127813.22
30
0
11
-277094.5
21
127705.01
31
0
0
LINE
8
interiors
10
-277094.5
20
127705.01
30
0
11
-276925.3
21
127743.63
31
0
0
LINE
8
interiors
10
-276925.3
20
127743.63
30
0
11
-276850.0
21
127900.0
31
0
0
LINE
8
electrical
10
-242725.0
20
122575.0
30
0
11
-242725.0
21
122825.0
31
0
0
LINE
8
electrical
10
-242175.0
20
122575.0
30
0
11
-242175.0
21
122825.0
31
0
0
LINE
8
electrical
10
-242725.0
20
122575.0
30
0
11
-242175.0
21
122575.0
31
0
0
LINE
8
electrical
10
-242725.0
20
122825.0
30
0
11
-242175.0
21
122825.0
31
0
0
LINE
8
electrical
10
-242685.0
20
122547.5
30
0
11
-242685.0
21
122582.5
31
0
0
LINE
8
electrical
10
-242215.0
20
122547.5
30
0
11
-242215.0
21
122582.5
31
0
0
LINE
8
electrical
10
-242685.0
20
122547.5
30
0
11
-242215.0
21
122547.5
31
0
0
LINE
8
electrical
10
-242685.0
20
122582.5
30
0
11
-242215.0
21
122582.5
31
0
0
LINE
8
electrical
10
-242637.5
20
122510.0
30
0
11
-242637.5
21
122550.0
31
0
0
LINE
8
electrical
10
-242537.5
20
122510.0
30
0
11
-242537.5
21
122550.0
31
0
0
LINE
8
electrical
10
-242637.5
20
122510.0
30
0
11
-242537.5
21
122510.0
31
0
0
LINE
8
electrical
10
-242637.5
20
122550.0
30
0
11
-242537.5
21
122550.0
31
0
0
LINE
8
electrical
10
-242500.0
20
122510.0
30
0
11
-242500.0
21
122550.0
31
0
0
LINE
8
electrical
10
-242400.0
20
122510.0
30
0
11
-242400.0
21
122550.0
31
0
0
LINE
8
electrical
10
-242500.0
20
122510.0
30
0
11
-242400.0
21
122510.0
31
0
0
LINE
8
electrical
10
-242500.0
20
122550.0
30
0
11
-242400.0
21
122550.0
31
0
0
LINE
8
electrical
10
-242362.5
20
122510.0
30
0
11
-242362.5
21
122550.0
31
0
0
LINE
8
electrical
10
-242262.5
20
122510.0
30
0
11
-242262.5
21
122550.0
31
0
0
LINE
8
electrical
10
-242362.5
20
122510.0
30
0
11
-242262.5
21
122510.0
31
0
0
LINE
8
electrical
10
-242362.5
20
122550.0
30
0
11
-242262.5
21
122550.0
31
0
0
LINE
8
electrical
10
-242587.5
20
122495.0
30
0
11
-242564.12
21
122495.0
31
0
0
LINE
8
electrical
10
-242564.12
20
122495.0
30
0
11
-242610.88
21
122495.0
31
0
0
LINE
8
electrical
10
-242610.88
20
122495.0
30
0
11
-242587.5
21
122495.0
31
0
0
LINE
8
electrical
10
-242587.5
20
122520.0
30
0
11
-242587.5
21
122495.0
31
0
0
LINE
8
electrical
10
-242587.5
20
122520.0
30
0
11
-242564.12
21
122520.0
31
0
0
LINE
8
electrical
10
-242564.12
20
122520.0
30
0
11
-242610.88
21
122520.0
31
0
0
LINE
8
electrical
10
-242610.88
20
122520.0
30
0
11
-242587.5
21
122520.0
31
0
0
LINE
8
electrical
10
-242450.0
20
122495.0
30
0
11
-242426.62
21
122495.0
31
0
0
LINE
8
electrical
10
-242426.62
20
122495.0
30
0
11
-242473.38
21
122495.0
31
0
0
LINE
8
electrical
10
-242473.38
20
122495.0
30
0
11
-242450.0
21
122495.0
31
0
0
LINE
8
electrical
10
-242450.0
20
122520.0
30
0
11
-242450.0
21
122495.0
31
0
0
LINE
8
electrical
10
-242450.0
20
122520.0
30
0
11
-242426.62
21
122520.0
31
0
0
LINE
8
electrical
10
-242426.62
20
122520.0
30
0
11
-242473.38
21
122520.0
31
0
0
LINE
8
electrical
10
-242473.38
20
122520.0
30
0
11
-242450.0
21
122520.0
31
0
0
LINE
8
electrical
10
-242312.5
20
122495.0
30
0
11
-242289.12
21
122495.0
31
0
0
LINE
8
electrical
10
-242289.12
20
122495.0
30
0
11
-242335.88
21
122495.0
31
0
0
LINE
8
electrical
10
-242335.88
20
122495.0
30
0
11
-242312.5
21
122495.0
31
0
0
LINE
8
electrical
10
-242312.5
20
122520.0
30
0
11
-242312.5
21
122495.0
31
0
0
LINE
8
electrical
10
-242312.5
20
122520.0
30
0
11
-242289.12
21
122520.0
31
0
0
LINE
8
electrical
10
-242289.12
20
122520.0
30
0
11
-242335.88
21
122520.0
31
0
0
LINE
8
electrical
10
-242335.88
20
122520.0
30
0
11
-242312.5
21
122520.0
31
0
0
LINE
8
electrical
10
-242450.0
20
122700.0
30
0
11
-242434.41
21
122700.0
31
0
0
LINE
8
electrical
10
-242434.41
20
122700.0
30
0
11
-242465.59
21
122700.0
31
0
0
LINE
8
electrical
10
-242465.59
20
122700.0
30
0
11
-242450.0
21
122700.0
31
0
0
LINE
8
electrical
10
-242450.0
20
122200.0
30
0
11
-242450.0
21
122700.0
31
0
0
LINE
8
electrical
10
-242450.0
20
122200.0
30
0
11
-242434.41
21
122200.0
31
0
0
LINE
8
electrical
10
-242434.41
20
122200.0
30
0
11
-242465.59
21
122200.0
31
0
0
LINE
8
electrical
10
-242465.59
20
122200.0
30
0
11
-242450.0
21
122200.0
31
0
0
LINE
8
electrical
10
-242468.0
20
122700.0
30
0
11
-242441.0
21
122715.59
31
0
0
LINE
8
electrical
10
-242441.0
20
122715.59
30
0
11
-242441.0
21
122684.41
31
0
0
LINE
8
electrical
10
-242441.0
20
122684.41
30
0
11
-242468.0
21
122700.0
31
0
0
LINE
8
electrical
10
-242450.0
20
122700.0
30
0
11
-242430.56
21
122700.0
31
0
0
LINE
8
electrical
10
-242430.56
20
122700.0
30
0
11
-242450.0
21
122700.0
31
0
0
LINE
8
lighting
10
-279300.0
20
126500.0
30
0
11
-279300.0
21
127140.0
31
0
0
LINE
8
lighting
10
-278660.0
20
126500.0
30
0
11
-278660.0
21
127140.0
31
0
0
LINE
8
lighting
10
-279300.0
20
126500.0
30
0
11
-278660.0
21
126500.0
31
0
0
LINE
8
lighting
10
-279300.0
20
127140.0
30
0
11
-278660.0
21
127140.0
31
0
0
LINE
8
lighting
10
-279260.0
20
126540.0
30
0
11
-279260.0
21
127100.0
31
0
0
LINE
8
lighting
10
-278700.0
20
126540.0
30
0
11
-278700.0
21
127100.0
31
0
0
LINE
8
lighting
10
-279260.0
20
126540.0
30
0
11
-278700.0
21
126540.0
31
0
0
LINE
8
lighting
10
-279260.0
20
127100.0
30
0
11
-278700.0
21
127100.0
31
0
0
LINE
8
lighting
10
-279226.0
20
126550.0
30
0
11
-279226.0
21
127090.0
31
0
0
LINE
8
lighting
10
-279214.0
20
126550.0
30
0
11
-279214.0
21
127090.0
31
0
0
LINE
8
lighting
10
-279226.0
20
126550.0
30
0
11
-279214.0
21
126550.0
31
0
0
LINE
8
lighting
10
-279226.0
20
127090.0
30
0
11
-279214.0
21
127090.0
31
0
0
LINE
8
lighting
10
-279146.0
20
126550.0
30
0
11
-279146.0
21
127090.0
31
0
0
LINE
8
lighting
10
-279134.0
20
126550.0
30
0
11
-279134.0
21
127090.0
31
0
0
LINE
8
lighting
10
-279146.0
20
126550.0
30
0
11
-279134.0
21
126550.0
31
0
0
LINE
8
lighting
10
-279146.0
20
127090.0
30
0
11
-279134.0
21
127090.0
31
0
0
LINE
8
lighting
10
-279066.0
20
126550.0
30
0
11
-279066.0
21
127090.0
31
0
0
LINE
8
lighting
10
-279054.0
20
126550.0
30
0
11
-279054.0
21
127090.0
31
0
0
LINE
8
lighting
10
-279066.0
20
126550.0
30
0
11
-279054.0
21
126550.0
31
0
0
LINE
8
lighting
10
-279066.0
20
127090.0
30
0
11
-279054.0
21
127090.0
31
0
0
LINE
8
lighting
10
-278986.0
20
126550.0
30
0
11
-278986.0
21
127090.0
31
0
0
LINE
8
lighting
10
-278974.0
20
126550.0
30
0
11
-278974.0
21
127090.0
31
0
0
LINE
8
lighting
10
-278986.0
20
126550.0
30
0
11
-278974.0
21
126550.0
31
0
0
LINE
8
lighting
10
-278986.0
20
127090.0
30
0
11
-278974.0
21
127090.0
31
0
0
LINE
8
lighting
10
-278906.0
20
126550.0
30
0
11
-278906.0
21
127090.0
31
0
0
LINE
8
lighting
10
-278894.0
20
126550.0
30
0
11
-278894.0
21
127090.0
31
0
0
LINE
8
lighting
10
-278906.0
20
126550.0
30
0
11
-278894.0
21
126550.0
31
0
0
LINE
8
lighting
10
-278906.0
20
127090.0
30
0
11
-278894.0
21
127090.0
31
0
0
LINE
8
lighting
10
-278826.0
20
126550.0
30
0
11
-278826.0
21
127090.0
31
0
0
LINE
8
lighting
10
-278814.0
20
126550.0
30
0
11
-278814.0
21
127090.0
31
0
0
LINE
8
lighting
10
-278826.0
20
126550.0
30
0
11
-278814.0
21
126550.0
31
0
0
LINE
8
lighting
10
-278826.0
20
127090.0
30
0
11
-278814.0
21
127090.0
31
0
0
LINE
8
lighting
10
-278746.0
20
126550.0
30
0
11
-278746.0
21
127090.0
31
0
0
LINE
8
lighting
10
-278734.0
20
126550.0
30
0
11
-278734.0
21
127090.0
31
0
0
LINE
8
lighting
10
-278746.0
20
126550.0
30
0
11
-278734.0
21
126550.0
31
0
0
LINE
8
lighting
10
-278746.0
20
127090.0
30
0
11
-278734.0
21
127090.0
31
0
0
LINE
8
lighting
10
-278971.0
20
126820.0
30
0
11
-278984.5
21
126827.79
31
0
0
LINE
8
lighting
10
-278984.5
20
126827.79
30
0
11
-278984.5
21
126812.21
31
0
0
LINE
8
lighting
10
-278984.5
20
126812.21
30
0
11
-278971.0
21
126820.0
31
0
0
LINE
8
lighting
10
-258660.0
20
126500.0
30
0
11
-258660.0
21
127140.0
31
0
0
LINE
8
lighting
10
-258020.0
20
126500.0
30
0
11
-258020.0
21
127140.0
31
0
0
LINE
8
lighting
10
-258660.0
20
126500.0
30
0
11
-258020.0
21
126500.0
31
0
0
LINE
8
lighting
10
-258660.0
20
127140.0
30
0
11
-258020.0
21
127140.0
31
0
0
LINE
8
lighting
10
-258620.0
20
126540.0
30
0
11
-258620.0
21
127100.0
31
0
0
LINE
8
lighting
10
-258060.0
20
126540.0
30
0
11
-258060.0
21
127100.0
31
0
0
LINE
8
lighting
10
-258620.0
20
126540.0
30
0
11
-258060.0
21
126540.0
31
0
0
LINE
8
lighting
10
-258620.0
20
127100.0
30
0
11
-258060.0
21
127100.0
31
0
0
LINE
8
lighting
10
-258586.0
20
126550.0
30
0
11
-258586.0
21
127090.0
31
0
0
LINE
8
lighting
10
-258574.0
20
126550.0
30
0
11
-258574.0
21
127090.0
31
0
0
LINE
8
lighting
10
-258586.0
20
126550.0
30
0
11
-258574.0
21
126550.0
31
0
0
LINE
8
lighting
10
-258586.0
20
127090.0
30
0
11
-258574.0
21
127090.0
31
0
0
LINE
8
lighting
10
-258506.0
20
126550.0
30
0
11
-258506.0
21
127090.0
31
0
0
LINE
8
lighting
10
-258494.0
20
126550.0
30
0
11
-258494.0
21
127090.0
31
0
0
LINE
8
lighting
10
-258506.0
20
126550.0
30
0
11
-258494.0
21
126550.0
31
0
0
LINE
8
lighting
10
-258506.0
20
127090.0
30
0
11
-258494.0
21
127090.0
31
0
0
LINE
8
lighting
10
-258426.0
20
126550.0
30
0
11
-258426.0
21
127090.0
31
0
0
LINE
8
lighting
10
-258414.0
20
126550.0
30
0
11
-258414.0
21
127090.0
31
0
0
LINE
8
lighting
10
-258426.0
20
126550.0
30
0
11
-258414.0
21
126550.0
31
0
0
LINE
8
lighting
10
-258426.0
20
127090.0
30
0
11
-258414.0
21
127090.0
31
0
0
LINE
8
lighting
10
-258346.0
20
126550.0
30
0
11
-258346.0
21
127090.0
31
0
0
LINE
8
lighting
10
-258334.0
20
126550.0
30
0
11
-258334.0
21
127090.0
31
0
0
LINE
8
lighting
10
-258346.0
20
126550.0
30
0
11
-258334.0
21
126550.0
31
0
0
LINE
8
lighting
10
-258346.0
20
127090.0
30
0
11
-258334.0
21
127090.0
31
0
0
LINE
8
lighting
10
-258266.0
20
126550.0
30
0
11
-258266.0
21
127090.0
31
0
0
LINE
8
lighting
10
-258254.0
20
126550.0
30
0
11
-258254.0
21
127090.0
31
0
0
LINE
8
lighting
10
-258266.0
20
126550.0
30
0
11
-258254.0
21
126550.0
31
0
0
LINE
8
lighting
10
-258266.0
20
127090.0
30
0
11
-258254.0
21
127090.0
31
0
0
LINE
8
lighting
10
-258186.0
20
126550.0
30
0
11
-258186.0
21
127090.0
31
0
0
LINE
8
lighting
10
-258174.0
20
126550.0
30
0
11
-258174.0
21
127090.0
31
0
0
LINE
8
lighting
10
-258186.0
20
126550.0
30
0
11
-258174.0
21
126550.0
31
0
0
LINE
8
lighting
10
-258186.0
20
127090.0
30
0
11
-258174.0
21
127090.0
31
0
0
LINE
8
lighting
10
-258106.0
20
126550.0
30
0
11
-258106.0
21
127090.0
31
0
0
LINE
8
lighting
10
-258094.0
20
126550.0
30
0
11
-258094.0
21
127090.0
31
0
0
LINE
8
lighting
10
-258106.0
20
126550.0
30
0
11
-258094.0
21
126550.0
31
0
0
LINE
8
lighting
10
-258106.0
20
127090.0
30
0
11
-258094.0
21
127090.0
31
0
0
LINE
8
lighting
10
-258331.0
20
126820.0
30
0
11
-258344.5
21
126827.79
31
0
0
LINE
8
lighting
10
-258344.5
20
126827.79
30
0
11
-258344.5
21
126812.21
31
0
0
LINE
8
lighting
10
-258344.5
20
126812.21
30
0
11
-258331.0
21
126820.0
31
0
0
LINE
8
lighting
10
-279300.0
20
144860.0
30
0
11
-279300.0
21
145500.0
31
0
0
LINE
8
lighting
10
-278660.0
20
144860.0
30
0
11
-278660.0
21
145500.0
31
0
0
LINE
8
lighting
10
-279300.0
20
144860.0
30
0
11
-278660.0
21
144860.0
31
0
0
LINE
8
lighting
10
-279300.0
20
145500.0
30
0
11
-278660.0
21
145500.0
31
0
0
LINE
8
lighting
10
-279260.0
20
144900.0
30
0
11
-279260.0
21
145460.0
31
0
0
LINE
8
lighting
10
-278700.0
20
144900.0
30
0
11
-278700.0
21
145460.0
31
0
0
LINE
8
lighting
10
-279260.0
20
144900.0
30
0
11
-278700.0
21
144900.0
31
0
0
LINE
8
lighting
10
-279260.0
20
145460.0
30
0
11
-278700.0
21
145460.0
31
0
0
LINE
8
lighting
10
-279226.0
20
144910.0
30
0
11
-279226.0
21
145450.0
31
0
0
LINE
8
lighting
10
-279214.0
20
144910.0
30
0
11
-279214.0
21
145450.0
31
0
0
LINE
8
lighting
10
-279226.0
20
144910.0
30
0
11
-279214.0
21
144910.0
31
0
0
LINE
8
lighting
10
-279226.0
20
145450.0
30
0
11
-279214.0
21
145450.0
31
0
0
LINE
8
lighting
10
-279146.0
20
144910.0
30
0
11
-279146.0
21
145450.0
31
0
0
LINE
8
lighting
10
-279134.0
20
144910.0
30
0
11
-279134.0
21
145450.0
31
0
0
LINE
8
lighting
10
-279146.0
20
144910.0
30
0
11
-279134.0
21
144910.0
31
0
0
LINE
8
lighting
10
-279146.0
20
145450.0
30
0
11
-279134.0
21
145450.0
31
0
0
LINE
8
lighting
10
-279066.0
20
144910.0
30
0
11
-279066.0
21
145450.0
31
0
0
LINE
8
lighting
10
-279054.0
20
144910.0
30
0
11
-279054.0
21
145450.0
31
0
0
LINE
8
lighting
10
-279066.0
20
144910.0
30
0
11
-279054.0
21
144910.0
31
0
0
LINE
8
lighting
10
-279066.0
20
145450.0
30
0
11
-279054.0
21
145450.0
31
0
0
LINE
8
lighting
10
-278986.0
20
144910.0
30
0
11
-278986.0
21
145450.0
31
0
0
LINE
8
lighting
10
-278974.0
20
144910.0
30
0
11
-278974.0
21
145450.0
31
0
0
LINE
8
lighting
10
-278986.0
20
144910.0
30
0
11
-278974.0
21
144910.0
31
0
0
LINE
8
lighting
10
-278986.0
20
145450.0
30
0
11
-278974.0
21
145450.0
31
0
0
LINE
8
lighting
10
-278906.0
20
144910.0
30
0
11
-278906.0
21
145450.0
31
0
0
LINE
8
lighting
10
-278894.0
20
144910.0
30
0
11
-278894.0
21
145450.0
31
0
0
LINE
8
lighting
10
-278906.0
20
144910.0
30
0
11
-278894.0
21
144910.0
31
0
0
LINE
8
lighting
10
-278906.0
20
145450.0
30
0
11
-278894.0
21
145450.0
31
0
0
LINE
8
lighting
10
-278826.0
20
144910.0
30
0
11
-278826.0
21
145450.0
31
0
0
LINE
8
lighting
10
-278814.0
20
144910.0
30
0
11
-278814.0
21
145450.0
31
0
0
LINE
8
lighting
10
-278826.0
20
144910.0
30
0
11
-278814.0
21
144910.0
31
0
0
LINE
8
lighting
10
-278826.0
20
145450.0
30
0
11
-278814.0
21
145450.0
31
0
0
LINE
8
lighting
10
-278746.0
20
144910.0
30
0
11
-278746.0
21
145450.0
31
0
0
LINE
8
lighting
10
-278734.0
20
144910.0
30
0
11
-278734.0
21
145450.0
31
0
0
LINE
8
lighting
10
-278746.0
20
144910.0
30
0
11
-278734.0
21
144910.0
31
0
0
LINE
8
lighting
10
-278746.0
20
145450.0
30
0
11
-278734.0
21
145450.0
31
0
0
LINE
8
lighting
10
-278971.0
20
145180.0
30
0
11
-278984.5
21
145187.79
31
0
0
LINE
8
lighting
10
-278984.5
20
145187.79
30
0
11
-278984.5
21
145172.21
31
0
0
LINE
8
lighting
10
-278984.5
20
145172.21
30
0
11
-278971.0
21
145180.0
31
0
0
LINE
8
lighting
10
-258660.0
20
144860.0
30
0
11
-258660.0
21
145500.0
31
0
0
LINE
8
lighting
10
-258020.0
20
144860.0
30
0
11
-258020.0
21
145500.0
31
0
0
LINE
8
lighting
10
-258660.0
20
144860.0
30
0
11
-258020.0
21
144860.0
31
0
0
LINE
8
lighting
10
-258660.0
20
145500.0
30
0
11
-258020.0
21
145500.0
31
0
0
LINE
8
lighting
10
-258620.0
20
144900.0
30
0
11
-258620.0
21
145460.0
31
0
0
LINE
8
lighting
10
-258060.0
20
144900.0
30
0
11
-258060.0
21
145460.0
31
0
0
LINE
8
lighting
10
-258620.0
20
144900.0
30
0
11
-258060.0
21
144900.0
31
0
0
LINE
8
lighting
10
-258620.0
20
145460.0
30
0
11
-258060.0
21
145460.0
31
0
0
LINE
8
lighting
10
-258586.0
20
144910.0
30
0
11
-258586.0
21
145450.0
31
0
0
LINE
8
lighting
10
-258574.0
20
144910.0
30
0
11
-258574.0
21
145450.0
31
0
0
LINE
8
lighting
10
-258586.0
20
144910.0
30
0
11
-258574.0
21
144910.0
31
0
0
LINE
8
lighting
10
-258586.0
20
145450.0
30
0
11
-258574.0
21
145450.0
31
0
0
LINE
8
lighting
10
-258506.0
20
144910.0
30
0
11
-258506.0
21
145450.0
31
0
0
LINE
8
lighting
10
-258494.0
20
144910.0
30
0
11
-258494.0
21
145450.0
31
0
0
LINE
8
lighting
10
-258506.0
20
144910.0
30
0
11
-258494.0
21
144910.0
31
0
0
LINE
8
lighting
10
-258506.0
20
145450.0
30
0
11
-258494.0
21
145450.0
31
0
0
LINE
8
lighting
10
-258426.0
20
144910.0
30
0
11
-258426.0
21
145450.0
31
0
0
LINE
8
lighting
10
-258414.0
20
144910.0
30
0
11
-258414.0
21
145450.0
31
0
0
LINE
8
lighting
10
-258426.0
20
144910.0
30
0
11
-258414.0
21
144910.0
31
0
0
LINE
8
lighting
10
-258426.0
20
145450.0
30
0
11
-258414.0
21
145450.0
31
0
0
LINE
8
lighting
10
-258346.0
20
144910.0
30
0
11
-258346.0
21
145450.0
31
0
0
LINE
8
lighting
10
-258334.0
20
144910.0
30
0
11
-258334.0
21
145450.0
31
0
0
LINE
8
lighting
10
-258346.0
20
144910.0
30
0
11
-258334.0
21
144910.0
31
0
0
LINE
8
lighting
10
-258346.0
20
145450.0
30
0
11
-258334.0
21
145450.0
31
0
0
LINE
8
lighting
10
-258266.0
20
144910.0
30
0
11
-258266.0
21
145450.0
31
0
0
LINE
8
lighting
10
-258254.0
20
144910.0
30
0
11
-258254.0
21
145450.0
31
0
0
LINE
8
lighting
10
-258266.0
20
144910.0
30
0
11
-258254.0
21
144910.0
31
0
0
LINE
8
lighting
10
-258266.0
20
145450.0
30
0
11
-258254.0
21
145450.0
31
0
0
LINE
8
lighting
10
-258186.0
20
144910.0
30
0
11
-258186.0
21
145450.0
31
0
0
LINE
8
lighting
10
-258174.0
20
144910.0
30
0
11
-258174.0
21
145450.0
31
0
0
LINE
8
lighting
10
-258186.0
20
144910.0
30
0
11
-258174.0
21
144910.0
31
0
0
LINE
8
lighting
10
-258186.0
20
145450.0
30
0
11
-258174.0
21
145450.0
31
0
0
LINE
8
lighting
10
-258106.0
20
144910.0
30
0
11
-258106.0
21
145450.0
31
0
0
LINE
8
lighting
10
-258094.0
20
144910.0
30
0
11
-258094.0
21
145450.0
31
0
0
LINE
8
lighting
10
-258106.0
20
144910.0
30
0
11
-258094.0
21
144910.0
31
0
0
LINE
8
lighting
10
-258106.0
20
145450.0
30
0
11
-258094.0
21
145450.0
31
0
0
LINE
8
lighting
10
-258331.0
20
145180.0
30
0
11
-258344.5
21
145187.79
31
0
0
LINE
8
lighting
10
-258344.5
20
145187.79
30
0
11
-258344.5
21
145172.21
31
0
0
LINE
8
lighting
10
-258344.5
20
145172.21
30
0
11
-258331.0
21
145180.0
31
0
0
LINE
8
lighting
10
-268980.0
20
126500.0
30
0
11
-268980.0
21
127140.0
31
0
0
LINE
8
lighting
10
-268340.0
20
126500.0
30
0
11
-268340.0
21
127140.0
31
0
0
LINE
8
lighting
10
-268980.0
20
126500.0
30
0
11
-268340.0
21
126500.0
31
0
0
LINE
8
lighting
10
-268980.0
20
127140.0
30
0
11
-268340.0
21
127140.0
31
0
0
LINE
8
lighting
10
-268940.0
20
126540.0
30
0
11
-268940.0
21
127100.0
31
0
0
LINE
8
lighting
10
-268380.0
20
126540.0
30
0
11
-268380.0
21
127100.0
31
0
0
LINE
8
lighting
10
-268940.0
20
126540.0
30
0
11
-268380.0
21
126540.0
31
0
0
LINE
8
lighting
10
-268940.0
20
127100.0
30
0
11
-268380.0
21
127100.0
31
0
0
LINE
8
lighting
10
-268906.0
20
126550.0
30
0
11
-268906.0
21
127090.0
31
0
0
LINE
8
lighting
10
-268894.0
20
126550.0
30
0
11
-268894.0
21
127090.0
31
0
0
LINE
8
lighting
10
-268906.0
20
126550.0
30
0
11
-268894.0
21
126550.0
31
0
0
LINE
8
lighting
10
-268906.0
20
127090.0
30
0
11
-268894.0
21
127090.0
31
0
0
LINE
8
lighting
10
-268826.0
20
126550.0
30
0
11
-268826.0
21
127090.0
31
0
0
LINE
8
lighting
10
-268814.0
20
126550.0
30
0
11
-268814.0
21
127090.0
31
0
0
LINE
8
lighting
10
-268826.0
20
126550.0
30
0
11
-268814.0
21
126550.0
31
0
0
LINE
8
lighting
10
-268826.0
20
127090.0
30
0
11
-268814.0
21
127090.0
31
0
0
LINE
8
lighting
10
-268746.0
20
126550.0
30
0
11
-268746.0
21
127090.0
31
0
0
LINE
8
lighting
10
-268734.0
20
126550.0
30
0
11
-268734.0
21
127090.0
31
0
0
LINE
8
lighting
10
-268746.0
20
126550.0
30
0
11
-268734.0
21
126550.0
31
0
0
LINE
8
lighting
10
-268746.0
20
127090.0
30
0
11
-268734.0
21
127090.0
31
0
0
LINE
8
lighting
10
-268666.0
20
126550.0
30
0
11
-268666.0
21
127090.0
31
0
0
LINE
8
lighting
10
-268654.0
20
126550.0
30
0
11
-268654.0
21
127090.0
31
0
0
LINE
8
lighting
10
-268666.0
20
126550.0
30
0
11
-268654.0
21
126550.0
31
0
0
LINE
8
lighting
10
-268666.0
20
127090.0
30
0
11
-268654.0
21
127090.0
31
0
0
LINE
8
lighting
10
-268586.0
20
126550.0
30
0
11
-268586.0
21
127090.0
31
0
0
LINE
8
lighting
10
-268574.0
20
126550.0
30
0
11
-268574.0
21
127090.0
31
0
0
LINE
8
lighting
10
-268586.0
20
126550.0
30
0
11
-268574.0
21
126550.0
31
0
0
LINE
8
lighting
10
-268586.0
20
127090.0
30
0
11
-268574.0
21
127090.0
31
0
0
LINE
8
lighting
10
-268506.0
20
126550.0
30
0
11
-268506.0
21
127090.0
31
0
0
LINE
8
lighting
10
-268494.0
20
126550.0
30
0
11
-268494.0
21
127090.0
31
0
0
LINE
8
lighting
10
-268506.0
20
126550.0
30
0
11
-268494.0
21
126550.0
31
0
0
LINE
8
lighting
10
-268506.0
20
127090.0
30
0
11
-268494.0
21
127090.0
31
0
0
LINE
8
lighting
10
-268426.0
20
126550.0
30
0
11
-268426.0
21
127090.0
31
0
0
LINE
8
lighting
10
-268414.0
20
126550.0
30
0
11
-268414.0
21
127090.0
31
0
0
LINE
8
lighting
10
-268426.0
20
126550.0
30
0
11
-268414.0
21
126550.0
31
0
0
LINE
8
lighting
10
-268426.0
20
127090.0
30
0
11
-268414.0
21
127090.0
31
0
0
LINE
8
lighting
10
-268651.0
20
126820.0
30
0
11
-268664.5
21
126827.79
31
0
0
LINE
8
lighting
10
-268664.5
20
126827.79
30
0
11
-268664.5
21
126812.21
31
0
0
LINE
8
lighting
10
-268664.5
20
126812.21
30
0
11
-268651.0
21
126820.0
31
0
0
LINE
8
lighting
10
-248340.0
20
126500.0
30
0
11
-248340.0
21
127140.0
31
0
0
LINE
8
lighting
10
-247700.0
20
126500.0
30
0
11
-247700.0
21
127140.0
31
0
0
LINE
8
lighting
10
-248340.0
20
126500.0
30
0
11
-247700.0
21
126500.0
31
0
0
LINE
8
lighting
10
-248340.0
20
127140.0
30
0
11
-247700.0
21
127140.0
31
0
0
LINE
8
lighting
10
-248300.0
20
126540.0
30
0
11
-248300.0
21
127100.0
31
0
0
LINE
8
lighting
10
-247740.0
20
126540.0
30
0
11
-247740.0
21
127100.0
31
0
0
LINE
8
lighting
10
-248300.0
20
126540.0
30
0
11
-247740.0
21
126540.0
31
0
0
LINE
8
lighting
10
-248300.0
20
127100.0
30
0
11
-247740.0
21
127100.0
31
0
0
LINE
8
lighting
10
-248266.0
20
126550.0
30
0
11
-248266.0
21
127090.0
31
0
0
LINE
8
lighting
10
-248254.0
20
126550.0
30
0
11
-248254.0
21
127090.0
31
0
0
LINE
8
lighting
10
-248266.0
20
126550.0
30
0
11
-248254.0
21
126550.0
31
0
0
LINE
8
lighting
10
-248266.0
20
127090.0
30
0
11
-248254.0
21
127090.0
31
0
0
LINE
8
lighting
10
-248186.0
20
126550.0
30
0
11
-248186.0
21
127090.0
31
0
0
LINE
8
lighting
10
-248174.0
20
126550.0
30
0
11
-248174.0
21
127090.0
31
0
0
LINE
8
lighting
10
-248186.0
20
126550.0
30
0
11
-248174.0
21
126550.0
31
0
0
LINE
8
lighting
10
-248186.0
20
127090.0
30
0
11
-248174.0
21
127090.0
31
0
0
LINE
8
lighting
10
-248106.0
20
126550.0
30
0
11
-248106.0
21
127090.0
31
0
0
LINE
8
lighting
10
-248094.0
20
126550.0
30
0
11
-248094.0
21
127090.0
31
0
0
LINE
8
lighting
10
-248106.0
20
126550.0
30
0
11
-248094.0
21
126550.0
31
0
0
LINE
8
lighting
10
-248106.0
20
127090.0
30
0
11
-248094.0
21
127090.0
31
0
0
LINE
8
lighting
10
-248026.0
20
126550.0
30
0
11
-248026.0
21
127090.0
31
0
0
LINE
8
lighting
10
-248014.0
20
126550.0
30
0
11
-248014.0
21
127090.0
31
0
0
LINE
8
lighting
10
-248026.0
20
126550.0
30
0
11
-248014.0
21
126550.0
31
0
0
LINE
8
lighting
10
-248026.0
20
127090.0
30
0
11
-248014.0
21
127090.0
31
0
0
LINE
8
lighting
10
-247946.0
20
126550.0
30
0
11
-247946.0
21
127090.0
31
0
0
LINE
8
lighting
10
-247934.0
20
126550.0
30
0
11
-247934.0
21
127090.0
31
0
0
LINE
8
lighting
10
-247946.0
20
126550.0
30
0
11
-247934.0
21
126550.0
31
0
0
LINE
8
lighting
10
-247946.0
20
127090.0
30
0
11
-247934.0
21
127090.0
31
0
0
LINE
8
lighting
10
-247866.0
20
126550.0
30
0
11
-247866.0
21
127090.0
31
0
0
LINE
8
lighting
10
-247854.0
20
126550.0
30
0
11
-247854.0
21
127090.0
31
0
0
LINE
8
lighting
10
-247866.0
20
126550.0
30
0
11
-247854.0
21
126550.0
31
0
0
LINE
8
lighting
10
-247866.0
20
127090.0
30
0
11
-247854.0
21
127090.0
31
0
0
LINE
8
lighting
10
-247786.0
20
126550.0
30
0
11
-247786.0
21
127090.0
31
0
0
LINE
8
lighting
10
-247774.0
20
126550.0
30
0
11
-247774.0
21
127090.0
31
0
0
LINE
8
lighting
10
-247786.0
20
126550.0
30
0
11
-247774.0
21
126550.0
31
0
0
LINE
8
lighting
10
-247786.0
20
127090.0
30
0
11
-247774.0
21
127090.0
31
0
0
LINE
8
lighting
10
-248011.0
20
126820.0
30
0
11
-248024.5
21
126827.79
31
0
0
LINE
8
lighting
10
-248024.5
20
126827.79
30
0
11
-248024.5
21
126812.21
31
0
0
LINE
8
lighting
10
-248024.5
20
126812.21
30
0
11
-248011.0
21
126820.0
31
0
0
LINE
8
lighting
10
-268980.0
20
144860.0
30
0
11
-268980.0
21
145500.0
31
0
0
LINE
8
lighting
10
-268340.0
20
144860.0
30
0
11
-268340.0
21
145500.0
31
0
0
LINE
8
lighting
10
-268980.0
20
144860.0
30
0
11
-268340.0
21
144860.0
31
0
0
LINE
8
lighting
10
-268980.0
20
145500.0
30
0
11
-268340.0
21
145500.0
31
0
0
LINE
8
lighting
10
-268940.0
20
144900.0
30
0
11
-268940.0
21
145460.0
31
0
0
LINE
8
lighting
10
-268380.0
20
144900.0
30
0
11
-268380.0
21
145460.0
31
0
0
LINE
8
lighting
10
-268940.0
20
144900.0
30
0
11
-268380.0
21
144900.0
31
0
0
LINE
8
lighting
10
-268940.0
20
145460.0
30
0
11
-268380.0
21
145460.0
31
0
0
LINE
8
lighting
10
-268906.0
20
144910.0
30
0
11
-268906.0
21
145450.0
31
0
0
LINE
8
lighting
10
-268894.0
20
144910.0
30
0
11
-268894.0
21
145450.0
31
0
0
LINE
8
lighting
10
-268906.0
20
144910.0
30
0
11
-268894.0
21
144910.0
31
0
0
LINE
8
lighting
10
-268906.0
20
145450.0
30
0
11
-268894.0
21
145450.0
31
0
0
LINE
8
lighting
10
-268826.0
20
144910.0
30
0
11
-268826.0
21
145450.0
31
0
0
LINE
8
lighting
10
-268814.0
20
144910.0
30
0
11
-268814.0
21
145450.0
31
0
0
LINE
8
lighting
10
-268826.0
20
144910.0
30
0
11
-268814.0
21
144910.0
31
0
0
LINE
8
lighting
10
-268826.0
20
145450.0
30
0
11
-268814.0
21
145450.0
31
0
0
LINE
8
lighting
10
-268746.0
20
144910.0
30
0
11
-268746.0
21
145450.0
31
0
0
LINE
8
lighting
10
-268734.0
20
144910.0
30
0
11
-268734.0
21
145450.0
31
0
0
LINE
8
lighting
10
-268746.0
20
144910.0
30
0
11
-268734.0
21
144910.0
31
0
0
LINE
8
lighting
10
-268746.0
20
145450.0
30
0
11
-268734.0
21
145450.0
31
0
0
LINE
8
lighting
10
-268666.0
20
144910.0
30
0
11
-268666.0
21
145450.0
31
0
0
LINE
8
lighting
10
-268654.0
20
144910.0
30
0
11
-268654.0
21
145450.0
31
0
0
LINE
8
lighting
10
-268666.0
20
144910.0
30
0
11
-268654.0
21
144910.0
31
0
0
LINE
8
lighting
10
-268666.0
20
145450.0
30
0
11
-268654.0
21
145450.0
31
0
0
LINE
8
lighting
10
-268586.0
20
144910.0
30
0
11
-268586.0
21
145450.0
31
0
0
LINE
8
lighting
10
-268574.0
20
144910.0
30
0
11
-268574.0
21
145450.0
31
0
0
LINE
8
lighting
10
-268586.0
20
144910.0
30
0
11
-268574.0
21
144910.0
31
0
0
LINE
8
lighting
10
-268586.0
20
145450.0
30
0
11
-268574.0
21
145450.0
31
0
0
LINE
8
lighting
10
-268506.0
20
144910.0
30
0
11
-268506.0
21
145450.0
31
0
0
LINE
8
lighting
10
-268494.0
20
144910.0
30
0
11
-268494.0
21
145450.0
31
0
0
LINE
8
lighting
10
-268506.0
20
144910.0
30
0
11
-268494.0
21
144910.0
31
0
0
LINE
8
lighting
10
-268506.0
20
145450.0
30
0
11
-268494.0
21
145450.0
31
0
0
LINE
8
lighting
10
-268426.0
20
144910.0
30
0
11
-268426.0
21
145450.0
31
0
0
LINE
8
lighting
10
-268414.0
20
144910.0
30
0
11
-268414.0
21
145450.0
31
0
0
LINE
8
lighting
10
-268426.0
20
144910.0
30
0
11
-268414.0
21
144910.0
31
0
0
LINE
8
lighting
10
-268426.0
20
145450.0
30
0
11
-268414.0
21
145450.0
31
0
0
LINE
8
lighting
10
-268651.0
20
145180.0
30
0
11
-268664.5
21
145187.79
31
0
0
LINE
8
lighting
10
-268664.5
20
145187.79
30
0
11
-268664.5
21
145172.21
31
0
0
LINE
8
lighting
10
-268664.5
20
145172.21
30
0
11
-268651.0
21
145180.0
31
0
0
LINE
8
lighting
10
-248340.0
20
144860.0
30
0
11
-248340.0
21
145500.0
31
0
0
LINE
8
lighting
10
-247700.0
20
144860.0
30
0
11
-247700.0
21
145500.0
31
0
0
LINE
8
lighting
10
-248340.0
20
144860.0
30
0
11
-247700.0
21
144860.0
31
0
0
LINE
8
lighting
10
-248340.0
20
145500.0
30
0
11
-247700.0
21
145500.0
31
0
0
LINE
8
lighting
10
-248300.0
20
144900.0
30
0
11
-248300.0
21
145460.0
31
0
0
LINE
8
lighting
10
-247740.0
20
144900.0
30
0
11
-247740.0
21
145460.0
31
0
0
LINE
8
lighting
10
-248300.0
20
144900.0
30
0
11
-247740.0
21
144900.0
31
0
0
LINE
8
lighting
10
-248300.0
20
145460.0
30
0
11
-247740.0
21
145460.0
31
0
0
LINE
8
lighting
10
-248266.0
20
144910.0
30
0
11
-248266.0
21
145450.0
31
0
0
LINE
8
lighting
10
-248254.0
20
144910.0
30
0
11
-248254.0
21
145450.0
31
0
0
LINE
8
lighting
10
-248266.0
20
144910.0
30
0
11
-248254.0
21
144910.0
31
0
0
LINE
8
lighting
10
-248266.0
20
145450.0
30
0
11
-248254.0
21
145450.0
31
0
0
LINE
8
lighting
10
-248186.0
20
144910.0
30
0
11
-248186.0
21
145450.0
31
0
0
LINE
8
lighting
10
-248174.0
20
144910.0
30
0
11
-248174.0
21
145450.0
31
0
0
LINE
8
lighting
10
-248186.0
20
144910.0
30
0
11
-248174.0
21
144910.0
31
0
0
LINE
8
lighting
10
-248186.0
20
145450.0
30
0
11
-248174.0
21
145450.0
31
0
0
LINE
8
lighting
10
-248106.0
20
144910.0
30
0
11
-248106.0
21
145450.0
31
0
0
LINE
8
lighting
10
-248094.0
20
144910.0
30
0
11
-248094.0
21
145450.0
31
0
0
LINE
8
lighting
10
-248106.0
20
144910.0
30
0
11
-248094.0
21
144910.0
31
0
0
LINE
8
lighting
10
-248106.0
20
145450.0
30
0
11
-248094.0
21
145450.0
31
0
0
LINE
8
lighting
10
-248026.0
20
144910.0
30
0
11
-248026.0
21
145450.0
31
0
0
LINE
8
lighting
10
-248014.0
20
144910.0
30
0
11
-248014.0
21
145450.0
31
0
0
LINE
8
lighting
10
-248026.0
20
144910.0
30
0
11
-248014.0
21
144910.0
31
0
0
LINE
8
lighting
10
-248026.0
20
145450.0
30
0
11
-248014.0
21
145450.0
31
0
0
LINE
8
lighting
10
-247946.0
20
144910.0
30
0
11
-247946.0
21
145450.0
31
0
0
LINE
8
lighting
10
-247934.0
20
144910.0
30
0
11
-247934.0
21
145450.0
31
0
0
LINE
8
lighting
10
-247946.0
20
144910.0
30
0
11
-247934.0
21
144910.0
31
0
0
LINE
8
lighting
10
-247946.0
20
145450.0
30
0
11
-247934.0
21
145450.0
31
0
0
LINE
8
lighting
10
-247866.0
20
144910.0
30
0
11
-247866.0
21
145450.0
31
0
0
LINE
8
lighting
10
-247854.0
20
144910.0
30
0
11
-247854.0
21
145450.0
31
0
0
LINE
8
lighting
10
-247866.0
20
144910.0
30
0
11
-247854.0
21
144910.0
31
0
0
LINE
8
lighting
10
-247866.0
20
145450.0
30
0
11
-247854.0
21
145450.0
31
0
0
LINE
8
lighting
10
-247786.0
20
144910.0
30
0
11
-247786.0
21
145450.0
31
0
0
LINE
8
lighting
10
-247774.0
20
144910.0
30
0
11
-247774.0
21
145450.0
31
0
0
LINE
8
lighting
10
-247786.0
20
144910.0
30
0
11
-247774.0
21
144910.0
31
0
0
LINE
8
lighting
10
-247786.0
20
145450.0
30
0
11
-247774.0
21
145450.0
31
0
0
LINE
8
lighting
10
-248011.0
20
145180.0
30
0
11
-248024.5
21
145187.79
31
0
0
LINE
8
lighting
10
-248024.5
20
145187.79
30
0
11
-248024.5
21
145172.21
31
0
0
LINE
8
lighting
10
-248024.5
20
145172.21
30
0
11
-248011.0
21
145180.0
31
0
0
LINE
8
lighting
10
-279300.0
20
135680.0
30
0
11
-279300.0
21
136320.0
31
0
0
LINE
8
lighting
10
-278660.0
20
135680.0
30
0
11
-278660.0
21
136320.0
31
0
0
LINE
8
lighting
10
-279300.0
20
135680.0
30
0
11
-278660.0
21
135680.0
31
0
0
LINE
8
lighting
10
-279300.0
20
136320.0
30
0
11
-278660.0
21
136320.0
31
0
0
LINE
8
lighting
10
-279260.0
20
135720.0
30
0
11
-279260.0
21
136280.0
31
0
0
LINE
8
lighting
10
-278700.0
20
135720.0
30
0
11
-278700.0
21
136280.0
31
0
0
LINE
8
lighting
10
-279260.0
20
135720.0
30
0
11
-278700.0
21
135720.0
31
0
0
LINE
8
lighting
10
-279260.0
20
136280.0
30
0
11
-278700.0
21
136280.0
31
0
0
LINE
8
lighting
10
-279226.0
20
135730.0
30
0
11
-279226.0
21
136270.0
31
0
0
LINE
8
lighting
10
-279214.0
20
135730.0
30
0
11
-279214.0
21
136270.0
31
0
0
LINE
8
lighting
10
-279226.0
20
135730.0
30
0
11
-279214.0
21
135730.0
31
0
0
LINE
8
lighting
10
-279226.0
20
136270.0
30
0
11
-279214.0
21
136270.0
31
0
0
LINE
8
lighting
10
-279146.0
20
135730.0
30
0
11
-279146.0
21
136270.0
31
0
0
LINE
8
lighting
10
-279134.0
20
135730.0
30
0
11
-279134.0
21
136270.0
31
0
0
LINE
8
lighting
10
-279146.0
20
135730.0
30
0
11
-279134.0
21
135730.0
31
0
0
LINE
8
lighting
10
-279146.0
20
136270.0
30
0
11
-279134.0
21
136270.0
31
0
0
LINE
8
lighting
10
-279066.0
20
135730.0
30
0
11
-279066.0
21
136270.0
31
0
0
LINE
8
lighting
10
-279054.0
20
135730.0
30
0
11
-279054.0
21
136270.0
31
0
0
LINE
8
lighting
10
-279066.0
20
135730.0
30
0
11
-279054.0
21
135730.0
31
0
0
LINE
8
lighting
10
-279066.0
20
136270.0
30
0
11
-279054.0
21
136270.0
31
0
0
LINE
8
lighting
10
-278986.0
20
135730.0
30
0
11
-278986.0
21
136270.0
31
0
0
LINE
8
lighting
10
-278974.0
20
135730.0
30
0
11
-278974.0
21
136270.0
31
0
0
LINE
8
lighting
10
-278986.0
20
135730.0
30
0
11
-278974.0
21
135730.0
31
0
0
LINE
8
lighting
10
-278986.0
20
136270.0
30
0
11
-278974.0
21
136270.0
31
0
0
LINE
8
lighting
10
-278906.0
20
135730.0
30
0
11
-278906.0
21
136270.0
31
0
0
LINE
8
lighting
10
-278894.0
20
135730.0
30
0
11
-278894.0
21
136270.0
31
0
0
LINE
8
lighting
10
-278906.0
20
135730.0
30
0
11
-278894.0
21
135730.0
31
0
0
LINE
8
lighting
10
-278906.0
20
136270.0
30
0
11
-278894.0
21
136270.0
31
0
0
LINE
8
lighting
10
-278826.0
20
135730.0
30
0
11
-278826.0
21
136270.0
31
0
0
LINE
8
lighting
10
-278814.0
20
135730.0
30
0
11
-278814.0
21
136270.0
31
0
0
LINE
8
lighting
10
-278826.0
20
135730.0
30
0
11
-278814.0
21
135730.0
31
0
0
LINE
8
lighting
10
-278826.0
20
136270.0
30
0
11
-278814.0
21
136270.0
31
0
0
LINE
8
lighting
10
-278746.0
20
135730.0
30
0
11
-278746.0
21
136270.0
31
0
0
LINE
8
lighting
10
-278734.0
20
135730.0
30
0
11
-278734.0
21
136270.0
31
0
0
LINE
8
lighting
10
-278746.0
20
135730.0
30
0
11
-278734.0
21
135730.0
31
0
0
LINE
8
lighting
10
-278746.0
20
136270.0
30
0
11
-278734.0
21
136270.0
31
0
0
LINE
8
lighting
10
-278971.0
20
136000.0
30
0
11
-278984.5
21
136007.79
31
0
0
LINE
8
lighting
10
-278984.5
20
136007.79
30
0
11
-278984.5
21
135992.21
31
0
0
LINE
8
lighting
10
-278984.5
20
135992.21
30
0
11
-278971.0
21
136000.0
31
0
0
LINE
8
lighting
10
-258660.0
20
135680.0
30
0
11
-258660.0
21
136320.0
31
0
0
LINE
8
lighting
10
-258020.0
20
135680.0
30
0
11
-258020.0
21
136320.0
31
0
0
LINE
8
lighting
10
-258660.0
20
135680.0
30
0
11
-258020.0
21
135680.0
31
0
0
LINE
8
lighting
10
-258660.0
20
136320.0
30
0
11
-258020.0
21
136320.0
31
0
0
LINE
8
lighting
10
-258620.0
20
135720.0
30
0
11
-258620.0
21
136280.0
31
0
0
LINE
8
lighting
10
-258060.0
20
135720.0
30
0
11
-258060.0
21
136280.0
31
0
0
LINE
8
lighting
10
-258620.0
20
135720.0
30
0
11
-258060.0
21
135720.0
31
0
0
LINE
8
lighting
10
-258620.0
20
136280.0
30
0
11
-258060.0
21
136280.0
31
0
0
LINE
8
lighting
10
-258586.0
20
135730.0
30
0
11
-258586.0
21
136270.0
31
0
0
LINE
8
lighting
10
-258574.0
20
135730.0
30
0
11
-258574.0
21
136270.0
31
0
0
LINE
8
lighting
10
-258586.0
20
135730.0
30
0
11
-258574.0
21
135730.0
31
0
0
LINE
8
lighting
10
-258586.0
20
136270.0
30
0
11
-258574.0
21
136270.0
31
0
0
LINE
8
lighting
10
-258506.0
20
135730.0
30
0
11
-258506.0
21
136270.0
31
0
0
LINE
8
lighting
10
-258494.0
20
135730.0
30
0
11
-258494.0
21
136270.0
31
0
0
LINE
8
lighting
10
-258506.0
20
135730.0
30
0
11
-258494.0
21
135730.0
31
0
0
LINE
8
lighting
10
-258506.0
20
136270.0
30
0
11
-258494.0
21
136270.0
31
0
0
LINE
8
lighting
10
-258426.0
20
135730.0
30
0
11
-258426.0
21
136270.0
31
0
0
LINE
8
lighting
10
-258414.0
20
135730.0
30
0
11
-258414.0
21
136270.0
31
0
0
LINE
8
lighting
10
-258426.0
20
135730.0
30
0
11
-258414.0
21
135730.0
31
0
0
LINE
8
lighting
10
-258426.0
20
136270.0
30
0
11
-258414.0
21
136270.0
31
0
0
LINE
8
lighting
10
-258346.0
20
135730.0
30
0
11
-258346.0
21
136270.0
31
0
0
LINE
8
lighting
10
-258334.0
20
135730.0
30
0
11
-258334.0
21
136270.0
31
0
0
LINE
8
lighting
10
-258346.0
20
135730.0
30
0
11
-258334.0
21
135730.0
31
0
0
LINE
8
lighting
10
-258346.0
20
136270.0
30
0
11
-258334.0
21
136270.0
31
0
0
LINE
8
lighting
10
-258266.0
20
135730.0
30
0
11
-258266.0
21
136270.0
31
0
0
LINE
8
lighting
10
-258254.0
20
135730.0
30
0
11
-258254.0
21
136270.0
31
0
0
LINE
8
lighting
10
-258266.0
20
135730.0
30
0
11
-258254.0
21
135730.0
31
0
0
LINE
8
lighting
10
-258266.0
20
136270.0
30
0
11
-258254.0
21
136270.0
31
0
0
LINE
8
lighting
10
-258186.0
20
135730.0
30
0
11
-258186.0
21
136270.0
31
0
0
LINE
8
lighting
10
-258174.0
20
135730.0
30
0
11
-258174.0
21
136270.0
31
0
0
LINE
8
lighting
10
-258186.0
20
135730.0
30
0
11
-258174.0
21
135730.0
31
0
0
LINE
8
lighting
10
-258186.0
20
136270.0
30
0
11
-258174.0
21
136270.0
31
0
0
LINE
8
lighting
10
-258106.0
20
135730.0
30
0
11
-258106.0
21
136270.0
31
0
0
LINE
8
lighting
10
-258094.0
20
135730.0
30
0
11
-258094.0
21
136270.0
31
0
0
LINE
8
lighting
10
-258106.0
20
135730.0
30
0
11
-258094.0
21
135730.0
31
0
0
LINE
8
lighting
10
-258106.0
20
136270.0
30
0
11
-258094.0
21
136270.0
31
0
0
LINE
8
lighting
10
-258331.0
20
136000.0
30
0
11
-258344.5
21
136007.79
31
0
0
LINE
8
lighting
10
-258344.5
20
136007.79
30
0
11
-258344.5
21
135992.21
31
0
0
LINE
8
lighting
10
-258344.5
20
135992.21
30
0
11
-258331.0
21
136000.0
31
0
0
LINE
8
lighting
10
-268980.0
20
135680.0
30
0
11
-268980.0
21
136320.0
31
0
0
LINE
8
lighting
10
-268340.0
20
135680.0
30
0
11
-268340.0
21
136320.0
31
0
0
LINE
8
lighting
10
-268980.0
20
135680.0
30
0
11
-268340.0
21
135680.0
31
0
0
LINE
8
lighting
10
-268980.0
20
136320.0
30
0
11
-268340.0
21
136320.0
31
0
0
LINE
8
lighting
10
-268940.0
20
135720.0
30
0
11
-268940.0
21
136280.0
31
0
0
LINE
8
lighting
10
-268380.0
20
135720.0
30
0
11
-268380.0
21
136280.0
31
0
0
LINE
8
lighting
10
-268940.0
20
135720.0
30
0
11
-268380.0
21
135720.0
31
0
0
LINE
8
lighting
10
-268940.0
20
136280.0
30
0
11
-268380.0
21
136280.0
31
0
0
LINE
8
lighting
10
-268906.0
20
135730.0
30
0
11
-268906.0
21
136270.0
31
0
0
LINE
8
lighting
10
-268894.0
20
135730.0
30
0
11
-268894.0
21
136270.0
31
0
0
LINE
8
lighting
10
-268906.0
20
135730.0
30
0
11
-268894.0
21
135730.0
31
0
0
LINE
8
lighting
10
-268906.0
20
136270.0
30
0
11
-268894.0
21
136270.0
31
0
0
LINE
8
lighting
10
-268826.0
20
135730.0
30
0
11
-268826.0
21
136270.0
31
0
0
LINE
8
lighting
10
-268814.0
20
135730.0
30
0
11
-268814.0
21
136270.0
31
0
0
LINE
8
lighting
10
-268826.0
20
135730.0
30
0
11
-268814.0
21
135730.0
31
0
0
LINE
8
lighting
10
-268826.0
20
136270.0
30
0
11
-268814.0
21
136270.0
31
0
0
LINE
8
lighting
10
-268746.0
20
135730.0
30
0
11
-268746.0
21
136270.0
31
0
0
LINE
8
lighting
10
-268734.0
20
135730.0
30
0
11
-268734.0
21
136270.0
31
0
0
LINE
8
lighting
10
-268746.0
20
135730.0
30
0
11
-268734.0
21
135730.0
31
0
0
LINE
8
lighting
10
-268746.0
20
136270.0
30
0
11
-268734.0
21
136270.0
31
0
0
LINE
8
lighting
10
-268666.0
20
135730.0
30
0
11
-268666.0
21
136270.0
31
0
0
LINE
8
lighting
10
-268654.0
20
135730.0
30
0
11
-268654.0
21
136270.0
31
0
0
LINE
8
lighting
10
-268666.0
20
135730.0
30
0
11
-268654.0
21
135730.0
31
0
0
LINE
8
lighting
10
-268666.0
20
136270.0
30
0
11
-268654.0
21
136270.0
31
0
0
LINE
8
lighting
10
-268586.0
20
135730.0
30
0
11
-268586.0
21
136270.0
31
0
0
LINE
8
lighting
10
-268574.0
20
135730.0
30
0
11
-268574.0
21
136270.0
31
0
0
LINE
8
lighting
10
-268586.0
20
135730.0
30
0
11
-268574.0
21
135730.0
31
0
0
LINE
8
lighting
10
-268586.0
20
136270.0
30
0
11
-268574.0
21
136270.0
31
0
0
LINE
8
lighting
10
-268506.0
20
135730.0
30
0
11
-268506.0
21
136270.0
31
0
0
LINE
8
lighting
10
-268494.0
20
135730.0
30
0
11
-268494.0
21
136270.0
31
0
0
LINE
8
lighting
10
-268506.0
20
135730.0
30
0
11
-268494.0
21
135730.0
31
0
0
LINE
8
lighting
10
-268506.0
20
136270.0
30
0
11
-268494.0
21
136270.0
31
0
0
LINE
8
lighting
10
-268426.0
20
135730.0
30
0
11
-268426.0
21
136270.0
31
0
0
LINE
8
lighting
10
-268414.0
20
135730.0
30
0
11
-268414.0
21
136270.0
31
0
0
LINE
8
lighting
10
-268426.0
20
135730.0
30
0
11
-268414.0
21
135730.0
31
0
0
LINE
8
lighting
10
-268426.0
20
136270.0
30
0
11
-268414.0
21
136270.0
31
0
0
LINE
8
lighting
10
-268651.0
20
136000.0
30
0
11
-268664.5
21
136007.79
31
0
0
LINE
8
lighting
10
-268664.5
20
136007.79
30
0
11
-268664.5
21
135992.21
31
0
0
LINE
8
lighting
10
-268664.5
20
135992.21
30
0
11
-268651.0
21
136000.0
31
0
0
LINE
8
lighting
10
-248340.0
20
135680.0
30
0
11
-248340.0
21
136320.0
31
0
0
LINE
8
lighting
10
-247700.0
20
135680.0
30
0
11
-247700.0
21
136320.0
31
0
0
LINE
8
lighting
10
-248340.0
20
135680.0
30
0
11
-247700.0
21
135680.0
31
0
0
LINE
8
lighting
10
-248340.0
20
136320.0
30
0
11
-247700.0
21
136320.0
31
0
0
LINE
8
lighting
10
-248300.0
20
135720.0
30
0
11
-248300.0
21
136280.0
31
0
0
LINE
8
lighting
10
-247740.0
20
135720.0
30
0
11
-247740.0
21
136280.0
31
0
0
LINE
8
lighting
10
-248300.0
20
135720.0
30
0
11
-247740.0
21
135720.0
31
0
0
LINE
8
lighting
10
-248300.0
20
136280.0
30
0
11
-247740.0
21
136280.0
31
0
0
LINE
8
lighting
10
-248266.0
20
135730.0
30
0
11
-248266.0
21
136270.0
31
0
0
LINE
8
lighting
10
-248254.0
20
135730.0
30
0
11
-248254.0
21
136270.0
31
0
0
LINE
8
lighting
10
-248266.0
20
135730.0
30
0
11
-248254.0
21
135730.0
31
0
0
LINE
8
lighting
10
-248266.0
20
136270.0
30
0
11
-248254.0
21
136270.0
31
0
0
LINE
8
lighting
10
-248186.0
20
135730.0
30
0
11
-248186.0
21
136270.0
31
0
0
LINE
8
lighting
10
-248174.0
20
135730.0
30
0
11
-248174.0
21
136270.0
31
0
0
LINE
8
lighting
10
-248186.0
20
135730.0
30
0
11
-248174.0
21
135730.0
31
0
0
LINE
8
lighting
10
-248186.0
20
136270.0
30
0
11
-248174.0
21
136270.0
31
0
0
LINE
8
lighting
10
-248106.0
20
135730.0
30
0
11
-248106.0
21
136270.0
31
0
0
LINE
8
lighting
10
-248094.0
20
135730.0
30
0
11
-248094.0
21
136270.0
31
0
0
LINE
8
lighting
10
-248106.0
20
135730.0
30
0
11
-248094.0
21
135730.0
31
0
0
LINE
8
lighting
10
-248106.0
20
136270.0
30
0
11
-248094.0
21
136270.0
31
0
0
LINE
8
lighting
10
-248026.0
20
135730.0
30
0
11
-248026.0
21
136270.0
31
0
0
LINE
8
lighting
10
-248014.0
20
135730.0
30
0
11
-248014.0
21
136270.0
31
0
0
LINE
8
lighting
10
-248026.0
20
135730.0
30
0
11
-248014.0
21
135730.0
31
0
0
LINE
8
lighting
10
-248026.0
20
136270.0
30
0
11
-248014.0
21
136270.0
31
0
0
LINE
8
lighting
10
-247946.0
20
135730.0
30
0
11
-247946.0
21
136270.0
31
0
0
LINE
8
lighting
10
-247934.0
20
135730.0
30
0
11
-247934.0
21
136270.0
31
0
0
LINE
8
lighting
10
-247946.0
20
135730.0
30
0
11
-247934.0
21
135730.0
31
0
0
LINE
8
lighting
10
-247946.0
20
136270.0
30
0
11
-247934.0
21
136270.0
31
0
0
LINE
8
lighting
10
-247866.0
20
135730.0
30
0
11
-247866.0
21
136270.0
31
0
0
LINE
8
lighting
10
-247854.0
20
135730.0
30
0
11
-247854.0
21
136270.0
31
0
0
LINE
8
lighting
10
-247866.0
20
135730.0
30
0
11
-247854.0
21
135730.0
31
0
0
LINE
8
lighting
10
-247866.0
20
136270.0
30
0
11
-247854.0
21
136270.0
31
0
0
LINE
8
lighting
10
-247786.0
20
135730.0
30
0
11
-247786.0
21
136270.0
31
0
0
LINE
8
lighting
10
-247774.0
20
135730.0
30
0
11
-247774.0
21
136270.0
31
0
0
LINE
8
lighting
10
-247786.0
20
135730.0
30
0
11
-247774.0
21
135730.0
31
0
0
LINE
8
lighting
10
-247786.0
20
136270.0
30
0
11
-247774.0
21
136270.0
31
0
0
LINE
8
lighting
10
-248011.0
20
136000.0
30
0
11
-248024.5
21
136007.79
31
0
0
LINE
8
lighting
10
-248024.5
20
136007.79
30
0
11
-248024.5
21
135992.21
31
0
0
LINE
8
lighting
10
-248024.5
20
135992.21
30
0
11
-248011.0
21
136000.0
31
0
0
LINE
8
electrical
10
-278980.0
20
126430.0
30
0
11
-278980.0
21
126422.21
31
0
0
LINE
8
electrical
10
-278980.0
20
126422.21
30
0
11
-278980.0
21
126437.79
31
0
0
LINE
8
electrical
10
-278980.0
20
126437.79
30
0
11
-278980.0
21
126430.0
31
0
0
LINE
8
electrical
10
-242450.0
20
126430.0
30
0
11
-278980.0
21
126430.0
31
0
0
LINE
8
electrical
10
-242450.0
20
126430.0
30
0
11
-242450.0
21
126422.21
31
0
0
LINE
8
electrical
10
-242450.0
20
126422.21
30
0
11
-242450.0
21
126437.79
31
0
0
LINE
8
electrical
10
-242450.0
20
126437.79
30
0
11
-242450.0
21
126430.0
31
0
0
LINE
8
electrical
10
-278980.0
20
145180.0
30
0
11
-278972.21
21
145180.0
31
0
0
LINE
8
electrical
10
-278972.21
20
145180.0
30
0
11
-278987.79
21
145180.0
31
0
0
LINE
8
electrical
10
-278987.79
20
145180.0
30
0
11
-278980.0
21
145180.0
31
0
0
LINE
8
electrical
10
-278980.0
20
126430.0
30
0
11
-278980.0
21
145180.0
31
0
0
LINE
8
electrical
10
-278980.0
20
126430.0
30
0
11
-278972.21
21
126430.0
31
0
0
LINE
8
electrical
10
-278972.21
20
126430.0
30
0
11
-278987.79
21
126430.0
31
0
0
LINE
8
electrical
10
-278987.79
20
126430.0
30
0
11
-278980.0
21
126430.0
31
0
0
LINE
8
electrical
10
-258340.0
20
145180.0
30
0
11
-258332.21
21
145180.0
31
0
0
LINE
8
electrical
10
-258332.21
20
145180.0
30
0
11
-258347.79
21
145180.0
31
0
0
LINE
8
electrical
10
-258347.79
20
145180.0
30
0
11
-258340.0
21
145180.0
31
0
0
LINE
8
electrical
10
-258340.0
20
126430.0
30
0
11
-258340.0
21
145180.0
31
0
0
LINE
8
electrical
10
-258340.0
20
126430.0
30
0
11
-258332.21
21
126430.0
31
0
0
LINE
8
electrical
10
-258332.21
20
126430.0
30
0
11
-258347.79
21
126430.0
31
0
0
LINE
8
electrical
10
-258347.79
20
126430.0
30
0
11
-258340.0
21
126430.0
31
0
0
LINE
8
electrical
10
-268660.0
20
145180.0
30
0
11
-268652.21
21
145180.0
31
0
0
LINE
8
electrical
10
-268652.21
20
145180.0
30
0
11
-268667.79
21
145180.0
31
0
0
LINE
8
electrical
10
-268667.79
20
145180.0
30
0
11
-268660.0
21
145180.0
31
0
0
LINE
8
electrical
10
-268660.0
20
126430.0
30
0
11
-268660.0
21
145180.0
31
0
0
LINE
8
electrical
10
-268660.0
20
126430.0
30
0
11
-268652.21
21
126430.0
31
0
0
LINE
8
electrical
10
-268652.21
20
126430.0
30
0
11
-268667.79
21
126430.0
31
0
0
LINE
8
electrical
10
-268667.79
20
126430.0
30
0
11
-268660.0
21
126430.0
31
0
0
LINE
8
electrical
10
-248020.0
20
145180.0
30
0
11
-248012.21
21
145180.0
31
0
0
LINE
8
electrical
10
-248012.21
20
145180.0
30
0
11
-248027.79
21
145180.0
31
0
0
LINE
8
electrical
10
-248027.79
20
145180.0
30
0
11
-248020.0
21
145180.0
31
0
0
LINE
8
electrical
10
-248020.0
20
126430.0
30
0
11
-248020.0
21
145180.0
31
0
0
LINE
8
electrical
10
-248020.0
20
126430.0
30
0
11
-248012.21
21
126430.0
31
0
0
LINE
8
electrical
10
-248012.21
20
126430.0
30
0
11
-248027.79
21
126430.0
31
0
0
LINE
8
electrical
10
-248027.79
20
126430.0
30
0
11
-248020.0
21
126430.0
31
0
0
LINE
8
electrical
10
-242437.0
20
122700.0
30
0
11
-242456.5
21
122711.26
31
0
0
LINE
8
electrical
10
-242456.5
20
122711.26
30
0
11
-242456.5
21
122688.74
31
0
0
LINE
8
electrical
10
-242456.5
20
122688.74
30
0
11
-242437.0
21
122700.0
31
0
0
LINE
8
electrical
10
-248456.86
20
126418.96
30
0
11
-248446.57
21
126435.52
31
0
0
LINE
8
electrical
10
-248446.57
20
126435.52
30
0
11
-248446.57
21
126435.52
31
0
0
LINE
8
electrical
10
-248446.57
20
126435.52
30
0
11
-248456.86
21
126418.96
31
0
0
LINE
8
electrical
10
-242456.86
20
122688.96
30
0
11
-248456.86
21
126418.96
31
0
0
LINE
8
electrical
10
-242456.86
20
122688.96
30
0
11
-242446.57
21
122705.52
31
0
0
LINE
8
electrical
10
-242446.57
20
122705.52
30
0
11
-242446.57
21
122705.52
31
0
0
LINE
8
electrical
10
-242446.57
20
122705.52
30
0
11
-242456.86
21
122688.96
31
0
0
LINE
8
electrical
10
-278550.0
20
126430.0
30
0
11
-278550.0
21
126418.74
31
0
0
LINE
8
electrical
10
-278550.0
20
126418.74
30
0
11
-278550.0
21
126441.26
31
0
0
LINE
8
electrical
10
-278550.0
20
126441.26
30
0
11
-278550.0
21
126430.0
31
0
0
LINE
8
electrical
10
-248450.0
20
126430.0
30
0
11
-278550.0
21
126430.0
31
0
0
LINE
8
electrical
10
-248450.0
20
126430.0
30
0
11
-248450.0
21
126418.74
31
0
0
LINE
8
electrical
10
-248450.0
20
126418.74
30
0
11
-248450.0
21
126441.26
31
0
0
LINE
8
electrical
10
-248450.0
20
126441.26
30
0
11
-248450.0
21
126430.0
31
0
0
LINE
8
electrical
10
-242450.0
20
122700.0
30
0
11
-242435.96
21
122700.0
31
0
0
LINE
8
electrical
10
-242435.96
20
122700.0
30
0
11
-242450.0
21
122700.0
31
0
0
LINE
8
electrical
10
-248450.0
20
126430.0
30
0
11
-248435.96
21
126430.0
31
0
0
LINE
8
electrical
10
-248435.96
20
126430.0
30
0
11
-248450.0
21
126430.0
31
0
0
LINE
8
electrical
10
-242437.0
20
122700.0
30
0
11
-242456.5
21
122711.26
31
0
0
LINE
8
electrical
10
-242456.5
20
122711.26
30
0
11
-242456.5
21
122688.74
31
0
0
LINE
8
electrical
10
-242456.5
20
122688.74
30
0
11
-242437.0
21
122700.0
31
0
0
LINE
8
electrical
10
-248457.02
20
126539.06
30
0
11
-248446.49
21
126555.47
31
0
0
LINE
8
electrical
10
-248446.49
20
126555.47
30
0
11
-248446.49
21
126555.47
31
0
0
LINE
8
electrical
10
-248446.49
20
126555.47
30
0
11
-248457.02
21
126539.06
31
0
0
LINE
8
electrical
10
-242457.02
20
122689.06
30
0
11
-248457.02
21
126539.06
31
0
0
LINE
8
electrical
10
-242457.02
20
122689.06
30
0
11
-242446.49
21
122705.47
31
0
0
LINE
8
electrical
10
-242446.49
20
122705.47
30
0
11
-242446.49
21
122705.47
31
0
0
LINE
8
electrical
10
-242446.49
20
122705.47
30
0
11
-242457.02
21
122689.06
31
0
0
LINE
8
electrical
10
-278550.0
20
126550.0
30
0
11
-278550.0
21
126538.74
31
0
0
LINE
8
electrical
10
-278550.0
20
126538.74
30
0
11
-278550.0
21
126561.26
31
0
0
LINE
8
electrical
10
-278550.0
20
126561.26
30
0
11
-278550.0
21
126550.0
31
0
0
LINE
8
electrical
10
-248450.0
20
126550.0
30
0
11
-278550.0
21
126550.0
31
0
0
LINE
8
electrical
10
-248450.0
20
126550.0
30
0
11
-248450.0
21
126538.74
31
0
0
LINE
8
electrical
10
-248450.0
20
126538.74
30
0
11
-248450.0
21
126561.26
31
0
0
LINE
8
electrical
10
-248450.0
20
126561.26
30
0
11
-248450.0
21
126550.0
31
0
0
LINE
8
electrical
10
-242450.0
20
122700.0
30
0
11
-242435.96
21
122700.0
31
0
0
LINE
8
electrical
10
-242435.96
20
122700.0
30
0
11
-242450.0
21
122700.0
31
0
0
LINE
8
electrical
10
-248450.0
20
126550.0
30
0
11
-248435.96
21
126550.0
31
0
0
LINE
8
electrical
10
-248435.96
20
126550.0
30
0
11
-248450.0
21
126550.0
31
0
0
LINE
8
electrical
10
-242437.0
20
122700.0
30
0
11
-242456.5
21
122711.26
31
0
0
LINE
8
electrical
10
-242456.5
20
122711.26
30
0
11
-242456.5
21
122688.74
31
0
0
LINE
8
electrical
10
-242456.5
20
122688.74
30
0
11
-242437.0
21
122700.0
31
0
0
LINE
8
electrical
10
-248457.17
20
126659.16
30
0
11
-248446.41
21
126675.42
31
0
0
LINE
8
electrical
10
-248446.41
20
126675.42
30
0
11
-248446.41
21
126675.42
31
0
0
LINE
8
electrical
10
-248446.41
20
126675.42
30
0
11
-248457.17
21
126659.16
31
0
0
LINE
8
electrical
10
-242457.17
20
122689.16
30
0
11
-248457.17
21
126659.16
31
0
0
LINE
8
electrical
10
-242457.17
20
122689.16
30
0
11
-242446.41
21
122705.42
31
0
0
LINE
8
electrical
10
-242446.41
20
122705.42
30
0
11
-242446.41
21
122705.42
31
0
0
LINE
8
electrical
10
-242446.41
20
122705.42
30
0
11
-242457.17
21
122689.16
31
0
0
LINE
8
electrical
10
-278550.0
20
126670.0
30
0
11
-278550.0
21
126658.74
31
0
0
LINE
8
electrical
10
-278550.0
20
126658.74
30
0
11
-278550.0
21
126681.26
31
0
0
LINE
8
electrical
10
-278550.0
20
126681.26
30
0
11
-278550.0
21
126670.0
31
0
0
LINE
8
electrical
10
-248450.0
20
126670.0
30
0
11
-278550.0
21
126670.0
31
0
0
LINE
8
electrical
10
-248450.0
20
126670.0
30
0
11
-248450.0
21
126658.74
31
0
0
LINE
8
electrical
10
-248450.0
20
126658.74
30
0
11
-248450.0
21
126681.26
31
0
0
LINE
8
electrical
10
-248450.0
20
126681.26
30
0
11
-248450.0
21
126670.0
31
0
0
LINE
8
electrical
10
-242450.0
20
122700.0
30
0
11
-242435.96
21
122700.0
31
0
0
LINE
8
electrical
10
-242435.96
20
122700.0
30
0
11
-242450.0
21
122700.0
31
0
0
LINE
8
electrical
10
-248450.0
20
126670.0
30
0
11
-248435.96
21
126670.0
31
0
0
LINE
8
electrical
10
-248435.96
20
126670.0
30
0
11
-248450.0
21
126670.0
31
0
0
LINE
8
electrical
10
-276465.0
20
122650.0
30
0
11
-276465.0
21
122710.0
31
0
0
LINE
8
electrical
10
-276335.0
20
122650.0
30
0
11
-276335.0
21
122710.0
31
0
0
LINE
8
electrical
10
-276465.0
20
122650.0
30
0
11
-276335.0
21
122650.0
31
0
0
LINE
8
electrical
10
-276465.0
20
122710.0
30
0
11
-276335.0
21
122710.0
31
0
0
LINE
8
electrical
10
-276391.0
20
122680.0
30
0
11
-276404.5
21
122687.79
31
0
0
LINE
8
electrical
10
-276404.5
20
122687.79
30
0
11
-276404.5
21
122672.21
31
0
0
LINE
8
electrical
10
-276404.5
20
122672.21
30
0
11
-276391.0
21
122680.0
31
0
0
LINE
8
electrical
10
-242450.0
20
122680.0
30
0
11
-242450.0
21
122672.21
31
0
0
LINE
8
electrical
10
-242450.0
20
122672.21
30
0
11
-242450.0
21
122687.79
31
0
0
LINE
8
electrical
10
-242450.0
20
122687.79
30
0
11
-242450.0
21
122680.0
31
0
0
LINE
8
electrical
10
-276400.0
20
122680.0
30
0
11
-242450.0
21
122680.0
31
0
0
LINE
8
electrical
10
-276400.0
20
122680.0
30
0
11
-276400.0
21
122672.21
31
0
0
LINE
8
electrical
10
-276400.0
20
122672.21
30
0
11
-276400.0
21
122687.79
31
0
0
LINE
8
electrical
10
-276400.0
20
122687.79
30
0
11
-276400.0
21
122680.0
31
0
0
LINE
8
electrical
10
-276400.0
20
122680.0
30
0
11
-276390.28
21
122680.0
31
0
0
LINE
8
electrical
10
-276390.28
20
122680.0
30
0
11
-276400.0
21
122680.0
31
0
0
LINE
8
electrical
10
-250665.0
20
122650.0
30
0
11
-250665.0
21
122710.0
31
0
0
LINE
8
electrical
10
-250535.0
20
122650.0
30
0
11
-250535.0
21
122710.0
31
0
0
LINE
8
electrical
10
-250665.0
20
122650.0
30
0
11
-250535.0
21
122650.0
31
0
0
LINE
8
electrical
10
-250665.0
20
122710.0
30
0
11
-250535.0
21
122710.0
31
0
0
LINE
8
electrical
10
-250591.0
20
122680.0
30
0
11
-250604.5
21
122687.79
31
0
0
LINE
8
electrical
10
-250604.5
20
122687.79
30
0
11
-250604.5
21
122672.21
31
0
0
LINE
8
electrical
10
-250604.5
20
122672.21
30
0
11
-250591.0
21
122680.0
31
0
0
LINE
8
electrical
10
-242450.0
20
122680.0
30
0
11
-242450.0
21
122672.21
31
0
0
LINE
8
electrical
10
-242450.0
20
122672.21
30
0
11
-242450.0
21
122687.79
31
0
0
LINE
8
electrical
10
-242450.0
20
122687.79
30
0
11
-242450.0
21
122680.0
31
0
0
LINE
8
electrical
10
-250600.0
20
122680.0
30
0
11
-242450.0
21
122680.0
31
0
0
LINE
8
electrical
10
-250600.0
20
122680.0
30
0
11
-250600.0
21
122672.21
31
0
0
LINE
8
electrical
10
-250600.0
20
122672.21
30
0
11
-250600.0
21
122687.79
31
0
0
LINE
8
electrical
10
-250600.0
20
122687.79
30
0
11
-250600.0
21
122680.0
31
0
0
LINE
8
electrical
10
-250600.0
20
122680.0
30
0
11
-250590.28
21
122680.0
31
0
0
LINE
8
electrical
10
-250590.28
20
122680.0
30
0
11
-250600.0
21
122680.0
31
0
0
LINE
8
hvac
10
-284525.0
20
123225.0
30
0
11
-284525.0
21
123975.0
31
0
0
LINE
8
hvac
10
-282875.0
20
123225.0
30
0
11
-282875.0
21
123975.0
31
0
0
LINE
8
hvac
10
-284525.0
20
123225.0
30
0
11
-282875.0
21
123225.0
31
0
0
LINE
8
hvac
10
-284525.0
20
123975.0
30
0
11
-282875.0
21
123975.0
31
0
0
LINE
8
hvac
10
-284425.0
20
123180.0
30
0
11
-284425.0
21
123220.0
31
0
0
LINE
8
hvac
10
-282975.0
20
123180.0
30
0
11
-282975.0
21
123220.0
31
0
0
LINE
8
hvac
10
-284425.0
20
123180.0
30
0
11
-282975.0
21
123180.0
31
0
0
LINE
8
hvac
10
-284425.0
20
123220.0
30
0
11
-282975.0
21
123220.0
31
0
0
LINE
8
hvac
10
-284360.0
20
123140.0
30
0
11
-284360.0
21
123200.0
31
0
0
LINE
8
hvac
10
-284320.0
20
123140.0
30
0
11
-284320.0
21
123200.0
31
0
0
LINE
8
hvac
10
-284360.0
20
123140.0
30
0
11
-284320.0
21
123140.0
31
0
0
LINE
8
hvac
10
-284360.0
20
123200.0
30
0
11
-284320.0
21
123200.0
31
0
0
LINE
8
hvac
10
-284200.0
20
123140.0
30
0
11
-284200.0
21
123200.0
31
0
0
LINE
8
hvac
10
-284160.0
20
123140.0
30
0
11
-284160.0
21
123200.0
31
0
0
LINE
8
hvac
10
-284200.0
20
123140.0
30
0
11
-284160.0
21
123140.0
31
0
0
LINE
8
hvac
10
-284200.0
20
123200.0
30
0
11
-284160.0
21
123200.0
31
0
0
LINE
8
hvac
10
-284040.0
20
123140.0
30
0
11
-284040.0
21
123200.0
31
0
0
LINE
8
hvac
10
-284000.0
20
123140.0
30
0
11
-284000.0
21
123200.0
31
0
0
LINE
8
hvac
10
-284040.0
20
123140.0
30
0
11
-284000.0
21
123140.0
31
0
0
LINE
8
hvac
10
-284040.0
20
123200.0
30
0
11
-284000.0
21
123200.0
31
0
0
LINE
8
hvac
10
-283880.0
20
123140.0
30
0
11
-283880.0
21
123200.0
31
0
0
LINE
8
hvac
10
-283840.0
20
123140.0
30
0
11
-283840.0
21
123200.0
31
0
0
LINE
8
hvac
10
-283880.0
20
123140.0
30
0
11
-283840.0
21
123140.0
31
0
0
LINE
8
hvac
10
-283880.0
20
123200.0
30
0
11
-283840.0
21
123200.0
31
0
0
LINE
8
hvac
10
-283720.0
20
123140.0
30
0
11
-283720.0
21
123200.0
31
0
0
LINE
8
hvac
10
-283680.0
20
123140.0
30
0
11
-283680.0
21
123200.0
31
0
0
LINE
8
hvac
10
-283720.0
20
123140.0
30
0
11
-283680.0
21
123140.0
31
0
0
LINE
8
hvac
10
-283720.0
20
123200.0
30
0
11
-283680.0
21
123200.0
31
0
0
LINE
8
hvac
10
-283560.0
20
123140.0
30
0
11
-283560.0
21
123200.0
31
0
0
LINE
8
hvac
10
-283520.0
20
123140.0
30
0
11
-283520.0
21
123200.0
31
0
0
LINE
8
hvac
10
-283560.0
20
123140.0
30
0
11
-283520.0
21
123140.0
31
0
0
LINE
8
hvac
10
-283560.0
20
123200.0
30
0
11
-283520.0
21
123200.0
31
0
0
LINE
8
hvac
10
-283400.0
20
123140.0
30
0
11
-283400.0
21
123200.0
31
0
0
LINE
8
hvac
10
-283360.0
20
123140.0
30
0
11
-283360.0
21
123200.0
31
0
0
LINE
8
hvac
10
-283400.0
20
123140.0
30
0
11
-283360.0
21
123140.0
31
0
0
LINE
8
hvac
10
-283400.0
20
123200.0
30
0
11
-283360.0
21
123200.0
31
0
0
LINE
8
hvac
10
-283240.0
20
123140.0
30
0
11
-283240.0
21
123200.0
31
0
0
LINE
8
hvac
10
-283200.0
20
123140.0
30
0
11
-283200.0
21
123200.0
31
0
0
LINE
8
hvac
10
-283240.0
20
123140.0
30
0
11
-283200.0
21
123140.0
31
0
0
LINE
8
hvac
10
-283240.0
20
123200.0
30
0
11
-283200.0
21
123200.0
31
0
0
LINE
8
hvac
10
-283080.0
20
123140.0
30
0
11
-283080.0
21
123200.0
31
0
0
LINE
8
hvac
10
-283040.0
20
123140.0
30
0
11
-283040.0
21
123200.0
31
0
0
LINE
8
hvac
10
-283080.0
20
123140.0
30
0
11
-283040.0
21
123140.0
31
0
0
LINE
8
hvac
10
-283080.0
20
123200.0
30
0
11
-283040.0
21
123200.0
31
0
0
LINE
8
hvac
10
-283925.0
20
123375.0
30
0
11
-283925.0
21
123825.0
31
0
0
LINE
8
hvac
10
-283475.0
20
123375.0
30
0
11
-283475.0
21
123825.0
31
0
0
LINE
8
hvac
10
-283925.0
20
123375.0
30
0
11
-283475.0
21
123375.0
31
0
0
LINE
8
hvac
10
-283925.0
20
123825.0
30
0
11
-283475.0
21
123825.0
31
0
0
LINE
8
hvac
10
-278550.0
20
135825.0
30
0
11
-278550.0
21
136175.0
31
0
0
LINE
8
hvac
10
-248450.0
20
135825.0
30
0
11
-248450.0
21
136175.0
31
0
0
LINE
8
hvac
10
-278550.0
20
135825.0
30
0
11
-248450.0
21
135825.0
31
0
0
LINE
8
hvac
10
-278550.0
20
136175.0
30
0
11
-248450.0
21
136175.0
31
0
0
LINE
8
hvac
10
-283875.0
20
123425.0
30
0
11
-283875.0
21
123775.0
31
0
0
LINE
8
hvac
10
-263325.0
20
123425.0
30
0
11
-263325.0
21
123775.0
31
0
0
LINE
8
hvac
10
-283875.0
20
123425.0
30
0
11
-263325.0
21
123425.0
31
0
0
LINE
8
hvac
10
-283875.0
20
123775.0
30
0
11
-263325.0
21
123775.0
31
0
0
LINE
8
hvac
10
-263675.0
20
123425.0
30
0
11
-263675.0
21
136175.0
31
0
0
LINE
8
hvac
10
-263325.0
20
123425.0
30
0
11
-263325.0
21
136175.0
31
0
0
LINE
8
hvac
10
-263675.0
20
123425.0
30
0
11
-263325.0
21
123425.0
31
0
0
LINE
8
hvac
10
-263675.0
20
136175.0
30
0
11
-263325.0
21
136175.0
31
0
0
LINE
8
hvac
10
-272450.0
20
135650.0
30
0
11
-272450.0
21
136350.0
31
0
0
LINE
8
hvac
10
-271750.0
20
135650.0
30
0
11
-271750.0
21
136350.0
31
0
0
LINE
8
hvac
10
-272450.0
20
135650.0
30
0
11
-271750.0
21
135650.0
31
0
0
LINE
8
hvac
10
-272450.0
20
136350.0
30
0
11
-271750.0
21
136350.0
31
0
0
LINE
8
hvac
10
-255250.0
20
135650.0
30
0
11
-255250.0
21
136350.0
31
0
0
LINE
8
hvac
10
-254550.0
20
135650.0
30
0
11
-254550.0
21
136350.0
31
0
0
LINE
8
hvac
10
-255250.0
20
135650.0
30
0
11
-254550.0
21
135650.0
31
0
0
LINE
8
hvac
10
-255250.0
20
136350.0
30
0
11
-254550.0
21
136350.0
31
0
0
LINE
8
sensors
10
-284960.0
20
128360.0
30
0
11
-284960.0
21
128520.0
31
0
0
LINE
8
sensors
10
-284860.0
20
128360.0
30
0
11
-284860.0
21
128520.0
31
0
0
LINE
8
sensors
10
-284960.0
20
128360.0
30
0
11
-284860.0
21
128360.0
31
0
0
LINE
8
sensors
10
-284960.0
20
128520.0
30
0
11
-284860.0
21
128520.0
31
0
0
LINE
8
sensors
10
-284855.0
20
128385.0
30
0
11
-284855.0
21
128495.0
31
0
0
LINE
8
sensors
10
-284835.0
20
128385.0
30
0
11
-284835.0
21
128495.0
31
0
0
LINE
8
sensors
10
-284855.0
20
128385.0
30
0
11
-284835.0
21
128385.0
31
0
0
LINE
8
sensors
10
-284855.0
20
128495.0
30
0
11
-284835.0
21
128495.0
31
0
0
LINE
8
sensors
10
-284960.0
20
128660.0
30
0
11
-284960.0
21
128820.0
31
0
0
LINE
8
sensors
10
-284860.0
20
128660.0
30
0
11
-284860.0
21
128820.0
31
0
0
LINE
8
sensors
10
-284960.0
20
128660.0
30
0
11
-284860.0
21
128660.0
31
0
0
LINE
8
sensors
10
-284960.0
20
128820.0
30
0
11
-284860.0
21
128820.0
31
0
0
LINE
8
sensors
10
-284855.0
20
128685.0
30
0
11
-284855.0
21
128795.0
31
0
0
LINE
8
sensors
10
-284835.0
20
128685.0
30
0
11
-284835.0
21
128795.0
31
0
0
LINE
8
sensors
10
-284855.0
20
128685.0
30
0
11
-284835.0
21
128685.0
31
0
0
LINE
8
sensors
10
-284855.0
20
128795.0
30
0
11
-284835.0
21
128795.0
31
0
0
LINE
8
sensors
10
-284960.0
20
128960.0
30
0
11
-284960.0
21
129120.0
31
0
0
LINE
8
sensors
10
-284860.0
20
128960.0
30
0
11
-284860.0
21
129120.0
31
0
0
LINE
8
sensors
10
-284960.0
20
128960.0
30
0
11
-284860.0
21
128960.0
31
0
0
LINE
8
sensors
10
-284960.0
20
129120.0
30
0
11
-284860.0
21
129120.0
31
0
0
LINE
8
sensors
10
-284855.0
20
128985.0
30
0
11
-284855.0
21
129095.0
31
0
0
LINE
8
sensors
10
-284835.0
20
128985.0
30
0
11
-284835.0
21
129095.0
31
0
0
LINE
8
sensors
10
-284855.0
20
128985.0
30
0
11
-284835.0
21
128985.0
31
0
0
LINE
8
sensors
10
-284855.0
20
129095.0
30
0
11
-284835.0
21
129095.0
31
0
0
LINE
8
sensors
10
-263420.0
20
136000.0
30
0
11
-263500.0
21
136080.0
31
0
0
LINE
8
sensors
10
-263500.0
20
136080.0
30
0
11
-263580.0
21
136000.0
31
0
0
LINE
8
sensors
10
-263580.0
20
136000.0
30
0
11
-263500.0
21
135920.0
31
0
0
LINE
8
sensors
10
-263500.0
20
135920.0
30
0
11
-263420.0
21
136000.0
31
0
0
LINE
8
sensors
10
-263500.0
20
136000.0
30
0
11
-263435.0
21
136000.0
31
0
0
LINE
8
sensors
10
-263435.0
20
136000.0
30
0
11
-263500.0
21
136000.0
31
0
0
LINE
8
sensors
10
-284960.0
20
129560.0
30
0
11
-284960.0
21
129720.0
31
0
0
LINE
8
sensors
10
-284860.0
20
129560.0
30
0
11
-284860.0
21
129720.0
31
0
0
LINE
8
sensors
10
-284960.0
20
129560.0
30
0
11
-284860.0
21
129560.0
31
0
0
LINE
8
sensors
10
-284960.0
20
129720.0
30
0
11
-284860.0
21
129720.0
31
0
0
LINE
8
sensors
10
-284855.0
20
129585.0
30
0
11
-284855.0
21
129695.0
31
0
0
LINE
8
sensors
10
-284835.0
20
129585.0
30
0
11
-284835.0
21
129695.0
31
0
0
LINE
8
sensors
10
-284855.0
20
129585.0
30
0
11
-284835.0
21
129585.0
31
0
0
LINE
8
sensors
10
-284855.0
20
129695.0
30
0
11
-284835.0
21
129695.0
31
0
0
LINE
8
interiors
10
-239100.0
20
122500.0
30
0
11
-239100.0
21
140500.0
31
0
0
LINE
8
interiors
10
-239100.0
20
122500.0
30
0
11
-235800.0
21
122500.0
31
0
0
LINE
8
interiors
10
-235800.0
20
122500.0
30
0
11
-233400.0
21
122500.0
31
0
0
LINE
8
interiors
10
-233400.0
20
122500.0
30
0
11
-230100.0
21
122500.0
31
0
0
LINE
8
interiors
10
-239100.0
20
122500.0
30
0
11
-230100.0
21
122500.0
31
0
0
LINE
8
interiors
10
-239100.0
20
140500.0
30
0
11
-230100.0
21
140500.0
31
0
0
LINE
8
interiors
10
-230100.0
20
122500.0
30
0
11
-230100.0
21
140500.0
31
0
0
LINE
8
interiors
10
-230220.0
20
122620.0
30
0
11
-238980.0
21
122620.0
31
0
0
LINE
8
interiors
10
-230220.0
20
122620.0
30
0
11
-230220.0
21
140380.0
31
0
0
LINE
8
interiors
10
-230220.0
20
140380.0
30
0
11
-238980.0
21
140380.0
31
0
0
LINE
8
interiors
10
-238980.0
20
122620.0
30
0
11
-238980.0
21
140380.0
31
0
0
LINE
8
interiors
10
-236940.0
20
140500.0
30
0
11
-232260.0
21
140500.0
31
0
0
LINE
8
interiors
10
-233400.0
20
122500.0
30
0
11
-233400.0
21
122620.0
31
0
0
LINE
8
interiors
10
-230220.0
20
122620.0
30
0
11
-233400.0
21
122620.0
31
0
0
LINE
8
interiors
10
-235800.0
20
122620.0
30
0
11
-238980.0
21
122620.0
31
0
0
LINE
8
interiors
10
-235800.0
20
122500.0
30
0
11
-235800.0
21
122620.0
31
0
0
LINE
8
interiors
10
-235800.0
20
122620.0
30
0
11
-233400.0
21
122620.0
31
0
0
LINE
8
interiors
10
-236940.0
20
140380.0
30
0
11
-232260.0
21
140380.0
31
0
0
LINE
8
interiors
10
-236940.0
20
140380.0
30
0
11
-236940.0
21
140500.0
31
0
0
LINE
8
interiors
10
-232260.0
20
140380.0
30
0
11
-232260.0
21
140500.0
31
0
0
LINE
8
interiors
10
-236940.0
20
140477.5
30
0
11
-236940.0
21
140522.5
31
0
0
LINE
8
interiors
10
-232260.0
20
140477.5
30
0
11
-232260.0
21
140522.5
31
0
0
LINE
8
interiors
10
-236940.0
20
140477.5
30
0
11
-232260.0
21
140477.5
31
0
0
LINE
8
interiors
10
-236940.0
20
140522.5
30
0
11
-232260.0
21
140522.5
31
0
0
LINE
8
interiors
10
-238975.0
20
122625.0
30
0
11
-238975.0
21
140375.0
31
0
0
LINE
8
interiors
10
-230225.0
20
122625.0
30
0
11
-230225.0
21
140375.0
31
0
0
LINE
8
interiors
10
-238975.0
20
122625.0
30
0
11
-230225.0
21
122625.0
31
0
0
LINE
8
interiors
10
-238975.0
20
140375.0
30
0
11
-230225.0
21
140375.0
31
0
0
LINE
8
interiors
10
-235755.0
20
122380.0
30
0
11
-235755.0
21
122620.0
31
0
0
LINE
8
interiors
10
-235685.0
20
122380.0
30
0
11
-235685.0
21
122620.0
31
0
0
LINE
8
interiors
10
-235755.0
20
122380.0
30
0
11
-235685.0
21
122380.0
31
0
0
LINE
8
interiors
10
-235755.0
20
122620.0
30
0
11
-235685.0
21
122620.0
31
0
0
LINE
8
interiors
10
-233515.0
20
122380.0
30
0
11
-233515.0
21
122620.0
31
0
0
LINE
8
interiors
10
-233445.0
20
122380.0
30
0
11
-233445.0
21
122620.0
31
0
0
LINE
8
interiors
10
-233515.0
20
122380.0
30
0
11
-233445.0
21
122380.0
31
0
0
LINE
8
interiors
10
-233515.0
20
122620.0
30
0
11
-233445.0
21
122620.0
31
0
0
LINE
8
interiors
10
-235750.0
20
122380.0
30
0
11
-235750.0
21
122620.0
31
0
0
LINE
8
interiors
10
-233450.0
20
122380.0
30
0
11
-233450.0
21
122620.0
31
0
0
LINE
8
interiors
10
-235750.0
20
122380.0
30
0
11
-233450.0
21
122380.0
31
0
0
LINE
8
interiors
10
-235750.0
20
122620.0
30
0
11
-233450.0
21
122620.0
31
0
0
LINE
8
interiors
10
-235669.61
20
122590.49
30
0
11
-235710.39
21
122609.51
31
0
0
LINE
8
interiors
10
-235213.18
20
123569.3
30
0
11
-235253.96
21
123588.32
31
0
0
LINE
8
interiors
10
-235669.61
20
122590.49
30
0
11
-235213.18
21
123569.3
31
0
0
LINE
8
interiors
10
-235710.39
20
122609.51
30
0
11
-235253.96
21
123588.32
31
0
0
LINE
8
interiors
10
-237800.0
20
127760.0
30
0
11
-237800.0
21
128760.0
31
0
0
LINE
8
interiors
10
-235000.0
20
127760.0
30
0
11
-235000.0
21
128760.0
31
0
0
LINE
8
interiors
10
-237800.0
20
127760.0
30
0
11
-235000.0
21
127760.0
31
0
0
LINE
8
interiors
10
-237800.0
20
128760.0
30
0
11
-235000.0
21
128760.0
31
0
0
LINE
8
interiors
10
-237735.0
20
127825.0
30
0
11
-237735.0
21
127895.0
31
0
0
LINE
8
interiors
10
-237665.0
20
127825.0
30
0
11
-237665.0
21
127895.0
31
0
0
LINE
8
interiors
10
-237735.0
20
127825.0
30
0
11
-237665.0
21
127825.0
31
0
0
LINE
8
interiors
10
-237735.0
20
127895.0
30
0
11
-237665.0
21
127895.0
31
0
0
LINE
8
interiors
10
-237735.0
20
128625.0
30
0
11
-237735.0
21
128695.0
31
0
0
LINE
8
interiors
10
-237665.0
20
128625.0
30
0
11
-237665.0
21
128695.0
31
0
0
LINE
8
interiors
10
-237735.0
20
128625.0
30
0
11
-237665.0
21
128625.0
31
0
0
LINE
8
interiors
10
-237735.0
20
128695.0
30
0
11
-237665.0
21
128695.0
31
0
0
LINE
8
interiors
10
-235135.0
20
127825.0
30
0
11
-235135.0
21
127895.0
31
0
0
LINE
8
interiors
10
-235065.0
20
127825.0
30
0
11
-235065.0
21
127895.0
31
0
0
LINE
8
interiors
10
-235135.0
20
127825.0
30
0
11
-235065.0
21
127825.0
31
0
0
LINE
8
interiors
10
-235135.0
20
127895.0
30
0
11
-235065.0
21
127895.0
31
0
0
LINE
8
interiors
10
-235135.0
20
128625.0
30
0
11
-235135.0
21
128695.0
31
0
0
LINE
8
interiors
10
-235065.0
20
128625.0
30
0
11
-235065.0
21
128695.0
31
0
0
LINE
8
interiors
10
-235135.0
20
128625.0
30
0
11
-235065.0
21
128625.0
31
0
0
LINE
8
interiors
10
-235135.0
20
128695.0
30
0
11
-235065.0
21
128695.0
31
0
0
LINE
8
interiors
10
-237850.0
20
135650.0
30
0
11
-237850.0
21
136350.0
31
0
0
LINE
8
interiors
10
-235850.0
20
135650.0
30
0
11
-235850.0
21
136350.0
31
0
0
LINE
8
interiors
10
-237850.0
20
135650.0
30
0
11
-235850.0
21
135650.0
31
0
0
LINE
8
interiors
10
-237850.0
20
136350.0
30
0
11
-235850.0
21
136350.0
31
0
0
LINE
8
interiors
10
-237750.0
20
135627.5
30
0
11
-237750.0
21
135652.5
31
0
0
LINE
8
interiors
10
-235950.0
20
135627.5
30
0
11
-235950.0
21
135652.5
31
0
0
LINE
8
interiors
10
-237750.0
20
135627.5
30
0
11
-235950.0
21
135627.5
31
0
0
LINE
8
interiors
10
-237750.0
20
135652.5
30
0
11
-235950.0
21
135652.5
31
0
0
LINE
8
interiors
10
-234600.0
20
126860.0
30
0
11
-234600.0
21
127860.0
31
0
0
LINE
8
interiors
10
-232600.0
20
126860.0
30
0
11
-232600.0
21
127860.0
31
0
0
LINE
8
interiors
10
-234600.0
20
126860.0
30
0
11
-232600.0
21
126860.0
31
0
0
LINE
8
interiors
10
-234600.0
20
127860.0
30
0
11
-232600.0
21
127860.0
31
0
0
LINE
8
interiors
10
-233920.0
20
127110.0
30
0
11
-234010.0
21
127265.88
31
0
0
LINE
8
interiors
10
-234010.0
20
127265.88
30
0
11
-234190.0
21
127265.88
31
0
0
LINE
8
interiors
10
-234190.0
20
127265.88
30
0
11
-234280.0
21
127110.0
31
0
0
LINE
8
interiors
10
-234280.0
20
127110.0
30
0
11
-234190.0
21
126954.12
31
0
0
LINE
8
interiors
10
-234190.0
20
126954.12
30
0
11
-234010.0
21
126954.12
31
0
0
LINE
8
interiors
10
-234010.0
20
126954.12
30
0
11
-233920.0
21
127110.0
31
0
0
LINE
8
interiors
10
-233920.0
20
127610.0
30
0
11
-234010.0
21
127765.88
31
0
0
LINE
8
interiors
10
-234010.0
20
127765.88
30
0
11
-234190.0
21
127765.88
31
0
0
LINE
8
interiors
10
-234190.0
20
127765.88
30
0
11
-234280.0
21
127610.0
31
0
0
LINE
8
interiors
10
-234280.0
20
127610.0
30
0
11
-234190.0
21
127454.12
31
0
0
LINE
8
interiors
10
-234190.0
20
127454.12
30
0
11
-234010.0
21
127454.12
31
0
0
LINE
8
interiors
10
-234010.0
20
127454.12
30
0
11
-233920.0
21
127610.0
31
0
0
LINE
8
interiors
10
-232920.0
20
127110.0
30
0
11
-233010.0
21
127265.88
31
0
0
LINE
8
interiors
10
-233010.0
20
127265.88
30
0
11
-233190.0
21
127265.88
31
0
0
LINE
8
interiors
10
-233190.0
20
127265.88
30
0
11
-233280.0
21
127110.0
31
0
0
LINE
8
interiors
10
-233280.0
20
127110.0
30
0
11
-233190.0
21
126954.12
31
0
0
LINE
8
interiors
10
-233190.0
20
126954.12
30
0
11
-233010.0
21
126954.12
31
0
0
LINE
8
interiors
10
-233010.0
20
126954.12
30
0
11
-232920.0
21
127110.0
31
0
0
LINE
8
interiors
10
-232920.0
20
127610.0
30
0
11
-233010.0
21
127765.88
31
0
0
LINE
8
interiors
10
-233010.0
20
127765.88
30
0
11
-233190.0
21
127765.88
31
0
0
LINE
8
interiors
10
-233190.0
20
127765.88
30
0
11
-233280.0
21
127610.0
31
0
0
LINE
8
interiors
10
-233280.0
20
127610.0
30
0
11
-233190.0
21
127454.12
31
0
0
LINE
8
interiors
10
-233190.0
20
127454.12
30
0
11
-233010.0
21
127454.12
31
0
0
LINE
8
interiors
10
-233010.0
20
127454.12
30
0
11
-232920.0
21
127610.0
31
0
0
LINE
8
hvac
10
-234900.0
20
126660.0
30
0
11
-234900.0
21
128060.0
31
0
0
LINE
8
hvac
10
-232300.0
20
126660.0
30
0
11
-232300.0
21
128060.0
31
0
0
LINE
8
hvac
10
-234900.0
20
126660.0
30
0
11
-232300.0
21
126660.0
31
0
0
LINE
8
hvac
10
-234900.0
20
128060.0
30
0
11
-232300.0
21
128060.0
31
0
0
LINE
8
hvac
10
-233875.0
20
127085.0
30
0
11
-233875.0
21
127635.0
31
0
0
LINE
8
hvac
10
-233325.0
20
127085.0
30
0
11
-233325.0
21
127635.0
31
0
0
LINE
8
hvac
10
-233875.0
20
127085.0
30
0
11
-233325.0
21
127085.0
31
0
0
LINE
8
hvac
10
-233875.0
20
127635.0
30
0
11
-233325.0
21
127635.0
31
0
0
LINE
8
electrical
10
-230825.0
20
122575.0
30
0
11
-230825.0
21
122825.0
31
0
0
LINE
8
electrical
10
-230275.0
20
122575.0
30
0
11
-230275.0
21
122825.0
31
0
0
LINE
8
electrical
10
-230825.0
20
122575.0
30
0
11
-230275.0
21
122575.0
31
0
0
LINE
8
electrical
10
-230825.0
20
122825.0
30
0
11
-230275.0
21
122825.0
31
0
0
LINE
8
electrical
10
-230785.0
20
122547.5
30
0
11
-230785.0
21
122582.5
31
0
0
LINE
8
electrical
10
-230315.0
20
122547.5
30
0
11
-230315.0
21
122582.5
31
0
0
LINE
8
electrical
10
-230785.0
20
122547.5
30
0
11
-230315.0
21
122547.5
31
0
0
LINE
8
electrical
10
-230785.0
20
122582.5
30
0
11
-230315.0
21
122582.5
31
0
0
LINE
8
electrical
10
-230737.5
20
122510.0
30
0
11
-230737.5
21
122550.0
31
0
0
LINE
8
electrical
10
-230637.5
20
122510.0
30
0
11
-230637.5
21
122550.0
31
0
0
LINE
8
electrical
10
-230737.5
20
122510.0
30
0
11
-230637.5
21
122510.0
31
0
0
LINE
8
electrical
10
-230737.5
20
122550.0
30
0
11
-230637.5
21
122550.0
31
0
0
LINE
8
electrical
10
-230600.0
20
122510.0
30
0
11
-230600.0
21
122550.0
31
0
0
LINE
8
electrical
10
-230500.0
20
122510.0
30
0
11
-230500.0
21
122550.0
31
0
0
LINE
8
electrical
10
-230600.0
20
122510.0
30
0
11
-230500.0
21
122510.0
31
0
0
LINE
8
electrical
10
-230600.0
20
122550.0
30
0
11
-230500.0
21
122550.0
31
0
0
LINE
8
electrical
10
-230462.5
20
122510.0
30
0
11
-230462.5
21
122550.0
31
0
0
LINE
8
electrical
10
-230362.5
20
122510.0
30
0
11
-230362.5
21
122550.0
31
0
0
LINE
8
electrical
10
-230462.5
20
122510.0
30
0
11
-230362.5
21
122510.0
31
0
0
LINE
8
electrical
10
-230462.5
20
122550.0
30
0
11
-230362.5
21
122550.0
31
0
0
LINE
8
electrical
10
-230687.5
20
122495.0
30
0
11
-230664.12
21
122495.0
31
0
0
LINE
8
electrical
10
-230664.12
20
122495.0
30
0
11
-230710.88
21
122495.0
31
0
0
LINE
8
electrical
10
-230710.88
20
122495.0
30
0
11
-230687.5
21
122495.0
31
0
0
LINE
8
electrical
10
-230687.5
20
122520.0
30
0
11
-230687.5
21
122495.0
31
0
0
LINE
8
electrical
10
-230687.5
20
122520.0
30
0
11
-230664.12
21
122520.0
31
0
0
LINE
8
electrical
10
-230664.12
20
122520.0
30
0
11
-230710.88
21
122520.0
31
0
0
LINE
8
electrical
10
-230710.88
20
122520.0
30
0
11
-230687.5
21
122520.0
31
0
0
LINE
8
electrical
10
-230550.0
20
122495.0
30
0
11
-230526.62
21
122495.0
31
0
0
LINE
8
electrical
10
-230526.62
20
122495.0
30
0
11
-230573.38
21
122495.0
31
0
0
LINE
8
electrical
10
-230573.38
20
122495.0
30
0
11
-230550.0
21
122495.0
31
0
0
LINE
8
electrical
10
-230550.0
20
122520.0
30
0
11
-230550.0
21
122495.0
31
0
0
LINE
8
electrical
10
-230550.0
20
122520.0
30
0
11
-230526.62
21
122520.0
31
0
0
LINE
8
electrical
10
-230526.62
20
122520.0
30
0
11
-230573.38
21
122520.0
31
0
0
LINE
8
electrical
10
-230573.38
20
122520.0
30
0
11
-230550.0
21
122520.0
31
0
0
LINE
8
electrical
10
-230412.5
20
122495.0
30
0
11
-230389.12
21
122495.0
31
0
0
LINE
8
electrical
10
-230389.12
20
122495.0
30
0
11
-230435.88
21
122495.0
31
0
0
LINE
8
electrical
10
-230435.88
20
122495.0
30
0
11
-230412.5
21
122495.0
31
0
0
LINE
8
electrical
10
-230412.5
20
122520.0
30
0
11
-230412.5
21
122495.0
31
0
0
LINE
8
electrical
10
-230412.5
20
122520.0
30
0
11
-230389.12
21
122520.0
31
0
0
LINE
8
electrical
10
-230389.12
20
122520.0
30
0
11
-230435.88
21
122520.0
31
0
0
LINE
8
electrical
10
-230435.88
20
122520.0
30
0
11
-230412.5
21
122520.0
31
0
0
LINE
8
electrical
10
-230550.0
20
122700.0
30
0
11
-230534.41
21
122700.0
31
0
0
LINE
8
electrical
10
-230534.41
20
122700.0
30
0
11
-230565.59
21
122700.0
31
0
0
LINE
8
electrical
10
-230565.59
20
122700.0
30
0
11
-230550.0
21
122700.0
31
0
0
LINE
8
electrical
10
-230550.0
20
122200.0
30
0
11
-230550.0
21
122700.0
31
0
0
LINE
8
electrical
10
-230550.0
20
122200.0
30
0
11
-230534.41
21
122200.0
31
0
0
LINE
8
electrical
10
-230534.41
20
122200.0
30
0
11
-230565.59
21
122200.0
31
0
0
LINE
8
electrical
10
-230565.59
20
122200.0
30
0
11
-230550.0
21
122200.0
31
0
0
LINE
8
electrical
10
-230568.0
20
122700.0
30
0
11
-230541.0
21
122715.59
31
0
0
LINE
8
electrical
10
-230541.0
20
122715.59
30
0
11
-230541.0
21
122684.41
31
0
0
LINE
8
electrical
10
-230541.0
20
122684.41
30
0
11
-230568.0
21
122700.0
31
0
0
LINE
8
electrical
10
-230550.0
20
122700.0
30
0
11
-230530.56
21
122700.0
31
0
0
LINE
8
electrical
10
-230530.56
20
122700.0
30
0
11
-230550.0
21
122700.0
31
0
0
LINE
8
lighting
10
-238160.0
20
125060.0
30
0
11
-238160.0
21
125700.0
31
0
0
LINE
8
lighting
10
-237520.0
20
125060.0
30
0
11
-237520.0
21
125700.0
31
0
0
LINE
8
lighting
10
-238160.0
20
125060.0
30
0
11
-237520.0
21
125060.0
31
0
0
LINE
8
lighting
10
-238160.0
20
125700.0
30
0
11
-237520.0
21
125700.0
31
0
0
LINE
8
lighting
10
-238120.0
20
125100.0
30
0
11
-238120.0
21
125660.0
31
0
0
LINE
8
lighting
10
-237560.0
20
125100.0
30
0
11
-237560.0
21
125660.0
31
0
0
LINE
8
lighting
10
-238120.0
20
125100.0
30
0
11
-237560.0
21
125100.0
31
0
0
LINE
8
lighting
10
-238120.0
20
125660.0
30
0
11
-237560.0
21
125660.0
31
0
0
LINE
8
lighting
10
-238086.0
20
125110.0
30
0
11
-238086.0
21
125650.0
31
0
0
LINE
8
lighting
10
-238074.0
20
125110.0
30
0
11
-238074.0
21
125650.0
31
0
0
LINE
8
lighting
10
-238086.0
20
125110.0
30
0
11
-238074.0
21
125110.0
31
0
0
LINE
8
lighting
10
-238086.0
20
125650.0
30
0
11
-238074.0
21
125650.0
31
0
0
LINE
8
lighting
10
-238006.0
20
125110.0
30
0
11
-238006.0
21
125650.0
31
0
0
LINE
8
lighting
10
-237994.0
20
125110.0
30
0
11
-237994.0
21
125650.0
31
0
0
LINE
8
lighting
10
-238006.0
20
125110.0
30
0
11
-237994.0
21
125110.0
31
0
0
LINE
8
lighting
10
-238006.0
20
125650.0
30
0
11
-237994.0
21
125650.0
31
0
0
LINE
8
lighting
10
-237926.0
20
125110.0
30
0
11
-237926.0
21
125650.0
31
0
0
LINE
8
lighting
10
-237914.0
20
125110.0
30
0
11
-237914.0
21
125650.0
31
0
0
LINE
8
lighting
10
-237926.0
20
125110.0
30
0
11
-237914.0
21
125110.0
31
0
0
LINE
8
lighting
10
-237926.0
20
125650.0
30
0
11
-237914.0
21
125650.0
31
0
0
LINE
8
lighting
10
-237846.0
20
125110.0
30
0
11
-237846.0
21
125650.0
31
0
0
LINE
8
lighting
10
-237834.0
20
125110.0
30
0
11
-237834.0
21
125650.0
31
0
0
LINE
8
lighting
10
-237846.0
20
125110.0
30
0
11
-237834.0
21
125110.0
31
0
0
LINE
8
lighting
10
-237846.0
20
125650.0
30
0
11
-237834.0
21
125650.0
31
0
0
LINE
8
lighting
10
-237766.0
20
125110.0
30
0
11
-237766.0
21
125650.0
31
0
0
LINE
8
lighting
10
-237754.0
20
125110.0
30
0
11
-237754.0
21
125650.0
31
0
0
LINE
8
lighting
10
-237766.0
20
125110.0
30
0
11
-237754.0
21
125110.0
31
0
0
LINE
8
lighting
10
-237766.0
20
125650.0
30
0
11
-237754.0
21
125650.0
31
0
0
LINE
8
lighting
10
-237686.0
20
125110.0
30
0
11
-237686.0
21
125650.0
31
0
0
LINE
8
lighting
10
-237674.0
20
125110.0
30
0
11
-237674.0
21
125650.0
31
0
0
LINE
8
lighting
10
-237686.0
20
125110.0
30
0
11
-237674.0
21
125110.0
31
0
0
LINE
8
lighting
10
-237686.0
20
125650.0
30
0
11
-237674.0
21
125650.0
31
0
0
LINE
8
lighting
10
-237606.0
20
125110.0
30
0
11
-237606.0
21
125650.0
31
0
0
LINE
8
lighting
10
-237594.0
20
125110.0
30
0
11
-237594.0
21
125650.0
31
0
0
LINE
8
lighting
10
-237606.0
20
125110.0
30
0
11
-237594.0
21
125110.0
31
0
0
LINE
8
lighting
10
-237606.0
20
125650.0
30
0
11
-237594.0
21
125650.0
31
0
0
LINE
8
lighting
10
-237831.0
20
125380.0
30
0
11
-237844.5
21
125387.79
31
0
0
LINE
8
lighting
10
-237844.5
20
125387.79
30
0
11
-237844.5
21
125372.21
31
0
0
LINE
8
lighting
10
-237844.5
20
125372.21
30
0
11
-237831.0
21
125380.0
31
0
0
LINE
8
lighting
10
-231680.0
20
125060.0
30
0
11
-231680.0
21
125700.0
31
0
0
LINE
8
lighting
10
-231040.0
20
125060.0
30
0
11
-231040.0
21
125700.0
31
0
0
LINE
8
lighting
10
-231680.0
20
125060.0
30
0
11
-231040.0
21
125060.0
31
0
0
LINE
8
lighting
10
-231680.0
20
125700.0
30
0
11
-231040.0
21
125700.0
31
0
0
LINE
8
lighting
10
-231640.0
20
125100.0
30
0
11
-231640.0
21
125660.0
31
0
0
LINE
8
lighting
10
-231080.0
20
125100.0
30
0
11
-231080.0
21
125660.0
31
0
0
LINE
8
lighting
10
-231640.0
20
125100.0
30
0
11
-231080.0
21
125100.0
31
0
0
LINE
8
lighting
10
-231640.0
20
125660.0
30
0
11
-231080.0
21
125660.0
31
0
0
LINE
8
lighting
10
-231606.0
20
125110.0
30
0
11
-231606.0
21
125650.0
31
0
0
LINE
8
lighting
10
-231594.0
20
125110.0
30
0
11
-231594.0
21
125650.0
31
0
0
LINE
8
lighting
10
-231606.0
20
125110.0
30
0
11
-231594.0
21
125110.0
31
0
0
LINE
8
lighting
10
-231606.0
20
125650.0
30
0
11
-231594.0
21
125650.0
31
0
0
LINE
8
lighting
10
-231526.0
20
125110.0
30
0
11
-231526.0
21
125650.0
31
0
0
LINE
8
lighting
10
-231514.0
20
125110.0
30
0
11
-231514.0
21
125650.0
31
0
0
LINE
8
lighting
10
-231526.0
20
125110.0
30
0
11
-231514.0
21
125110.0
31
0
0
LINE
8
lighting
10
-231526.0
20
125650.0
30
0
11
-231514.0
21
125650.0
31
0
0
LINE
8
lighting
10
-231446.0
20
125110.0
30
0
11
-231446.0
21
125650.0
31
0
0
LINE
8
lighting
10
-231434.0
20
125110.0
30
0
11
-231434.0
21
125650.0
31
0
0
LINE
8
lighting
10
-231446.0
20
125110.0
30
0
11
-231434.0
21
125110.0
31
0
0
LINE
8
lighting
10
-231446.0
20
125650.0
30
0
11
-231434.0
21
125650.0
31
0
0
LINE
8
lighting
10
-231366.0
20
125110.0
30
0
11
-231366.0
21
125650.0
31
0
0
LINE
8
lighting
10
-231354.0
20
125110.0
30
0
11
-231354.0
21
125650.0
31
0
0
LINE
8
lighting
10
-231366.0
20
125110.0
30
0
11
-231354.0
21
125110.0
31
0
0
LINE
8
lighting
10
-231366.0
20
125650.0
30
0
11
-231354.0
21
125650.0
31
0
0
LINE
8
lighting
10
-231286.0
20
125110.0
30
0
11
-231286.0
21
125650.0
31
0
0
LINE
8
lighting
10
-231274.0
20
125110.0
30
0
11
-231274.0
21
125650.0
31
0
0
LINE
8
lighting
10
-231286.0
20
125110.0
30
0
11
-231274.0
21
125110.0
31
0
0
LINE
8
lighting
10
-231286.0
20
125650.0
30
0
11
-231274.0
21
125650.0
31
0
0
LINE
8
lighting
10
-231206.0
20
125110.0
30
0
11
-231206.0
21
125650.0
31
0
0
LINE
8
lighting
10
-231194.0
20
125110.0
30
0
11
-231194.0
21
125650.0
31
0
0
LINE
8
lighting
10
-231206.0
20
125110.0
30
0
11
-231194.0
21
125110.0
31
0
0
LINE
8
lighting
10
-231206.0
20
125650.0
30
0
11
-231194.0
21
125650.0
31
0
0
LINE
8
lighting
10
-231126.0
20
125110.0
30
0
11
-231126.0
21
125650.0
31
0
0
LINE
8
lighting
10
-231114.0
20
125110.0
30
0
11
-231114.0
21
125650.0
31
0
0
LINE
8
lighting
10
-231126.0
20
125110.0
30
0
11
-231114.0
21
125110.0
31
0
0
LINE
8
lighting
10
-231126.0
20
125650.0
30
0
11
-231114.0
21
125650.0
31
0
0
LINE
8
lighting
10
-231351.0
20
125380.0
30
0
11
-231364.5
21
125387.79
31
0
0
LINE
8
lighting
10
-231364.5
20
125387.79
30
0
11
-231364.5
21
125372.21
31
0
0
LINE
8
lighting
10
-231364.5
20
125372.21
30
0
11
-231351.0
21
125380.0
31
0
0
LINE
8
lighting
10
-238160.0
20
137300.0
30
0
11
-238160.0
21
137940.0
31
0
0
LINE
8
lighting
10
-237520.0
20
137300.0
30
0
11
-237520.0
21
137940.0
31
0
0
LINE
8
lighting
10
-238160.0
20
137300.0
30
0
11
-237520.0
21
137300.0
31
0
0
LINE
8
lighting
10
-238160.0
20
137940.0
30
0
11
-237520.0
21
137940.0
31
0
0
LINE
8
lighting
10
-238120.0
20
137340.0
30
0
11
-238120.0
21
137900.0
31
0
0
LINE
8
lighting
10
-237560.0
20
137340.0
30
0
11
-237560.0
21
137900.0
31
0
0
LINE
8
lighting
10
-238120.0
20
137340.0
30
0
11
-237560.0
21
137340.0
31
0
0
LINE
8
lighting
10
-238120.0
20
137900.0
30
0
11
-237560.0
21
137900.0
31
0
0
LINE
8
lighting
10
-238086.0
20
137350.0
30
0
11
-238086.0
21
137890.0
31
0
0
LINE
8
lighting
10
-238074.0
20
137350.0
30
0
11
-238074.0
21
137890.0
31
0
0
LINE
8
lighting
10
-238086.0
20
137350.0
30
0
11
-238074.0
21
137350.0
31
0
0
LINE
8
lighting
10
-238086.0
20
137890.0
30
0
11
-238074.0
21
137890.0
31
0
0
LINE
8
lighting
10
-238006.0
20
137350.0
30
0
11
-238006.0
21
137890.0
31
0
0
LINE
8
lighting
10
-237994.0
20
137350.0
30
0
11
-237994.0
21
137890.0
31
0
0
LINE
8
lighting
10
-238006.0
20
137350.0
30
0
11
-237994.0
21
137350.0
31
0
0
LINE
8
lighting
10
-238006.0
20
137890.0
30
0
11
-237994.0
21
137890.0
31
0
0
LINE
8
lighting
10
-237926.0
20
137350.0
30
0
11
-237926.0
21
137890.0
31
0
0
LINE
8
lighting
10
-237914.0
20
137350.0
30
0
11
-237914.0
21
137890.0
31
0
0
LINE
8
lighting
10
-237926.0
20
137350.0
30
0
11
-237914.0
21
137350.0
31
0
0
LINE
8
lighting
10
-237926.0
20
137890.0
30
0
11
-237914.0
21
137890.0
31
0
0
LINE
8
lighting
10
-237846.0
20
137350.0
30
0
11
-237846.0
21
137890.0
31
0
0
LINE
8
lighting
10
-237834.0
20
137350.0
30
0
11
-237834.0
21
137890.0
31
0
0
LINE
8
lighting
10
-237846.0
20
137350.0
30
0
11
-237834.0
21
137350.0
31
0
0
LINE
8
lighting
10
-237846.0
20
137890.0
30
0
11
-237834.0
21
137890.0
31
0
0
LINE
8
lighting
10
-237766.0
20
137350.0
30
0
11
-237766.0
21
137890.0
31
0
0
LINE
8
lighting
10
-237754.0
20
137350.0
30
0
11
-237754.0
21
137890.0
31
0
0
LINE
8
lighting
10
-237766.0
20
137350.0
30
0
11
-237754.0
21
137350.0
31
0
0
LINE
8
lighting
10
-237766.0
20
137890.0
30
0
11
-237754.0
21
137890.0
31
0
0
LINE
8
lighting
10
-237686.0
20
137350.0
30
0
11
-237686.0
21
137890.0
31
0
0
LINE
8
lighting
10
-237674.0
20
137350.0
30
0
11
-237674.0
21
137890.0
31
0
0
LINE
8
lighting
10
-237686.0
20
137350.0
30
0
11
-237674.0
21
137350.0
31
0
0
LINE
8
lighting
10
-237686.0
20
137890.0
30
0
11
-237674.0
21
137890.0
31
0
0
LINE
8
lighting
10
-237606.0
20
137350.0
30
0
11
-237606.0
21
137890.0
31
0
0
LINE
8
lighting
10
-237594.0
20
137350.0
30
0
11
-237594.0
21
137890.0
31
0
0
LINE
8
lighting
10
-237606.0
20
137350.0
30
0
11
-237594.0
21
137350.0
31
0
0
LINE
8
lighting
10
-237606.0
20
137890.0
30
0
11
-237594.0
21
137890.0
31
0
0
LINE
8
lighting
10
-237831.0
20
137620.0
30
0
11
-237844.5
21
137627.79
31
0
0
LINE
8
lighting
10
-237844.5
20
137627.79
30
0
11
-237844.5
21
137612.21
31
0
0
LINE
8
lighting
10
-237844.5
20
137612.21
30
0
11
-237831.0
21
137620.0
31
0
0
LINE
8
lighting
10
-231680.0
20
137300.0
30
0
11
-231680.0
21
137940.0
31
0
0
LINE
8
lighting
10
-231040.0
20
137300.0
30
0
11
-231040.0
21
137940.0
31
0
0
LINE
8
lighting
10
-231680.0
20
137300.0
30
0
11
-231040.0
21
137300.0
31
0
0
LINE
8
lighting
10
-231680.0
20
137940.0
30
0
11
-231040.0
21
137940.0
31
0
0
LINE
8
lighting
10
-231640.0
20
137340.0
30
0
11
-231640.0
21
137900.0
31
0
0
LINE
8
lighting
10
-231080.0
20
137340.0
30
0
11
-231080.0
21
137900.0
31
0
0
LINE
8
lighting
10
-231640.0
20
137340.0
30
0
11
-231080.0
21
137340.0
31
0
0
LINE
8
lighting
10
-231640.0
20
137900.0
30
0
11
-231080.0
21
137900.0
31
0
0
LINE
8
lighting
10
-231606.0
20
137350.0
30
0
11
-231606.0
21
137890.0
31
0
0
LINE
8
lighting
10
-231594.0
20
137350.0
30
0
11
-231594.0
21
137890.0
31
0
0
LINE
8
lighting
10
-231606.0
20
137350.0
30
0
11
-231594.0
21
137350.0
31
0
0
LINE
8
lighting
10
-231606.0
20
137890.0
30
0
11
-231594.0
21
137890.0
31
0
0
LINE
8
lighting
10
-231526.0
20
137350.0
30
0
11
-231526.0
21
137890.0
31
0
0
LINE
8
lighting
10
-231514.0
20
137350.0
30
0
11
-231514.0
21
137890.0
31
0
0
LINE
8
lighting
10
-231526.0
20
137350.0
30
0
11
-231514.0
21
137350.0
31
0
0
LINE
8
lighting
10
-231526.0
20
137890.0
30
0
11
-231514.0
21
137890.0
31
0
0
LINE
8
lighting
10
-231446.0
20
137350.0
30
0
11
-231446.0
21
137890.0
31
0
0
LINE
8
lighting
10
-231434.0
20
137350.0
30
0
11
-231434.0
21
137890.0
31
0
0
LINE
8
lighting
10
-231446.0
20
137350.0
30
0
11
-231434.0
21
137350.0
31
0
0
LINE
8
lighting
10
-231446.0
20
137890.0
30
0
11
-231434.0
21
137890.0
31
0
0
LINE
8
lighting
10
-231366.0
20
137350.0
30
0
11
-231366.0
21
137890.0
31
0
0
LINE
8
lighting
10
-231354.0
20
137350.0
30
0
11
-231354.0
21
137890.0
31
0
0
LINE
8
lighting
10
-231366.0
20
137350.0
30
0
11
-231354.0
21
137350.0
31
0
0
LINE
8
lighting
10
-231366.0
20
137890.0
30
0
11
-231354.0
21
137890.0
31
0
0
LINE
8
lighting
10
-231286.0
20
137350.0
30
0
11
-231286.0
21
137890.0
31
0
0
LINE
8
lighting
10
-231274.0
20
137350.0
30
0
11
-231274.0
21
137890.0
31
0
0
LINE
8
lighting
10
-231286.0
20
137350.0
30
0
11
-231274.0
21
137350.0
31
0
0
LINE
8
lighting
10
-231286.0
20
137890.0
30
0
11
-231274.0
21
137890.0
31
0
0
LINE
8
lighting
10
-231206.0
20
137350.0
30
0
11
-231206.0
21
137890.0
31
0
0
LINE
8
lighting
10
-231194.0
20
137350.0
30
0
11
-231194.0
21
137890.0
31
0
0
LINE
8
lighting
10
-231206.0
20
137350.0
30
0
11
-231194.0
21
137350.0
31
0
0
LINE
8
lighting
10
-231206.0
20
137890.0
30
0
11
-231194.0
21
137890.0
31
0
0
LINE
8
lighting
10
-231126.0
20
137350.0
30
0
11
-231126.0
21
137890.0
31
0
0
LINE
8
lighting
10
-231114.0
20
137350.0
30
0
11
-231114.0
21
137890.0
31
0
0
LINE
8
lighting
10
-231126.0
20
137350.0
30
0
11
-231114.0
21
137350.0
31
0
0
LINE
8
lighting
10
-231126.0
20
137890.0
30
0
11
-231114.0
21
137890.0
31
0
0
LINE
8
lighting
10
-231351.0
20
137620.0
30
0
11
-231364.5
21
137627.79
31
0
0
LINE
8
lighting
10
-231364.5
20
137627.79
30
0
11
-231364.5
21
137612.21
31
0
0
LINE
8
lighting
10
-231364.5
20
137612.21
30
0
11
-231351.0
21
137620.0
31
0
0
LINE
8
electrical
10
-237840.0
20
125080.0
30
0
11
-237840.0
21
125072.21
31
0
0
LINE
8
electrical
10
-237840.0
20
125072.21
30
0
11
-237840.0
21
125087.79
31
0
0
LINE
8
electrical
10
-237840.0
20
125087.79
30
0
11
-237840.0
21
125080.0
31
0
0
LINE
8
electrical
10
-230550.0
20
125080.0
30
0
11
-237840.0
21
125080.0
31
0
0
LINE
8
electrical
10
-230550.0
20
125080.0
30
0
11
-230550.0
21
125072.21
31
0
0
LINE
8
electrical
10
-230550.0
20
125072.21
30
0
11
-230550.0
21
125087.79
31
0
0
LINE
8
electrical
10
-230550.0
20
125087.79
30
0
11
-230550.0
21
125080.0
31
0
0
LINE
8
electrical
10
-237840.0
20
137620.0
30
0
11
-237832.21
21
137620.0
31
0
0
LINE
8
electrical
10
-237832.21
20
137620.0
30
0
11
-237847.79
21
137620.0
31
0
0
LINE
8
electrical
10
-237847.79
20
137620.0
30
0
11
-237840.0
21
137620.0
31
0
0
LINE
8
electrical
10
-237840.0
20
125080.0
30
0
11
-237840.0
21
137620.0
31
0
0
LINE
8
electrical
10
-237840.0
20
125080.0
30
0
11
-237832.21
21
125080.0
31
0
0
LINE
8
electrical
10
-237832.21
20
125080.0
30
0
11
-237847.79
21
125080.0
31
0
0
LINE
8
electrical
10
-237847.79
20
125080.0
30
0
11
-237840.0
21
125080.0
31
0
0
LINE
8
electrical
10
-231360.0
20
137620.0
30
0
11
-231352.21
21
137620.0
31
0
0
LINE
8
electrical
10
-231352.21
20
137620.0
30
0
11
-231367.79
21
137620.0
31
0
0
LINE
8
electrical
10
-231367.79
20
137620.0
30
0
11
-231360.0
21
137620.0
31
0
0
LINE
8
electrical
10
-231360.0
20
125080.0
30
0
11
-231360.0
21
137620.0
31
0
0
LINE
8
electrical
10
-231360.0
20
125080.0
30
0
11
-231352.21
21
125080.0
31
0
0
LINE
8
electrical
10
-231352.21
20
125080.0
30
0
11
-231367.79
21
125080.0
31
0
0
LINE
8
electrical
10
-231367.79
20
125080.0
30
0
11
-231360.0
21
125080.0
31
0
0
LINE
8
electrical
10
-230537.0
20
122700.0
30
0
11
-230556.5
21
122711.26
31
0
0
LINE
8
electrical
10
-230556.5
20
122711.26
30
0
11
-230556.5
21
122688.74
31
0
0
LINE
8
electrical
10
-230556.5
20
122688.74
30
0
11
-230537.0
21
122700.0
31
0
0
LINE
8
electrical
10
-231437.84
20
125084.6
30
0
11
-231456.08
21
125077.7
31
0
0
LINE
8
electrical
10
-231456.08
20
125077.7
30
0
11
-231456.08
21
125077.7
31
0
0
LINE
8
electrical
10
-231456.08
20
125077.7
30
0
11
-231437.84
21
125084.6
31
0
0
LINE
8
electrical
10
-230537.84
20
122704.6
30
0
11
-231437.84
21
125084.6
31
0
0
LINE
8
electrical
10
-230537.84
20
122704.6
30
0
11
-230556.08
21
122697.7
31
0
0
LINE
8
electrical
10
-230556.08
20
122697.7
30
0
11
-230556.08
21
122697.7
31
0
0
LINE
8
electrical
10
-230556.08
20
122697.7
30
0
11
-230537.84
21
122704.6
31
0
0
LINE
8
electrical
10
-237750.0
20
125080.0
30
0
11
-237750.0
21
125068.74
31
0
0
LINE
8
electrical
10
-237750.0
20
125068.74
30
0
11
-237750.0
21
125091.26
31
0
0
LINE
8
electrical
10
-237750.0
20
125091.26
30
0
11
-237750.0
21
125080.0
31
0
0
LINE
8
electrical
10
-231450.0
20
125080.0
30
0
11
-237750.0
21
125080.0
31
0
0
LINE
8
electrical
10
-231450.0
20
125080.0
30
0
11
-231450.0
21
125068.74
31
0
0
LINE
8
electrical
10
-231450.0
20
125068.74
30
0
11
-231450.0
21
125091.26
31
0
0
LINE
8
electrical
10
-231450.0
20
125091.26
30
0
11
-231450.0
21
125080.0
31
0
0
LINE
8
electrical
10
-230550.0
20
122700.0
30
0
11
-230535.96
21
122700.0
31
0
0
LINE
8
electrical
10
-230535.96
20
122700.0
30
0
11
-230550.0
21
122700.0
31
0
0
LINE
8
electrical
10
-231450.0
20
125080.0
30
0
11
-231435.96
21
125080.0
31
0
0
LINE
8
electrical
10
-231435.96
20
125080.0
30
0
11
-231450.0
21
125080.0
31
0
0
LINE
8
electrical
10
-230537.0
20
122700.0
30
0
11
-230556.5
21
122711.26
31
0
0
LINE
8
electrical
10
-230556.5
20
122711.26
30
0
11
-230556.5
21
122688.74
31
0
0
LINE
8
electrical
10
-230556.5
20
122688.74
30
0
11
-230537.0
21
122700.0
31
0
0
LINE
8
electrical
10
-231437.77
20
125204.4
30
0
11
-231456.12
21
125197.8
31
0
0
LINE
8
electrical
10
-231456.12
20
125197.8
30
0
11
-231456.12
21
125197.8
31
0
0
LINE
8
electrical
10
-231456.12
20
125197.8
30
0
11
-231437.77
21
125204.4
31
0
0
LINE
8
electrical
10
-230537.77
20
122704.4
30
0
11
-231437.77
21
125204.4
31
0
0
LINE
8
electrical
10
-230537.77
20
122704.4
30
0
11
-230556.12
21
122697.8
31
0
0
LINE
8
electrical
10
-230556.12
20
122697.8
30
0
11
-230556.12
21
122697.8
31
0
0
LINE
8
electrical
10
-230556.12
20
122697.8
30
0
11
-230537.77
21
122704.4
31
0
0
LINE
8
electrical
10
-237750.0
20
125200.0
30
0
11
-237750.0
21
125188.74
31
0
0
LINE
8
electrical
10
-237750.0
20
125188.74
30
0
11
-237750.0
21
125211.26
31
0
0
LINE
8
electrical
10
-237750.0
20
125211.26
30
0
11
-237750.0
21
125200.0
31
0
0
LINE
8
electrical
10
-231450.0
20
125200.0
30
0
11
-237750.0
21
125200.0
31
0
0
LINE
8
electrical
10
-231450.0
20
125200.0
30
0
11
-231450.0
21
125188.74
31
0
0
LINE
8
electrical
10
-231450.0
20
125188.74
30
0
11
-231450.0
21
125211.26
31
0
0
LINE
8
electrical
10
-231450.0
20
125211.26
30
0
11
-231450.0
21
125200.0
31
0
0
LINE
8
electrical
10
-230550.0
20
122700.0
30
0
11
-230535.96
21
122700.0
31
0
0
LINE
8
electrical
10
-230535.96
20
122700.0
30
0
11
-230550.0
21
122700.0
31
0
0
LINE
8
electrical
10
-231450.0
20
125200.0
30
0
11
-231435.96
21
125200.0
31
0
0
LINE
8
electrical
10
-231435.96
20
125200.0
30
0
11
-231450.0
21
125200.0
31
0
0
LINE
8
electrical
10
-230537.0
20
122700.0
30
0
11
-230556.5
21
122711.26
31
0
0
LINE
8
electrical
10
-230556.5
20
122711.26
30
0
11
-230556.5
21
122688.74
31
0
0
LINE
8
electrical
10
-230556.5
20
122688.74
30
0
11
-230537.0
21
122700.0
31
0
0
LINE
8
electrical
10
-231437.71
20
125324.22
30
0
11
-231456.15
21
125317.89
31
0
0
LINE
8
electrical
10
-231456.15
20
125317.89
30
0
11
-231456.15
21
125317.89
31
0
0
LINE
8
electrical
10
-231456.15
20
125317.89
30
0
11
-231437.71
21
125324.22
31
0
0
LINE
8
electrical
10
-230537.71
20
122704.22
30
0
11
-231437.71
21
125324.22
31
0
0
LINE
8
electrical
10
-230537.71
20
122704.22
30
0
11
-230556.15
21
122697.89
31
0
0
LINE
8
electrical
10
-230556.15
20
122697.89
30
0
11
-230556.15
21
122697.89
31
0
0
LINE
8
electrical
10
-230556.15
20
122697.89
30
0
11
-230537.71
21
122704.22
31
0
0
LINE
8
electrical
10
-237750.0
20
125320.0
30
0
11
-237750.0
21
125308.74
31
0
0
LINE
8
electrical
10
-237750.0
20
125308.74
30
0
11
-237750.0
21
125331.26
31
0
0
LINE
8
electrical
10
-237750.0
20
125331.26
30
0
11
-237750.0
21
125320.0
31
0
0
LINE
8
electrical
10
-231450.0
20
125320.0
30
0
11
-237750.0
21
125320.0
31
0
0
LINE
8
electrical
10
-231450.0
20
125320.0
30
0
11
-231450.0
21
125308.74
31
0
0
LINE
8
electrical
10
-231450.0
20
125308.74
30
0
11
-231450.0
21
125331.26
31
0
0
LINE
8
electrical
10
-231450.0
20
125331.26
30
0
11
-231450.0
21
125320.0
31
0
0
LINE
8
electrical
10
-230550.0
20
122700.0
30
0
11
-230535.96
21
122700.0
31
0
0
LINE
8
electrical
10
-230535.96
20
122700.0
30
0
11
-230550.0
21
122700.0
31
0
0
LINE
8
electrical
10
-231450.0
20
125320.0
30
0
11
-231435.96
21
125320.0
31
0
0
LINE
8
electrical
10
-231435.96
20
125320.0
30
0
11
-231450.0
21
125320.0
31
0
0
LINE
8
electrical
10
-237365.0
20
122650.0
30
0
11
-237365.0
21
122710.0
31
0
0
LINE
8
electrical
10
-237235.0
20
122650.0
30
0
11
-237235.0
21
122710.0
31
0
0
LINE
8
electrical
10
-237365.0
20
122650.0
30
0
11
-237235.0
21
122650.0
31
0
0
LINE
8
electrical
10
-237365.0
20
122710.0
30
0
11
-237235.0
21
122710.0
31
0
0
LINE
8
electrical
10
-237291.0
20
122680.0
30
0
11
-237304.5
21
122687.79
31
0
0
LINE
8
electrical
10
-237304.5
20
122687.79
30
0
11
-237304.5
21
122672.21
31
0
0
LINE
8
electrical
10
-237304.5
20
122672.21
30
0
11
-237291.0
21
122680.0
31
0
0
LINE
8
electrical
10
-230550.0
20
122680.0
30
0
11
-230550.0
21
122672.21
31
0
0
LINE
8
electrical
10
-230550.0
20
122672.21
30
0
11
-230550.0
21
122687.79
31
0
0
LINE
8
electrical
10
-230550.0
20
122687.79
30
0
11
-230550.0
21
122680.0
31
0
0
LINE
8
electrical
10
-237300.0
20
122680.0
30
0
11
-230550.0
21
122680.0
31
0
0
LINE
8
electrical
10
-237300.0
20
122680.0
30
0
11
-237300.0
21
122672.21
31
0
0
LINE
8
electrical
10
-237300.0
20
122672.21
30
0
11
-237300.0
21
122687.79
31
0
0
LINE
8
electrical
10
-237300.0
20
122687.79
30
0
11
-237300.0
21
122680.0
31
0
0
LINE
8
electrical
10
-237300.0
20
122680.0
30
0
11
-237290.28
21
122680.0
31
0
0
LINE
8
electrical
10
-237290.28
20
122680.0
30
0
11
-237300.0
21
122680.0
31
0
0
LINE
8
electrical
10
-231965.0
20
122650.0
30
0
11
-231965.0
21
122710.0
31
0
0
LINE
8
electrical
10
-231835.0
20
122650.0
30
0
11
-231835.0
21
122710.0
31
0
0
LINE
8
electrical
10
-231965.0
20
122650.0
30
0
11
-231835.0
21
122650.0
31
0
0
LINE
8
electrical
10
-231965.0
20
122710.0
30
0
11
-231835.0
21
122710.0
31
0
0
LINE
8
electrical
10
-231891.0
20
122680.0
30
0
11
-231904.5
21
122687.79
31
0
0
LINE
8
electrical
10
-231904.5
20
122687.79
30
0
11
-231904.5
21
122672.21
31
0
0
LINE
8
electrical
10
-231904.5
20
122672.21
30
0
11
-231891.0
21
122680.0
31
0
0
LINE
8
electrical
10
-230550.0
20
122680.0
30
0
11
-230550.0
21
122672.21
31
0
0
LINE
8
electrical
10
-230550.0
20
122672.21
30
0
11
-230550.0
21
122687.79
31
0
0
LINE
8
electrical
10
-230550.0
20
122687.79
30
0
11
-230550.0
21
122680.0
31
0
0
LINE
8
electrical
10
-231900.0
20
122680.0
30
0
11
-230550.0
21
122680.0
31
0
0
LINE
8
electrical
10
-231900.0
20
122680.0
30
0
11
-231900.0
21
122672.21
31
0
0
LINE
8
electrical
10
-231900.0
20
122672.21
30
0
11
-231900.0
21
122687.79
31
0
0
LINE
8
electrical
10
-231900.0
20
122687.79
30
0
11
-231900.0
21
122680.0
31
0
0
LINE
8
electrical
10
-231900.0
20
122680.0
30
0
11
-231890.28
21
122680.0
31
0
0
LINE
8
electrical
10
-231890.28
20
122680.0
30
0
11
-231900.0
21
122680.0
31
0
0
LINE
8
hvac
10
-238625.0
20
123225.0
30
0
11
-238625.0
21
123975.0
31
0
0
LINE
8
hvac
10
-236975.0
20
123225.0
30
0
11
-236975.0
21
123975.0
31
0
0
LINE
8
hvac
10
-238625.0
20
123225.0
30
0
11
-236975.0
21
123225.0
31
0
0
LINE
8
hvac
10
-238625.0
20
123975.0
30
0
11
-236975.0
21
123975.0
31
0
0
LINE
8
hvac
10
-238525.0
20
123180.0
30
0
11
-238525.0
21
123220.0
31
0
0
LINE
8
hvac
10
-237075.0
20
123180.0
30
0
11
-237075.0
21
123220.0
31
0
0
LINE
8
hvac
10
-238525.0
20
123180.0
30
0
11
-237075.0
21
123180.0
31
0
0
LINE
8
hvac
10
-238525.0
20
123220.0
30
0
11
-237075.0
21
123220.0
31
0
0
LINE
8
hvac
10
-238460.0
20
123140.0
30
0
11
-238460.0
21
123200.0
31
0
0
LINE
8
hvac
10
-238420.0
20
123140.0
30
0
11
-238420.0
21
123200.0
31
0
0
LINE
8
hvac
10
-238460.0
20
123140.0
30
0
11
-238420.0
21
123140.0
31
0
0
LINE
8
hvac
10
-238460.0
20
123200.0
30
0
11
-238420.0
21
123200.0
31
0
0
LINE
8
hvac
10
-238300.0
20
123140.0
30
0
11
-238300.0
21
123200.0
31
0
0
LINE
8
hvac
10
-238260.0
20
123140.0
30
0
11
-238260.0
21
123200.0
31
0
0
LINE
8
hvac
10
-238300.0
20
123140.0
30
0
11
-238260.0
21
123140.0
31
0
0
LINE
8
hvac
10
-238300.0
20
123200.0
30
0
11
-238260.0
21
123200.0
31
0
0
LINE
8
hvac
10
-238140.0
20
123140.0
30
0
11
-238140.0
21
123200.0
31
0
0
LINE
8
hvac
10
-238100.0
20
123140.0
30
0
11
-238100.0
21
123200.0
31
0
0
LINE
8
hvac
10
-238140.0
20
123140.0
30
0
11
-238100.0
21
123140.0
31
0
0
LINE
8
hvac
10
-238140.0
20
123200.0
30
0
11
-238100.0
21
123200.0
31
0
0
LINE
8
hvac
10
-237980.0
20
123140.0
30
0
11
-237980.0
21
123200.0
31
0
0
LINE
8
hvac
10
-237940.0
20
123140.0
30
0
11
-237940.0
21
123200.0
31
0
0
LINE
8
hvac
10
-237980.0
20
123140.0
30
0
11
-237940.0
21
123140.0
31
0
0
LINE
8
hvac
10
-237980.0
20
123200.0
30
0
11
-237940.0
21
123200.0
31
0
0
LINE
8
hvac
10
-237820.0
20
123140.0
30
0
11
-237820.0
21
123200.0
31
0
0
LINE
8
hvac
10
-237780.0
20
123140.0
30
0
11
-237780.0
21
123200.0
31
0
0
LINE
8
hvac
10
-237820.0
20
123140.0
30
0
11
-237780.0
21
123140.0
31
0
0
LINE
8
hvac
10
-237820.0
20
123200.0
30
0
11
-237780.0
21
123200.0
31
0
0
LINE
8
hvac
10
-237660.0
20
123140.0
30
0
11
-237660.0
21
123200.0
31
0
0
LINE
8
hvac
10
-237620.0
20
123140.0
30
0
11
-237620.0
21
123200.0
31
0
0
LINE
8
hvac
10
-237660.0
20
123140.0
30
0
11
-237620.0
21
123140.0
31
0
0
LINE
8
hvac
10
-237660.0
20
123200.0
30
0
11
-237620.0
21
123200.0
31
0
0
LINE
8
hvac
10
-237500.0
20
123140.0
30
0
11
-237500.0
21
123200.0
31
0
0
LINE
8
hvac
10
-237460.0
20
123140.0
30
0
11
-237460.0
21
123200.0
31
0
0
LINE
8
hvac
10
-237500.0
20
123140.0
30
0
11
-237460.0
21
123140.0
31
0
0
LINE
8
hvac
10
-237500.0
20
123200.0
30
0
11
-237460.0
21
123200.0
31
0
0
LINE
8
hvac
10
-237340.0
20
123140.0
30
0
11
-237340.0
21
123200.0
31
0
0
LINE
8
hvac
10
-237300.0
20
123140.0
30
0
11
-237300.0
21
123200.0
31
0
0
LINE
8
hvac
10
-237340.0
20
123140.0
30
0
11
-237300.0
21
123140.0
31
0
0
LINE
8
hvac
10
-237340.0
20
123200.0
30
0
11
-237300.0
21
123200.0
31
0
0
LINE
8
hvac
10
-237180.0
20
123140.0
30
0
11
-237180.0
21
123200.0
31
0
0
LINE
8
hvac
10
-237140.0
20
123140.0
30
0
11
-237140.0
21
123200.0
31
0
0
LINE
8
hvac
10
-237180.0
20
123140.0
30
0
11
-237140.0
21
123140.0
31
0
0
LINE
8
hvac
10
-237180.0
20
123200.0
30
0
11
-237140.0
21
123200.0
31
0
0
LINE
8
hvac
10
-238025.0
20
123375.0
30
0
11
-238025.0
21
123825.0
31
0
0
LINE
8
hvac
10
-237575.0
20
123375.0
30
0
11
-237575.0
21
123825.0
31
0
0
LINE
8
hvac
10
-238025.0
20
123375.0
30
0
11
-237575.0
21
123375.0
31
0
0
LINE
8
hvac
10
-238025.0
20
123825.0
30
0
11
-237575.0
21
123825.0
31
0
0
LINE
8
hvac
10
-237750.0
20
131325.0
30
0
11
-237750.0
21
131675.0
31
0
0
LINE
8
hvac
10
-231450.0
20
131325.0
30
0
11
-231450.0
21
131675.0
31
0
0
LINE
8
hvac
10
-237750.0
20
131325.0
30
0
11
-231450.0
21
131325.0
31
0
0
LINE
8
hvac
10
-237750.0
20
131675.0
30
0
11
-231450.0
21
131675.0
31
0
0
LINE
8
hvac
10
-237975.0
20
123425.0
30
0
11
-237975.0
21
123775.0
31
0
0
LINE
8
hvac
10
-234425.0
20
123425.0
30
0
11
-234425.0
21
123775.0
31
0
0
LINE
8
hvac
10
-237975.0
20
123425.0
30
0
11
-234425.0
21
123425.0
31
0
0
LINE
8
hvac
10
-237975.0
20
123775.0
30
0
11
-234425.0
21
123775.0
31
0
0
LINE
8
hvac
10
-234775.0
20
123425.0
30
0
11
-234775.0
21
131675.0
31
0
0
LINE
8
hvac
10
-234425.0
20
123425.0
30
0
11
-234425.0
21
131675.0
31
0
0
LINE
8
hvac
10
-234775.0
20
123425.0
30
0
11
-234425.0
21
123425.0
31
0
0
LINE
8
hvac
10
-234775.0
20
131675.0
30
0
11
-234425.0
21
131675.0
31
0
0
LINE
8
hvac
10
-236750.0
20
131150.0
30
0
11
-236750.0
21
131850.0
31
0
0
LINE
8
hvac
10
-236050.0
20
131150.0
30
0
11
-236050.0
21
131850.0
31
0
0
LINE
8
hvac
10
-236750.0
20
131150.0
30
0
11
-236050.0
21
131150.0
31
0
0
LINE
8
hvac
10
-236750.0
20
131850.0
30
0
11
-236050.0
21
131850.0
31
0
0
LINE
8
hvac
10
-233150.0
20
131150.0
30
0
11
-233150.0
21
131850.0
31
0
0
LINE
8
hvac
10
-232450.0
20
131150.0
30
0
11
-232450.0
21
131850.0
31
0
0
LINE
8
hvac
10
-233150.0
20
131150.0
30
0
11
-232450.0
21
131150.0
31
0
0
LINE
8
hvac
10
-233150.0
20
131850.0
30
0
11
-232450.0
21
131850.0
31
0
0
LINE
8
water
10
-231610.0
20
133880.0
30
0
11
-231610.0
21
134520.0
31
0
0
LINE
8
water
10
-230690.0
20
133880.0
30
0
11
-230690.0
21
134520.0
31
0
0
LINE
8
water
10
-231610.0
20
133880.0
30
0
11
-230690.0
21
133880.0
31
0
0
LINE
8
water
10
-231610.0
20
134520.0
30
0
11
-230690.0
21
134520.0
31
0
0
LINE
8
water
10
-231600.0
20
133890.0
30
0
11
-231600.0
21
134510.0
31
0
0
LINE
8
water
10
-231600.0
20
133890.0
30
0
11
-230700.0
21
133890.0
31
0
0
LINE
8
water
10
-231600.0
20
134510.0
30
0
11
-230700.0
21
134510.0
31
0
0
LINE
8
water
10
-230700.0
20
133890.0
30
0
11
-230700.0
21
134510.0
31
0
0
LINE
8
water
10
-230825.0
20
133985.0
30
0
11
-231475.0
21
133985.0
31
0
0
LINE
8
water
10
-230825.0
20
133985.0
30
0
11
-230825.0
21
134415.0
31
0
0
LINE
8
water
10
-230825.0
20
134415.0
30
0
11
-231475.0
21
134415.0
31
0
0
LINE
8
water
10
-231475.0
20
133985.0
30
0
11
-231475.0
21
134415.0
31
0
0
LINE
8
water
10
-231132.0
20
134420.0
30
0
11
-231159.0
21
134435.59
31
0
0
LINE
8
water
10
-231159.0
20
134435.59
30
0
11
-231159.0
21
134404.41
31
0
0
LINE
8
water
10
-231159.0
20
134404.41
30
0
11
-231132.0
21
134420.0
31
0
0
LINE
8
water
10
-231150.0
20
134200.0
30
0
11
-231134.41
21
134200.0
31
0
0
LINE
8
water
10
-231134.41
20
134200.0
30
0
11
-231165.59
21
134200.0
31
0
0
LINE
8
water
10
-231165.59
20
134200.0
30
0
11
-231150.0
21
134200.0
31
0
0
LINE
8
water
10
-231150.0
20
134420.0
30
0
11
-231150.0
21
134200.0
31
0
0
LINE
8
water
10
-231150.0
20
134420.0
30
0
11
-231134.41
21
134420.0
31
0
0
LINE
8
water
10
-231134.41
20
134420.0
30
0
11
-231165.59
21
134420.0
31
0
0
LINE
8
water
10
-231165.59
20
134420.0
30
0
11
-231150.0
21
134420.0
31
0
0
LINE
8
water
10
-231150.0
20
134420.0
30
0
11
-231130.56
21
134420.0
31
0
0
LINE
8
water
10
-231130.56
20
134420.0
30
0
11
-231150.0
21
134420.0
31
0
0
LINE
8
water
10
-231205.0
20
134200.0
30
0
11
-231150.0
21
134255.0
31
0
0
LINE
8
water
10
-231150.0
20
134255.0
30
0
11
-231095.0
21
134200.0
31
0
0
LINE
8
water
10
-231095.0
20
134200.0
30
0
11
-231150.0
21
134145.0
31
0
0
LINE
8
water
10
-231150.0
20
134145.0
30
0
11
-231205.0
21
134200.0
31
0
0
LINE
8
water
10
-231150.0
20
133000.0
30
0
11
-231095.0
21
133000.0
31
0
0
LINE
8
water
10
-231095.0
20
133000.0
30
0
11
-231150.0
21
133000.0
31
0
0
LINE
8
water
10
-231150.0
20
133000.0
30
0
11
-231205.0
21
133000.0
31
0
0
LINE
8
water
10
-231205.0
20
133000.0
30
0
11
-231150.0
21
133000.0
31
0
0
LINE
8
water
10
-231150.0
20
134200.0
30
0
11
-231150.0
21
133000.0
31
0
0
LINE
8
water
10
-231150.0
20
134200.0
30
0
11
-231095.0
21
134200.0
31
0
0
LINE
8
water
10
-231095.0
20
134200.0
30
0
11
-231150.0
21
134200.0
31
0
0
LINE
8
water
10
-231150.0
20
134200.0
30
0
11
-231205.0
21
134200.0
31
0
0
LINE
8
water
10
-231205.0
20
134200.0
30
0
11
-231150.0
21
134200.0
31
0
0
LINE
8
water
10
-231205.0
20
133000.0
30
0
11
-231150.0
21
133055.0
31
0
0
LINE
8
water
10
-231150.0
20
133055.0
30
0
11
-231095.0
21
133000.0
31
0
0
LINE
8
water
10
-231095.0
20
133000.0
30
0
11
-231150.0
21
132945.0
31
0
0
LINE
8
water
10
-231150.0
20
132945.0
30
0
11
-231205.0
21
133000.0
31
0
0
LINE
8
water
10
-231150.0
20
126500.0
30
0
11
-231095.0
21
126500.0
31
0
0
LINE
8
water
10
-231095.0
20
126500.0
30
0
11
-231150.0
21
126500.0
31
0
0
LINE
8
water
10
-231150.0
20
126500.0
30
0
11
-231205.0
21
126500.0
31
0
0
LINE
8
water
10
-231205.0
20
126500.0
30
0
11
-231150.0
21
126500.0
31
0
0
LINE
8
water
10
-231150.0
20
133000.0
30
0
11
-231150.0
21
126500.0
31
0
0
LINE
8
water
10
-281500.0
20
126500.0
30
0
11
-281500.0
21
126445.0
31
0
0
LINE
8
water
10
-281500.0
20
126445.0
30
0
11
-281500.0
21
126500.0
31
0
0
LINE
8
water
10
-281500.0
20
126500.0
30
0
11
-281500.0
21
126555.0
31
0
0
LINE
8
water
10
-281500.0
20
126555.0
30
0
11
-281500.0
21
126500.0
31
0
0
LINE
8
water
10
-231150.0
20
126500.0
30
0
11
-281500.0
21
126500.0
31
0
0
LINE
8
water
10
-231150.0
20
126500.0
30
0
11
-231150.0
21
126445.0
31
0
0
LINE
8
water
10
-231150.0
20
126445.0
30
0
11
-231150.0
21
126500.0
31
0
0
LINE
8
water
10
-231150.0
20
126500.0
30
0
11
-231150.0
21
126555.0
31
0
0
LINE
8
water
10
-231150.0
20
126555.0
30
0
11
-231150.0
21
126500.0
31
0
0
LINE
8
water
10
-231150.0
20
134200.0
30
0
11
-231090.6
21
134200.0
31
0
0
LINE
8
water
10
-231090.6
20
134200.0
30
0
11
-231150.0
21
134200.0
31
0
0
LINE
8
water
10
-231150.0
20
133000.0
30
0
11
-231090.6
21
133000.0
31
0
0
LINE
8
water
10
-231090.6
20
133000.0
30
0
11
-231150.0
21
133000.0
31
0
0
LINE
8
water
10
-231150.0
20
126500.0
30
0
11
-231090.6
21
126500.0
31
0
0
LINE
8
water
10
-231090.6
20
126500.0
30
0
11
-231150.0
21
126500.0
31
0
0
LINE
8
water
10
-231575.0
20
132675.0
30
0
11
-231575.0
21
133325.0
31
0
0
LINE
8
water
10
-230725.0
20
132675.0
30
0
11
-230725.0
21
133325.0
31
0
0
LINE
8
water
10
-231575.0
20
132675.0
30
0
11
-230725.0
21
132675.0
31
0
0
LINE
8
water
10
-231575.0
20
133325.0
30
0
11
-230725.0
21
133325.0
31
0
0
LINE
8
water
10
-230930.0
20
133000.0
30
0
11
-231012.83
21
133172.0
31
0
0
LINE
8
water
10
-231012.83
20
133172.0
30
0
11
-231198.95
21
133214.48
31
0
0
LINE
8
water
10
-231198.95
20
133214.48
30
0
11
-231348.21
21
133095.45
31
0
0
LINE
8
water
10
-231348.21
20
133095.45
30
0
11
-231348.21
21
132904.55
31
0
0
LINE
8
water
10
-231348.21
20
132904.55
30
0
11
-231198.95
21
132785.52
31
0
0
LINE
8
water
10
-231198.95
20
132785.52
30
0
11
-231012.83
21
132828.0
31
0
0
LINE
8
water
10
-231012.83
20
132828.0
30
0
11
-230930.0
21
133000.0
31
0
0
LINE
8
water
10
-232595.0
20
122900.0
30
0
11
-232595.0
21
122825.0
31
0
0
LINE
8
water
10
-232595.0
20
122825.0
30
0
11
-232595.0
21
122900.0
31
0
0
LINE
8
water
10
-232595.0
20
122900.0
30
0
11
-232595.0
21
122975.0
31
0
0
LINE
8
water
10
-232595.0
20
122975.0
30
0
11
-232595.0
21
122900.0
31
0
0
LINE
8
water
10
-232995.0
20
122900.0
30
0
11
-232595.0
21
122900.0
31
0
0
LINE
8
water
10
-232995.0
20
122900.0
30
0
11
-232995.0
21
122825.0
31
0
0
LINE
8
water
10
-232995.0
20
122825.0
30
0
11
-232995.0
21
122900.0
31
0
0
LINE
8
water
10
-232995.0
20
122900.0
30
0
11
-232995.0
21
122975.0
31
0
0
LINE
8
water
10
-232995.0
20
122975.0
30
0
11
-232995.0
21
122900.0
31
0
0
LINE
8
water
10
-232705.0
20
122900.0
30
0
11
-232767.19
21
122985.6
31
0
0
LINE
8
water
10
-232767.19
20
122985.6
30
0
11
-232867.81
21
122952.9
31
0
0
LINE
8
water
10
-232867.81
20
122952.9
30
0
11
-232867.81
21
122847.1
31
0
0
LINE
8
water
10
-232867.81
20
122847.1
30
0
11
-232767.19
21
122814.4
31
0
0
LINE
8
water
10
-232767.19
20
122814.4
30
0
11
-232705.0
21
122900.0
31
0
0
LINE
8
water
10
-232985.0
20
122875.0
30
0
11
-232985.0
21
122925.0
31
0
0
LINE
8
water
10
-232605.0
20
122875.0
30
0
11
-232605.0
21
122925.0
31
0
0
LINE
8
water
10
-232985.0
20
122875.0
30
0
11
-232605.0
21
122875.0
31
0
0
LINE
8
water
10
-232985.0
20
122925.0
30
0
11
-232605.0
21
122925.0
31
0
0
LINE
8
water
10
-232920.0
20
122900.0
30
0
11
-232920.0
21
122795.38
31
0
0
LINE
8
water
10
-232920.0
20
122795.38
30
0
11
-232920.0
21
122835.34
31
0
0
LINE
8
water
10
-232920.0
20
122835.34
30
0
11
-232920.0
21
122964.66
31
0
0
LINE
8
water
10
-232920.0
20
122964.66
30
0
11
-232920.0
21
123004.62
31
0
0
LINE
8
water
10
-232920.0
20
123004.62
30
0
11
-232920.0
21
122900.0
31
0
0
LINE
8
water
10
-232945.0
20
122900.0
30
0
11
-232920.0
21
122900.0
31
0
0
LINE
8
water
10
-232945.0
20
122900.0
30
0
11
-232945.0
21
122795.38
31
0
0
LINE
8
water
10
-232945.0
20
122795.38
30
0
11
-232945.0
21
122835.34
31
0
0
LINE
8
water
10
-232945.0
20
122835.34
30
0
11
-232945.0
21
122964.66
31
0
0
LINE
8
water
10
-232945.0
20
122964.66
30
0
11
-232945.0
21
123004.62
31
0
0
LINE
8
water
10
-232945.0
20
123004.62
30
0
11
-232945.0
21
122900.0
31
0
0
LINE
8
water
10
-232620.0
20
122900.0
30
0
11
-232620.0
21
122795.38
31
0
0
LINE
8
water
10
-232620.0
20
122795.38
30
0
11
-232620.0
21
122835.34
31
0
0
LINE
8
water
10
-232620.0
20
122835.34
30
0
11
-232620.0
21
122964.66
31
0
0
LINE
8
water
10
-232620.0
20
122964.66
30
0
11
-232620.0
21
123004.62
31
0
0
LINE
8
water
10
-232620.0
20
123004.62
30
0
11
-232620.0
21
122900.0
31
0
0
LINE
8
water
10
-232645.0
20
122900.0
30
0
11
-232620.0
21
122900.0
31
0
0
LINE
8
water
10
-232645.0
20
122900.0
30
0
11
-232645.0
21
122795.38
31
0
0
LINE
8
water
10
-232645.0
20
122795.38
30
0
11
-232645.0
21
122835.34
31
0
0
LINE
8
water
10
-232645.0
20
122835.34
30
0
11
-232645.0
21
122964.66
31
0
0
LINE
8
water
10
-232645.0
20
122964.66
30
0
11
-232645.0
21
123004.62
31
0
0
LINE
8
water
10
-232645.0
20
123004.62
30
0
11
-232645.0
21
122900.0
31
0
0
LINE
8
water
10
-233500.0
20
122900.0
30
0
11
-233469.69
21
122900.0
31
0
0
LINE
8
water
10
-233469.69
20
122900.0
30
0
11
-233530.31
21
122900.0
31
0
0
LINE
8
water
10
-233530.31
20
122900.0
30
0
11
-233500.0
21
122900.0
31
0
0
LINE
8
water
10
-233500.0
20
124000.0
30
0
11
-233500.0
21
122900.0
31
0
0
LINE
8
water
10
-233500.0
20
124000.0
30
0
11
-233469.69
21
124000.0
31
0
0
LINE
8
water
10
-233469.69
20
124000.0
30
0
11
-233530.31
21
124000.0
31
0
0
LINE
8
water
10
-233530.31
20
124000.0
30
0
11
-233500.0
21
124000.0
31
0
0
LINE
8
water
10
-231150.0
20
122900.0
30
0
11
-231150.0
21
122869.69
31
0
0
LINE
8
water
10
-231150.0
20
122869.69
30
0
11
-231150.0
21
122930.31
31
0
0
LINE
8
water
10
-231150.0
20
122930.31
30
0
11
-231150.0
21
122900.0
31
0
0
LINE
8
water
10
-233500.0
20
122900.0
30
0
11
-231150.0
21
122900.0
31
0
0
LINE
8
water
10
-233500.0
20
122900.0
30
0
11
-233500.0
21
122869.69
31
0
0
LINE
8
water
10
-233500.0
20
122869.69
30
0
11
-233500.0
21
122930.31
31
0
0
LINE
8
water
10
-233500.0
20
122930.31
30
0
11
-233500.0
21
122900.0
31
0
0
LINE
8
water
10
-231150.0
20
134430.0
30
0
11
-231119.69
21
134430.0
31
0
0
LINE
8
water
10
-231119.69
20
134430.0
30
0
11
-231180.31
21
134430.0
31
0
0
LINE
8
water
10
-231180.31
20
134430.0
30
0
11
-231150.0
21
134430.0
31
0
0
LINE
8
water
10
-231150.0
20
122900.0
30
0
11
-231150.0
21
134430.0
31
0
0
LINE
8
water
10
-231150.0
20
122900.0
30
0
11
-231119.69
21
122900.0
31
0
0
LINE
8
water
10
-231119.69
20
122900.0
30
0
11
-231180.31
21
122900.0
31
0
0
LINE
8
water
10
-231180.31
20
122900.0
30
0
11
-231150.0
21
122900.0
31
0
0
LINE
8
water
10
-231185.0
20
134430.0
30
0
11
-231132.5
21
134460.31
31
0
0
LINE
8
water
10
-231132.5
20
134460.31
30
0
11
-231132.5
21
134399.69
31
0
0
LINE
8
water
10
-231132.5
20
134399.69
30
0
11
-231185.0
21
134430.0
31
0
0
LINE
8
water
10
-233500.0
20
122900.0
30
0
11
-233462.2
21
122900.0
31
0
0
LINE
8
water
10
-233462.2
20
122900.0
30
0
11
-233500.0
21
122900.0
31
0
0
LINE
8
water
10
-231150.0
20
122900.0
30
0
11
-231112.2
21
122900.0
31
0
0
LINE
8
water
10
-231112.2
20
122900.0
30
0
11
-231150.0
21
122900.0
31
0
0
LINE
8
water
10
-231150.0
20
134430.0
30
0
11
-231112.2
21
134430.0
31
0
0
LINE
8
water
10
-231112.2
20
134430.0
30
0
11
-231150.0
21
134430.0
31
0
0
LINE
8
water
10
-232386.0
20
122900.0
30
0
11
-232386.0
21
122825.0
31
0
0
LINE
8
water
10
-232386.0
20
122825.0
30
0
11
-232386.0
21
122900.0
31
0
0
LINE
8
water
10
-232386.0
20
122900.0
30
0
11
-232386.0
21
122975.0
31
0
0
LINE
8
water
10
-232386.0
20
122975.0
30
0
11
-232386.0
21
122900.0
31
0
0
LINE
8
water
10
-232786.0
20
122900.0
30
0
11
-232386.0
21
122900.0
31
0
0
LINE
8
water
10
-232786.0
20
122900.0
30
0
11
-232786.0
21
122825.0
31
0
0
LINE
8
water
10
-232786.0
20
122825.0
30
0
11
-232786.0
21
122900.0
31
0
0
LINE
8
water
10
-232786.0
20
122900.0
30
0
11
-232786.0
21
122975.0
31
0
0
LINE
8
water
10
-232786.0
20
122975.0
30
0
11
-232786.0
21
122900.0
31
0
0
LINE
8
water
10
-232496.0
20
122900.0
30
0
11
-232558.19
21
122985.6
31
0
0
LINE
8
water
10
-232558.19
20
122985.6
30
0
11
-232658.81
21
122952.9
31
0
0
LINE
8
water
10
-232658.81
20
122952.9
30
0
11
-232658.81
21
122847.1
31
0
0
LINE
8
water
10
-232658.81
20
122847.1
30
0
11
-232558.19
21
122814.4
31
0
0
LINE
8
water
10
-232558.19
20
122814.4
30
0
11
-232496.0
21
122900.0
31
0
0
LINE
8
water
10
-232776.0
20
122875.0
30
0
11
-232776.0
21
122925.0
31
0
0
LINE
8
water
10
-232396.0
20
122875.0
30
0
11
-232396.0
21
122925.0
31
0
0
LINE
8
water
10
-232776.0
20
122875.0
30
0
11
-232396.0
21
122875.0
31
0
0
LINE
8
water
10
-232776.0
20
122925.0
30
0
11
-232396.0
21
122925.0
31
0
0
LINE
8
water
10
-232711.0
20
122900.0
30
0
11
-232711.0
21
122795.38
31
0
0
LINE
8
water
10
-232711.0
20
122795.38
30
0
11
-232711.0
21
122835.34
31
0
0
LINE
8
water
10
-232711.0
20
122835.34
30
0
11
-232711.0
21
122964.66
31
0
0
LINE
8
water
10
-232711.0
20
122964.66
30
0
11
-232711.0
21
123004.62
31
0
0
LINE
8
water
10
-232711.0
20
123004.62
30
0
11
-232711.0
21
122900.0
31
0
0
LINE
8
water
10
-232736.0
20
122900.0
30
0
11
-232711.0
21
122900.0
31
0
0
LINE
8
water
10
-232736.0
20
122900.0
30
0
11
-232736.0
21
122795.38
31
0
0
LINE
8
water
10
-232736.0
20
122795.38
30
0
11
-232736.0
21
122835.34
31
0
0
LINE
8
water
10
-232736.0
20
122835.34
30
0
11
-232736.0
21
122964.66
31
0
0
LINE
8
water
10
-232736.0
20
122964.66
30
0
11
-232736.0
21
123004.62
31
0
0
LINE
8
water
10
-232736.0
20
123004.62
30
0
11
-232736.0
21
122900.0
31
0
0
LINE
8
water
10
-232411.0
20
122900.0
30
0
11
-232411.0
21
122795.38
31
0
0
LINE
8
water
10
-232411.0
20
122795.38
30
0
11
-232411.0
21
122835.34
31
0
0
LINE
8
water
10
-232411.0
20
122835.34
30
0
11
-232411.0
21
122964.66
31
0
0
LINE
8
water
10
-232411.0
20
122964.66
30
0
11
-232411.0
21
123004.62
31
0
0
LINE
8
water
10
-232411.0
20
123004.62
30
0
11
-232411.0
21
122900.0
31
0
0
LINE
8
water
10
-232436.0
20
122900.0
30
0
11
-232411.0
21
122900.0
31
0
0
LINE
8
water
10
-232436.0
20
122900.0
30
0
11
-232436.0
21
122795.38
31
0
0
LINE
8
water
10
-232436.0
20
122795.38
30
0
11
-232436.0
21
122835.34
31
0
0
LINE
8
water
10
-232436.0
20
122835.34
30
0
11
-232436.0
21
122964.66
31
0
0
LINE
8
water
10
-232436.0
20
122964.66
30
0
11
-232436.0
21
123004.62
31
0
0
LINE
8
water
10
-232436.0
20
123004.62
30
0
11
-232436.0
21
122900.0
31
0
0
LINE
8
water
10
-233150.0
20
122900.0
30
0
11
-233119.69
21
122900.0
31
0
0
LINE
8
water
10
-233119.69
20
122900.0
30
0
11
-233180.31
21
122900.0
31
0
0
LINE
8
water
10
-233180.31
20
122900.0
30
0
11
-233150.0
21
122900.0
31
0
0
LINE
8
water
10
-233150.0
20
125000.0
30
0
11
-233150.0
21
122900.0
31
0
0
LINE
8
water
10
-233150.0
20
125000.0
30
0
11
-233119.69
21
125000.0
31
0
0
LINE
8
water
10
-233119.69
20
125000.0
30
0
11
-233180.31
21
125000.0
31
0
0
LINE
8
water
10
-233180.31
20
125000.0
30
0
11
-233150.0
21
125000.0
31
0
0
LINE
8
water
10
-231270.0
20
122900.0
30
0
11
-231270.0
21
122869.69
31
0
0
LINE
8
water
10
-231270.0
20
122869.69
30
0
11
-231270.0
21
122930.31
31
0
0
LINE
8
water
10
-231270.0
20
122930.31
30
0
11
-231270.0
21
122900.0
31
0
0
LINE
8
water
10
-233150.0
20
122900.0
30
0
11
-231270.0
21
122900.0
31
0
0
LINE
8
water
10
-233150.0
20
122900.0
30
0
11
-233150.0
21
122869.69
31
0
0
LINE
8
water
10
-233150.0
20
122869.69
30
0
11
-233150.0
21
122930.31
31
0
0
LINE
8
water
10
-233150.0
20
122930.31
30
0
11
-233150.0
21
122900.0
31
0
0
LINE
8
water
10
-231270.0
20
134430.0
30
0
11
-231239.69
21
134430.0
31
0
0
LINE
8
water
10
-231239.69
20
134430.0
30
0
11
-231300.31
21
134430.0
31
0
0
LINE
8
water
10
-231300.31
20
134430.0
30
0
11
-231270.0
21
134430.0
31
0
0
LINE
8
water
10
-231270.0
20
122900.0
30
0
11
-231270.0
21
134430.0
31
0
0
LINE
8
water
10
-231270.0
20
122900.0
30
0
11
-231239.69
21
122900.0
31
0
0
LINE
8
water
10
-231239.69
20
122900.0
30
0
11
-231300.31
21
122900.0
31
0
0
LINE
8
water
10
-231300.31
20
122900.0
30
0
11
-231270.0
21
122900.0
31
0
0
LINE
8
water
10
-231305.0
20
134430.0
30
0
11
-231252.5
21
134460.31
31
0
0
LINE
8
water
10
-231252.5
20
134460.31
30
0
11
-231252.5
21
134399.69
31
0
0
LINE
8
water
10
-231252.5
20
134399.69
30
0
11
-231305.0
21
134430.0
31
0
0
LINE
8
water
10
-233150.0
20
122900.0
30
0
11
-233112.2
21
122900.0
31
0
0
LINE
8
water
10
-233112.2
20
122900.0
30
0
11
-233150.0
21
122900.0
31
0
0
LINE
8
water
10
-231270.0
20
122900.0
30
0
11
-231232.2
21
122900.0
31
0
0
LINE
8
water
10
-231232.2
20
122900.0
30
0
11
-231270.0
21
122900.0
31
0
0
LINE
8
water
10
-231270.0
20
134430.0
30
0
11
-231232.2
21
134430.0
31
0
0
LINE
8
water
10
-231232.2
20
134430.0
30
0
11
-231270.0
21
134430.0
31
0
0
LINE
8
sensors
10
-239060.0
20
126380.0
30
0
11
-239060.0
21
126540.0
31
0
0
LINE
8
sensors
10
-238960.0
20
126380.0
30
0
11
-238960.0
21
126540.0
31
0
0
LINE
8
sensors
10
-239060.0
20
126380.0
30
0
11
-238960.0
21
126380.0
31
0
0
LINE
8
sensors
10
-239060.0
20
126540.0
30
0
11
-238960.0
21
126540.0
31
0
0
LINE
8
sensors
10
-238955.0
20
126405.0
30
0
11
-238955.0
21
126515.0
31
0
0
LINE
8
sensors
10
-238935.0
20
126405.0
30
0
11
-238935.0
21
126515.0
31
0
0
LINE
8
sensors
10
-238955.0
20
126405.0
30
0
11
-238935.0
21
126405.0
31
0
0
LINE
8
sensors
10
-238955.0
20
126515.0
30
0
11
-238935.0
21
126515.0
31
0
0
LINE
8
sensors
10
-239060.0
20
126680.0
30
0
11
-239060.0
21
126840.0
31
0
0
LINE
8
sensors
10
-238960.0
20
126680.0
30
0
11
-238960.0
21
126840.0
31
0
0
LINE
8
sensors
10
-239060.0
20
126680.0
30
0
11
-238960.0
21
126680.0
31
0
0
LINE
8
sensors
10
-239060.0
20
126840.0
30
0
11
-238960.0
21
126840.0
31
0
0
LINE
8
sensors
10
-238955.0
20
126705.0
30
0
11
-238955.0
21
126815.0
31
0
0
LINE
8
sensors
10
-238935.0
20
126705.0
30
0
11
-238935.0
21
126815.0
31
0
0
LINE
8
sensors
10
-238955.0
20
126705.0
30
0
11
-238935.0
21
126705.0
31
0
0
LINE
8
sensors
10
-238955.0
20
126815.0
30
0
11
-238935.0
21
126815.0
31
0
0
LINE
8
sensors
10
-239060.0
20
126980.0
30
0
11
-239060.0
21
127140.0
31
0
0
LINE
8
sensors
10
-238960.0
20
126980.0
30
0
11
-238960.0
21
127140.0
31
0
0
LINE
8
sensors
10
-239060.0
20
126980.0
30
0
11
-238960.0
21
126980.0
31
0
0
LINE
8
sensors
10
-239060.0
20
127140.0
30
0
11
-238960.0
21
127140.0
31
0
0
LINE
8
sensors
10
-238955.0
20
127005.0
30
0
11
-238955.0
21
127115.0
31
0
0
LINE
8
sensors
10
-238935.0
20
127005.0
30
0
11
-238935.0
21
127115.0
31
0
0
LINE
8
sensors
10
-238955.0
20
127005.0
30
0
11
-238935.0
21
127005.0
31
0
0
LINE
8
sensors
10
-238955.0
20
127115.0
30
0
11
-238935.0
21
127115.0
31
0
0
LINE
8
sensors
10
-234520.0
20
131500.0
30
0
11
-234600.0
21
131580.0
31
0
0
LINE
8
sensors
10
-234600.0
20
131580.0
30
0
11
-234680.0
21
131500.0
31
0
0
LINE
8
sensors
10
-234680.0
20
131500.0
30
0
11
-234600.0
21
131420.0
31
0
0
LINE
8
sensors
10
-234600.0
20
131420.0
30
0
11
-234520.0
21
131500.0
31
0
0
LINE
8
sensors
10
-234600.0
20
131500.0
30
0
11
-234535.0
21
131500.0
31
0
0
LINE
8
sensors
10
-234535.0
20
131500.0
30
0
11
-234600.0
21
131500.0
31
0
0
LINE
8
sensors
10
-239060.0
20
127580.0
30
0
11
-239060.0
21
127740.0
31
0
0
LINE
8
sensors
10
-238960.0
20
127580.0
30
0
11
-238960.0
21
127740.0
31
0
0
LINE
8
sensors
10
-239060.0
20
127580.0
30
0
11
-238960.0
21
127580.0
31
0
0
LINE
8
sensors
10
-239060.0
20
127740.0
30
0
11
-238960.0
21
127740.0
31
0
0
LINE
8
sensors
10
-238955.0
20
127605.0
30
0
11
-238955.0
21
127715.0
31
0
0
LINE
8
sensors
10
-238935.0
20
127605.0
30
0
11
-238935.0
21
127715.0
31
0
0
LINE
8
sensors
10
-238955.0
20
127605.0
30
0
11
-238935.0
21
127605.0
31
0
0
LINE
8
sensors
10
-238955.0
20
127715.0
30
0
11
-238935.0
21
127715.0
31
0
0
LINE
8
sensors
10
-231862.5
20
122900.0
30
0
11
-231862.5
21
122825.0
31
0
0
LINE
8
sensors
10
-231862.5
20
122825.0
30
0
11
-231862.5
21
122900.0
31
0
0
LINE
8
sensors
10
-231862.5
20
122900.0
30
0
11
-231862.5
21
122975.0
31
0
0
LINE
8
sensors
10
-231862.5
20
122975.0
30
0
11
-231862.5
21
122900.0
31
0
0
LINE
8
sensors
10
-232082.5
20
122900.0
30
0
11
-231862.5
21
122900.0
31
0
0
LINE
8
sensors
10
-232082.5
20
122900.0
30
0
11
-232082.5
21
122825.0
31
0
0
LINE
8
sensors
10
-232082.5
20
122825.0
30
0
11
-232082.5
21
122900.0
31
0
0
LINE
8
sensors
10
-232082.5
20
122900.0
30
0
11
-232082.5
21
122975.0
31
0
0
LINE
8
sensors
10
-232082.5
20
122975.0
30
0
11
-232082.5
21
122900.0
31
0
0
LINE
8
sensors
10
-232052.5
20
122830.0
30
0
11
-232052.5
21
122970.0
31
0
0
LINE
8
sensors
10
-231892.5
20
122830.0
30
0
11
-231892.5
21
122970.0
31
0
0
LINE
8
sensors
10
-232052.5
20
122830.0
30
0
11
-231892.5
21
122830.0
31
0
0
LINE
8
sensors
10
-232052.5
20
122970.0
30
0
11
-231892.5
21
122970.0
31
0
0
LINE
8
sensors
10
-231818.0
20
122900.0
30
0
11
-231818.0
21
122825.0
31
0
0
LINE
8
sensors
10
-231818.0
20
122825.0
30
0
11
-231818.0
21
122900.0
31
0
0
LINE
8
sensors
10
-231818.0
20
122900.0
30
0
11
-231818.0
21
122975.0
31
0
0
LINE
8
sensors
10
-231818.0
20
122975.0
30
0
11
-231818.0
21
122900.0
31
0
0
LINE
8
sensors
10
-232038.0
20
122900.0
30
0
11
-231818.0
21
122900.0
31
0
0
LINE
8
sensors
10
-232038.0
20
122900.0
30
0
11
-232038.0
21
122825.0
31
0
0
LINE
8
sensors
10
-232038.0
20
122825.0
30
0
11
-232038.0
21
122900.0
31
0
0
LINE
8
sensors
10
-232038.0
20
122900.0
30
0
11
-232038.0
21
122975.0
31
0
0
LINE
8
sensors
10
-232038.0
20
122975.0
30
0
11
-232038.0
21
122900.0
31
0
0
LINE
8
sensors
10
-232008.0
20
122830.0
30
0
11
-232008.0
21
122970.0
31
0
0
LINE
8
sensors
10
-231848.0
20
122830.0
30
0
11
-231848.0
21
122970.0
31
0
0
LINE
8
sensors
10
-232008.0
20
122830.0
30
0
11
-231848.0
21
122830.0
31
0
0
LINE
8
sensors
10
-232008.0
20
122970.0
30
0
11
-231848.0
21
122970.0
31
0
0
LINE
8
interiors
10
-239100.0
20
143600.0
30
0
11
-239100.0
21
149400.0
31
0
0
LINE
8
interiors
10
-239100.0
20
143600.0
30
0
11
-235800.0
21
143600.0
31
0
0
LINE
8
interiors
10
-235800.0
20
143600.0
30
0
11
-233400.0
21
143600.0
31
0
0
LINE
8
interiors
10
-233400.0
20
143600.0
30
0
11
-230100.0
21
143600.0
31
0
0
LINE
8
interiors
10
-239100.0
20
143600.0
30
0
11
-230100.0
21
143600.0
31
0
0
LINE
8
interiors
10
-239100.0
20
149400.0
30
0
11
-230100.0
21
149400.0
31
0
0
LINE
8
interiors
10
-230100.0
20
143600.0
30
0
11
-230100.0
21
149400.0
31
0
0
LINE
8
interiors
10
-230220.0
20
143720.0
30
0
11
-238980.0
21
143720.0
31
0
0
LINE
8
interiors
10
-230220.0
20
143720.0
30
0
11
-230220.0
21
149280.0
31
0
0
LINE
8
interiors
10
-230220.0
20
149280.0
30
0
11
-238980.0
21
149280.0
31
0
0
LINE
8
interiors
10
-238980.0
20
143720.0
30
0
11
-238980.0
21
149280.0
31
0
0
LINE
8
interiors
10
-236940.0
20
149400.0
30
0
11
-232260.0
21
149400.0
31
0
0
LINE
8
interiors
10
-233400.0
20
143600.0
30
0
11
-233400.0
21
143720.0
31
0
0
LINE
8
interiors
10
-230220.0
20
143720.0
30
0
11
-233400.0
21
143720.0
31
0
0
LINE
8
interiors
10
-235800.0
20
143720.0
30
0
11
-238980.0
21
143720.0
31
0
0
LINE
8
interiors
10
-235800.0
20
143600.0
30
0
11
-235800.0
21
143720.0
31
0
0
LINE
8
interiors
10
-235800.0
20
143720.0
30
0
11
-233400.0
21
143720.0
31
0
0
LINE
8
interiors
10
-236940.0
20
149280.0
30
0
11
-232260.0
21
149280.0
31
0
0
LINE
8
interiors
10
-236940.0
20
149280.0
30
0
11
-236940.0
21
149400.0
31
0
0
LINE
8
interiors
10
-232260.0
20
149280.0
30
0
11
-232260.0
21
149400.0
31
0
0
LINE
8
interiors
10
-236940.0
20
149377.5
30
0
11
-236940.0
21
149422.5
31
0
0
LINE
8
interiors
10
-232260.0
20
149377.5
30
0
11
-232260.0
21
149422.5
31
0
0
LINE
8
interiors
10
-236940.0
20
149377.5
30
0
11
-232260.0
21
149377.5
31
0
0
LINE
8
interiors
10
-236940.0
20
149422.5
30
0
11
-232260.0
21
149422.5
31
0
0
LINE
8
interiors
10
-238975.0
20
143725.0
30
0
11
-238975.0
21
149275.0
31
0
0
LINE
8
interiors
10
-230225.0
20
143725.0
30
0
11
-230225.0
21
149275.0
31
0
0
LINE
8
interiors
10
-238975.0
20
143725.0
30
0
11
-230225.0
21
143725.0
31
0
0
LINE
8
interiors
10
-238975.0
20
149275.0
30
0
11
-230225.0
21
149275.0
31
0
0
LINE
8
interiors
10
-235755.0
20
143480.0
30
0
11
-235755.0
21
143720.0
31
0
0
LINE
8
interiors
10
-235685.0
20
143480.0
30
0
11
-235685.0
21
143720.0
31
0
0
LINE
8
interiors
10
-235755.0
20
143480.0
30
0
11
-235685.0
21
143480.0
31
0
0
LINE
8
interiors
10
-235755.0
20
143720.0
30
0
11
-235685.0
21
143720.0
31
0
0
LINE
8
interiors
10
-233515.0
20
143480.0
30
0
11
-233515.0
21
143720.0
31
0
0
LINE
8
interiors
10
-233445.0
20
143480.0
30
0
11
-233445.0
21
143720.0
31
0
0
LINE
8
interiors
10
-233515.0
20
143480.0
30
0
11
-233445.0
21
143480.0
31
0
0
LINE
8
interiors
10
-233515.0
20
143720.0
30
0
11
-233445.0
21
143720.0
31
0
0
LINE
8
interiors
10
-235750.0
20
143480.0
30
0
11
-235750.0
21
143720.0
31
0
0
LINE
8
interiors
10
-233450.0
20
143480.0
30
0
11
-233450.0
21
143720.0
31
0
0
LINE
8
interiors
10
-235750.0
20
143480.0
30
0
11
-233450.0
21
143480.0
31
0
0
LINE
8
interiors
10
-235750.0
20
143720.0
30
0
11
-233450.0
21
143720.0
31
0
0
LINE
8
interiors
10
-235669.61
20
143690.49
30
0
11
-235710.39
21
143709.51
31
0
0
LINE
8
interiors
10
-235213.18
20
144669.3
30
0
11
-235253.96
21
144688.32
31
0
0
LINE
8
interiors
10
-235669.61
20
143690.49
30
0
11
-235213.18
21
144669.3
31
0
0
LINE
8
interiors
10
-235710.39
20
143709.51
30
0
11
-235253.96
21
144688.32
31
0
0
LINE
8
interiors
10
-237800.0
20
144956.0
30
0
11
-237800.0
21
145956.0
31
0
0
LINE
8
interiors
10
-235000.0
20
144956.0
30
0
11
-235000.0
21
145956.0
31
0
0
LINE
8
interiors
10
-237800.0
20
144956.0
30
0
11
-235000.0
21
144956.0
31
0
0
LINE
8
interiors
10
-237800.0
20
145956.0
30
0
11
-235000.0
21
145956.0
31
0
0
LINE
8
interiors
10
-237735.0
20
145021.0
30
0
11
-237735.0
21
145091.0
31
0
0
LINE
8
interiors
10
-237665.0
20
145021.0
30
0
11
-237665.0
21
145091.0
31
0
0
LINE
8
interiors
10
-237735.0
20
145021.0
30
0
11
-237665.0
21
145021.0
31
0
0
LINE
8
interiors
10
-237735.0
20
145091.0
30
0
11
-237665.0
21
145091.0
31
0
0
LINE
8
interiors
10
-237735.0
20
145821.0
30
0
11
-237735.0
21
145891.0
31
0
0
LINE
8
interiors
10
-237665.0
20
145821.0
30
0
11
-237665.0
21
145891.0
31
0
0
LINE
8
interiors
10
-237735.0
20
145821.0
30
0
11
-237665.0
21
145821.0
31
0
0
LINE
8
interiors
10
-237735.0
20
145891.0
30
0
11
-237665.0
21
145891.0
31
0
0
LINE
8
interiors
10
-235135.0
20
145021.0
30
0
11
-235135.0
21
145091.0
31
0
0
LINE
8
interiors
10
-235065.0
20
145021.0
30
0
11
-235065.0
21
145091.0
31
0
0
LINE
8
interiors
10
-235135.0
20
145021.0
30
0
11
-235065.0
21
145021.0
31
0
0
LINE
8
interiors
10
-235135.0
20
145091.0
30
0
11
-235065.0
21
145091.0
31
0
0
LINE
8
interiors
10
-235135.0
20
145821.0
30
0
11
-235135.0
21
145891.0
31
0
0
LINE
8
interiors
10
-235065.0
20
145821.0
30
0
11
-235065.0
21
145891.0
31
0
0
LINE
8
interiors
10
-235135.0
20
145821.0
30
0
11
-235065.0
21
145821.0
31
0
0
LINE
8
interiors
10
-235135.0
20
145891.0
30
0
11
-235065.0
21
145891.0
31
0
0
LINE
8
interiors
10
-237850.0
20
147600.0
30
0
11
-237850.0
21
148300.0
31
0
0
LINE
8
interiors
10
-235850.0
20
147600.0
30
0
11
-235850.0
21
148300.0
31
0
0
LINE
8
interiors
10
-237850.0
20
147600.0
30
0
11
-235850.0
21
147600.0
31
0
0
LINE
8
interiors
10
-237850.0
20
148300.0
30
0
11
-235850.0
21
148300.0
31
0
0
LINE
8
interiors
10
-237750.0
20
147577.5
30
0
11
-237750.0
21
147602.5
31
0
0
LINE
8
interiors
10
-235950.0
20
147577.5
30
0
11
-235950.0
21
147602.5
31
0
0
LINE
8
interiors
10
-237750.0
20
147577.5
30
0
11
-235950.0
21
147577.5
31
0
0
LINE
8
interiors
10
-237750.0
20
147602.5
30
0
11
-235950.0
21
147602.5
31
0
0
LINE
8
electrical
10
-230825.0
20
143675.0
30
0
11
-230825.0
21
143925.0
31
0
0
LINE
8
electrical
10
-230275.0
20
143675.0
30
0
11
-230275.0
21
143925.0
31
0
0
LINE
8
electrical
10
-230825.0
20
143675.0
30
0
11
-230275.0
21
143675.0
31
0
0
LINE
8
electrical
10
-230825.0
20
143925.0
30
0
11
-230275.0
21
143925.0
31
0
0
LINE
8
electrical
10
-230785.0
20
143647.5
30
0
11
-230785.0
21
143682.5
31
0
0
LINE
8
electrical
10
-230315.0
20
143647.5
30
0
11
-230315.0
21
143682.5
31
0
0
LINE
8
electrical
10
-230785.0
20
143647.5
30
0
11
-230315.0
21
143647.5
31
0
0
LINE
8
electrical
10
-230785.0
20
143682.5
30
0
11
-230315.0
21
143682.5
31
0
0
LINE
8
electrical
10
-230737.5
20
143610.0
30
0
11
-230737.5
21
143650.0
31
0
0
LINE
8
electrical
10
-230637.5
20
143610.0
30
0
11
-230637.5
21
143650.0
31
0
0
LINE
8
electrical
10
-230737.5
20
143610.0
30
0
11
-230637.5
21
143610.0
31
0
0
LINE
8
electrical
10
-230737.5
20
143650.0
30
0
11
-230637.5
21
143650.0
31
0
0
LINE
8
electrical
10
-230600.0
20
143610.0
30
0
11
-230600.0
21
143650.0
31
0
0
LINE
8
electrical
10
-230500.0
20
143610.0
30
0
11
-230500.0
21
143650.0
31
0
0
LINE
8
electrical
10
-230600.0
20
143610.0
30
0
11
-230500.0
21
143610.0
31
0
0
LINE
8
electrical
10
-230600.0
20
143650.0
30
0
11
-230500.0
21
143650.0
31
0
0
LINE
8
electrical
10
-230462.5
20
143610.0
30
0
11
-230462.5
21
143650.0
31
0
0
LINE
8
electrical
10
-230362.5
20
143610.0
30
0
11
-230362.5
21
143650.0
31
0
0
LINE
8
electrical
10
-230462.5
20
143610.0
30
0
11
-230362.5
21
143610.0
31
0
0
LINE
8
electrical
10
-230462.5
20
143650.0
30
0
11
-230362.5
21
143650.0
31
0
0
LINE
8
electrical
10
-230687.5
20
143595.0
30
0
11
-230664.12
21
143595.0
31
0
0
LINE
8
electrical
10
-230664.12
20
143595.0
30
0
11
-230710.88
21
143595.0
31
0
0
LINE
8
electrical
10
-230710.88
20
143595.0
30
0
11
-230687.5
21
143595.0
31
0
0
LINE
8
electrical
10
-230687.5
20
143620.0
30
0
11
-230687.5
21
143595.0
31
0
0
LINE
8
electrical
10
-230687.5
20
143620.0
30
0
11
-230664.12
21
143620.0
31
0
0
LINE
8
electrical
10
-230664.12
20
143620.0
30
0
11
-230710.88
21
143620.0
31
0
0
LINE
8
electrical
10
-230710.88
20
143620.0
30
0
11
-230687.5
21
143620.0
31
0
0
LINE
8
electrical
10
-230550.0
20
143595.0
30
0
11
-230526.62
21
143595.0
31
0
0
LINE
8
electrical
10
-230526.62
20
143595.0
30
0
11
-230573.38
21
143595.0
31
0
0
LINE
8
electrical
10
-230573.38
20
143595.0
30
0
11
-230550.0
21
143595.0
31
0
0
LINE
8
electrical
10
-230550.0
20
143620.0
30
0
11
-230550.0
21
143595.0
31
0
0
LINE
8
electrical
10
-230550.0
20
143620.0
30
0
11
-230526.62
21
143620.0
31
0
0
LINE
8
electrical
10
-230526.62
20
143620.0
30
0
11
-230573.38
21
143620.0
31
0
0
LINE
8
electrical
10
-230573.38
20
143620.0
30
0
11
-230550.0
21
143620.0
31
0
0
LINE
8
electrical
10
-230412.5
20
143595.0
30
0
11
-230389.12
21
143595.0
31
0
0
LINE
8
electrical
10
-230389.12
20
143595.0
30
0
11
-230435.88
21
143595.0
31
0
0
LINE
8
electrical
10
-230435.88
20
143595.0
30
0
11
-230412.5
21
143595.0
31
0
0
LINE
8
electrical
10
-230412.5
20
143620.0
30
0
11
-230412.5
21
143595.0
31
0
0
LINE
8
electrical
10
-230412.5
20
143620.0
30
0
11
-230389.12
21
143620.0
31
0
0
LINE
8
electrical
10
-230389.12
20
143620.0
30
0
11
-230435.88
21
143620.0
31
0
0
LINE
8
electrical
10
-230435.88
20
143620.0
30
0
11
-230412.5
21
143620.0
31
0
0
LINE
8
electrical
10
-230550.0
20
143800.0
30
0
11
-230534.41
21
143800.0
31
0
0
LINE
8
electrical
10
-230534.41
20
143800.0
30
0
11
-230565.59
21
143800.0
31
0
0
LINE
8
electrical
10
-230565.59
20
143800.0
30
0
11
-230550.0
21
143800.0
31
0
0
LINE
8
electrical
10
-230550.0
20
122200.0
30
0
11
-230550.0
21
143800.0
31
0
0
LINE
8
electrical
10
-230550.0
20
122200.0
30
0
11
-230534.41
21
122200.0
31
0
0
LINE
8
electrical
10
-230534.41
20
122200.0
30
0
11
-230565.59
21
122200.0
31
0
0
LINE
8
electrical
10
-230565.59
20
122200.0
30
0
11
-230550.0
21
122200.0
31
0
0
LINE
8
electrical
10
-230568.0
20
143800.0
30
0
11
-230541.0
21
143815.59
31
0
0
LINE
8
electrical
10
-230541.0
20
143815.59
30
0
11
-230541.0
21
143784.41
31
0
0
LINE
8
electrical
10
-230541.0
20
143784.41
30
0
11
-230568.0
21
143800.0
31
0
0
LINE
8
electrical
10
-230550.0
20
143800.0
30
0
11
-230530.56
21
143800.0
31
0
0
LINE
8
electrical
10
-230530.56
20
143800.0
30
0
11
-230550.0
21
143800.0
31
0
0
LINE
8
lighting
10
-238160.0
20
144208.0
30
0
11
-238160.0
21
144848.0
31
0
0
LINE
8
lighting
10
-237520.0
20
144208.0
30
0
11
-237520.0
21
144848.0
31
0
0
LINE
8
lighting
10
-238160.0
20
144208.0
30
0
11
-237520.0
21
144208.0
31
0
0
LINE
8
lighting
10
-238160.0
20
144848.0
30
0
11
-237520.0
21
144848.0
31
0
0
LINE
8
lighting
10
-238120.0
20
144248.0
30
0
11
-238120.0
21
144808.0
31
0
0
LINE
8
lighting
10
-237560.0
20
144248.0
30
0
11
-237560.0
21
144808.0
31
0
0
LINE
8
lighting
10
-238120.0
20
144248.0
30
0
11
-237560.0
21
144248.0
31
0
0
LINE
8
lighting
10
-238120.0
20
144808.0
30
0
11
-237560.0
21
144808.0
31
0
0
LINE
8
lighting
10
-238086.0
20
144258.0
30
0
11
-238086.0
21
144798.0
31
0
0
LINE
8
lighting
10
-238074.0
20
144258.0
30
0
11
-238074.0
21
144798.0
31
0
0
LINE
8
lighting
10
-238086.0
20
144258.0
30
0
11
-238074.0
21
144258.0
31
0
0
LINE
8
lighting
10
-238086.0
20
144798.0
30
0
11
-238074.0
21
144798.0
31
0
0
LINE
8
lighting
10
-238006.0
20
144258.0
30
0
11
-238006.0
21
144798.0
31
0
0
LINE
8
lighting
10
-237994.0
20
144258.0
30
0
11
-237994.0
21
144798.0
31
0
0
LINE
8
lighting
10
-238006.0
20
144258.0
30
0
11
-237994.0
21
144258.0
31
0
0
LINE
8
lighting
10
-238006.0
20
144798.0
30
0
11
-237994.0
21
144798.0
31
0
0
LINE
8
lighting
10
-237926.0
20
144258.0
30
0
11
-237926.0
21
144798.0
31
0
0
LINE
8
lighting
10
-237914.0
20
144258.0
30
0
11
-237914.0
21
144798.0
31
0
0
LINE
8
lighting
10
-237926.0
20
144258.0
30
0
11
-237914.0
21
144258.0
31
0
0
LINE
8
lighting
10
-237926.0
20
144798.0
30
0
11
-237914.0
21
144798.0
31
0
0
LINE
8
lighting
10
-237846.0
20
144258.0
30
0
11
-237846.0
21
144798.0
31
0
0
LINE
8
lighting
10
-237834.0
20
144258.0
30
0
11
-237834.0
21
144798.0
31
0
0
LINE
8
lighting
10
-237846.0
20
144258.0
30
0
11
-237834.0
21
144258.0
31
0
0
LINE
8
lighting
10
-237846.0
20
144798.0
30
0
11
-237834.0
21
144798.0
31
0
0
LINE
8
lighting
10
-237766.0
20
144258.0
30
0
11
-237766.0
21
144798.0
31
0
0
LINE
8
lighting
10
-237754.0
20
144258.0
30
0
11
-237754.0
21
144798.0
31
0
0
LINE
8
lighting
10
-237766.0
20
144258.0
30
0
11
-237754.0
21
144258.0
31
0
0
LINE
8
lighting
10
-237766.0
20
144798.0
30
0
11
-237754.0
21
144798.0
31
0
0
LINE
8
lighting
10
-237686.0
20
144258.0
30
0
11
-237686.0
21
144798.0
31
0
0
LINE
8
lighting
10
-237674.0
20
144258.0
30
0
11
-237674.0
21
144798.0
31
0
0
LINE
8
lighting
10
-237686.0
20
144258.0
30
0
11
-237674.0
21
144258.0
31
0
0
LINE
8
lighting
10
-237686.0
20
144798.0
30
0
11
-237674.0
21
144798.0
31
0
0
LINE
8
lighting
10
-237606.0
20
144258.0
30
0
11
-237606.0
21
144798.0
31
0
0
LINE
8
lighting
10
-237594.0
20
144258.0
30
0
11
-237594.0
21
144798.0
31
0
0
LINE
8
lighting
10
-237606.0
20
144258.0
30
0
11
-237594.0
21
144258.0
31
0
0
LINE
8
lighting
10
-237606.0
20
144798.0
30
0
11
-237594.0
21
144798.0
31
0
0
LINE
8
lighting
10
-237831.0
20
144528.0
30
0
11
-237844.5
21
144535.79
31
0
0
LINE
8
lighting
10
-237844.5
20
144535.79
30
0
11
-237844.5
21
144520.21
31
0
0
LINE
8
lighting
10
-237844.5
20
144520.21
30
0
11
-237831.0
21
144528.0
31
0
0
LINE
8
lighting
10
-231680.0
20
144208.0
30
0
11
-231680.0
21
144848.0
31
0
0
LINE
8
lighting
10
-231040.0
20
144208.0
30
0
11
-231040.0
21
144848.0
31
0
0
LINE
8
lighting
10
-231680.0
20
144208.0
30
0
11
-231040.0
21
144208.0
31
0
0
LINE
8
lighting
10
-231680.0
20
144848.0
30
0
11
-231040.0
21
144848.0
31
0
0
LINE
8
lighting
10
-231640.0
20
144248.0
30
0
11
-231640.0
21
144808.0
31
0
0
LINE
8
lighting
10
-231080.0
20
144248.0
30
0
11
-231080.0
21
144808.0
31
0
0
LINE
8
lighting
10
-231640.0
20
144248.0
30
0
11
-231080.0
21
144248.0
31
0
0
LINE
8
lighting
10
-231640.0
20
144808.0
30
0
11
-231080.0
21
144808.0
31
0
0
LINE
8
lighting
10
-231606.0
20
144258.0
30
0
11
-231606.0
21
144798.0
31
0
0
LINE
8
lighting
10
-231594.0
20
144258.0
30
0
11
-231594.0
21
144798.0
31
0
0
LINE
8
lighting
10
-231606.0
20
144258.0
30
0
11
-231594.0
21
144258.0
31
0
0
LINE
8
lighting
10
-231606.0
20
144798.0
30
0
11
-231594.0
21
144798.0
31
0
0
LINE
8
lighting
10
-231526.0
20
144258.0
30
0
11
-231526.0
21
144798.0
31
0
0
LINE
8
lighting
10
-231514.0
20
144258.0
30
0
11
-231514.0
21
144798.0
31
0
0
LINE
8
lighting
10
-231526.0
20
144258.0
30
0
11
-231514.0
21
144258.0
31
0
0
LINE
8
lighting
10
-231526.0
20
144798.0
30
0
11
-231514.0
21
144798.0
31
0
0
LINE
8
lighting
10
-231446.0
20
144258.0
30
0
11
-231446.0
21
144798.0
31
0
0
LINE
8
lighting
10
-231434.0
20
144258.0
30
0
11
-231434.0
21
144798.0
31
0
0
LINE
8
lighting
10
-231446.0
20
144258.0
30
0
11
-231434.0
21
144258.0
31
0
0
LINE
8
lighting
10
-231446.0
20
144798.0
30
0
11
-231434.0
21
144798.0
31
0
0
LINE
8
lighting
10
-231366.0
20
144258.0
30
0
11
-231366.0
21
144798.0
31
0
0
LINE
8
lighting
10
-231354.0
20
144258.0
30
0
11
-231354.0
21
144798.0
31
0
0
LINE
8
lighting
10
-231366.0
20
144258.0
30
0
11
-231354.0
21
144258.0
31
0
0
LINE
8
lighting
10
-231366.0
20
144798.0
30
0
11
-231354.0
21
144798.0
31
0
0
LINE
8
lighting
10
-231286.0
20
144258.0
30
0
11
-231286.0
21
144798.0
31
0
0
LINE
8
lighting
10
-231274.0
20
144258.0
30
0
11
-231274.0
21
144798.0
31
0
0
LINE
8
lighting
10
-231286.0
20
144258.0
30
0
11
-231274.0
21
144258.0
31
0
0
LINE
8
lighting
10
-231286.0
20
144798.0
30
0
11
-231274.0
21
144798.0
31
0
0
LINE
8
lighting
10
-231206.0
20
144258.0
30
0
11
-231206.0
21
144798.0
31
0
0
LINE
8
lighting
10
-231194.0
20
144258.0
30
0
11
-231194.0
21
144798.0
31
0
0
LINE
8
lighting
10
-231206.0
20
144258.0
30
0
11
-231194.0
21
144258.0
31
0
0
LINE
8
lighting
10
-231206.0
20
144798.0
30
0
11
-231194.0
21
144798.0
31
0
0
LINE
8
lighting
10
-231126.0
20
144258.0
30
0
11
-231126.0
21
144798.0
31
0
0
LINE
8
lighting
10
-231114.0
20
144258.0
30
0
11
-231114.0
21
144798.0
31
0
0
LINE
8
lighting
10
-231126.0
20
144258.0
30
0
11
-231114.0
21
144258.0
31
0
0
LINE
8
lighting
10
-231126.0
20
144798.0
30
0
11
-231114.0
21
144798.0
31
0
0
LINE
8
lighting
10
-231351.0
20
144528.0
30
0
11
-231364.5
21
144535.79
31
0
0
LINE
8
lighting
10
-231364.5
20
144535.79
30
0
11
-231364.5
21
144520.21
31
0
0
LINE
8
lighting
10
-231364.5
20
144520.21
30
0
11
-231351.0
21
144528.0
31
0
0
LINE
8
lighting
10
-238160.0
20
148152.0
30
0
11
-238160.0
21
148792.0
31
0
0
LINE
8
lighting
10
-237520.0
20
148152.0
30
0
11
-237520.0
21
148792.0
31
0
0
LINE
8
lighting
10
-238160.0
20
148152.0
30
0
11
-237520.0
21
148152.0
31
0
0
LINE
8
lighting
10
-238160.0
20
148792.0
30
0
11
-237520.0
21
148792.0
31
0
0
LINE
8
lighting
10
-238120.0
20
148192.0
30
0
11
-238120.0
21
148752.0
31
0
0
LINE
8
lighting
10
-237560.0
20
148192.0
30
0
11
-237560.0
21
148752.0
31
0
0
LINE
8
lighting
10
-238120.0
20
148192.0
30
0
11
-237560.0
21
148192.0
31
0
0
LINE
8
lighting
10
-238120.0
20
148752.0
30
0
11
-237560.0
21
148752.0
31
0
0
LINE
8
lighting
10
-238086.0
20
148202.0
30
0
11
-238086.0
21
148742.0
31
0
0
LINE
8
lighting
10
-238074.0
20
148202.0
30
0
11
-238074.0
21
148742.0
31
0
0
LINE
8
lighting
10
-238086.0
20
148202.0
30
0
11
-238074.0
21
148202.0
31
0
0
LINE
8
lighting
10
-238086.0
20
148742.0
30
0
11
-238074.0
21
148742.0
31
0
0
LINE
8
lighting
10
-238006.0
20
148202.0
30
0
11
-238006.0
21
148742.0
31
0
0
LINE
8
lighting
10
-237994.0
20
148202.0
30
0
11
-237994.0
21
148742.0
31
0
0
LINE
8
lighting
10
-238006.0
20
148202.0
30
0
11
-237994.0
21
148202.0
31
0
0
LINE
8
lighting
10
-238006.0
20
148742.0
30
0
11
-237994.0
21
148742.0
31
0
0
LINE
8
lighting
10
-237926.0
20
148202.0
30
0
11
-237926.0
21
148742.0
31
0
0
LINE
8
lighting
10
-237914.0
20
148202.0
30
0
11
-237914.0
21
148742.0
31
0
0
LINE
8
lighting
10
-237926.0
20
148202.0
30
0
11
-237914.0
21
148202.0
31
0
0
LINE
8
lighting
10
-237926.0
20
148742.0
30
0
11
-237914.0
21
148742.0
31
0
0
LINE
8
lighting
10
-237846.0
20
148202.0
30
0
11
-237846.0
21
148742.0
31
0
0
LINE
8
lighting
10
-237834.0
20
148202.0
30
0
11
-237834.0
21
148742.0
31
0
0
LINE
8
lighting
10
-237846.0
20
148202.0
30
0
11
-237834.0
21
148202.0
31
0
0
LINE
8
lighting
10
-237846.0
20
148742.0
30
0
11
-237834.0
21
148742.0
31
0
0
LINE
8
lighting
10
-237766.0
20
148202.0
30
0
11
-237766.0
21
148742.0
31
0
0
LINE
8
lighting
10
-237754.0
20
148202.0
30
0
11
-237754.0
21
148742.0
31
0
0
LINE
8
lighting
10
-237766.0
20
148202.0
30
0
11
-237754.0
21
148202.0
31
0
0
LINE
8
lighting
10
-237766.0
20
148742.0
30
0
11
-237754.0
21
148742.0
31
0
0
LINE
8
lighting
10
-237686.0
20
148202.0
30
0
11
-237686.0
21
148742.0
31
0
0
LINE
8
lighting
10
-237674.0
20
148202.0
30
0
11
-237674.0
21
148742.0
31
0
0
LINE
8
lighting
10
-237686.0
20
148202.0
30
0
11
-237674.0
21
148202.0
31
0
0
LINE
8
lighting
10
-237686.0
20
148742.0
30
0
11
-237674.0
21
148742.0
31
0
0
LINE
8
lighting
10
-237606.0
20
148202.0
30
0
11
-237606.0
21
148742.0
31
0
0
LINE
8
lighting
10
-237594.0
20
148202.0
30
0
11
-237594.0
21
148742.0
31
0
0
LINE
8
lighting
10
-237606.0
20
148202.0
30
0
11
-237594.0
21
148202.0
31
0
0
LINE
8
lighting
10
-237606.0
20
148742.0
30
0
11
-237594.0
21
148742.0
31
0
0
LINE
8
lighting
10
-237831.0
20
148472.0
30
0
11
-237844.5
21
148479.79
31
0
0
LINE
8
lighting
10
-237844.5
20
148479.79
30
0
11
-237844.5
21
148464.21
31
0
0
LINE
8
lighting
10
-237844.5
20
148464.21
30
0
11
-237831.0
21
148472.0
31
0
0
LINE
8
lighting
10
-231680.0
20
148152.0
30
0
11
-231680.0
21
148792.0
31
0
0
LINE
8
lighting
10
-231040.0
20
148152.0
30
0
11
-231040.0
21
148792.0
31
0
0
LINE
8
lighting
10
-231680.0
20
148152.0
30
0
11
-231040.0
21
148152.0
31
0
0
LINE
8
lighting
10
-231680.0
20
148792.0
30
0
11
-231040.0
21
148792.0
31
0
0
LINE
8
lighting
10
-231640.0
20
148192.0
30
0
11
-231640.0
21
148752.0
31
0
0
LINE
8
lighting
10
-231080.0
20
148192.0
30
0
11
-231080.0
21
148752.0
31
0
0
LINE
8
lighting
10
-231640.0
20
148192.0
30
0
11
-231080.0
21
148192.0
31
0
0
LINE
8
lighting
10
-231640.0
20
148752.0
30
0
11
-231080.0
21
148752.0
31
0
0
LINE
8
lighting
10
-231606.0
20
148202.0
30
0
11
-231606.0
21
148742.0
31
0
0
LINE
8
lighting
10
-231594.0
20
148202.0
30
0
11
-231594.0
21
148742.0
31
0
0
LINE
8
lighting
10
-231606.0
20
148202.0
30
0
11
-231594.0
21
148202.0
31
0
0
LINE
8
lighting
10
-231606.0
20
148742.0
30
0
11
-231594.0
21
148742.0
31
0
0
LINE
8
lighting
10
-231526.0
20
148202.0
30
0
11
-231526.0
21
148742.0
31
0
0
LINE
8
lighting
10
-231514.0
20
148202.0
30
0
11
-231514.0
21
148742.0
31
0
0
LINE
8
lighting
10
-231526.0
20
148202.0
30
0
11
-231514.0
21
148202.0
31
0
0
LINE
8
lighting
10
-231526.0
20
148742.0
30
0
11
-231514.0
21
148742.0
31
0
0
LINE
8
lighting
10
-231446.0
20
148202.0
30
0
11
-231446.0
21
148742.0
31
0
0
LINE
8
lighting
10
-231434.0
20
148202.0
30
0
11
-231434.0
21
148742.0
31
0
0
LINE
8
lighting
10
-231446.0
20
148202.0
30
0
11
-231434.0
21
148202.0
31
0
0
LINE
8
lighting
10
-231446.0
20
148742.0
30
0
11
-231434.0
21
148742.0
31
0
0
LINE
8
lighting
10
-231366.0
20
148202.0
30
0
11
-231366.0
21
148742.0
31
0
0
LINE
8
lighting
10
-231354.0
20
148202.0
30
0
11
-231354.0
21
148742.0
31
0
0
LINE
8
lighting
10
-231366.0
20
148202.0
30
0
11
-231354.0
21
148202.0
31
0
0
LINE
8
lighting
10
-231366.0
20
148742.0
30
0
11
-231354.0
21
148742.0
31
0
0
LINE
8
lighting
10
-231286.0
20
148202.0
30
0
11
-231286.0
21
148742.0
31
0
0
LINE
8
lighting
10
-231274.0
20
148202.0
30
0
11
-231274.0
21
148742.0
31
0
0
LINE
8
lighting
10
-231286.0
20
148202.0
30
0
11
-231274.0
21
148202.0
31
0
0
LINE
8
lighting
10
-231286.0
20
148742.0
30
0
11
-231274.0
21
148742.0
31
0
0
LINE
8
lighting
10
-231206.0
20
148202.0
30
0
11
-231206.0
21
148742.0
31
0
0
LINE
8
lighting
10
-231194.0
20
148202.0
30
0
11
-231194.0
21
148742.0
31
0
0
LINE
8
lighting
10
-231206.0
20
148202.0
30
0
11
-231194.0
21
148202.0
31
0
0
LINE
8
lighting
10
-231206.0
20
148742.0
30
0
11
-231194.0
21
148742.0
31
0
0
LINE
8
lighting
10
-231126.0
20
148202.0
30
0
11
-231126.0
21
148742.0
31
0
0
LINE
8
lighting
10
-231114.0
20
148202.0
30
0
11
-231114.0
21
148742.0
31
0
0
LINE
8
lighting
10
-231126.0
20
148202.0
30
0
11
-231114.0
21
148202.0
31
0
0
LINE
8
lighting
10
-231126.0
20
148742.0
30
0
11
-231114.0
21
148742.0
31
0
0
LINE
8
lighting
10
-231351.0
20
148472.0
30
0
11
-231364.5
21
148479.79
31
0
0
LINE
8
lighting
10
-231364.5
20
148479.79
30
0
11
-231364.5
21
148464.21
31
0
0
LINE
8
lighting
10
-231364.5
20
148464.21
30
0
11
-231351.0
21
148472.0
31
0
0
LINE
8
electrical
10
-237840.0
20
144350.0
30
0
11
-237840.0
21
144342.21
31
0
0
LINE
8
electrical
10
-237840.0
20
144342.21
30
0
11
-237840.0
21
144357.79
31
0
0
LINE
8
electrical
10
-237840.0
20
144357.79
30
0
11
-237840.0
21
144350.0
31
0
0
LINE
8
electrical
10
-230550.0
20
144350.0
30
0
11
-237840.0
21
144350.0
31
0
0
LINE
8
electrical
10
-230550.0
20
144350.0
30
0
11
-230550.0
21
144342.21
31
0
0
LINE
8
electrical
10
-230550.0
20
144342.21
30
0
11
-230550.0
21
144357.79
31
0
0
LINE
8
electrical
10
-230550.0
20
144357.79
30
0
11
-230550.0
21
144350.0
31
0
0
LINE
8
electrical
10
-237840.0
20
148472.0
30
0
11
-237832.21
21
148472.0
31
0
0
LINE
8
electrical
10
-237832.21
20
148472.0
30
0
11
-237847.79
21
148472.0
31
0
0
LINE
8
electrical
10
-237847.79
20
148472.0
30
0
11
-237840.0
21
148472.0
31
0
0
LINE
8
electrical
10
-237840.0
20
144350.0
30
0
11
-237840.0
21
148472.0
31
0
0
LINE
8
electrical
10
-237840.0
20
144350.0
30
0
11
-237832.21
21
144350.0
31
0
0
LINE
8
electrical
10
-237832.21
20
144350.0
30
0
11
-237847.79
21
144350.0
31
0
0
LINE
8
electrical
10
-237847.79
20
144350.0
30
0
11
-237840.0
21
144350.0
31
0
0
LINE
8
electrical
10
-231360.0
20
148472.0
30
0
11
-231352.21
21
148472.0
31
0
0
LINE
8
electrical
10
-231352.21
20
148472.0
30
0
11
-231367.79
21
148472.0
31
0
0
LINE
8
electrical
10
-231367.79
20
148472.0
30
0
11
-231360.0
21
148472.0
31
0
0
LINE
8
electrical
10
-231360.0
20
144350.0
30
0
11
-231360.0
21
148472.0
31
0
0
LINE
8
electrical
10
-231360.0
20
144350.0
30
0
11
-231352.21
21
144350.0
31
0
0
LINE
8
electrical
10
-231352.21
20
144350.0
30
0
11
-231367.79
21
144350.0
31
0
0
LINE
8
electrical
10
-231367.79
20
144350.0
30
0
11
-231360.0
21
144350.0
31
0
0
LINE
8
electrical
10
-230537.0
20
143800.0
30
0
11
-230556.5
21
143811.26
31
0
0
LINE
8
electrical
10
-230556.5
20
143811.26
30
0
11
-230556.5
21
143788.74
31
0
0
LINE
8
electrical
10
-230556.5
20
143788.74
30
0
11
-230537.0
21
143800.0
31
0
0
LINE
8
electrical
10
-231456.78
20
144338.91
30
0
11
-231446.61
21
144355.55
31
0
0
LINE
8
electrical
10
-231446.61
20
144355.55
30
0
11
-231446.61
21
144355.55
31
0
0
LINE
8
electrical
10
-231446.61
20
144355.55
30
0
11
-231456.78
21
144338.91
31
0
0
LINE
8
electrical
10
-230556.78
20
143788.91
30
0
11
-231456.78
21
144338.91
31
0
0
LINE
8
electrical
10
-230556.78
20
143788.91
30
0
11
-230546.61
21
143805.55
31
0
0
LINE
8
electrical
10
-230546.61
20
143805.55
30
0
11
-230546.61
21
143805.55
31
0
0
LINE
8
electrical
10
-230546.61
20
143805.55
30
0
11
-230556.78
21
143788.91
31
0
0
LINE
8
electrical
10
-237750.0
20
144350.0
30
0
11
-237750.0
21
144338.74
31
0
0
LINE
8
electrical
10
-237750.0
20
144338.74
30
0
11
-237750.0
21
144361.26
31
0
0
LINE
8
electrical
10
-237750.0
20
144361.26
30
0
11
-237750.0
21
144350.0
31
0
0
LINE
8
electrical
10
-231450.0
20
144350.0
30
0
11
-237750.0
21
144350.0
31
0
0
LINE
8
electrical
10
-231450.0
20
144350.0
30
0
11
-231450.0
21
144338.74
31
0
0
LINE
8
electrical
10
-231450.0
20
144338.74
30
0
11
-231450.0
21
144361.26
31
0
0
LINE
8
electrical
10
-231450.0
20
144361.26
30
0
11
-231450.0
21
144350.0
31
0
0
LINE
8
electrical
10
-230550.0
20
143800.0
30
0
11
-230535.96
21
143800.0
31
0
0
LINE
8
electrical
10
-230535.96
20
143800.0
30
0
11
-230550.0
21
143800.0
31
0
0
LINE
8
electrical
10
-231450.0
20
144350.0
30
0
11
-231435.96
21
144350.0
31
0
0
LINE
8
electrical
10
-231435.96
20
144350.0
30
0
11
-231450.0
21
144350.0
31
0
0
LINE
8
electrical
10
-230537.0
20
143800.0
30
0
11
-230556.5
21
143811.26
31
0
0
LINE
8
electrical
10
-230556.5
20
143811.26
30
0
11
-230556.5
21
143788.74
31
0
0
LINE
8
electrical
10
-230556.5
20
143788.74
30
0
11
-230537.0
21
143800.0
31
0
0
LINE
8
electrical
10
-231457.76
20
144459.57
30
0
11
-231446.12
21
144475.21
31
0
0
LINE
8
electrical
10
-231446.12
20
144475.21
30
0
11
-231446.12
21
144475.21
31
0
0
LINE
8
electrical
10
-231446.12
20
144475.21
30
0
11
-231457.76
21
144459.57
31
0
0
LINE
8
electrical
10
-230557.76
20
143789.57
30
0
11
-231457.76
21
144459.57
31
0
0
LINE
8
electrical
10
-230557.76
20
143789.57
30
0
11
-230546.12
21
143805.21
31
0
0
LINE
8
electrical
10
-230546.12
20
143805.21
30
0
11
-230546.12
21
143805.21
31
0
0
LINE
8
electrical
10
-230546.12
20
143805.21
30
0
11
-230557.76
21
143789.57
31
0
0
LINE
8
electrical
10
-237750.0
20
144470.0
30
0
11
-237750.0
21
144458.74
31
0
0
LINE
8
electrical
10
-237750.0
20
144458.74
30
0
11
-237750.0
21
144481.26
31
0
0
LINE
8
electrical
10
-237750.0
20
144481.26
30
0
11
-237750.0
21
144470.0
31
0
0
LINE
8
electrical
10
-231450.0
20
144470.0
30
0
11
-237750.0
21
144470.0
31
0
0
LINE
8
electrical
10
-231450.0
20
144470.0
30
0
11
-231450.0
21
144458.74
31
0
0
LINE
8
electrical
10
-231450.0
20
144458.74
30
0
11
-231450.0
21
144481.26
31
0
0
LINE
8
electrical
10
-231450.0
20
144481.26
30
0
11
-231450.0
21
144470.0
31
0
0
LINE
8
electrical
10
-230550.0
20
143800.0
30
0
11
-230535.96
21
143800.0
31
0
0
LINE
8
electrical
10
-230535.96
20
143800.0
30
0
11
-230550.0
21
143800.0
31
0
0
LINE
8
electrical
10
-231450.0
20
144470.0
30
0
11
-231435.96
21
144470.0
31
0
0
LINE
8
electrical
10
-231435.96
20
144470.0
30
0
11
-231450.0
21
144470.0
31
0
0
LINE
8
electrical
10
-230537.0
20
143800.0
30
0
11
-230556.5
21
143811.26
31
0
0
LINE
8
electrical
10
-230556.5
20
143811.26
30
0
11
-230556.5
21
143788.74
31
0
0
LINE
8
electrical
10
-230556.5
20
143788.74
30
0
11
-230537.0
21
143800.0
31
0
0
LINE
8
electrical
10
-231458.58
20
144580.23
30
0
11
-231445.71
21
144594.89
31
0
0
LINE
8
electrical
10
-231445.71
20
144594.89
30
0
11
-231445.71
21
144594.89
31
0
0
LINE
8
electrical
10
-231445.71
20
144594.89
30
0
11
-231458.58
21
144580.23
31
0
0
LINE
8
electrical
10
-230558.58
20
143790.23
30
0
11
-231458.58
21
144580.23
31
0
0
LINE
8
electrical
10
-230558.58
20
143790.23
30
0
11
-230545.71
21
143804.89
31
0
0
LINE
8
electrical
10
-230545.71
20
143804.89
30
0
11
-230545.71
21
143804.89
31
0
0
LINE
8
electrical
10
-230545.71
20
143804.89
30
0
11
-230558.58
21
143790.23
31
0
0
LINE
8
electrical
10
-237750.0
20
144590.0
30
0
11
-237750.0
21
144578.74
31
0
0
LINE
8
electrical
10
-237750.0
20
144578.74
30
0
11
-237750.0
21
144601.26
31
0
0
LINE
8
electrical
10
-237750.0
20
144601.26
30
0
11
-237750.0
21
144590.0
31
0
0
LINE
8
electrical
10
-231450.0
20
144590.0
30
0
11
-237750.0
21
144590.0
31
0
0
LINE
8
electrical
10
-231450.0
20
144590.0
30
0
11
-231450.0
21
144578.74
31
0
0
LINE
8
electrical
10
-231450.0
20
144578.74
30
0
11
-231450.0
21
144601.26
31
0
0
LINE
8
electrical
10
-231450.0
20
144601.26
30
0
11
-231450.0
21
144590.0
31
0
0
LINE
8
electrical
10
-230550.0
20
143800.0
30
0
11
-230535.96
21
143800.0
31
0
0
LINE
8
electrical
10
-230535.96
20
143800.0
30
0
11
-230550.0
21
143800.0
31
0
0
LINE
8
electrical
10
-231450.0
20
144590.0
30
0
11
-231435.96
21
144590.0
31
0
0
LINE
8
electrical
10
-231435.96
20
144590.0
30
0
11
-231450.0
21
144590.0
31
0
0
LINE
8
electrical
10
-237365.0
20
143750.0
30
0
11
-237365.0
21
143810.0
31
0
0
LINE
8
electrical
10
-237235.0
20
143750.0
30
0
11
-237235.0
21
143810.0
31
0
0
LINE
8
electrical
10
-237365.0
20
143750.0
30
0
11
-237235.0
21
143750.0
31
0
0
LINE
8
electrical
10
-237365.0
20
143810.0
30
0
11
-237235.0
21
143810.0
31
0
0
LINE
8
electrical
10
-237291.0
20
143780.0
30
0
11
-237304.5
21
143787.79
31
0
0
LINE
8
electrical
10
-237304.5
20
143787.79
30
0
11
-237304.5
21
143772.21
31
0
0
LINE
8
electrical
10
-237304.5
20
143772.21
30
0
11
-237291.0
21
143780.0
31
0
0
LINE
8
electrical
10
-230550.0
20
143780.0
30
0
11
-230550.0
21
143772.21
31
0
0
LINE
8
electrical
10
-230550.0
20
143772.21
30
0
11
-230550.0
21
143787.79
31
0
0
LINE
8
electrical
10
-230550.0
20
143787.79
30
0
11
-230550.0
21
143780.0
31
0
0
LINE
8
electrical
10
-237300.0
20
143780.0
30
0
11
-230550.0
21
143780.0
31
0
0
LINE
8
electrical
10
-237300.0
20
143780.0
30
0
11
-237300.0
21
143772.21
31
0
0
LINE
8
electrical
10
-237300.0
20
143772.21
30
0
11
-237300.0
21
143787.79
31
0
0
LINE
8
electrical
10
-237300.0
20
143787.79
30
0
11
-237300.0
21
143780.0
31
0
0
LINE
8
electrical
10
-237300.0
20
143780.0
30
0
11
-237290.28
21
143780.0
31
0
0
LINE
8
electrical
10
-237290.28
20
143780.0
30
0
11
-237300.0
21
143780.0
31
0
0
LINE
8
electrical
10
-231965.0
20
143750.0
30
0
11
-231965.0
21
143810.0
31
0
0
LINE
8
electrical
10
-231835.0
20
143750.0
30
0
11
-231835.0
21
143810.0
31
0
0
LINE
8
electrical
10
-231965.0
20
143750.0
30
0
11
-231835.0
21
143750.0
31
0
0
LINE
8
electrical
10
-231965.0
20
143810.0
30
0
11
-231835.0
21
143810.0
31
0
0
LINE
8
electrical
10
-231891.0
20
143780.0
30
0
11
-231904.5
21
143787.79
31
0
0
LINE
8
electrical
10
-231904.5
20
143787.79
30
0
11
-231904.5
21
143772.21
31
0
0
LINE
8
electrical
10
-231904.5
20
143772.21
30
0
11
-231891.0
21
143780.0
31
0
0
LINE
8
electrical
10
-230550.0
20
143780.0
30
0
11
-230550.0
21
143772.21
31
0
0
LINE
8
electrical
10
-230550.0
20
143772.21
30
0
11
-230550.0
21
143787.79
31
0
0
LINE
8
electrical
10
-230550.0
20
143787.79
30
0
11
-230550.0
21
143780.0
31
0
0
LINE
8
electrical
10
-231900.0
20
143780.0
30
0
11
-230550.0
21
143780.0
31
0
0
LINE
8
electrical
10
-231900.0
20
143780.0
30
0
11
-231900.0
21
143772.21
31
0
0
LINE
8
electrical
10
-231900.0
20
143772.21
30
0
11
-231900.0
21
143787.79
31
0
0
LINE
8
electrical
10
-231900.0
20
143787.79
30
0
11
-231900.0
21
143780.0
31
0
0
LINE
8
electrical
10
-231900.0
20
143780.0
30
0
11
-231890.28
21
143780.0
31
0
0
LINE
8
electrical
10
-231890.28
20
143780.0
30
0
11
-231900.0
21
143780.0
31
0
0
LINE
8
hvac
10
-238625.0
20
144325.0
30
0
11
-238625.0
21
145075.0
31
0
0
LINE
8
hvac
10
-236975.0
20
144325.0
30
0
11
-236975.0
21
145075.0
31
0
0
LINE
8
hvac
10
-238625.0
20
144325.0
30
0
11
-236975.0
21
144325.0
31
0
0
LINE
8
hvac
10
-238625.0
20
145075.0
30
0
11
-236975.0
21
145075.0
31
0
0
LINE
8
hvac
10
-238525.0
20
144280.0
30
0
11
-238525.0
21
144320.0
31
0
0
LINE
8
hvac
10
-237075.0
20
144280.0
30
0
11
-237075.0
21
144320.0
31
0
0
LINE
8
hvac
10
-238525.0
20
144280.0
30
0
11
-237075.0
21
144280.0
31
0
0
LINE
8
hvac
10
-238525.0
20
144320.0
30
0
11
-237075.0
21
144320.0
31
0
0
LINE
8
hvac
10
-238460.0
20
144240.0
30
0
11
-238460.0
21
144300.0
31
0
0
LINE
8
hvac
10
-238420.0
20
144240.0
30
0
11
-238420.0
21
144300.0
31
0
0
LINE
8
hvac
10
-238460.0
20
144240.0
30
0
11
-238420.0
21
144240.0
31
0
0
LINE
8
hvac
10
-238460.0
20
144300.0
30
0
11
-238420.0
21
144300.0
31
0
0
LINE
8
hvac
10
-238300.0
20
144240.0
30
0
11
-238300.0
21
144300.0
31
0
0
LINE
8
hvac
10
-238260.0
20
144240.0
30
0
11
-238260.0
21
144300.0
31
0
0
LINE
8
hvac
10
-238300.0
20
144240.0
30
0
11
-238260.0
21
144240.0
31
0
0
LINE
8
hvac
10
-238300.0
20
144300.0
30
0
11
-238260.0
21
144300.0
31
0
0
LINE
8
hvac
10
-238140.0
20
144240.0
30
0
11
-238140.0
21
144300.0
31
0
0
LINE
8
hvac
10
-238100.0
20
144240.0
30
0
11
-238100.0
21
144300.0
31
0
0
LINE
8
hvac
10
-238140.0
20
144240.0
30
0
11
-238100.0
21
144240.0
31
0
0
LINE
8
hvac
10
-238140.0
20
144300.0
30
0
11
-238100.0
21
144300.0
31
0
0
LINE
8
hvac
10
-237980.0
20
144240.0
30
0
11
-237980.0
21
144300.0
31
0
0
LINE
8
hvac
10
-237940.0
20
144240.0
30
0
11
-237940.0
21
144300.0
31
0
0
LINE
8
hvac
10
-237980.0
20
144240.0
30
0
11
-237940.0
21
144240.0
31
0
0
LINE
8
hvac
10
-237980.0
20
144300.0
30
0
11
-237940.0
21
144300.0
31
0
0
LINE
8
hvac
10
-237820.0
20
144240.0
30
0
11
-237820.0
21
144300.0
31
0
0
LINE
8
hvac
10
-237780.0
20
144240.0
30
0
11
-237780.0
21
144300.0
31
0
0
LINE
8
hvac
10
-237820.0
20
144240.0
30
0
11
-237780.0
21
144240.0
31
0
0
LINE
8
hvac
10
-237820.0
20
144300.0
30
0
11
-237780.0
21
144300.0
31
0
0
LINE
8
hvac
10
-237660.0
20
144240.0
30
0
11
-237660.0
21
144300.0
31
0
0
LINE
8
hvac
10
-237620.0
20
144240.0
30
0
11
-237620.0
21
144300.0
31
0
0
LINE
8
hvac
10
-237660.0
20
144240.0
30
0
11
-237620.0
21
144240.0
31
0
0
LINE
8
hvac
10
-237660.0
20
144300.0
30
0
11
-237620.0
21
144300.0
31
0
0
LINE
8
hvac
10
-237500.0
20
144240.0
30
0
11
-237500.0
21
144300.0
31
0
0
LINE
8
hvac
10
-237460.0
20
144240.0
30
0
11
-237460.0
21
144300.0
31
0
0
LINE
8
hvac
10
-237500.0
20
144240.0
30
0
11
-237460.0
21
144240.0
31
0
0
LINE
8
hvac
10
-237500.0
20
144300.0
30
0
11
-237460.0
21
144300.0
31
0
0
LINE
8
hvac
10
-237340.0
20
144240.0
30
0
11
-237340.0
21
144300.0
31
0
0
LINE
8
hvac
10
-237300.0
20
144240.0
30
0
11
-237300.0
21
144300.0
31
0
0
LINE
8
hvac
10
-237340.0
20
144240.0
30
0
11
-237300.0
21
144240.0
31
0
0
LINE
8
hvac
10
-237340.0
20
144300.0
30
0
11
-237300.0
21
144300.0
31
0
0
LINE
8
hvac
10
-237180.0
20
144240.0
30
0
11
-237180.0
21
144300.0
31
0
0
LINE
8
hvac
10
-237140.0
20
144240.0
30
0
11
-237140.0
21
144300.0
31
0
0
LINE
8
hvac
10
-237180.0
20
144240.0
30
0
11
-237140.0
21
144240.0
31
0
0
LINE
8
hvac
10
-237180.0
20
144300.0
30
0
11
-237140.0
21
144300.0
31
0
0
LINE
8
hvac
10
-238025.0
20
144475.0
30
0
11
-238025.0
21
144925.0
31
0
0
LINE
8
hvac
10
-237575.0
20
144475.0
30
0
11
-237575.0
21
144925.0
31
0
0
LINE
8
hvac
10
-238025.0
20
144475.0
30
0
11
-237575.0
21
144475.0
31
0
0
LINE
8
hvac
10
-238025.0
20
144925.0
30
0
11
-237575.0
21
144925.0
31
0
0
LINE
8
hvac
10
-237750.0
20
146325.0
30
0
11
-237750.0
21
146675.0
31
0
0
LINE
8
hvac
10
-231450.0
20
146325.0
30
0
11
-231450.0
21
146675.0
31
0
0
LINE
8
hvac
10
-237750.0
20
146325.0
30
0
11
-231450.0
21
146325.0
31
0
0
LINE
8
hvac
10
-237750.0
20
146675.0
30
0
11
-231450.0
21
146675.0
31
0
0
LINE
8
hvac
10
-237975.0
20
144525.0
30
0
11
-237975.0
21
144875.0
31
0
0
LINE
8
hvac
10
-234425.0
20
144525.0
30
0
11
-234425.0
21
144875.0
31
0
0
LINE
8
hvac
10
-237975.0
20
144525.0
30
0
11
-234425.0
21
144525.0
31
0
0
LINE
8
hvac
10
-237975.0
20
144875.0
30
0
11
-234425.0
21
144875.0
31
0
0
LINE
8
hvac
10
-234775.0
20
144525.0
30
0
11
-234775.0
21
146675.0
31
0
0
LINE
8
hvac
10
-234425.0
20
144525.0
30
0
11
-234425.0
21
146675.0
31
0
0
LINE
8
hvac
10
-234775.0
20
144525.0
30
0
11
-234425.0
21
144525.0
31
0
0
LINE
8
hvac
10
-234775.0
20
146675.0
30
0
11
-234425.0
21
146675.0
31
0
0
LINE
8
hvac
10
-236750.0
20
146150.0
30
0
11
-236750.0
21
146850.0
31
0
0
LINE
8
hvac
10
-236050.0
20
146150.0
30
0
11
-236050.0
21
146850.0
31
0
0
LINE
8
hvac
10
-236750.0
20
146150.0
30
0
11
-236050.0
21
146150.0
31
0
0
LINE
8
hvac
10
-236750.0
20
146850.0
30
0
11
-236050.0
21
146850.0
31
0
0
LINE
8
hvac
10
-233150.0
20
146150.0
30
0
11
-233150.0
21
146850.0
31
0
0
LINE
8
hvac
10
-232450.0
20
146150.0
30
0
11
-232450.0
21
146850.0
31
0
0
LINE
8
hvac
10
-233150.0
20
146150.0
30
0
11
-232450.0
21
146150.0
31
0
0
LINE
8
hvac
10
-233150.0
20
146850.0
30
0
11
-232450.0
21
146850.0
31
0
0
LINE
8
water
10
-231610.0
20
147050.0
30
0
11
-231610.0
21
147690.0
31
0
0
LINE
8
water
10
-230690.0
20
147050.0
30
0
11
-230690.0
21
147690.0
31
0
0
LINE
8
water
10
-231610.0
20
147050.0
30
0
11
-230690.0
21
147050.0
31
0
0
LINE
8
water
10
-231610.0
20
147690.0
30
0
11
-230690.0
21
147690.0
31
0
0
LINE
8
water
10
-231600.0
20
147060.0
30
0
11
-231600.0
21
147680.0
31
0
0
LINE
8
water
10
-231600.0
20
147060.0
30
0
11
-230700.0
21
147060.0
31
0
0
LINE
8
water
10
-231600.0
20
147680.0
30
0
11
-230700.0
21
147680.0
31
0
0
LINE
8
water
10
-230700.0
20
147060.0
30
0
11
-230700.0
21
147680.0
31
0
0
LINE
8
water
10
-230825.0
20
147155.0
30
0
11
-231475.0
21
147155.0
31
0
0
LINE
8
water
10
-230825.0
20
147155.0
30
0
11
-230825.0
21
147585.0
31
0
0
LINE
8
water
10
-230825.0
20
147585.0
30
0
11
-231475.0
21
147585.0
31
0
0
LINE
8
water
10
-231475.0
20
147155.0
30
0
11
-231475.0
21
147585.0
31
0
0
LINE
8
water
10
-231132.0
20
147590.0
30
0
11
-231159.0
21
147605.59
31
0
0
LINE
8
water
10
-231159.0
20
147605.59
30
0
11
-231159.0
21
147574.41
31
0
0
LINE
8
water
10
-231159.0
20
147574.41
30
0
11
-231132.0
21
147590.0
31
0
0
LINE
8
water
10
-231150.0
20
147370.0
30
0
11
-231134.41
21
147370.0
31
0
0
LINE
8
water
10
-231134.41
20
147370.0
30
0
11
-231165.59
21
147370.0
31
0
0
LINE
8
water
10
-231165.59
20
147370.0
30
0
11
-231150.0
21
147370.0
31
0
0
LINE
8
water
10
-231150.0
20
147590.0
30
0
11
-231150.0
21
147370.0
31
0
0
LINE
8
water
10
-231150.0
20
147590.0
30
0
11
-231134.41
21
147590.0
31
0
0
LINE
8
water
10
-231134.41
20
147590.0
30
0
11
-231165.59
21
147590.0
31
0
0
LINE
8
water
10
-231165.59
20
147590.0
30
0
11
-231150.0
21
147590.0
31
0
0
LINE
8
water
10
-231150.0
20
147590.0
30
0
11
-231130.56
21
147590.0
31
0
0
LINE
8
water
10
-231130.56
20
147590.0
30
0
11
-231150.0
21
147590.0
31
0
0
LINE
8
water
10
-231205.0
20
147370.0
30
0
11
-231150.0
21
147425.0
31
0
0
LINE
8
water
10
-231150.0
20
147425.0
30
0
11
-231095.0
21
147370.0
31
0
0
LINE
8
water
10
-231095.0
20
147370.0
30
0
11
-231150.0
21
147315.0
31
0
0
LINE
8
water
10
-231150.0
20
147315.0
30
0
11
-231205.0
21
147370.0
31
0
0
LINE
8
water
10
-231150.0
20
146170.0
30
0
11
-231095.0
21
146170.0
31
0
0
LINE
8
water
10
-231095.0
20
146170.0
30
0
11
-231150.0
21
146170.0
31
0
0
LINE
8
water
10
-231150.0
20
146170.0
30
0
11
-231205.0
21
146170.0
31
0
0
LINE
8
water
10
-231205.0
20
146170.0
30
0
11
-231150.0
21
146170.0
31
0
0
LINE
8
water
10
-231150.0
20
147370.0
30
0
11
-231150.0
21
146170.0
31
0
0
LINE
8
water
10
-231150.0
20
147370.0
30
0
11
-231095.0
21
147370.0
31
0
0
LINE
8
water
10
-231095.0
20
147370.0
30
0
11
-231150.0
21
147370.0
31
0
0
LINE
8
water
10
-231150.0
20
147370.0
30
0
11
-231205.0
21
147370.0
31
0
0
LINE
8
water
10
-231205.0
20
147370.0
30
0
11
-231150.0
21
147370.0
31
0
0
LINE
8
water
10
-231205.0
20
146170.0
30
0
11
-231150.0
21
146225.0
31
0
0
LINE
8
water
10
-231150.0
20
146225.0
30
0
11
-231095.0
21
146170.0
31
0
0
LINE
8
water
10
-231095.0
20
146170.0
30
0
11
-231150.0
21
146115.0
31
0
0
LINE
8
water
10
-231150.0
20
146115.0
30
0
11
-231205.0
21
146170.0
31
0
0
LINE
8
water
10
-231150.0
20
126500.0
30
0
11
-231095.0
21
126500.0
31
0
0
LINE
8
water
10
-231095.0
20
126500.0
30
0
11
-231150.0
21
126500.0
31
0
0
LINE
8
water
10
-231150.0
20
126500.0
30
0
11
-231205.0
21
126500.0
31
0
0
LINE
8
water
10
-231205.0
20
126500.0
30
0
11
-231150.0
21
126500.0
31
0
0
LINE
8
water
10
-231150.0
20
146170.0
30
0
11
-231150.0
21
126500.0
31
0
0
LINE
8
water
10
-281500.0
20
126500.0
30
0
11
-281500.0
21
126445.0
31
0
0
LINE
8
water
10
-281500.0
20
126445.0
30
0
11
-281500.0
21
126500.0
31
0
0
LINE
8
water
10
-281500.0
20
126500.0
30
0
11
-281500.0
21
126555.0
31
0
0
LINE
8
water
10
-281500.0
20
126555.0
30
0
11
-281500.0
21
126500.0
31
0
0
LINE
8
water
10
-231150.0
20
126500.0
30
0
11
-281500.0
21
126500.0
31
0
0
LINE
8
water
10
-231150.0
20
126500.0
30
0
11
-231150.0
21
126445.0
31
0
0
LINE
8
water
10
-231150.0
20
126445.0
30
0
11
-231150.0
21
126500.0
31
0
0
LINE
8
water
10
-231150.0
20
126500.0
30
0
11
-231150.0
21
126555.0
31
0
0
LINE
8
water
10
-231150.0
20
126555.0
30
0
11
-231150.0
21
126500.0
31
0
0
LINE
8
water
10
-231150.0
20
147370.0
30
0
11
-231090.6
21
147370.0
31
0
0
LINE
8
water
10
-231090.6
20
147370.0
30
0
11
-231150.0
21
147370.0
31
0
0
LINE
8
water
10
-231150.0
20
146170.0
30
0
11
-231090.6
21
146170.0
31
0
0
LINE
8
water
10
-231090.6
20
146170.0
30
0
11
-231150.0
21
146170.0
31
0
0
LINE
8
water
10
-231150.0
20
126500.0
30
0
11
-231090.6
21
126500.0
31
0
0
LINE
8
water
10
-231090.6
20
126500.0
30
0
11
-231150.0
21
126500.0
31
0
0
LINE
8
water
10
-231575.0
20
145845.0
30
0
11
-231575.0
21
146495.0
31
0
0
LINE
8
water
10
-230725.0
20
145845.0
30
0
11
-230725.0
21
146495.0
31
0
0
LINE
8
water
10
-231575.0
20
145845.0
30
0
11
-230725.0
21
145845.0
31
0
0
LINE
8
water
10
-231575.0
20
146495.0
30
0
11
-230725.0
21
146495.0
31
0
0
LINE
8
water
10
-230930.0
20
146170.0
30
0
11
-231012.83
21
146342.0
31
0
0
LINE
8
water
10
-231012.83
20
146342.0
30
0
11
-231198.95
21
146384.48
31
0
0
LINE
8
water
10
-231198.95
20
146384.48
30
0
11
-231348.21
21
146265.45
31
0
0
LINE
8
water
10
-231348.21
20
146265.45
30
0
11
-231348.21
21
146074.55
31
0
0
LINE
8
water
10
-231348.21
20
146074.55
30
0
11
-231198.95
21
145955.52
31
0
0
LINE
8
water
10
-231198.95
20
145955.52
30
0
11
-231012.83
21
145998.0
31
0
0
LINE
8
water
10
-231012.83
20
145998.0
30
0
11
-230930.0
21
146170.0
31
0
0
LINE
8
water
10
-232595.0
20
144000.0
30
0
11
-232595.0
21
143925.0
31
0
0
LINE
8
water
10
-232595.0
20
143925.0
30
0
11
-232595.0
21
144000.0
31
0
0
LINE
8
water
10
-232595.0
20
144000.0
30
0
11
-232595.0
21
144075.0
31
0
0
LINE
8
water
10
-232595.0
20
144075.0
30
0
11
-232595.0
21
144000.0
31
0
0
LINE
8
water
10
-232995.0
20
144000.0
30
0
11
-232595.0
21
144000.0
31
0
0
LINE
8
water
10
-232995.0
20
144000.0
30
0
11
-232995.0
21
143925.0
31
0
0
LINE
8
water
10
-232995.0
20
143925.0
30
0
11
-232995.0
21
144000.0
31
0
0
LINE
8
water
10
-232995.0
20
144000.0
30
0
11
-232995.0
21
144075.0
31
0
0
LINE
8
water
10
-232995.0
20
144075.0
30
0
11
-232995.0
21
144000.0
31
0
0
LINE
8
water
10
-232705.0
20
144000.0
30
0
11
-232767.19
21
144085.6
31
0
0
LINE
8
water
10
-232767.19
20
144085.6
30
0
11
-232867.81
21
144052.9
31
0
0
LINE
8
water
10
-232867.81
20
144052.9
30
0
11
-232867.81
21
143947.1
31
0
0
LINE
8
water
10
-232867.81
20
143947.1
30
0
11
-232767.19
21
143914.4
31
0
0
LINE
8
water
10
-232767.19
20
143914.4
30
0
11
-232705.0
21
144000.0
31
0
0
LINE
8
water
10
-232985.0
20
143975.0
30
0
11
-232985.0
21
144025.0
31
0
0
LINE
8
water
10
-232605.0
20
143975.0
30
0
11
-232605.0
21
144025.0
31
0
0
LINE
8
water
10
-232985.0
20
143975.0
30
0
11
-232605.0
21
143975.0
31
0
0
LINE
8
water
10
-232985.0
20
144025.0
30
0
11
-232605.0
21
144025.0
31
0
0
LINE
8
water
10
-232920.0
20
144000.0
30
0
11
-232920.0
21
143895.38
31
0
0
LINE
8
water
10
-232920.0
20
143895.38
30
0
11
-232920.0
21
143935.34
31
0
0
LINE
8
water
10
-232920.0
20
143935.34
30
0
11
-232920.0
21
144064.66
31
0
0
LINE
8
water
10
-232920.0
20
144064.66
30
0
11
-232920.0
21
144104.62
31
0
0
LINE
8
water
10
-232920.0
20
144104.62
30
0
11
-232920.0
21
144000.0
31
0
0
LINE
8
water
10
-232945.0
20
144000.0
30
0
11
-232920.0
21
144000.0
31
0
0
LINE
8
water
10
-232945.0
20
144000.0
30
0
11
-232945.0
21
143895.38
31
0
0
LINE
8
water
10
-232945.0
20
143895.38
30
0
11
-232945.0
21
143935.34
31
0
0
LINE
8
water
10
-232945.0
20
143935.34
30
0
11
-232945.0
21
144064.66
31
0
0
LINE
8
water
10
-232945.0
20
144064.66
30
0
11
-232945.0
21
144104.62
31
0
0
LINE
8
water
10
-232945.0
20
144104.62
30
0
11
-232945.0
21
144000.0
31
0
0
LINE
8
water
10
-232620.0
20
144000.0
30
0
11
-232620.0
21
143895.38
31
0
0
LINE
8
water
10
-232620.0
20
143895.38
30
0
11
-232620.0
21
143935.34
31
0
0
LINE
8
water
10
-232620.0
20
143935.34
30
0
11
-232620.0
21
144064.66
31
0
0
LINE
8
water
10
-232620.0
20
144064.66
30
0
11
-232620.0
21
144104.62
31
0
0
LINE
8
water
10
-232620.0
20
144104.62
30
0
11
-232620.0
21
144000.0
31
0
0
LINE
8
water
10
-232645.0
20
144000.0
30
0
11
-232620.0
21
144000.0
31
0
0
LINE
8
water
10
-232645.0
20
144000.0
30
0
11
-232645.0
21
143895.38
31
0
0
LINE
8
water
10
-232645.0
20
143895.38
30
0
11
-232645.0
21
143935.34
31
0
0
LINE
8
water
10
-232645.0
20
143935.34
30
0
11
-232645.0
21
144064.66
31
0
0
LINE
8
water
10
-232645.0
20
144064.66
30
0
11
-232645.0
21
144104.62
31
0
0
LINE
8
water
10
-232645.0
20
144104.62
30
0
11
-232645.0
21
144000.0
31
0
0
LINE
8
water
10
-233500.0
20
144000.0
30
0
11
-233469.69
21
144000.0
31
0
0
LINE
8
water
10
-233469.69
20
144000.0
30
0
11
-233530.31
21
144000.0
31
0
0
LINE
8
water
10
-233530.31
20
144000.0
30
0
11
-233500.0
21
144000.0
31
0
0
LINE
8
water
10
-233500.0
20
124000.0
30
0
11
-233500.0
21
144000.0
31
0
0
LINE
8
water
10
-233500.0
20
124000.0
30
0
11
-233469.69
21
124000.0
31
0
0
LINE
8
water
10
-233469.69
20
124000.0
30
0
11
-233530.31
21
124000.0
31
0
0
LINE
8
water
10
-233530.31
20
124000.0
30
0
11
-233500.0
21
124000.0
31
0
0
LINE
8
water
10
-231150.0
20
144000.0
30
0
11
-231150.0
21
143969.69
31
0
0
LINE
8
water
10
-231150.0
20
143969.69
30
0
11
-231150.0
21
144030.31
31
0
0
LINE
8
water
10
-231150.0
20
144030.31
30
0
11
-231150.0
21
144000.0
31
0
0
LINE
8
water
10
-233500.0
20
144000.0
30
0
11
-231150.0
21
144000.0
31
0
0
LINE
8
water
10
-233500.0
20
144000.0
30
0
11
-233500.0
21
143969.69
31
0
0
LINE
8
water
10
-233500.0
20
143969.69
30
0
11
-233500.0
21
144030.31
31
0
0
LINE
8
water
10
-233500.0
20
144030.31
30
0
11
-233500.0
21
144000.0
31
0
0
LINE
8
water
10
-231150.0
20
147600.0
30
0
11
-231119.69
21
147600.0
31
0
0
LINE
8
water
10
-231119.69
20
147600.0
30
0
11
-231180.31
21
147600.0
31
0
0
LINE
8
water
10
-231180.31
20
147600.0
30
0
11
-231150.0
21
147600.0
31
0
0
LINE
8
water
10
-231150.0
20
144000.0
30
0
11
-231150.0
21
147600.0
31
0
0
LINE
8
water
10
-231150.0
20
144000.0
30
0
11
-231119.69
21
144000.0
31
0
0
LINE
8
water
10
-231119.69
20
144000.0
30
0
11
-231180.31
21
144000.0
31
0
0
LINE
8
water
10
-231180.31
20
144000.0
30
0
11
-231150.0
21
144000.0
31
0
0
LINE
8
water
10
-231185.0
20
147600.0
30
0
11
-231132.5
21
147630.31
31
0
0
LINE
8
water
10
-231132.5
20
147630.31
30
0
11
-231132.5
21
147569.69
31
0
0
LINE
8
water
10
-231132.5
20
147569.69
30
0
11
-231185.0
21
147600.0
31
0
0
LINE
8
water
10
-233500.0
20
144000.0
30
0
11
-233462.2
21
144000.0
31
0
0
LINE
8
water
10
-233462.2
20
144000.0
30
0
11
-233500.0
21
144000.0
31
0
0
LINE
8
water
10
-231150.0
20
144000.0
30
0
11
-231112.2
21
144000.0
31
0
0
LINE
8
water
10
-231112.2
20
144000.0
30
0
11
-231150.0
21
144000.0
31
0
0
LINE
8
water
10
-231150.0
20
147600.0
30
0
11
-231112.2
21
147600.0
31
0
0
LINE
8
water
10
-231112.2
20
147600.0
30
0
11
-231150.0
21
147600.0
31
0
0
LINE
8
water
10
-232386.0
20
144000.0
30
0
11
-232386.0
21
143925.0
31
0
0
LINE
8
water
10
-232386.0
20
143925.0
30
0
11
-232386.0
21
144000.0
31
0
0
LINE
8
water
10
-232386.0
20
144000.0
30
0
11
-232386.0
21
144075.0
31
0
0
LINE
8
water
10
-232386.0
20
144075.0
30
0
11
-232386.0
21
144000.0
31
0
0
LINE
8
water
10
-232786.0
20
144000.0
30
0
11
-232386.0
21
144000.0
31
0
0
LINE
8
water
10
-232786.0
20
144000.0
30
0
11
-232786.0
21
143925.0
31
0
0
LINE
8
water
10
-232786.0
20
143925.0
30
0
11
-232786.0
21
144000.0
31
0
0
LINE
8
water
10
-232786.0
20
144000.0
30
0
11
-232786.0
21
144075.0
31
0
0
LINE
8
water
10
-232786.0
20
144075.0
30
0
11
-232786.0
21
144000.0
31
0
0
LINE
8
water
10
-232496.0
20
144000.0
30
0
11
-232558.19
21
144085.6
31
0
0
LINE
8
water
10
-232558.19
20
144085.6
30
0
11
-232658.81
21
144052.9
31
0
0
LINE
8
water
10
-232658.81
20
144052.9
30
0
11
-232658.81
21
143947.1
31
0
0
LINE
8
water
10
-232658.81
20
143947.1
30
0
11
-232558.19
21
143914.4
31
0
0
LINE
8
water
10
-232558.19
20
143914.4
30
0
11
-232496.0
21
144000.0
31
0
0
LINE
8
water
10
-232776.0
20
143975.0
30
0
11
-232776.0
21
144025.0
31
0
0
LINE
8
water
10
-232396.0
20
143975.0
30
0
11
-232396.0
21
144025.0
31
0
0
LINE
8
water
10
-232776.0
20
143975.0
30
0
11
-232396.0
21
143975.0
31
0
0
LINE
8
water
10
-232776.0
20
144025.0
30
0
11
-232396.0
21
144025.0
31
0
0
LINE
8
water
10
-232711.0
20
144000.0
30
0
11
-232711.0
21
143895.38
31
0
0
LINE
8
water
10
-232711.0
20
143895.38
30
0
11
-232711.0
21
143935.34
31
0
0
LINE
8
water
10
-232711.0
20
143935.34
30
0
11
-232711.0
21
144064.66
31
0
0
LINE
8
water
10
-232711.0
20
144064.66
30
0
11
-232711.0
21
144104.62
31
0
0
LINE
8
water
10
-232711.0
20
144104.62
30
0
11
-232711.0
21
144000.0
31
0
0
LINE
8
water
10
-232736.0
20
144000.0
30
0
11
-232711.0
21
144000.0
31
0
0
LINE
8
water
10
-232736.0
20
144000.0
30
0
11
-232736.0
21
143895.38
31
0
0
LINE
8
water
10
-232736.0
20
143895.38
30
0
11
-232736.0
21
143935.34
31
0
0
LINE
8
water
10
-232736.0
20
143935.34
30
0
11
-232736.0
21
144064.66
31
0
0
LINE
8
water
10
-232736.0
20
144064.66
30
0
11
-232736.0
21
144104.62
31
0
0
LINE
8
water
10
-232736.0
20
144104.62
30
0
11
-232736.0
21
144000.0
31
0
0
LINE
8
water
10
-232411.0
20
144000.0
30
0
11
-232411.0
21
143895.38
31
0
0
LINE
8
water
10
-232411.0
20
143895.38
30
0
11
-232411.0
21
143935.34
31
0
0
LINE
8
water
10
-232411.0
20
143935.34
30
0
11
-232411.0
21
144064.66
31
0
0
LINE
8
water
10
-232411.0
20
144064.66
30
0
11
-232411.0
21
144104.62
31
0
0
LINE
8
water
10
-232411.0
20
144104.62
30
0
11
-232411.0
21
144000.0
31
0
0
LINE
8
water
10
-232436.0
20
144000.0
30
0
11
-232411.0
21
144000.0
31
0
0
LINE
8
water
10
-232436.0
20
144000.0
30
0
11
-232436.0
21
143895.38
31
0
0
LINE
8
water
10
-232436.0
20
143895.38
30
0
11
-232436.0
21
143935.34
31
0
0
LINE
8
water
10
-232436.0
20
143935.34
30
0
11
-232436.0
21
144064.66
31
0
0
LINE
8
water
10
-232436.0
20
144064.66
30
0
11
-232436.0
21
144104.62
31
0
0
LINE
8
water
10
-232436.0
20
144104.62
30
0
11
-232436.0
21
144000.0
31
0
0
LINE
8
water
10
-233150.0
20
144000.0
30
0
11
-233119.69
21
144000.0
31
0
0
LINE
8
water
10
-233119.69
20
144000.0
30
0
11
-233180.31
21
144000.0
31
0
0
LINE
8
water
10
-233180.31
20
144000.0
30
0
11
-233150.0
21
144000.0
31
0
0
LINE
8
water
10
-233150.0
20
125000.0
30
0
11
-233150.0
21
144000.0
31
0
0
LINE
8
water
10
-233150.0
20
125000.0
30
0
11
-233119.69
21
125000.0
31
0
0
LINE
8
water
10
-233119.69
20
125000.0
30
0
11
-233180.31
21
125000.0
31
0
0
LINE
8
water
10
-233180.31
20
125000.0
30
0
11
-233150.0
21
125000.0
31
0
0
LINE
8
water
10
-231270.0
20
144000.0
30
0
11
-231270.0
21
143969.69
31
0
0
LINE
8
water
10
-231270.0
20
143969.69
30
0
11
-231270.0
21
144030.31
31
0
0
LINE
8
water
10
-231270.0
20
144030.31
30
0
11
-231270.0
21
144000.0
31
0
0
LINE
8
water
10
-233150.0
20
144000.0
30
0
11
-231270.0
21
144000.0
31
0
0
LINE
8
water
10
-233150.0
20
144000.0
30
0
11
-233150.0
21
143969.69
31
0
0
LINE
8
water
10
-233150.0
20
143969.69
30
0
11
-233150.0
21
144030.31
31
0
0
LINE
8
water
10
-233150.0
20
144030.31
30
0
11
-233150.0
21
144000.0
31
0
0
LINE
8
water
10
-231270.0
20
147600.0
30
0
11
-231239.69
21
147600.0
31
0
0
LINE
8
water
10
-231239.69
20
147600.0
30
0
11
-231300.31
21
147600.0
31
0
0
LINE
8
water
10
-231300.31
20
147600.0
30
0
11
-231270.0
21
147600.0
31
0
0
LINE
8
water
10
-231270.0
20
144000.0
30
0
11
-231270.0
21
147600.0
31
0
0
LINE
8
water
10
-231270.0
20
144000.0
30
0
11
-231239.69
21
144000.0
31
0
0
LINE
8
water
10
-231239.69
20
144000.0
30
0
11
-231300.31
21
144000.0
31
0
0
LINE
8
water
10
-231300.31
20
144000.0
30
0
11
-231270.0
21
144000.0
31
0
0
LINE
8
water
10
-231305.0
20
147600.0
30
0
11
-231252.5
21
147630.31
31
0
0
LINE
8
water
10
-231252.5
20
147630.31
30
0
11
-231252.5
21
147569.69
31
0
0
LINE
8
water
10
-231252.5
20
147569.69
30
0
11
-231305.0
21
147600.0
31
0
0
LINE
8
water
10
-233150.0
20
144000.0
30
0
11
-233112.2
21
144000.0
31
0
0
LINE
8
water
10
-233112.2
20
144000.0
30
0
11
-233150.0
21
144000.0
31
0
0
LINE
8
water
10
-231270.0
20
144000.0
30
0
11
-231232.2
21
144000.0
31
0
0
LINE
8
water
10
-231232.2
20
144000.0
30
0
11
-231270.0
21
144000.0
31
0
0
LINE
8
water
10
-231270.0
20
147600.0
30
0
11
-231232.2
21
147600.0
31
0
0
LINE
8
water
10
-231232.2
20
147600.0
30
0
11
-231270.0
21
147600.0
31
0
0
LINE
8
sensors
10
-239060.0
20
144796.0
30
0
11
-239060.0
21
144956.0
31
0
0
LINE
8
sensors
10
-238960.0
20
144796.0
30
0
11
-238960.0
21
144956.0
31
0
0
LINE
8
sensors
10
-239060.0
20
144796.0
30
0
11
-238960.0
21
144796.0
31
0
0
LINE
8
sensors
10
-239060.0
20
144956.0
30
0
11
-238960.0
21
144956.0
31
0
0
LINE
8
sensors
10
-238955.0
20
144821.0
30
0
11
-238955.0
21
144931.0
31
0
0
LINE
8
sensors
10
-238935.0
20
144821.0
30
0
11
-238935.0
21
144931.0
31
0
0
LINE
8
sensors
10
-238955.0
20
144821.0
30
0
11
-238935.0
21
144821.0
31
0
0
LINE
8
sensors
10
-238955.0
20
144931.0
30
0
11
-238935.0
21
144931.0
31
0
0
LINE
8
sensors
10
-239060.0
20
145096.0
30
0
11
-239060.0
21
145256.0
31
0
0
LINE
8
sensors
10
-238960.0
20
145096.0
30
0
11
-238960.0
21
145256.0
31
0
0
LINE
8
sensors
10
-239060.0
20
145096.0
30
0
11
-238960.0
21
145096.0
31
0
0
LINE
8
sensors
10
-239060.0
20
145256.0
30
0
11
-238960.0
21
145256.0
31
0
0
LINE
8
sensors
10
-238955.0
20
145121.0
30
0
11
-238955.0
21
145231.0
31
0
0
LINE
8
sensors
10
-238935.0
20
145121.0
30
0
11
-238935.0
21
145231.0
31
0
0
LINE
8
sensors
10
-238955.0
20
145121.0
30
0
11
-238935.0
21
145121.0
31
0
0
LINE
8
sensors
10
-238955.0
20
145231.0
30
0
11
-238935.0
21
145231.0
31
0
0
LINE
8
sensors
10
-239060.0
20
145396.0
30
0
11
-239060.0
21
145556.0
31
0
0
LINE
8
sensors
10
-238960.0
20
145396.0
30
0
11
-238960.0
21
145556.0
31
0
0
LINE
8
sensors
10
-239060.0
20
145396.0
30
0
11
-238960.0
21
145396.0
31
0
0
LINE
8
sensors
10
-239060.0
20
145556.0
30
0
11
-238960.0
21
145556.0
31
0
0
LINE
8
sensors
10
-238955.0
20
145421.0
30
0
11
-238955.0
21
145531.0
31
0
0
LINE
8
sensors
10
-238935.0
20
145421.0
30
0
11
-238935.0
21
145531.0
31
0
0
LINE
8
sensors
10
-238955.0
20
145421.0
30
0
11
-238935.0
21
145421.0
31
0
0
LINE
8
sensors
10
-238955.0
20
145531.0
30
0
11
-238935.0
21
145531.0
31
0
0
LINE
8
sensors
10
-234520.0
20
146500.0
30
0
11
-234600.0
21
146580.0
31
0
0
LINE
8
sensors
10
-234600.0
20
146580.0
30
0
11
-234680.0
21
146500.0
31
0
0
LINE
8
sensors
10
-234680.0
20
146500.0
30
0
11
-234600.0
21
146420.0
31
0
0
LINE
8
sensors
10
-234600.0
20
146420.0
30
0
11
-234520.0
21
146500.0
31
0
0
LINE
8
sensors
10
-234600.0
20
146500.0
30
0
11
-234535.0
21
146500.0
31
0
0
LINE
8
sensors
10
-234535.0
20
146500.0
30
0
11
-234600.0
21
146500.0
31
0
0
LINE
8
sensors
10
-239060.0
20
145996.0
30
0
11
-239060.0
21
146156.0
31
0
0
LINE
8
sensors
10
-238960.0
20
145996.0
30
0
11
-238960.0
21
146156.0
31
0
0
LINE
8
sensors
10
-239060.0
20
145996.0
30
0
11
-238960.0
21
145996.0
31
0
0
LINE
8
sensors
10
-239060.0
20
146156.0
30
0
11
-238960.0
21
146156.0
31
0
0
LINE
8
sensors
10
-238955.0
20
146021.0
30
0
11
-238955.0
21
146131.0
31
0
0
LINE
8
sensors
10
-238935.0
20
146021.0
30
0
11
-238935.0
21
146131.0
31
0
0
LINE
8
sensors
10
-238955.0
20
146021.0
30
0
11
-238935.0
21
146021.0
31
0
0
LINE
8
sensors
10
-238955.0
20
146131.0
30
0
11
-238935.0
21
146131.0
31
0
0
LINE
8
sensors
10
-231862.5
20
144000.0
30
0
11
-231862.5
21
143925.0
31
0
0
LINE
8
sensors
10
-231862.5
20
143925.0
30
0
11
-231862.5
21
144000.0
31
0
0
LINE
8
sensors
10
-231862.5
20
144000.0
30
0
11
-231862.5
21
144075.0
31
0
0
LINE
8
sensors
10
-231862.5
20
144075.0
30
0
11
-231862.5
21
144000.0
31
0
0
LINE
8
sensors
10
-232082.5
20
144000.0
30
0
11
-231862.5
21
144000.0
31
0
0
LINE
8
sensors
10
-232082.5
20
144000.0
30
0
11
-232082.5
21
143925.0
31
0
0
LINE
8
sensors
10
-232082.5
20
143925.0
30
0
11
-232082.5
21
144000.0
31
0
0
LINE
8
sensors
10
-232082.5
20
144000.0
30
0
11
-232082.5
21
144075.0
31
0
0
LINE
8
sensors
10
-232082.5
20
144075.0
30
0
11
-232082.5
21
144000.0
31
0
0
LINE
8
sensors
10
-232052.5
20
143930.0
30
0
11
-232052.5
21
144070.0
31
0
0
LINE
8
sensors
10
-231892.5
20
143930.0
30
0
11
-231892.5
21
144070.0
31
0
0
LINE
8
sensors
10
-232052.5
20
143930.0
30
0
11
-231892.5
21
143930.0
31
0
0
LINE
8
sensors
10
-232052.5
20
144070.0
30
0
11
-231892.5
21
144070.0
31
0
0
LINE
8
sensors
10
-231818.0
20
144000.0
30
0
11
-231818.0
21
143925.0
31
0
0
LINE
8
sensors
10
-231818.0
20
143925.0
30
0
11
-231818.0
21
144000.0
31
0
0
LINE
8
sensors
10
-231818.0
20
144000.0
30
0
11
-231818.0
21
144075.0
31
0
0
LINE
8
sensors
10
-231818.0
20
144075.0
30
0
11
-231818.0
21
144000.0
31
0
0
LINE
8
sensors
10
-232038.0
20
144000.0
30
0
11
-231818.0
21
144000.0
31
0
0
LINE
8
sensors
10
-232038.0
20
144000.0
30
0
11
-232038.0
21
143925.0
31
0
0
LINE
8
sensors
10
-232038.0
20
143925.0
30
0
11
-232038.0
21
144000.0
31
0
0
LINE
8
sensors
10
-232038.0
20
144000.0
30
0
11
-232038.0
21
144075.0
31
0
0
LINE
8
sensors
10
-232038.0
20
144075.0
30
0
11
-232038.0
21
144000.0
31
0
0
LINE
8
sensors
10
-232008.0
20
143930.0
30
0
11
-232008.0
21
144070.0
31
0
0
LINE
8
sensors
10
-231848.0
20
143930.0
30
0
11
-231848.0
21
144070.0
31
0
0
LINE
8
sensors
10
-232008.0
20
143930.0
30
0
11
-231848.0
21
143930.0
31
0
0
LINE
8
sensors
10
-232008.0
20
144070.0
30
0
11
-231848.0
21
144070.0
31
0
0
LINE
8
interiors
10
-279000.0
20
126000.0
30
0
11
-279000.0
21
146000.0
31
0
0
LINE
8
interiors
10
-279000.0
20
126000.0
30
0
11
-265200.0
21
126000.0
31
0
0
LINE
8
interiors
10
-265200.0
20
126000.0
30
0
11
-262800.0
21
126000.0
31
0
0
LINE
8
interiors
10
-262800.0
20
126000.0
30
0
11
-249000.0
21
126000.0
31
0
0
LINE
8
interiors
10
-279000.0
20
126000.0
30
0
11
-249000.0
21
126000.0
31
0
0
LINE
8
interiors
10
-279000.0
20
146000.0
30
0
11
-249000.0
21
146000.0
31
0
0
LINE
8
interiors
10
-249000.0
20
126000.0
30
0
11
-249000.0
21
146000.0
31
0
0
LINE
8
interiors
10
-249120.0
20
126120.0
30
0
11
-278880.0
21
126120.0
31
0
0
LINE
8
interiors
10
-249120.0
20
126120.0
30
0
11
-249120.0
21
145880.0
31
0
0
LINE
8
interiors
10
-249120.0
20
145880.0
30
0
11
-278880.0
21
145880.0
31
0
0
LINE
8
interiors
10
-278880.0
20
126120.0
30
0
11
-278880.0
21
145880.0
31
0
0
LINE
8
interiors
10
-271800.0
20
146000.0
30
0
11
-256200.0
21
146000.0
31
0
0
LINE
8
interiors
10
-262800.0
20
126000.0
30
0
11
-262800.0
21
126120.0
31
0
0
LINE
8
interiors
10
-249120.0
20
126120.0
30
0
11
-262800.0
21
126120.0
31
0
0
LINE
8
interiors
10
-265200.0
20
126120.0
30
0
11
-278880.0
21
126120.0
31
0
0
LINE
8
interiors
10
-265200.0
20
126000.0
30
0
11
-265200.0
21
126120.0
31
0
0
LINE
8
interiors
10
-265200.0
20
126120.0
30
0
11
-262800.0
21
126120.0
31
0
0
LINE
8
interiors
10
-271800.0
20
145880.0
30
0
11
-256200.0
21
145880.0
31
0
0
LINE
8
interiors
10
-271800.0
20
145880.0
30
0
11
-271800.0
21
146000.0
31
0
0
LINE
8
interiors
10
-256200.0
20
145880.0
30
0
11
-256200.0
21
146000.0
31
0
0
LINE
8
interiors
10
-271800.0
20
145977.5
30
0
11
-271800.0
21
146022.5
31
0
0
LINE
8
interiors
10
-256200.0
20
145977.5
30
0
11
-256200.0
21
146022.5
31
0
0
LINE
8
interiors
10
-271800.0
20
145977.5
30
0
11
-256200.0
21
145977.5
31
0
0
LINE
8
interiors
10
-271800.0
20
146022.5
30
0
11
-256200.0
21
146022.5
31
0
0
LINE
8
interiors
10
-278875.0
20
126125.0
30
0
11
-278875.0
21
145875.0
31
0
0
LINE
8
interiors
10
-249125.0
20
126125.0
30
0
11
-249125.0
21
145875.0
31
0
0
LINE
8
interiors
10
-278875.0
20
126125.0
30
0
11
-249125.0
21
126125.0
31
0
0
LINE
8
interiors
10
-278875.0
20
145875.0
30
0
11
-249125.0
21
145875.0
31
0
0
LINE
8
interiors
10
-265155.0
20
125880.0
30
0
11
-265155.0
21
126120.0
31
0
0
LINE
8
interiors
10
-265085.0
20
125880.0
30
0
11
-265085.0
21
126120.0
31
0
0
LINE
8
interiors
10
-265155.0
20
125880.0
30
0
11
-265085.0
21
125880.0
31
0
0
LINE
8
interiors
10
-265155.0
20
126120.0
30
0
11
-265085.0
21
126120.0
31
0
0
LINE
8
interiors
10
-262915.0
20
125880.0
30
0
11
-262915.0
21
126120.0
31
0
0
LINE
8
interiors
10
-262845.0
20
125880.0
30
0
11
-262845.0
21
126120.0
31
0
0
LINE
8
interiors
10
-262915.0
20
125880.0
30
0
11
-262845.0
21
125880.0
31
0
0
LINE
8
interiors
10
-262915.0
20
126120.0
30
0
11
-262845.0
21
126120.0
31
0
0
LINE
8
interiors
10
-265150.0
20
125880.0
30
0
11
-265150.0
21
126120.0
31
0
0
LINE
8
interiors
10
-262850.0
20
125880.0
30
0
11
-262850.0
21
126120.0
31
0
0
LINE
8
interiors
10
-265150.0
20
125880.0
30
0
11
-262850.0
21
125880.0
31
0
0
LINE
8
interiors
10
-265150.0
20
126120.0
30
0
11
-262850.0
21
126120.0
31
0
0
LINE
8
interiors
10
-265069.61
20
126090.49
30
0
11
-265110.39
21
126109.51
31
0
0
LINE
8
interiors
10
-264613.18
20
127069.3
30
0
11
-264653.96
21
127088.32
31
0
0
LINE
8
interiors
10
-265069.61
20
126090.49
30
0
11
-264613.18
21
127069.3
31
0
0
LINE
8
interiors
10
-265110.39
20
126109.51
30
0
11
-264653.96
21
127088.32
31
0
0
LINE
8
interiors
10
-274040.0
20
135760.0
30
0
11
-274040.0
21
136240.0
31
0
0
LINE
8
interiors
10
-273560.0
20
135760.0
30
0
11
-273560.0
21
136240.0
31
0
0
LINE
8
interiors
10
-274040.0
20
135760.0
30
0
11
-273560.0
21
135760.0
31
0
0
LINE
8
interiors
10
-274040.0
20
136240.0
30
0
11
-273560.0
21
136240.0
31
0
0
LINE
8
interiors
10
-274040.0
20
136177.5
30
0
11
-274040.0
21
136242.5
31
0
0
LINE
8
interiors
10
-273560.0
20
136177.5
30
0
11
-273560.0
21
136242.5
31
0
0
LINE
8
interiors
10
-274040.0
20
136177.5
30
0
11
-273560.0
21
136177.5
31
0
0
LINE
8
interiors
10
-274040.0
20
136242.5
30
0
11
-273560.0
21
136242.5
31
0
0
LINE
8
interiors
10
-274007.5
20
135792.5
30
0
11
-274007.5
21
135827.5
31
0
0
LINE
8
interiors
10
-273972.5
20
135792.5
30
0
11
-273972.5
21
135827.5
31
0
0
LINE
8
interiors
10
-274007.5
20
135792.5
30
0
11
-273972.5
21
135792.5
31
0
0
LINE
8
interiors
10
-274007.5
20
135827.5
30
0
11
-273972.5
21
135827.5
31
0
0
LINE
8
interiors
10
-274007.5
20
136172.5
30
0
11
-274007.5
21
136207.5
31
0
0
LINE
8
interiors
10
-273972.5
20
136172.5
30
0
11
-273972.5
21
136207.5
31
0
0
LINE
8
interiors
10
-274007.5
20
136172.5
30
0
11
-273972.5
21
136172.5
31
0
0
LINE
8
interiors
10
-274007.5
20
136207.5
30
0
11
-273972.5
21
136207.5
31
0
0
LINE
8
interiors
10
-273627.5
20
135792.5
30
0
11
-273627.5
21
135827.5
31
0
0
LINE
8
interiors
10
-273592.5
20
135792.5
30
0
11
-273592.5
21
135827.5
31
0
0
LINE
8
interiors
10
-273627.5
20
135792.5
30
0
11
-273592.5
21
135792.5
31
0
0
LINE
8
interiors
10
-273627.5
20
135827.5
30
0
11
-273592.5
21
135827.5
31
0
0
LINE
8
interiors
10
-273627.5
20
136172.5
30
0
11
-273627.5
21
136207.5
31
0
0
LINE
8
interiors
10
-273592.5
20
136172.5
30
0
11
-273592.5
21
136207.5
31
0
0
LINE
8
interiors
10
-273627.5
20
136172.5
30
0
11
-273592.5
21
136172.5
31
0
0
LINE
8
interiors
10
-273627.5
20
136207.5
30
0
11
-273592.5
21
136207.5
31
0
0
LINE
8
interiors
10
-272800.0
20
136000.0
30
0
11
-272881.88
21
136224.98
31
0
0
LINE
8
interiors
10
-272881.88
20
136224.98
30
0
11
-273089.22
21
136344.68
31
0
0
LINE
8
interiors
10
-273089.22
20
136344.68
30
0
11
-273325.0
21
136303.11
31
0
0
LINE
8
interiors
10
-273325.0
20
136303.11
30
0
11
-273478.89
21
136119.71
31
0
0
LINE
8
interiors
10
-273478.89
20
136119.71
30
0
11
-273478.89
21
135880.29
31
0
0
LINE
8
interiors
10
-273478.89
20
135880.29
30
0
11
-273325.0
21
135696.89
31
0
0
LINE
8
interiors
10
-273325.0
20
135696.89
30
0
11
-273089.22
21
135655.32
31
0
0
LINE
8
interiors
10
-273089.22
20
135655.32
30
0
11
-272881.88
21
135775.02
31
0
0
LINE
8
interiors
10
-272881.88
20
135775.02
30
0
11
-272800.0
21
136000.0
31
0
0
LINE
8
interiors
10
-273110.0
20
136000.0
30
0
11
-273170.0
21
136034.64
31
0
0
LINE
8
interiors
10
-273170.0
20
136034.64
30
0
11
-273170.0
21
135965.36
31
0
0
LINE
8
interiors
10
-273170.0
20
135965.36
30
0
11
-273110.0
21
136000.0
31
0
0
LINE
8
interiors
10
-270720.0
20
135760.0
30
0
11
-270720.0
21
136240.0
31
0
0
LINE
8
interiors
10
-270240.0
20
135760.0
30
0
11
-270240.0
21
136240.0
31
0
0
LINE
8
interiors
10
-270720.0
20
135760.0
30
0
11
-270240.0
21
135760.0
31
0
0
LINE
8
interiors
10
-270720.0
20
136240.0
30
0
11
-270240.0
21
136240.0
31
0
0
LINE
8
interiors
10
-270720.0
20
136177.5
30
0
11
-270720.0
21
136242.5
31
0
0
LINE
8
interiors
10
-270240.0
20
136177.5
30
0
11
-270240.0
21
136242.5
31
0
0
LINE
8
interiors
10
-270720.0
20
136177.5
30
0
11
-270240.0
21
136177.5
31
0
0
LINE
8
interiors
10
-270720.0
20
136242.5
30
0
11
-270240.0
21
136242.5
31
0
0
LINE
8
interiors
10
-270687.5
20
135792.5
30
0
11
-270687.5
21
135827.5
31
0
0
LINE
8
interiors
10
-270652.5
20
135792.5
30
0
11
-270652.5
21
135827.5
31
0
0
LINE
8
interiors
10
-270687.5
20
135792.5
30
0
11
-270652.5
21
135792.5
31
0
0
LINE
8
interiors
10
-270687.5
20
135827.5
30
0
11
-270652.5
21
135827.5
31
0
0
LINE
8
interiors
10
-270687.5
20
136172.5
30
0
11
-270687.5
21
136207.5
31
0
0
LINE
8
interiors
10
-270652.5
20
136172.5
30
0
11
-270652.5
21
136207.5
31
0
0
LINE
8
interiors
10
-270687.5
20
136172.5
30
0
11
-270652.5
21
136172.5
31
0
0
LINE
8
interiors
10
-270687.5
20
136207.5
30
0
11
-270652.5
21
136207.5
31
0
0
LINE
8
interiors
10
-270307.5
20
135792.5
30
0
11
-270307.5
21
135827.5
31
0
0
LINE
8
interiors
10
-270272.5
20
135792.5
30
0
11
-270272.5
21
135827.5
31
0
0
LINE
8
interiors
10
-270307.5
20
135792.5
30
0
11
-270272.5
21
135792.5
31
0
0
LINE
8
interiors
10
-270307.5
20
135827.5
30
0
11
-270272.5
21
135827.5
31
0
0
LINE
8
interiors
10
-270307.5
20
136172.5
30
0
11
-270307.5
21
136207.5
31
0
0
LINE
8
interiors
10
-270272.5
20
136172.5
30
0
11
-270272.5
21
136207.5
31
0
0
LINE
8
interiors
10
-270307.5
20
136172.5
30
0
11
-270272.5
21
136172.5
31
0
0
LINE
8
interiors
10
-270307.5
20
136207.5
30
0
11
-270272.5
21
136207.5
31
0
0
LINE
8
interiors
10
-269480.0
20
136000.0
30
0
11
-269561.88
21
136224.98
31
0
0
LINE
8
interiors
10
-269561.88
20
136224.98
30
0
11
-269769.22
21
136344.68
31
0
0
LINE
8
interiors
10
-269769.22
20
136344.68
30
0
11
-270005.0
21
136303.11
31
0
0
LINE
8
interiors
10
-270005.0
20
136303.11
30
0
11
-270158.89
21
136119.71
31
0
0
LINE
8
interiors
10
-270158.89
20
136119.71
30
0
11
-270158.89
21
135880.29
31
0
0
LINE
8
interiors
10
-270158.89
20
135880.29
30
0
11
-270005.0
21
135696.89
31
0
0
LINE
8
interiors
10
-270005.0
20
135696.89
30
0
11
-269769.22
21
135655.32
31
0
0
LINE
8
interiors
10
-269769.22
20
135655.32
30
0
11
-269561.88
21
135775.02
31
0
0
LINE
8
interiors
10
-269561.88
20
135775.02
30
0
11
-269480.0
21
136000.0
31
0
0
LINE
8
interiors
10
-269790.0
20
136000.0
30
0
11
-269850.0
21
136034.64
31
0
0
LINE
8
interiors
10
-269850.0
20
136034.64
30
0
11
-269850.0
21
135965.36
31
0
0
LINE
8
interiors
10
-269850.0
20
135965.36
30
0
11
-269790.0
21
136000.0
31
0
0
LINE
8
interiors
10
-266400.0
20
135760.0
30
0
11
-266400.0
21
136240.0
31
0
0
LINE
8
interiors
10
-265920.0
20
135760.0
30
0
11
-265920.0
21
136240.0
31
0
0
LINE
8
interiors
10
-266400.0
20
135760.0
30
0
11
-265920.0
21
135760.0
31
0
0
LINE
8
interiors
10
-266400.0
20
136240.0
30
0
11
-265920.0
21
136240.0
31
0
0
LINE
8
interiors
10
-266400.0
20
136177.5
30
0
11
-266400.0
21
136242.5
31
0
0
LINE
8
interiors
10
-265920.0
20
136177.5
30
0
11
-265920.0
21
136242.5
31
0
0
LINE
8
interiors
10
-266400.0
20
136177.5
30
0
11
-265920.0
21
136177.5
31
0
0
LINE
8
interiors
10
-266400.0
20
136242.5
30
0
11
-265920.0
21
136242.5
31
0
0
LINE
8
interiors
10
-266367.5
20
135792.5
30
0
11
-266367.5
21
135827.5
31
0
0
LINE
8
interiors
10
-266332.5
20
135792.5
30
0
11
-266332.5
21
135827.5
31
0
0
LINE
8
interiors
10
-266367.5
20
135792.5
30
0
11
-266332.5
21
135792.5
31
0
0
LINE
8
interiors
10
-266367.5
20
135827.5
30
0
11
-266332.5
21
135827.5
31
0
0
LINE
8
interiors
10
-266367.5
20
136172.5
30
0
11
-266367.5
21
136207.5
31
0
0
LINE
8
interiors
10
-266332.5
20
136172.5
30
0
11
-266332.5
21
136207.5
31
0
0
LINE
8
interiors
10
-266367.5
20
136172.5
30
0
11
-266332.5
21
136172.5
31
0
0
LINE
8
interiors
10
-266367.5
20
136207.5
30
0
11
-266332.5
21
136207.5
31
0
0
LINE
8
interiors
10
-265987.5
20
135792.5
30
0
11
-265987.5
21
135827.5
31
0
0
LINE
8
interiors
10
-265952.5
20
135792.5
30
0
11
-265952.5
21
135827.5
31
0
0
LINE
8
interiors
10
-265987.5
20
135792.5
30
0
11
-265952.5
21
135792.5
31
0
0
LINE
8
interiors
10
-265987.5
20
135827.5
30
0
11
-265952.5
21
135827.5
31
0
0
LINE
8
interiors
10
-265987.5
20
136172.5
30
0
11
-265987.5
21
136207.5
31
0
0
LINE
8
interiors
10
-265952.5
20
136172.5
30
0
11
-265952.5
21
136207.5
31
0
0
LINE
8
interiors
10
-265987.5
20
136172.5
30
0
11
-265952.5
21
136172.5
31
0
0
LINE
8
interiors
10
-265987.5
20
136207.5
30
0
11
-265952.5
21
136207.5
31
0
0
LINE
8
interiors
10
-265160.0
20
136000.0
30
0
11
-265241.88
21
136224.98
31
0
0
LINE
8
interiors
10
-265241.88
20
136224.98
30
0
11
-265449.22
21
136344.68
31
0
0
LINE
8
interiors
10
-265449.22
20
136344.68
30
0
11
-265685.0
21
136303.11
31
0
0
LINE
8
interiors
10
-265685.0
20
136303.11
30
0
11
-265838.89
21
136119.71
31
0
0
LINE
8
interiors
10
-265838.89
20
136119.71
30
0
11
-265838.89
21
135880.29
31
0
0
LINE
8
interiors
10
-265838.89
20
135880.29
30
0
11
-265685.0
21
135696.89
31
0
0
LINE
8
interiors
10
-265685.0
20
135696.89
30
0
11
-265449.22
21
135655.32
31
0
0
LINE
8
interiors
10
-265449.22
20
135655.32
30
0
11
-265241.88
21
135775.02
31
0
0
LINE
8
interiors
10
-265241.88
20
135775.02
30
0
11
-265160.0
21
136000.0
31
0
0
LINE
8
interiors
10
-265470.0
20
136000.0
30
0
11
-265530.0
21
136034.64
31
0
0
LINE
8
interiors
10
-265530.0
20
136034.64
30
0
11
-265530.0
21
135965.36
31
0
0
LINE
8
interiors
10
-265530.0
20
135965.36
30
0
11
-265470.0
21
136000.0
31
0
0
LINE
8
interiors
10
-262080.0
20
135760.0
30
0
11
-262080.0
21
136240.0
31
0
0
LINE
8
interiors
10
-261600.0
20
135760.0
30
0
11
-261600.0
21
136240.0
31
0
0
LINE
8
interiors
10
-262080.0
20
135760.0
30
0
11
-261600.0
21
135760.0
31
0
0
LINE
8
interiors
10
-262080.0
20
136240.0
30
0
11
-261600.0
21
136240.0
31
0
0
LINE
8
interiors
10
-262080.0
20
136177.5
30
0
11
-262080.0
21
136242.5
31
0
0
LINE
8
interiors
10
-261600.0
20
136177.5
30
0
11
-261600.0
21
136242.5
31
0
0
LINE
8
interiors
10
-262080.0
20
136177.5
30
0
11
-261600.0
21
136177.5
31
0
0
LINE
8
interiors
10
-262080.0
20
136242.5
30
0
11
-261600.0
21
136242.5
31
0
0
LINE
8
interiors
10
-262047.5
20
135792.5
30
0
11
-262047.5
21
135827.5
31
0
0
LINE
8
interiors
10
-262012.5
20
135792.5
30
0
11
-262012.5
21
135827.5
31
0
0
LINE
8
interiors
10
-262047.5
20
135792.5
30
0
11
-262012.5
21
135792.5
31
0
0
LINE
8
interiors
10
-262047.5
20
135827.5
30
0
11
-262012.5
21
135827.5
31
0
0
LINE
8
interiors
10
-262047.5
20
136172.5
30
0
11
-262047.5
21
136207.5
31
0
0
LINE
8
interiors
10
-262012.5
20
136172.5
30
0
11
-262012.5
21
136207.5
31
0
0
LINE
8
interiors
10
-262047.5
20
136172.5
30
0
11
-262012.5
21
136172.5
31
0
0
LINE
8
interiors
10
-262047.5
20
136207.5
30
0
11
-262012.5
21
136207.5
31
0
0
LINE
8
interiors
10
-261667.5
20
135792.5
30
0
11
-261667.5
21
135827.5
31
0
0
LINE
8
interiors
10
-261632.5
20
135792.5
30
0
11
-261632.5
21
135827.5
31
0
0
LINE
8
interiors
10
-261667.5
20
135792.5
30
0
11
-261632.5
21
135792.5
31
0
0
LINE
8
interiors
10
-261667.5
20
135827.5
30
0
11
-261632.5
21
135827.5
31
0
0
LINE
8
interiors
10
-261667.5
20
136172.5
30
0
11
-261667.5
21
136207.5
31
0
0
LINE
8
interiors
10
-261632.5
20
136172.5
30
0
11
-261632.5
21
136207.5
31
0
0
LINE
8
interiors
10
-261667.5
20
136172.5
30
0
11
-261632.5
21
136172.5
31
0
0
LINE
8
interiors
10
-261667.5
20
136207.5
30
0
11
-261632.5
21
136207.5
31
0
0
LINE
8
interiors
10
-260840.0
20
136000.0
30
0
11
-260921.88
21
136224.98
31
0
0
LINE
8
interiors
10
-260921.88
20
136224.98
30
0
11
-261129.22
21
136344.68
31
0
0
LINE
8
interiors
10
-261129.22
20
136344.68
30
0
11
-261365.0
21
136303.11
31
0
0
LINE
8
interiors
10
-261365.0
20
136303.11
30
0
11
-261518.89
21
136119.71
31
0
0
LINE
8
interiors
10
-261518.89
20
136119.71
30
0
11
-261518.89
21
135880.29
31
0
0
LINE
8
interiors
10
-261518.89
20
135880.29
30
0
11
-261365.0
21
135696.89
31
0
0
LINE
8
interiors
10
-261365.0
20
135696.89
30
0
11
-261129.22
21
135655.32
31
0
0
LINE
8
interiors
10
-261129.22
20
135655.32
30
0
11
-260921.88
21
135775.02
31
0
0
LINE
8
interiors
10
-260921.88
20
135775.02
30
0
11
-260840.0
21
136000.0
31
0
0
LINE
8
interiors
10
-261150.0
20
136000.0
30
0
11
-261210.0
21
136034.64
31
0
0
LINE
8
interiors
10
-261210.0
20
136034.64
30
0
11
-261210.0
21
135965.36
31
0
0
LINE
8
interiors
10
-261210.0
20
135965.36
30
0
11
-261150.0
21
136000.0
31
0
0
LINE
8
interiors
10
-257760.0
20
135760.0
30
0
11
-257760.0
21
136240.0
31
0
0
LINE
8
interiors
10
-257280.0
20
135760.0
30
0
11
-257280.0
21
136240.0
31
0
0
LINE
8
interiors
10
-257760.0
20
135760.0
30
0
11
-257280.0
21
135760.0
31
0
0
LINE
8
interiors
10
-257760.0
20
136240.0
30
0
11
-257280.0
21
136240.0
31
0
0
LINE
8
interiors
10
-257760.0
20
136177.5
30
0
11
-257760.0
21
136242.5
31
0
0
LINE
8
interiors
10
-257280.0
20
136177.5
30
0
11
-257280.0
21
136242.5
31
0
0
LINE
8
interiors
10
-257760.0
20
136177.5
30
0
11
-257280.0
21
136177.5
31
0
0
LINE
8
interiors
10
-257760.0
20
136242.5
30
0
11
-257280.0
21
136242.5
31
0
0
LINE
8
interiors
10
-257727.5
20
135792.5
30
0
11
-257727.5
21
135827.5
31
0
0
LINE
8
interiors
10
-257692.5
20
135792.5
30
0
11
-257692.5
21
135827.5
31
0
0
LINE
8
interiors
10
-257727.5
20
135792.5
30
0
11
-257692.5
21
135792.5
31
0
0
LINE
8
interiors
10
-257727.5
20
135827.5
30
0
11
-257692.5
21
135827.5
31
0
0
LINE
8
interiors
10
-257727.5
20
136172.5
30
0
11
-257727.5
21
136207.5
31
0
0
LINE
8
interiors
10
-257692.5
20
136172.5
30
0
11
-257692.5
21
136207.5
31
0
0
LINE
8
interiors
10
-257727.5
20
136172.5
30
0
11
-257692.5
21
136172.5
31
0
0
LINE
8
interiors
10
-257727.5
20
136207.5
30
0
11
-257692.5
21
136207.5
31
0
0
LINE
8
interiors
10
-257347.5
20
135792.5
30
0
11
-257347.5
21
135827.5
31
0
0
LINE
8
interiors
10
-257312.5
20
135792.5
30
0
11
-257312.5
21
135827.5
31
0
0
LINE
8
interiors
10
-257347.5
20
135792.5
30
0
11
-257312.5
21
135792.5
31
0
0
LINE
8
interiors
10
-257347.5
20
135827.5
30
0
11
-257312.5
21
135827.5
31
0
0
LINE
8
interiors
10
-257347.5
20
136172.5
30
0
11
-257347.5
21
136207.5
31
0
0
LINE
8
interiors
10
-257312.5
20
136172.5
30
0
11
-257312.5
21
136207.5
31
0
0
LINE
8
interiors
10
-257347.5
20
136172.5
30
0
11
-257312.5
21
136172.5
31
0
0
LINE
8
interiors
10
-257347.5
20
136207.5
30
0
11
-257312.5
21
136207.5
31
0
0
LINE
8
interiors
10
-256520.0
20
136000.0
30
0
11
-256601.88
21
136224.98
31
0
0
LINE
8
interiors
10
-256601.88
20
136224.98
30
0
11
-256809.22
21
136344.68
31
0
0
LINE
8
interiors
10
-256809.22
20
136344.68
30
0
11
-257045.0
21
136303.11
31
0
0
LINE
8
interiors
10
-257045.0
20
136303.11
30
0
11
-257198.89
21
136119.71
31
0
0
LINE
8
interiors
10
-257198.89
20
136119.71
30
0
11
-257198.89
21
135880.29
31
0
0
LINE
8
interiors
10
-257198.89
20
135880.29
30
0
11
-257045.0
21
135696.89
31
0
0
LINE
8
interiors
10
-257045.0
20
135696.89
30
0
11
-256809.22
21
135655.32
31
0
0
LINE
8
interiors
10
-256809.22
20
135655.32
30
0
11
-256601.88
21
135775.02
31
0
0
LINE
8
interiors
10
-256601.88
20
135775.02
30
0
11
-256520.0
21
136000.0
31
0
0
LINE
8
interiors
10
-256830.0
20
136000.0
30
0
11
-256890.0
21
136034.64
31
0
0
LINE
8
interiors
10
-256890.0
20
136034.64
30
0
11
-256890.0
21
135965.36
31
0
0
LINE
8
interiors
10
-256890.0
20
135965.36
30
0
11
-256830.0
21
136000.0
31
0
0
LINE
8
interiors
10
-254440.0
20
135760.0
30
0
11
-254440.0
21
136240.0
31
0
0
LINE
8
interiors
10
-253960.0
20
135760.0
30
0
11
-253960.0
21
136240.0
31
0
0
LINE
8
interiors
10
-254440.0
20
135760.0
30
0
11
-253960.0
21
135760.0
31
0
0
LINE
8
interiors
10
-254440.0
20
136240.0
30
0
11
-253960.0
21
136240.0
31
0
0
LINE
8
interiors
10
-254440.0
20
136177.5
30
0
11
-254440.0
21
136242.5
31
0
0
LINE
8
interiors
10
-253960.0
20
136177.5
30
0
11
-253960.0
21
136242.5
31
0
0
LINE
8
interiors
10
-254440.0
20
136177.5
30
0
11
-253960.0
21
136177.5
31
0
0
LINE
8
interiors
10
-254440.0
20
136242.5
30
0
11
-253960.0
21
136242.5
31
0
0
LINE
8
interiors
10
-254407.5
20
135792.5
30
0
11
-254407.5
21
135827.5
31
0
0
LINE
8
interiors
10
-254372.5
20
135792.5
30
0
11
-254372.5
21
135827.5
31
0
0
LINE
8
interiors
10
-254407.5
20
135792.5
30
0
11
-254372.5
21
135792.5
31
0
0
LINE
8
interiors
10
-254407.5
20
135827.5
30
0
11
-254372.5
21
135827.5
31
0
0
LINE
8
interiors
10
-254407.5
20
136172.5
30
0
11
-254407.5
21
136207.5
31
0
0
LINE
8
interiors
10
-254372.5
20
136172.5
30
0
11
-254372.5
21
136207.5
31
0
0
LINE
8
interiors
10
-254407.5
20
136172.5
30
0
11
-254372.5
21
136172.5
31
0
0
LINE
8
interiors
10
-254407.5
20
136207.5
30
0
11
-254372.5
21
136207.5
31
0
0
LINE
8
interiors
10
-254027.5
20
135792.5
30
0
11
-254027.5
21
135827.5
31
0
0
LINE
8
interiors
10
-253992.5
20
135792.5
30
0
11
-253992.5
21
135827.5
31
0
0
LINE
8
interiors
10
-254027.5
20
135792.5
30
0
11
-253992.5
21
135792.5
31
0
0
LINE
8
interiors
10
-254027.5
20
135827.5
30
0
11
-253992.5
21
135827.5
31
0
0
LINE
8
interiors
10
-254027.5
20
136172.5
30
0
11
-254027.5
21
136207.5
31
0
0
LINE
8
interiors
10
-253992.5
20
136172.5
30
0
11
-253992.5
21
136207.5
31
0
0
LINE
8
interiors
10
-254027.5
20
136172.5
30
0
11
-253992.5
21
136172.5
31
0
0
LINE
8
interiors
10
-254027.5
20
136207.5
30
0
11
-253992.5
21
136207.5
31
0
0
LINE
8
interiors
10
-253200.0
20
136000.0
30
0
11
-253281.88
21
136224.98
31
0
0
LINE
8
interiors
10
-253281.88
20
136224.98
30
0
11
-253489.22
21
136344.68
31
0
0
LINE
8
interiors
10
-253489.22
20
136344.68
30
0
11
-253725.0
21
136303.11
31
0
0
LINE
8
interiors
10
-253725.0
20
136303.11
30
0
11
-253878.89
21
136119.71
31
0
0
LINE
8
interiors
10
-253878.89
20
136119.71
30
0
11
-253878.89
21
135880.29
31
0
0
LINE
8
interiors
10
-253878.89
20
135880.29
30
0
11
-253725.0
21
135696.89
31
0
0
LINE
8
interiors
10
-253725.0
20
135696.89
30
0
11
-253489.22
21
135655.32
31
0
0
LINE
8
interiors
10
-253489.22
20
135655.32
30
0
11
-253281.88
21
135775.02
31
0
0
LINE
8
interiors
10
-253281.88
20
135775.02
30
0
11
-253200.0
21
136000.0
31
0
0
LINE
8
interiors
10
-253510.0
20
136000.0
30
0
11
-253570.0
21
136034.64
31
0
0
LINE
8
interiors
10
-253570.0
20
136034.64
30
0
11
-253570.0
21
135965.36
31
0
0
LINE
8
interiors
10
-253570.0
20
135965.36
30
0
11
-253510.0
21
136000.0
31
0
0
LINE
8
electrical
10
-249725.0
20
126075.0
30
0
11
-249725.0
21
126325.0
31
0
0
LINE
8
electrical
10
-249175.0
20
126075.0
30
0
11
-249175.0
21
126325.0
31
0
0
LINE
8
electrical
10
-249725.0
20
126075.0
30
0
11
-249175.0
21
126075.0
31
0
0
LINE
8
electrical
10
-249725.0
20
126325.0
30
0
11
-249175.0
21
126325.0
31
0
0
LINE
8
electrical
10
-249685.0
20
126047.5
30
0
11
-249685.0
21
126082.5
31
0
0
LINE
8
electrical
10
-249215.0
20
126047.5
30
0
11
-249215.0
21
126082.5
31
0
0
LINE
8
electrical
10
-249685.0
20
126047.5
30
0
11
-249215.0
21
126047.5
31
0
0
LINE
8
electrical
10
-249685.0
20
126082.5
30
0
11
-249215.0
21
126082.5
31
0
0
LINE
8
electrical
10
-249637.5
20
126010.0
30
0
11
-249637.5
21
126050.0
31
0
0
LINE
8
electrical
10
-249537.5
20
126010.0
30
0
11
-249537.5
21
126050.0
31
0
0
LINE
8
electrical
10
-249637.5
20
126010.0
30
0
11
-249537.5
21
126010.0
31
0
0
LINE
8
electrical
10
-249637.5
20
126050.0
30
0
11
-249537.5
21
126050.0
31
0
0
LINE
8
electrical
10
-249500.0
20
126010.0
30
0
11
-249500.0
21
126050.0
31
0
0
LINE
8
electrical
10
-249400.0
20
126010.0
30
0
11
-249400.0
21
126050.0
31
0
0
LINE
8
electrical
10
-249500.0
20
126010.0
30
0
11
-249400.0
21
126010.0
31
0
0
LINE
8
electrical
10
-249500.0
20
126050.0
30
0
11
-249400.0
21
126050.0
31
0
0
LINE
8
electrical
10
-249362.5
20
126010.0
30
0
11
-249362.5
21
126050.0
31
0
0
LINE
8
electrical
10
-249262.5
20
126010.0
30
0
11
-249262.5
21
126050.0
31
0
0
LINE
8
electrical
10
-249362.5
20
126010.0
30
0
11
-249262.5
21
126010.0
31
0
0
LINE
8
electrical
10
-249362.5
20
126050.0
30
0
11
-249262.5
21
126050.0
31
0
0
LINE
8
electrical
10
-249587.5
20
125995.0
30
0
11
-249564.12
21
125995.0
31
0
0
LINE
8
electrical
10
-249564.12
20
125995.0
30
0
11
-249610.88
21
125995.0
31
0
0
LINE
8
electrical
10
-249610.88
20
125995.0
30
0
11
-249587.5
21
125995.0
31
0
0
LINE
8
electrical
10
-249587.5
20
126020.0
30
0
11
-249587.5
21
125995.0
31
0
0
LINE
8
electrical
10
-249587.5
20
126020.0
30
0
11
-249564.12
21
126020.0
31
0
0
LINE
8
electrical
10
-249564.12
20
126020.0
30
0
11
-249610.88
21
126020.0
31
0
0
LINE
8
electrical
10
-249610.88
20
126020.0
30
0
11
-249587.5
21
126020.0
31
0
0
LINE
8
electrical
10
-249450.0
20
125995.0
30
0
11
-249426.62
21
125995.0
31
0
0
LINE
8
electrical
10
-249426.62
20
125995.0
30
0
11
-249473.38
21
125995.0
31
0
0
LINE
8
electrical
10
-249473.38
20
125995.0
30
0
11
-249450.0
21
125995.0
31
0
0
LINE
8
electrical
10
-249450.0
20
126020.0
30
0
11
-249450.0
21
125995.0
31
0
0
LINE
8
electrical
10
-249450.0
20
126020.0
30
0
11
-249426.62
21
126020.0
31
0
0
LINE
8
electrical
10
-249426.62
20
126020.0
30
0
11
-249473.38
21
126020.0
31
0
0
LINE
8
electrical
10
-249473.38
20
126020.0
30
0
11
-249450.0
21
126020.0
31
0
0
LINE
8
electrical
10
-249312.5
20
125995.0
30
0
11
-249289.12
21
125995.0
31
0
0
LINE
8
electrical
10
-249289.12
20
125995.0
30
0
11
-249335.88
21
125995.0
31
0
0
LINE
8
electrical
10
-249335.88
20
125995.0
30
0
11
-249312.5
21
125995.0
31
0
0
LINE
8
electrical
10
-249312.5
20
126020.0
30
0
11
-249312.5
21
125995.0
31
0
0
LINE
8
electrical
10
-249312.5
20
126020.0
30
0
11
-249289.12
21
126020.0
31
0
0
LINE
8
electrical
10
-249289.12
20
126020.0
30
0
11
-249335.88
21
126020.0
31
0
0
LINE
8
electrical
10
-249335.88
20
126020.0
30
0
11
-249312.5
21
126020.0
31
0
0
LINE
8
electrical
10
-249450.0
20
126200.0
30
0
11
-249434.41
21
126200.0
31
0
0
LINE
8
electrical
10
-249434.41
20
126200.0
30
0
11
-249465.59
21
126200.0
31
0
0
LINE
8
electrical
10
-249465.59
20
126200.0
30
0
11
-249450.0
21
126200.0
31
0
0
LINE
8
electrical
10
-249450.0
20
122200.0
30
0
11
-249450.0
21
126200.0
31
0
0
LINE
8
electrical
10
-249450.0
20
122200.0
30
0
11
-249434.41
21
122200.0
31
0
0
LINE
8
electrical
10
-249434.41
20
122200.0
30
0
11
-249465.59
21
122200.0
31
0
0
LINE
8
electrical
10
-249465.59
20
122200.0
30
0
11
-249450.0
21
122200.0
31
0
0
LINE
8
electrical
10
-249468.0
20
126200.0
30
0
11
-249441.0
21
126215.59
31
0
0
LINE
8
electrical
10
-249441.0
20
126215.59
30
0
11
-249441.0
21
126184.41
31
0
0
LINE
8
electrical
10
-249441.0
20
126184.41
30
0
11
-249468.0
21
126200.0
31
0
0
LINE
8
electrical
10
-249450.0
20
126200.0
30
0
11
-249430.56
21
126200.0
31
0
0
LINE
8
electrical
10
-249430.56
20
126200.0
30
0
11
-249450.0
21
126200.0
31
0
0
LINE
8
lighting
10
-275120.0
20
128880.0
30
0
11
-275120.0
21
129520.0
31
0
0
LINE
8
lighting
10
-274480.0
20
128880.0
30
0
11
-274480.0
21
129520.0
31
0
0
LINE
8
lighting
10
-275120.0
20
128880.0
30
0
11
-274480.0
21
128880.0
31
0
0
LINE
8
lighting
10
-275120.0
20
129520.0
30
0
11
-274480.0
21
129520.0
31
0
0
LINE
8
lighting
10
-275080.0
20
128920.0
30
0
11
-275080.0
21
129480.0
31
0
0
LINE
8
lighting
10
-274520.0
20
128920.0
30
0
11
-274520.0
21
129480.0
31
0
0
LINE
8
lighting
10
-275080.0
20
128920.0
30
0
11
-274520.0
21
128920.0
31
0
0
LINE
8
lighting
10
-275080.0
20
129480.0
30
0
11
-274520.0
21
129480.0
31
0
0
LINE
8
lighting
10
-275046.0
20
128930.0
30
0
11
-275046.0
21
129470.0
31
0
0
LINE
8
lighting
10
-275034.0
20
128930.0
30
0
11
-275034.0
21
129470.0
31
0
0
LINE
8
lighting
10
-275046.0
20
128930.0
30
0
11
-275034.0
21
128930.0
31
0
0
LINE
8
lighting
10
-275046.0
20
129470.0
30
0
11
-275034.0
21
129470.0
31
0
0
LINE
8
lighting
10
-274966.0
20
128930.0
30
0
11
-274966.0
21
129470.0
31
0
0
LINE
8
lighting
10
-274954.0
20
128930.0
30
0
11
-274954.0
21
129470.0
31
0
0
LINE
8
lighting
10
-274966.0
20
128930.0
30
0
11
-274954.0
21
128930.0
31
0
0
LINE
8
lighting
10
-274966.0
20
129470.0
30
0
11
-274954.0
21
129470.0
31
0
0
LINE
8
lighting
10
-274886.0
20
128930.0
30
0
11
-274886.0
21
129470.0
31
0
0
LINE
8
lighting
10
-274874.0
20
128930.0
30
0
11
-274874.0
21
129470.0
31
0
0
LINE
8
lighting
10
-274886.0
20
128930.0
30
0
11
-274874.0
21
128930.0
31
0
0
LINE
8
lighting
10
-274886.0
20
129470.0
30
0
11
-274874.0
21
129470.0
31
0
0
LINE
8
lighting
10
-274806.0
20
128930.0
30
0
11
-274806.0
21
129470.0
31
0
0
LINE
8
lighting
10
-274794.0
20
128930.0
30
0
11
-274794.0
21
129470.0
31
0
0
LINE
8
lighting
10
-274806.0
20
128930.0
30
0
11
-274794.0
21
128930.0
31
0
0
LINE
8
lighting
10
-274806.0
20
129470.0
30
0
11
-274794.0
21
129470.0
31
0
0
LINE
8
lighting
10
-274726.0
20
128930.0
30
0
11
-274726.0
21
129470.0
31
0
0
LINE
8
lighting
10
-274714.0
20
128930.0
30
0
11
-274714.0
21
129470.0
31
0
0
LINE
8
lighting
10
-274726.0
20
128930.0
30
0
11
-274714.0
21
128930.0
31
0
0
LINE
8
lighting
10
-274726.0
20
129470.0
30
0
11
-274714.0
21
129470.0
31
0
0
LINE
8
lighting
10
-274646.0
20
128930.0
30
0
11
-274646.0
21
129470.0
31
0
0
LINE
8
lighting
10
-274634.0
20
128930.0
30
0
11
-274634.0
21
129470.0
31
0
0
LINE
8
lighting
10
-274646.0
20
128930.0
30
0
11
-274634.0
21
128930.0
31
0
0
LINE
8
lighting
10
-274646.0
20
129470.0
30
0
11
-274634.0
21
129470.0
31
0
0
LINE
8
lighting
10
-274566.0
20
128930.0
30
0
11
-274566.0
21
129470.0
31
0
0
LINE
8
lighting
10
-274554.0
20
128930.0
30
0
11
-274554.0
21
129470.0
31
0
0
LINE
8
lighting
10
-274566.0
20
128930.0
30
0
11
-274554.0
21
128930.0
31
0
0
LINE
8
lighting
10
-274566.0
20
129470.0
30
0
11
-274554.0
21
129470.0
31
0
0
LINE
8
lighting
10
-274791.0
20
129200.0
30
0
11
-274804.5
21
129207.79
31
0
0
LINE
8
lighting
10
-274804.5
20
129207.79
30
0
11
-274804.5
21
129192.21
31
0
0
LINE
8
lighting
10
-274804.5
20
129192.21
30
0
11
-274791.0
21
129200.0
31
0
0
LINE
8
lighting
10
-253520.0
20
128880.0
30
0
11
-253520.0
21
129520.0
31
0
0
LINE
8
lighting
10
-252880.0
20
128880.0
30
0
11
-252880.0
21
129520.0
31
0
0
LINE
8
lighting
10
-253520.0
20
128880.0
30
0
11
-252880.0
21
128880.0
31
0
0
LINE
8
lighting
10
-253520.0
20
129520.0
30
0
11
-252880.0
21
129520.0
31
0
0
LINE
8
lighting
10
-253480.0
20
128920.0
30
0
11
-253480.0
21
129480.0
31
0
0
LINE
8
lighting
10
-252920.0
20
128920.0
30
0
11
-252920.0
21
129480.0
31
0
0
LINE
8
lighting
10
-253480.0
20
128920.0
30
0
11
-252920.0
21
128920.0
31
0
0
LINE
8
lighting
10
-253480.0
20
129480.0
30
0
11
-252920.0
21
129480.0
31
0
0
LINE
8
lighting
10
-253446.0
20
128930.0
30
0
11
-253446.0
21
129470.0
31
0
0
LINE
8
lighting
10
-253434.0
20
128930.0
30
0
11
-253434.0
21
129470.0
31
0
0
LINE
8
lighting
10
-253446.0
20
128930.0
30
0
11
-253434.0
21
128930.0
31
0
0
LINE
8
lighting
10
-253446.0
20
129470.0
30
0
11
-253434.0
21
129470.0
31
0
0
LINE
8
lighting
10
-253366.0
20
128930.0
30
0
11
-253366.0
21
129470.0
31
0
0
LINE
8
lighting
10
-253354.0
20
128930.0
30
0
11
-253354.0
21
129470.0
31
0
0
LINE
8
lighting
10
-253366.0
20
128930.0
30
0
11
-253354.0
21
128930.0
31
0
0
LINE
8
lighting
10
-253366.0
20
129470.0
30
0
11
-253354.0
21
129470.0
31
0
0
LINE
8
lighting
10
-253286.0
20
128930.0
30
0
11
-253286.0
21
129470.0
31
0
0
LINE
8
lighting
10
-253274.0
20
128930.0
30
0
11
-253274.0
21
129470.0
31
0
0
LINE
8
lighting
10
-253286.0
20
128930.0
30
0
11
-253274.0
21
128930.0
31
0
0
LINE
8
lighting
10
-253286.0
20
129470.0
30
0
11
-253274.0
21
129470.0
31
0
0
LINE
8
lighting
10
-253206.0
20
128930.0
30
0
11
-253206.0
21
129470.0
31
0
0
LINE
8
lighting
10
-253194.0
20
128930.0
30
0
11
-253194.0
21
129470.0
31
0
0
LINE
8
lighting
10
-253206.0
20
128930.0
30
0
11
-253194.0
21
128930.0
31
0
0
LINE
8
lighting
10
-253206.0
20
129470.0
30
0
11
-253194.0
21
129470.0
31
0
0
LINE
8
lighting
10
-253126.0
20
128930.0
30
0
11
-253126.0
21
129470.0
31
0
0
LINE
8
lighting
10
-253114.0
20
128930.0
30
0
11
-253114.0
21
129470.0
31
0
0
LINE
8
lighting
10
-253126.0
20
128930.0
30
0
11
-253114.0
21
128930.0
31
0
0
LINE
8
lighting
10
-253126.0
20
129470.0
30
0
11
-253114.0
21
129470.0
31
0
0
LINE
8
lighting
10
-253046.0
20
128930.0
30
0
11
-253046.0
21
129470.0
31
0
0
LINE
8
lighting
10
-253034.0
20
128930.0
30
0
11
-253034.0
21
129470.0
31
0
0
LINE
8
lighting
10
-253046.0
20
128930.0
30
0
11
-253034.0
21
128930.0
31
0
0
LINE
8
lighting
10
-253046.0
20
129470.0
30
0
11
-253034.0
21
129470.0
31
0
0
LINE
8
lighting
10
-252966.0
20
128930.0
30
0
11
-252966.0
21
129470.0
31
0
0
LINE
8
lighting
10
-252954.0
20
128930.0
30
0
11
-252954.0
21
129470.0
31
0
0
LINE
8
lighting
10
-252966.0
20
128930.0
30
0
11
-252954.0
21
128930.0
31
0
0
LINE
8
lighting
10
-252966.0
20
129470.0
30
0
11
-252954.0
21
129470.0
31
0
0
LINE
8
lighting
10
-253191.0
20
129200.0
30
0
11
-253204.5
21
129207.79
31
0
0
LINE
8
lighting
10
-253204.5
20
129207.79
30
0
11
-253204.5
21
129192.21
31
0
0
LINE
8
lighting
10
-253204.5
20
129192.21
30
0
11
-253191.0
21
129200.0
31
0
0
LINE
8
lighting
10
-264320.0
20
128880.0
30
0
11
-264320.0
21
129520.0
31
0
0
LINE
8
lighting
10
-263680.0
20
128880.0
30
0
11
-263680.0
21
129520.0
31
0
0
LINE
8
lighting
10
-264320.0
20
128880.0
30
0
11
-263680.0
21
128880.0
31
0
0
LINE
8
lighting
10
-264320.0
20
129520.0
30
0
11
-263680.0
21
129520.0
31
0
0
LINE
8
lighting
10
-264280.0
20
128920.0
30
0
11
-264280.0
21
129480.0
31
0
0
LINE
8
lighting
10
-263720.0
20
128920.0
30
0
11
-263720.0
21
129480.0
31
0
0
LINE
8
lighting
10
-264280.0
20
128920.0
30
0
11
-263720.0
21
128920.0
31
0
0
LINE
8
lighting
10
-264280.0
20
129480.0
30
0
11
-263720.0
21
129480.0
31
0
0
LINE
8
lighting
10
-264246.0
20
128930.0
30
0
11
-264246.0
21
129470.0
31
0
0
LINE
8
lighting
10
-264234.0
20
128930.0
30
0
11
-264234.0
21
129470.0
31
0
0
LINE
8
lighting
10
-264246.0
20
128930.0
30
0
11
-264234.0
21
128930.0
31
0
0
LINE
8
lighting
10
-264246.0
20
129470.0
30
0
11
-264234.0
21
129470.0
31
0
0
LINE
8
lighting
10
-264166.0
20
128930.0
30
0
11
-264166.0
21
129470.0
31
0
0
LINE
8
lighting
10
-264154.0
20
128930.0
30
0
11
-264154.0
21
129470.0
31
0
0
LINE
8
lighting
10
-264166.0
20
128930.0
30
0
11
-264154.0
21
128930.0
31
0
0
LINE
8
lighting
10
-264166.0
20
129470.0
30
0
11
-264154.0
21
129470.0
31
0
0
LINE
8
lighting
10
-264086.0
20
128930.0
30
0
11
-264086.0
21
129470.0
31
0
0
LINE
8
lighting
10
-264074.0
20
128930.0
30
0
11
-264074.0
21
129470.0
31
0
0
LINE
8
lighting
10
-264086.0
20
128930.0
30
0
11
-264074.0
21
128930.0
31
0
0
LINE
8
lighting
10
-264086.0
20
129470.0
30
0
11
-264074.0
21
129470.0
31
0
0
LINE
8
lighting
10
-264006.0
20
128930.0
30
0
11
-264006.0
21
129470.0
31
0
0
LINE
8
lighting
10
-263994.0
20
128930.0
30
0
11
-263994.0
21
129470.0
31
0
0
LINE
8
lighting
10
-264006.0
20
128930.0
30
0
11
-263994.0
21
128930.0
31
0
0
LINE
8
lighting
10
-264006.0
20
129470.0
30
0
11
-263994.0
21
129470.0
31
0
0
LINE
8
lighting
10
-263926.0
20
128930.0
30
0
11
-263926.0
21
129470.0
31
0
0
LINE
8
lighting
10
-263914.0
20
128930.0
30
0
11
-263914.0
21
129470.0
31
0
0
LINE
8
lighting
10
-263926.0
20
128930.0
30
0
11
-263914.0
21
128930.0
31
0
0
LINE
8
lighting
10
-263926.0
20
129470.0
30
0
11
-263914.0
21
129470.0
31
0
0
LINE
8
lighting
10
-263846.0
20
128930.0
30
0
11
-263846.0
21
129470.0
31
0
0
LINE
8
lighting
10
-263834.0
20
128930.0
30
0
11
-263834.0
21
129470.0
31
0
0
LINE
8
lighting
10
-263846.0
20
128930.0
30
0
11
-263834.0
21
128930.0
31
0
0
LINE
8
lighting
10
-263846.0
20
129470.0
30
0
11
-263834.0
21
129470.0
31
0
0
LINE
8
lighting
10
-263766.0
20
128930.0
30
0
11
-263766.0
21
129470.0
31
0
0
LINE
8
lighting
10
-263754.0
20
128930.0
30
0
11
-263754.0
21
129470.0
31
0
0
LINE
8
lighting
10
-263766.0
20
128930.0
30
0
11
-263754.0
21
128930.0
31
0
0
LINE
8
lighting
10
-263766.0
20
129470.0
30
0
11
-263754.0
21
129470.0
31
0
0
LINE
8
lighting
10
-263991.0
20
129200.0
30
0
11
-264004.5
21
129207.79
31
0
0
LINE
8
lighting
10
-264004.5
20
129207.79
30
0
11
-264004.5
21
129192.21
31
0
0
LINE
8
lighting
10
-264004.5
20
129192.21
30
0
11
-263991.0
21
129200.0
31
0
0
LINE
8
lighting
10
-275120.0
20
142480.0
30
0
11
-275120.0
21
143120.0
31
0
0
LINE
8
lighting
10
-274480.0
20
142480.0
30
0
11
-274480.0
21
143120.0
31
0
0
LINE
8
lighting
10
-275120.0
20
142480.0
30
0
11
-274480.0
21
142480.0
31
0
0
LINE
8
lighting
10
-275120.0
20
143120.0
30
0
11
-274480.0
21
143120.0
31
0
0
LINE
8
lighting
10
-275080.0
20
142520.0
30
0
11
-275080.0
21
143080.0
31
0
0
LINE
8
lighting
10
-274520.0
20
142520.0
30
0
11
-274520.0
21
143080.0
31
0
0
LINE
8
lighting
10
-275080.0
20
142520.0
30
0
11
-274520.0
21
142520.0
31
0
0
LINE
8
lighting
10
-275080.0
20
143080.0
30
0
11
-274520.0
21
143080.0
31
0
0
LINE
8
lighting
10
-275046.0
20
142530.0
30
0
11
-275046.0
21
143070.0
31
0
0
LINE
8
lighting
10
-275034.0
20
142530.0
30
0
11
-275034.0
21
143070.0
31
0
0
LINE
8
lighting
10
-275046.0
20
142530.0
30
0
11
-275034.0
21
142530.0
31
0
0
LINE
8
lighting
10
-275046.0
20
143070.0
30
0
11
-275034.0
21
143070.0
31
0
0
LINE
8
lighting
10
-274966.0
20
142530.0
30
0
11
-274966.0
21
143070.0
31
0
0
LINE
8
lighting
10
-274954.0
20
142530.0
30
0
11
-274954.0
21
143070.0
31
0
0
LINE
8
lighting
10
-274966.0
20
142530.0
30
0
11
-274954.0
21
142530.0
31
0
0
LINE
8
lighting
10
-274966.0
20
143070.0
30
0
11
-274954.0
21
143070.0
31
0
0
LINE
8
lighting
10
-274886.0
20
142530.0
30
0
11
-274886.0
21
143070.0
31
0
0
LINE
8
lighting
10
-274874.0
20
142530.0
30
0
11
-274874.0
21
143070.0
31
0
0
LINE
8
lighting
10
-274886.0
20
142530.0
30
0
11
-274874.0
21
142530.0
31
0
0
LINE
8
lighting
10
-274886.0
20
143070.0
30
0
11
-274874.0
21
143070.0
31
0
0
LINE
8
lighting
10
-274806.0
20
142530.0
30
0
11
-274806.0
21
143070.0
31
0
0
LINE
8
lighting
10
-274794.0
20
142530.0
30
0
11
-274794.0
21
143070.0
31
0
0
LINE
8
lighting
10
-274806.0
20
142530.0
30
0
11
-274794.0
21
142530.0
31
0
0
LINE
8
lighting
10
-274806.0
20
143070.0
30
0
11
-274794.0
21
143070.0
31
0
0
LINE
8
lighting
10
-274726.0
20
142530.0
30
0
11
-274726.0
21
143070.0
31
0
0
LINE
8
lighting
10
-274714.0
20
142530.0
30
0
11
-274714.0
21
143070.0
31
0
0
LINE
8
lighting
10
-274726.0
20
142530.0
30
0
11
-274714.0
21
142530.0
31
0
0
LINE
8
lighting
10
-274726.0
20
143070.0
30
0
11
-274714.0
21
143070.0
31
0
0
LINE
8
lighting
10
-274646.0
20
142530.0
30
0
11
-274646.0
21
143070.0
31
0
0
LINE
8
lighting
10
-274634.0
20
142530.0
30
0
11
-274634.0
21
143070.0
31
0
0
LINE
8
lighting
10
-274646.0
20
142530.0
30
0
11
-274634.0
21
142530.0
31
0
0
LINE
8
lighting
10
-274646.0
20
143070.0
30
0
11
-274634.0
21
143070.0
31
0
0
LINE
8
lighting
10
-274566.0
20
142530.0
30
0
11
-274566.0
21
143070.0
31
0
0
LINE
8
lighting
10
-274554.0
20
142530.0
30
0
11
-274554.0
21
143070.0
31
0
0
LINE
8
lighting
10
-274566.0
20
142530.0
30
0
11
-274554.0
21
142530.0
31
0
0
LINE
8
lighting
10
-274566.0
20
143070.0
30
0
11
-274554.0
21
143070.0
31
0
0
LINE
8
lighting
10
-274791.0
20
142800.0
30
0
11
-274804.5
21
142807.79
31
0
0
LINE
8
lighting
10
-274804.5
20
142807.79
30
0
11
-274804.5
21
142792.21
31
0
0
LINE
8
lighting
10
-274804.5
20
142792.21
30
0
11
-274791.0
21
142800.0
31
0
0
LINE
8
lighting
10
-253520.0
20
142480.0
30
0
11
-253520.0
21
143120.0
31
0
0
LINE
8
lighting
10
-252880.0
20
142480.0
30
0
11
-252880.0
21
143120.0
31
0
0
LINE
8
lighting
10
-253520.0
20
142480.0
30
0
11
-252880.0
21
142480.0
31
0
0
LINE
8
lighting
10
-253520.0
20
143120.0
30
0
11
-252880.0
21
143120.0
31
0
0
LINE
8
lighting
10
-253480.0
20
142520.0
30
0
11
-253480.0
21
143080.0
31
0
0
LINE
8
lighting
10
-252920.0
20
142520.0
30
0
11
-252920.0
21
143080.0
31
0
0
LINE
8
lighting
10
-253480.0
20
142520.0
30
0
11
-252920.0
21
142520.0
31
0
0
LINE
8
lighting
10
-253480.0
20
143080.0
30
0
11
-252920.0
21
143080.0
31
0
0
LINE
8
lighting
10
-253446.0
20
142530.0
30
0
11
-253446.0
21
143070.0
31
0
0
LINE
8
lighting
10
-253434.0
20
142530.0
30
0
11
-253434.0
21
143070.0
31
0
0
LINE
8
lighting
10
-253446.0
20
142530.0
30
0
11
-253434.0
21
142530.0
31
0
0
LINE
8
lighting
10
-253446.0
20
143070.0
30
0
11
-253434.0
21
143070.0
31
0
0
LINE
8
lighting
10
-253366.0
20
142530.0
30
0
11
-253366.0
21
143070.0
31
0
0
LINE
8
lighting
10
-253354.0
20
142530.0
30
0
11
-253354.0
21
143070.0
31
0
0
LINE
8
lighting
10
-253366.0
20
142530.0
30
0
11
-253354.0
21
142530.0
31
0
0
LINE
8
lighting
10
-253366.0
20
143070.0
30
0
11
-253354.0
21
143070.0
31
0
0
LINE
8
lighting
10
-253286.0
20
142530.0
30
0
11
-253286.0
21
143070.0
31
0
0
LINE
8
lighting
10
-253274.0
20
142530.0
30
0
11
-253274.0
21
143070.0
31
0
0
LINE
8
lighting
10
-253286.0
20
142530.0
30
0
11
-253274.0
21
142530.0
31
0
0
LINE
8
lighting
10
-253286.0
20
143070.0
30
0
11
-253274.0
21
143070.0
31
0
0
LINE
8
lighting
10
-253206.0
20
142530.0
30
0
11
-253206.0
21
143070.0
31
0
0
LINE
8
lighting
10
-253194.0
20
142530.0
30
0
11
-253194.0
21
143070.0
31
0
0
LINE
8
lighting
10
-253206.0
20
142530.0
30
0
11
-253194.0
21
142530.0
31
0
0
LINE
8
lighting
10
-253206.0
20
143070.0
30
0
11
-253194.0
21
143070.0
31
0
0
LINE
8
lighting
10
-253126.0
20
142530.0
30
0
11
-253126.0
21
143070.0
31
0
0
LINE
8
lighting
10
-253114.0
20
142530.0
30
0
11
-253114.0
21
143070.0
31
0
0
LINE
8
lighting
10
-253126.0
20
142530.0
30
0
11
-253114.0
21
142530.0
31
0
0
LINE
8
lighting
10
-253126.0
20
143070.0
30
0
11
-253114.0
21
143070.0
31
0
0
LINE
8
lighting
10
-253046.0
20
142530.0
30
0
11
-253046.0
21
143070.0
31
0
0
LINE
8
lighting
10
-253034.0
20
142530.0
30
0
11
-253034.0
21
143070.0
31
0
0
LINE
8
lighting
10
-253046.0
20
142530.0
30
0
11
-253034.0
21
142530.0
31
0
0
LINE
8
lighting
10
-253046.0
20
143070.0
30
0
11
-253034.0
21
143070.0
31
0
0
LINE
8
lighting
10
-252966.0
20
142530.0
30
0
11
-252966.0
21
143070.0
31
0
0
LINE
8
lighting
10
-252954.0
20
142530.0
30
0
11
-252954.0
21
143070.0
31
0
0
LINE
8
lighting
10
-252966.0
20
142530.0
30
0
11
-252954.0
21
142530.0
31
0
0
LINE
8
lighting
10
-252966.0
20
143070.0
30
0
11
-252954.0
21
143070.0
31
0
0
LINE
8
lighting
10
-253191.0
20
142800.0
30
0
11
-253204.5
21
142807.79
31
0
0
LINE
8
lighting
10
-253204.5
20
142807.79
30
0
11
-253204.5
21
142792.21
31
0
0
LINE
8
lighting
10
-253204.5
20
142792.21
30
0
11
-253191.0
21
142800.0
31
0
0
LINE
8
lighting
10
-264320.0
20
142480.0
30
0
11
-264320.0
21
143120.0
31
0
0
LINE
8
lighting
10
-263680.0
20
142480.0
30
0
11
-263680.0
21
143120.0
31
0
0
LINE
8
lighting
10
-264320.0
20
142480.0
30
0
11
-263680.0
21
142480.0
31
0
0
LINE
8
lighting
10
-264320.0
20
143120.0
30
0
11
-263680.0
21
143120.0
31
0
0
LINE
8
lighting
10
-264280.0
20
142520.0
30
0
11
-264280.0
21
143080.0
31
0
0
LINE
8
lighting
10
-263720.0
20
142520.0
30
0
11
-263720.0
21
143080.0
31
0
0
LINE
8
lighting
10
-264280.0
20
142520.0
30
0
11
-263720.0
21
142520.0
31
0
0
LINE
8
lighting
10
-264280.0
20
143080.0
30
0
11
-263720.0
21
143080.0
31
0
0
LINE
8
lighting
10
-264246.0
20
142530.0
30
0
11
-264246.0
21
143070.0
31
0
0
LINE
8
lighting
10
-264234.0
20
142530.0
30
0
11
-264234.0
21
143070.0
31
0
0
LINE
8
lighting
10
-264246.0
20
142530.0
30
0
11
-264234.0
21
142530.0
31
0
0
LINE
8
lighting
10
-264246.0
20
143070.0
30
0
11
-264234.0
21
143070.0
31
0
0
LINE
8
lighting
10
-264166.0
20
142530.0
30
0
11
-264166.0
21
143070.0
31
0
0
LINE
8
lighting
10
-264154.0
20
142530.0
30
0
11
-264154.0
21
143070.0
31
0
0
LINE
8
lighting
10
-264166.0
20
142530.0
30
0
11
-264154.0
21
142530.0
31
0
0
LINE
8
lighting
10
-264166.0
20
143070.0
30
0
11
-264154.0
21
143070.0
31
0
0
LINE
8
lighting
10
-264086.0
20
142530.0
30
0
11
-264086.0
21
143070.0
31
0
0
LINE
8
lighting
10
-264074.0
20
142530.0
30
0
11
-264074.0
21
143070.0
31
0
0
LINE
8
lighting
10
-264086.0
20
142530.0
30
0
11
-264074.0
21
142530.0
31
0
0
LINE
8
lighting
10
-264086.0
20
143070.0
30
0
11
-264074.0
21
143070.0
31
0
0
LINE
8
lighting
10
-264006.0
20
142530.0
30
0
11
-264006.0
21
143070.0
31
0
0
LINE
8
lighting
10
-263994.0
20
142530.0
30
0
11
-263994.0
21
143070.0
31
0
0
LINE
8
lighting
10
-264006.0
20
142530.0
30
0
11
-263994.0
21
142530.0
31
0
0
LINE
8
lighting
10
-264006.0
20
143070.0
30
0
11
-263994.0
21
143070.0
31
0
0
LINE
8
lighting
10
-263926.0
20
142530.0
30
0
11
-263926.0
21
143070.0
31
0
0
LINE
8
lighting
10
-263914.0
20
142530.0
30
0
11
-263914.0
21
143070.0
31
0
0
LINE
8
lighting
10
-263926.0
20
142530.0
30
0
11
-263914.0
21
142530.0
31
0
0
LINE
8
lighting
10
-263926.0
20
143070.0
30
0
11
-263914.0
21
143070.0
31
0
0
LINE
8
lighting
10
-263846.0
20
142530.0
30
0
11
-263846.0
21
143070.0
31
0
0
LINE
8
lighting
10
-263834.0
20
142530.0
30
0
11
-263834.0
21
143070.0
31
0
0
LINE
8
lighting
10
-263846.0
20
142530.0
30
0
11
-263834.0
21
142530.0
31
0
0
LINE
8
lighting
10
-263846.0
20
143070.0
30
0
11
-263834.0
21
143070.0
31
0
0
LINE
8
lighting
10
-263766.0
20
142530.0
30
0
11
-263766.0
21
143070.0
31
0
0
LINE
8
lighting
10
-263754.0
20
142530.0
30
0
11
-263754.0
21
143070.0
31
0
0
LINE
8
lighting
10
-263766.0
20
142530.0
30
0
11
-263754.0
21
142530.0
31
0
0
LINE
8
lighting
10
-263766.0
20
143070.0
30
0
11
-263754.0
21
143070.0
31
0
0
LINE
8
lighting
10
-263991.0
20
142800.0
30
0
11
-264004.5
21
142807.79
31
0
0
LINE
8
lighting
10
-264004.5
20
142807.79
30
0
11
-264004.5
21
142792.21
31
0
0
LINE
8
lighting
10
-264004.5
20
142792.21
30
0
11
-263991.0
21
142800.0
31
0
0
LINE
8
electrical
10
-274800.0
20
128880.0
30
0
11
-274800.0
21
128872.21
31
0
0
LINE
8
electrical
10
-274800.0
20
128872.21
30
0
11
-274800.0
21
128887.79
31
0
0
LINE
8
electrical
10
-274800.0
20
128887.79
30
0
11
-274800.0
21
128880.0
31
0
0
LINE
8
electrical
10
-249450.0
20
128880.0
30
0
11
-274800.0
21
128880.0
31
0
0
LINE
8
electrical
10
-249450.0
20
128880.0
30
0
11
-249450.0
21
128872.21
31
0
0
LINE
8
electrical
10
-249450.0
20
128872.21
30
0
11
-249450.0
21
128887.79
31
0
0
LINE
8
electrical
10
-249450.0
20
128887.79
30
0
11
-249450.0
21
128880.0
31
0
0
LINE
8
electrical
10
-274800.0
20
142800.0
30
0
11
-274792.21
21
142800.0
31
0
0
LINE
8
electrical
10
-274792.21
20
142800.0
30
0
11
-274807.79
21
142800.0
31
0
0
LINE
8
electrical
10
-274807.79
20
142800.0
30
0
11
-274800.0
21
142800.0
31
0
0
LINE
8
electrical
10
-274800.0
20
128880.0
30
0
11
-274800.0
21
142800.0
31
0
0
LINE
8
electrical
10
-274800.0
20
128880.0
30
0
11
-274792.21
21
128880.0
31
0
0
LINE
8
electrical
10
-274792.21
20
128880.0
30
0
11
-274807.79
21
128880.0
31
0
0
LINE
8
electrical
10
-274807.79
20
128880.0
30
0
11
-274800.0
21
128880.0
31
0
0
LINE
8
electrical
10
-253200.0
20
142800.0
30
0
11
-253192.21
21
142800.0
31
0
0
LINE
8
electrical
10
-253192.21
20
142800.0
30
0
11
-253207.79
21
142800.0
31
0
0
LINE
8
electrical
10
-253207.79
20
142800.0
30
0
11
-253200.0
21
142800.0
31
0
0
LINE
8
electrical
10
-253200.0
20
128880.0
30
0
11
-253200.0
21
142800.0
31
0
0
LINE
8
electrical
10
-253200.0
20
128880.0
30
0
11
-253192.21
21
128880.0
31
0
0
LINE
8
electrical
10
-253192.21
20
128880.0
30
0
11
-253207.79
21
128880.0
31
0
0
LINE
8
electrical
10
-253207.79
20
128880.0
30
0
11
-253200.0
21
128880.0
31
0
0
LINE
8
electrical
10
-264000.0
20
142800.0
30
0
11
-263992.21
21
142800.0
31
0
0
LINE
8
electrical
10
-263992.21
20
142800.0
30
0
11
-264007.79
21
142800.0
31
0
0
LINE
8
electrical
10
-264007.79
20
142800.0
30
0
11
-264000.0
21
142800.0
31
0
0
LINE
8
electrical
10
-264000.0
20
128880.0
30
0
11
-264000.0
21
142800.0
31
0
0
LINE
8
electrical
10
-264000.0
20
128880.0
30
0
11
-263992.21
21
128880.0
31
0
0
LINE
8
electrical
10
-263992.21
20
128880.0
30
0
11
-264007.79
21
128880.0
31
0
0
LINE
8
electrical
10
-264007.79
20
128880.0
30
0
11
-264000.0
21
128880.0
31
0
0
LINE
8
electrical
10
-249437.0
20
126200.0
30
0
11
-249456.5
21
126211.26
31
0
0
LINE
8
electrical
10
-249456.5
20
126211.26
30
0
11
-249456.5
21
126188.74
31
0
0
LINE
8
electrical
10
-249456.5
20
126188.74
30
0
11
-249437.0
21
126200.0
31
0
0
LINE
8
electrical
10
-253507.17
20
128869.16
30
0
11
-253496.41
21
128885.42
31
0
0
LINE
8
electrical
10
-253496.41
20
128885.42
30
0
11
-253496.41
21
128885.42
31
0
0
LINE
8
electrical
10
-253496.41
20
128885.42
30
0
11
-253507.17
21
128869.16
31
0
0
LINE
8
electrical
10
-249457.17
20
126189.16
30
0
11
-253507.17
21
128869.16
31
0
0
LINE
8
electrical
10
-249457.17
20
126189.16
30
0
11
-249446.41
21
126205.42
31
0
0
LINE
8
electrical
10
-249446.41
20
126205.42
30
0
11
-249446.41
21
126205.42
31
0
0
LINE
8
electrical
10
-249446.41
20
126205.42
30
0
11
-249457.17
21
126189.16
31
0
0
LINE
8
electrical
10
-274500.0
20
128880.0
30
0
11
-274500.0
21
128868.74
31
0
0
LINE
8
electrical
10
-274500.0
20
128868.74
30
0
11
-274500.0
21
128891.26
31
0
0
LINE
8
electrical
10
-274500.0
20
128891.26
30
0
11
-274500.0
21
128880.0
31
0
0
LINE
8
electrical
10
-253500.0
20
128880.0
30
0
11
-274500.0
21
128880.0
31
0
0
LINE
8
electrical
10
-253500.0
20
128880.0
30
0
11
-253500.0
21
128868.74
31
0
0
LINE
8
electrical
10
-253500.0
20
128868.74
30
0
11
-253500.0
21
128891.26
31
0
0
LINE
8
electrical
10
-253500.0
20
128891.26
30
0
11
-253500.0
21
128880.0
31
0
0
LINE
8
electrical
10
-249450.0
20
126200.0
30
0
11
-249435.96
21
126200.0
31
0
0
LINE
8
electrical
10
-249435.96
20
126200.0
30
0
11
-249450.0
21
126200.0
31
0
0
LINE
8
electrical
10
-253500.0
20
128880.0
30
0
11
-253485.96
21
128880.0
31
0
0
LINE
8
electrical
10
-253485.96
20
128880.0
30
0
11
-253500.0
21
128880.0
31
0
0
LINE
8
electrical
10
-249437.0
20
126200.0
30
0
11
-249456.5
21
126211.26
31
0
0
LINE
8
electrical
10
-249456.5
20
126211.26
30
0
11
-249456.5
21
126188.74
31
0
0
LINE
8
electrical
10
-249456.5
20
126188.74
30
0
11
-249437.0
21
126200.0
31
0
0
LINE
8
electrical
10
-253507.39
20
128989.31
30
0
11
-253496.3
21
129005.35
31
0
0
LINE
8
electrical
10
-253496.3
20
129005.35
30
0
11
-253496.3
21
129005.35
31
0
0
LINE
8
electrical
10
-253496.3
20
129005.35
30
0
11
-253507.39
21
128989.31
31
0
0
LINE
8
electrical
10
-249457.39
20
126189.31
30
0
11
-253507.39
21
128989.31
31
0
0
LINE
8
electrical
10
-249457.39
20
126189.31
30
0
11
-249446.3
21
126205.35
31
0
0
LINE
8
electrical
10
-249446.3
20
126205.35
30
0
11
-249446.3
21
126205.35
31
0
0
LINE
8
electrical
10
-249446.3
20
126205.35
30
0
11
-249457.39
21
126189.31
31
0
0
LINE
8
electrical
10
-274500.0
20
129000.0
30
0
11
-274500.0
21
128988.74
31
0
0
LINE
8
electrical
10
-274500.0
20
128988.74
30
0
11
-274500.0
21
129011.26
31
0
0
LINE
8
electrical
10
-274500.0
20
129011.26
30
0
11
-274500.0
21
129000.0
31
0
0
LINE
8
electrical
10
-253500.0
20
129000.0
30
0
11
-274500.0
21
129000.0
31
0
0
LINE
8
electrical
10
-253500.0
20
129000.0
30
0
11
-253500.0
21
128988.74
31
0
0
LINE
8
electrical
10
-253500.0
20
128988.74
30
0
11
-253500.0
21
129011.26
31
0
0
LINE
8
electrical
10
-253500.0
20
129011.26
30
0
11
-253500.0
21
129000.0
31
0
0
LINE
8
electrical
10
-249450.0
20
126200.0
30
0
11
-249435.96
21
126200.0
31
0
0
LINE
8
electrical
10
-249435.96
20
126200.0
30
0
11
-249450.0
21
126200.0
31
0
0
LINE
8
electrical
10
-253500.0
20
129000.0
30
0
11
-253485.96
21
129000.0
31
0
0
LINE
8
electrical
10
-253485.96
20
129000.0
30
0
11
-253500.0
21
129000.0
31
0
0
LINE
8
electrical
10
-249437.0
20
126200.0
30
0
11
-249456.5
21
126211.26
31
0
0
LINE
8
electrical
10
-249456.5
20
126211.26
30
0
11
-249456.5
21
126188.74
31
0
0
LINE
8
electrical
10
-249456.5
20
126188.74
30
0
11
-249437.0
21
126200.0
31
0
0
LINE
8
electrical
10
-253507.6
20
129109.45
30
0
11
-253496.2
21
129125.27
31
0
0
LINE
8
electrical
10
-253496.2
20
129125.27
30
0
11
-253496.2
21
129125.27
31
0
0
LINE
8
electrical
10
-253496.2
20
129125.27
30
0
11
-253507.6
21
129109.45
31
0
0
LINE
8
electrical
10
-249457.6
20
126189.45
30
0
11
-253507.6
21
129109.45
31
0
0
LINE
8
electrical
10
-249457.6
20
126189.45
30
0
11
-249446.2
21
126205.27
31
0
0
LINE
8
electrical
10
-249446.2
20
126205.27
30
0
11
-249446.2
21
126205.27
31
0
0
LINE
8
electrical
10
-249446.2
20
126205.27
30
0
11
-249457.6
21
126189.45
31
0
0
LINE
8
electrical
10
-274500.0
20
129120.0
30
0
11
-274500.0
21
129108.74
31
0
0
LINE
8
electrical
10
-274500.0
20
129108.74
30
0
11
-274500.0
21
129131.26
31
0
0
LINE
8
electrical
10
-274500.0
20
129131.26
30
0
11
-274500.0
21
129120.0
31
0
0
LINE
8
electrical
10
-253500.0
20
129120.0
30
0
11
-274500.0
21
129120.0
31
0
0
LINE
8
electrical
10
-253500.0
20
129120.0
30
0
11
-253500.0
21
129108.74
31
0
0
LINE
8
electrical
10
-253500.0
20
129108.74
30
0
11
-253500.0
21
129131.26
31
0
0
LINE
8
electrical
10
-253500.0
20
129131.26
30
0
11
-253500.0
21
129120.0
31
0
0
LINE
8
electrical
10
-249450.0
20
126200.0
30
0
11
-249435.96
21
126200.0
31
0
0
LINE
8
electrical
10
-249435.96
20
126200.0
30
0
11
-249450.0
21
126200.0
31
0
0
LINE
8
electrical
10
-253500.0
20
129120.0
30
0
11
-253485.96
21
129120.0
31
0
0
LINE
8
electrical
10
-253485.96
20
129120.0
30
0
11
-253500.0
21
129120.0
31
0
0
LINE
8
electrical
10
-273065.0
20
126150.0
30
0
11
-273065.0
21
126210.0
31
0
0
LINE
8
electrical
10
-272935.0
20
126150.0
30
0
11
-272935.0
21
126210.0
31
0
0
LINE
8
electrical
10
-273065.0
20
126150.0
30
0
11
-272935.0
21
126150.0
31
0
0
LINE
8
electrical
10
-273065.0
20
126210.0
30
0
11
-272935.0
21
126210.0
31
0
0
LINE
8
electrical
10
-272991.0
20
126180.0
30
0
11
-273004.5
21
126187.79
31
0
0
LINE
8
electrical
10
-273004.5
20
126187.79
30
0
11
-273004.5
21
126172.21
31
0
0
LINE
8
electrical
10
-273004.5
20
126172.21
30
0
11
-272991.0
21
126180.0
31
0
0
LINE
8
electrical
10
-249450.0
20
126180.0
30
0
11
-249450.0
21
126172.21
31
0
0
LINE
8
electrical
10
-249450.0
20
126172.21
30
0
11
-249450.0
21
126187.79
31
0
0
LINE
8
electrical
10
-249450.0
20
126187.79
30
0
11
-249450.0
21
126180.0
31
0
0
LINE
8
electrical
10
-273000.0
20
126180.0
30
0
11
-249450.0
21
126180.0
31
0
0
LINE
8
electrical
10
-273000.0
20
126180.0
30
0
11
-273000.0
21
126172.21
31
0
0
LINE
8
electrical
10
-273000.0
20
126172.21
30
0
11
-273000.0
21
126187.79
31
0
0
LINE
8
electrical
10
-273000.0
20
126187.79
30
0
11
-273000.0
21
126180.0
31
0
0
LINE
8
electrical
10
-273000.0
20
126180.0
30
0
11
-272990.28
21
126180.0
31
0
0
LINE
8
electrical
10
-272990.28
20
126180.0
30
0
11
-273000.0
21
126180.0
31
0
0
LINE
8
electrical
10
-255065.0
20
126150.0
30
0
11
-255065.0
21
126210.0
31
0
0
LINE
8
electrical
10
-254935.0
20
126150.0
30
0
11
-254935.0
21
126210.0
31
0
0
LINE
8
electrical
10
-255065.0
20
126150.0
30
0
11
-254935.0
21
126150.0
31
0
0
LINE
8
electrical
10
-255065.0
20
126210.0
30
0
11
-254935.0
21
126210.0
31
0
0
LINE
8
electrical
10
-254991.0
20
126180.0
30
0
11
-255004.5
21
126187.79
31
0
0
LINE
8
electrical
10
-255004.5
20
126187.79
30
0
11
-255004.5
21
126172.21
31
0
0
LINE
8
electrical
10
-255004.5
20
126172.21
30
0
11
-254991.0
21
126180.0
31
0
0
LINE
8
electrical
10
-249450.0
20
126180.0
30
0
11
-249450.0
21
126172.21
31
0
0
LINE
8
electrical
10
-249450.0
20
126172.21
30
0
11
-249450.0
21
126187.79
31
0
0
LINE
8
electrical
10
-249450.0
20
126187.79
30
0
11
-249450.0
21
126180.0
31
0
0
LINE
8
electrical
10
-255000.0
20
126180.0
30
0
11
-249450.0
21
126180.0
31
0
0
LINE
8
electrical
10
-255000.0
20
126180.0
30
0
11
-255000.0
21
126172.21
31
0
0
LINE
8
electrical
10
-255000.0
20
126172.21
30
0
11
-255000.0
21
126187.79
31
0
0
LINE
8
electrical
10
-255000.0
20
126187.79
30
0
11
-255000.0
21
126180.0
31
0
0
LINE
8
electrical
10
-255000.0
20
126180.0
30
0
11
-254990.28
21
126180.0
31
0
0
LINE
8
electrical
10
-254990.28
20
126180.0
30
0
11
-255000.0
21
126180.0
31
0
0
LINE
8
hvac
10
-278525.0
20
126725.0
30
0
11
-278525.0
21
127475.0
31
0
0
LINE
8
hvac
10
-276875.0
20
126725.0
30
0
11
-276875.0
21
127475.0
31
0
0
LINE
8
hvac
10
-278525.0
20
126725.0
30
0
11
-276875.0
21
126725.0
31
0
0
LINE
8
hvac
10
-278525.0
20
127475.0
30
0
11
-276875.0
21
127475.0
31
0
0
LINE
8
hvac
10
-278425.0
20
126680.0
30
0
11
-278425.0
21
126720.0
31
0
0
LINE
8
hvac
10
-276975.0
20
126680.0
30
0
11
-276975.0
21
126720.0
31
0
0
LINE
8
hvac
10
-278425.0
20
126680.0
30
0
11
-276975.0
21
126680.0
31
0
0
LINE
8
hvac
10
-278425.0
20
126720.0
30
0
11
-276975.0
21
126720.0
31
0
0
LINE
8
hvac
10
-278360.0
20
126640.0
30
0
11
-278360.0
21
126700.0
31
0
0
LINE
8
hvac
10
-278320.0
20
126640.0
30
0
11
-278320.0
21
126700.0
31
0
0
LINE
8
hvac
10
-278360.0
20
126640.0
30
0
11
-278320.0
21
126640.0
31
0
0
LINE
8
hvac
10
-278360.0
20
126700.0
30
0
11
-278320.0
21
126700.0
31
0
0
LINE
8
hvac
10
-278200.0
20
126640.0
30
0
11
-278200.0
21
126700.0
31
0
0
LINE
8
hvac
10
-278160.0
20
126640.0
30
0
11
-278160.0
21
126700.0
31
0
0
LINE
8
hvac
10
-278200.0
20
126640.0
30
0
11
-278160.0
21
126640.0
31
0
0
LINE
8
hvac
10
-278200.0
20
126700.0
30
0
11
-278160.0
21
126700.0
31
0
0
LINE
8
hvac
10
-278040.0
20
126640.0
30
0
11
-278040.0
21
126700.0
31
0
0
LINE
8
hvac
10
-278000.0
20
126640.0
30
0
11
-278000.0
21
126700.0
31
0
0
LINE
8
hvac
10
-278040.0
20
126640.0
30
0
11
-278000.0
21
126640.0
31
0
0
LINE
8
hvac
10
-278040.0
20
126700.0
30
0
11
-278000.0
21
126700.0
31
0
0
LINE
8
hvac
10
-277880.0
20
126640.0
30
0
11
-277880.0
21
126700.0
31
0
0
LINE
8
hvac
10
-277840.0
20
126640.0
30
0
11
-277840.0
21
126700.0
31
0
0
LINE
8
hvac
10
-277880.0
20
126640.0
30
0
11
-277840.0
21
126640.0
31
0
0
LINE
8
hvac
10
-277880.0
20
126700.0
30
0
11
-277840.0
21
126700.0
31
0
0
LINE
8
hvac
10
-277720.0
20
126640.0
30
0
11
-277720.0
21
126700.0
31
0
0
LINE
8
hvac
10
-277680.0
20
126640.0
30
0
11
-277680.0
21
126700.0
31
0
0
LINE
8
hvac
10
-277720.0
20
126640.0
30
0
11
-277680.0
21
126640.0
31
0
0
LINE
8
hvac
10
-277720.0
20
126700.0
30
0
11
-277680.0
21
126700.0
31
0
0
LINE
8
hvac
10
-277560.0
20
126640.0
30
0
11
-277560.0
21
126700.0
31
0
0
LINE
8
hvac
10
-277520.0
20
126640.0
30
0
11
-277520.0
21
126700.0
31
0
0
LINE
8
hvac
10
-277560.0
20
126640.0
30
0
11
-277520.0
21
126640.0
31
0
0
LINE
8
hvac
10
-277560.0
20
126700.0
30
0
11
-277520.0
21
126700.0
31
0
0
LINE
8
hvac
10
-277400.0
20
126640.0
30
0
11
-277400.0
21
126700.0
31
0
0
LINE
8
hvac
10
-277360.0
20
126640.0
30
0
11
-277360.0
21
126700.0
31
0
0
LINE
8
hvac
10
-277400.0
20
126640.0
30
0
11
-277360.0
21
126640.0
31
0
0
LINE
8
hvac
10
-277400.0
20
126700.0
30
0
11
-277360.0
21
126700.0
31
0
0
LINE
8
hvac
10
-277240.0
20
126640.0
30
0
11
-277240.0
21
126700.0
31
0
0
LINE
8
hvac
10
-277200.0
20
126640.0
30
0
11
-277200.0
21
126700.0
31
0
0
LINE
8
hvac
10
-277240.0
20
126640.0
30
0
11
-277200.0
21
126640.0
31
0
0
LINE
8
hvac
10
-277240.0
20
126700.0
30
0
11
-277200.0
21
126700.0
31
0
0
LINE
8
hvac
10
-277080.0
20
126640.0
30
0
11
-277080.0
21
126700.0
31
0
0
LINE
8
hvac
10
-277040.0
20
126640.0
30
0
11
-277040.0
21
126700.0
31
0
0
LINE
8
hvac
10
-277080.0
20
126640.0
30
0
11
-277040.0
21
126640.0
31
0
0
LINE
8
hvac
10
-277080.0
20
126700.0
30
0
11
-277040.0
21
126700.0
31
0
0
LINE
8
hvac
10
-277925.0
20
126875.0
30
0
11
-277925.0
21
127325.0
31
0
0
LINE
8
hvac
10
-277475.0
20
126875.0
30
0
11
-277475.0
21
127325.0
31
0
0
LINE
8
hvac
10
-277925.0
20
126875.0
30
0
11
-277475.0
21
126875.0
31
0
0
LINE
8
hvac
10
-277925.0
20
127325.0
30
0
11
-277475.0
21
127325.0
31
0
0
LINE
8
hvac
10
-274500.0
20
135825.0
30
0
11
-274500.0
21
136175.0
31
0
0
LINE
8
hvac
10
-253500.0
20
135825.0
30
0
11
-253500.0
21
136175.0
31
0
0
LINE
8
hvac
10
-274500.0
20
135825.0
30
0
11
-253500.0
21
135825.0
31
0
0
LINE
8
hvac
10
-274500.0
20
136175.0
30
0
11
-253500.0
21
136175.0
31
0
0
LINE
8
hvac
10
-277875.0
20
126925.0
30
0
11
-277875.0
21
127275.0
31
0
0
LINE
8
hvac
10
-263825.0
20
126925.0
30
0
11
-263825.0
21
127275.0
31
0
0
LINE
8
hvac
10
-277875.0
20
126925.0
30
0
11
-263825.0
21
126925.0
31
0
0
LINE
8
hvac
10
-277875.0
20
127275.0
30
0
11
-263825.0
21
127275.0
31
0
0
LINE
8
hvac
10
-264175.0
20
126925.0
30
0
11
-264175.0
21
136175.0
31
0
0
LINE
8
hvac
10
-263825.0
20
126925.0
30
0
11
-263825.0
21
136175.0
31
0
0
LINE
8
hvac
10
-264175.0
20
126925.0
30
0
11
-263825.0
21
126925.0
31
0
0
LINE
8
hvac
10
-264175.0
20
136175.0
30
0
11
-263825.0
21
136175.0
31
0
0
LINE
8
hvac
10
-270350.0
20
135650.0
30
0
11
-270350.0
21
136350.0
31
0
0
LINE
8
hvac
10
-269650.0
20
135650.0
30
0
11
-269650.0
21
136350.0
31
0
0
LINE
8
hvac
10
-270350.0
20
135650.0
30
0
11
-269650.0
21
135650.0
31
0
0
LINE
8
hvac
10
-270350.0
20
136350.0
30
0
11
-269650.0
21
136350.0
31
0
0
LINE
8
hvac
10
-258350.0
20
135650.0
30
0
11
-258350.0
21
136350.0
31
0
0
LINE
8
hvac
10
-257650.0
20
135650.0
30
0
11
-257650.0
21
136350.0
31
0
0
LINE
8
hvac
10
-258350.0
20
135650.0
30
0
11
-257650.0
21
135650.0
31
0
0
LINE
8
hvac
10
-258350.0
20
136350.0
30
0
11
-257650.0
21
136350.0
31
0
0
LINE
8
sensors
10
-278960.0
20
130320.0
30
0
11
-278960.0
21
130480.0
31
0
0
LINE
8
sensors
10
-278860.0
20
130320.0
30
0
11
-278860.0
21
130480.0
31
0
0
LINE
8
sensors
10
-278960.0
20
130320.0
30
0
11
-278860.0
21
130320.0
31
0
0
LINE
8
sensors
10
-278960.0
20
130480.0
30
0
11
-278860.0
21
130480.0
31
0
0
LINE
8
sensors
10
-278855.0
20
130345.0
30
0
11
-278855.0
21
130455.0
31
0
0
LINE
8
sensors
10
-278835.0
20
130345.0
30
0
11
-278835.0
21
130455.0
31
0
0
LINE
8
sensors
10
-278855.0
20
130345.0
30
0
11
-278835.0
21
130345.0
31
0
0
LINE
8
sensors
10
-278855.0
20
130455.0
30
0
11
-278835.0
21
130455.0
31
0
0
LINE
8
sensors
10
-278960.0
20
130620.0
30
0
11
-278960.0
21
130780.0
31
0
0
LINE
8
sensors
10
-278860.0
20
130620.0
30
0
11
-278860.0
21
130780.0
31
0
0
LINE
8
sensors
10
-278960.0
20
130620.0
30
0
11
-278860.0
21
130620.0
31
0
0
LINE
8
sensors
10
-278960.0
20
130780.0
30
0
11
-278860.0
21
130780.0
31
0
0
LINE
8
sensors
10
-278855.0
20
130645.0
30
0
11
-278855.0
21
130755.0
31
0
0
LINE
8
sensors
10
-278835.0
20
130645.0
30
0
11
-278835.0
21
130755.0
31
0
0
LINE
8
sensors
10
-278855.0
20
130645.0
30
0
11
-278835.0
21
130645.0
31
0
0
LINE
8
sensors
10
-278855.0
20
130755.0
30
0
11
-278835.0
21
130755.0
31
0
0
LINE
8
sensors
10
-278960.0
20
130920.0
30
0
11
-278960.0
21
131080.0
31
0
0
LINE
8
sensors
10
-278860.0
20
130920.0
30
0
11
-278860.0
21
131080.0
31
0
0
LINE
8
sensors
10
-278960.0
20
130920.0
30
0
11
-278860.0
21
130920.0
31
0
0
LINE
8
sensors
10
-278960.0
20
131080.0
30
0
11
-278860.0
21
131080.0
31
0
0
LINE
8
sensors
10
-278855.0
20
130945.0
30
0
11
-278855.0
21
131055.0
31
0
0
LINE
8
sensors
10
-278835.0
20
130945.0
30
0
11
-278835.0
21
131055.0
31
0
0
LINE
8
sensors
10
-278855.0
20
130945.0
30
0
11
-278835.0
21
130945.0
31
0
0
LINE
8
sensors
10
-278855.0
20
131055.0
30
0
11
-278835.0
21
131055.0
31
0
0
LINE
8
sensors
10
-263920.0
20
136000.0
30
0
11
-264000.0
21
136080.0
31
0
0
LINE
8
sensors
10
-264000.0
20
136080.0
30
0
11
-264080.0
21
136000.0
31
0
0
LINE
8
sensors
10
-264080.0
20
136000.0
30
0
11
-264000.0
21
135920.0
31
0
0
LINE
8
sensors
10
-264000.0
20
135920.0
30
0
11
-263920.0
21
136000.0
31
0
0
LINE
8
sensors
10
-264000.0
20
136000.0
30
0
11
-263935.0
21
136000.0
31
0
0
LINE
8
sensors
10
-263935.0
20
136000.0
30
0
11
-264000.0
21
136000.0
31
0
0
LINE
8
sensors
10
-278960.0
20
131520.0
30
0
11
-278960.0
21
131680.0
31
0
0
LINE
8
sensors
10
-278860.0
20
131520.0
30
0
11
-278860.0
21
131680.0
31
0
0
LINE
8
sensors
10
-278960.0
20
131520.0
30
0
11
-278860.0
21
131520.0
31
0
0
LINE
8
sensors
10
-278960.0
20
131680.0
30
0
11
-278860.0
21
131680.0
31
0
0
LINE
8
sensors
10
-278855.0
20
131545.0
30
0
11
-278855.0
21
131655.0
31
0
0
LINE
8
sensors
10
-278835.0
20
131545.0
30
0
11
-278835.0
21
131655.0
31
0
0
LINE
8
sensors
10
-278855.0
20
131545.0
30
0
11
-278835.0
21
131545.0
31
0
0
LINE
8
sensors
10
-278855.0
20
131655.0
30
0
11
-278835.0
21
131655.0
31
0
0
ENDSEC
0
EOF
