0
SECTION
2
HEADER
9
$ACADVER
1
AC1015
9
$INSUNITS
70
4
0
ENDSEC
0
SECTION
2
ENTITIES
0
LINE
8
electrical
10
233050.0
20
121875.0
30
0
11
233050.0
21
122125.0
31
0
0
LINE
8
electrical
10
233950.0
20
121875.0
30
0
11
233950.0
21
122125.0
31
0
0
LINE
8
electrical
10
233050.0
20
121875.0
30
0
11
233950.0
21
121875.0
31
0
0
LINE
8
electrical
10
233050.0
20
122125.0
30
0
11
233950.0
21
122125.0
31
0
0
LINE
8
electrical
10
233090.0
20
121847.5
30
0
11
233090.0
21
121882.5
31
0
0
LINE
8
electrical
10
233910.0
20
121847.5
30
0
11
233910.0
21
121882.5
31
0
0
LINE
8
electrical
10
233090.0
20
121847.5
30
0
11
233910.0
21
121847.5
31
0
0
LINE
8
electrical
10
233090.0
20
121882.5
30
0
11
233910.0
21
121882.5
31
0
0
LINE
8
electrical
10
233225.0
20
121810.0
30
0
11
233225.0
21
121850.0
31
0
0
LINE
8
electrical
10
233325.0
20
121810.0
30
0
11
233325.0
21
121850.0
31
0
0
LINE
8
electrical
10
233225.0
20
121810.0
30
0
11
233325.0
21
121810.0
31
0
0
LINE
8
electrical
10
233225.0
20
121850.0
30
0
11
233325.0
21
121850.0
31
0
0
LINE
8
electrical
10
233450.0
20
121810.0
30
0
11
233450.0
21
121850.0
31
0
0
LINE
8
electrical
10
233550.0
20
121810.0
30
0
11
233550.0
21
121850.0
31
0
0
LINE
8
electrical
10
233450.0
20
121810.0
30
0
11
233550.0
21
121810.0
31
0
0
LINE
8
electrical
10
233450.0
20
121850.0
30
0
11
233550.0
21
121850.0
31
0
0
LINE
8
electrical
10
233675.0
20
121810.0
30
0
11
233675.0
21
121850.0
31
0
0
LINE
8
electrical
10
233775.0
20
121810.0
30
0
11
233775.0
21
121850.0
31
0
0
LINE
8
electrical
10
233675.0
20
121810.0
30
0
11
233775.0
21
121810.0
31
0
0
LINE
8
electrical
10
233675.0
20
121850.0
30
0
11
233775.0
21
121850.0
31
0
0
LINE
8
electrical
10
233275.0
20
121795.0
30
0
11
233298.38
21
121795.0
31
0
0
LINE
8
electrical
10
233298.38
20
121795.0
30
0
11
233251.62
21
121795.0
31
0
0
LINE
8
electrical
10
233251.62
20
121795.0
30
0
11
233275.0
21
121795.0
31
0
0
LINE
8
electrical
10
233275.0
20
121820.0
30
0
11
233275.0
21
121795.0
31
0
0
LINE
8
electrical
10
233275.0
20
121820.0
30
0
11
233298.38
21
121820.0
31
0
0
LINE
8
electrical
10
233298.38
20
121820.0
30
0
11
233251.62
21
121820.0
31
0
0
LINE
8
electrical
10
233251.62
20
121820.0
30
0
11
233275.0
21
121820.0
31
0
0
LINE
8
electrical
10
233500.0
20
121795.0
30
0
11
233523.38
21
121795.0
31
0
0
LINE
8
electrical
10
233523.38
20
121795.0
30
0
11
233476.62
21
121795.0
31
0
0
LINE
8
electrical
10
233476.62
20
121795.0
30
0
11
233500.0
21
121795.0
31
0
0
LINE
8
electrical
10
233500.0
20
121820.0
30
0
11
233500.0
21
121795.0
31
0
0
LINE
8
electrical
10
233500.0
20
121820.0
30
0
11
233523.38
21
121820.0
31
0
0
LINE
8
electrical
10
233523.38
20
121820.0
30
0
11
233476.62
21
121820.0
31
0
0
LINE
8
electrical
10
233476.62
20
121820.0
30
0
11
233500.0
21
121820.0
31
0
0
LINE
8
electrical
10
233725.0
20
121795.0
30
0
11
233748.38
21
121795.0
31
0
0
LINE
8
electrical
10
233748.38
20
121795.0
30
0
11
233701.62
21
121795.0
31
0
0
LINE
8
electrical
10
233701.62
20
121795.0
30
0
11
233725.0
21
121795.0
31
0
0
LINE
8
electrical
10
233725.0
20
121820.0
30
0
11
233725.0
21
121795.0
31
0
0
LINE
8
electrical
10
233725.0
20
121820.0
30
0
11
233748.38
21
121820.0
31
0
0
LINE
8
electrical
10
233748.38
20
121820.0
30
0
11
233701.62
21
121820.0
31
0
0
LINE
8
electrical
10
233701.62
20
121820.0
30
0
11
233725.0
21
121820.0
31
0
0
LINE
8
water
10
236700.0
20
124000.0
30
0
11
236700.0
21
123925.0
31
0
0
LINE
8
water
10
236700.0
20
123925.0
30
0
11
236700.0
21
124000.0
31
0
0
LINE
8
water
10
236700.0
20
124000.0
30
0
11
236700.0
21
124075.0
31
0
0
LINE
8
water
10
236700.0
20
124075.0
30
0
11
236700.0
21
124000.0
31
0
0
LINE
8
water
10
236300.0
20
124000.0
30
0
11
236700.0
21
124000.0
31
0
0
LINE
8
water
10
236300.0
20
124000.0
30
0
11
236300.0
21
123925.0
31
0
0
LINE
8
water
10
236300.0
20
123925.0
30
0
11
236300.0
21
124000.0
31
0
0
LINE
8
water
10
236300.0
20
124000.0
30
0
11
236300.0
21
124075.0
31
0
0
LINE
8
water
10
236300.0
20
124075.0
30
0
11
236300.0
21
124000.0
31
0
0
LINE
8
water
10
236590.0
20
124000.0
30
0
11
236527.81
21
124085.6
31
0
0
LINE
8
water
10
236527.81
20
124085.6
30
0
11
236427.19
21
124052.9
31
0
0
LINE
8
water
10
236427.19
20
124052.9
30
0
11
236427.19
21
123947.1
31
0
0
LINE
8
water
10
236427.19
20
123947.1
30
0
11
236527.81
21
123914.4
31
0
0
LINE
8
water
10
236527.81
20
123914.4
30
0
11
236590.0
21
124000.0
31
0
0
LINE
8
water
10
236310.0
20
123975.0
30
0
11
236310.0
21
124025.0
31
0
0
LINE
8
water
10
236690.0
20
123975.0
30
0
11
236690.0
21
124025.0
31
0
0
LINE
8
water
10
236310.0
20
123975.0
30
0
11
236690.0
21
123975.0
31
0
0
LINE
8
water
10
236310.0
20
124025.0
30
0
11
236690.0
21
124025.0
31
0
0
LINE
8
water
10
236375.0
20
124000.0
30
0
11
236375.0
21
123895.38
31
0
0
LINE
8
water
10
236375.0
20
123895.38
30
0
11
236375.0
21
123935.34
31
0
0
LINE
8
water
10
236375.0
20
123935.34
30
0
11
236375.0
21
124064.66
31
0
0
LINE
8
water
10
236375.0
20
124064.66
30
0
11
236375.0
21
124104.62
31
0
0
LINE
8
water
10
236375.0
20
124104.62
30
0
11
236375.0
21
124000.0
31
0
0
LINE
8
water
10
236350.0
20
124000.0
30
0
11
236375.0
21
124000.0
31
0
0
LINE
8
water
10
236350.0
20
124000.0
30
0
11
236350.0
21
123895.38
31
0
0
LINE
8
water
10
236350.0
20
123895.38
30
0
11
236350.0
21
123935.34
31
0
0
LINE
8
water
10
236350.0
20
123935.34
30
0
11
236350.0
21
124064.66
31
0
0
LINE
8
water
10
236350.0
20
124064.66
30
0
11
236350.0
21
124104.62
31
0
0
LINE
8
water
10
236350.0
20
124104.62
30
0
11
236350.0
21
124000.0
31
0
0
LINE
8
water
10
236675.0
20
124000.0
30
0
11
236675.0
21
123895.38
31
0
0
LINE
8
water
10
236675.0
20
123895.38
30
0
11
236675.0
21
123935.34
31
0
0
LINE
8
water
10
236675.0
20
123935.34
30
0
11
236675.0
21
124064.66
31
0
0
LINE
8
water
10
236675.0
20
124064.66
30
0
11
236675.0
21
124104.62
31
0
0
LINE
8
water
10
236675.0
20
124104.62
30
0
11
236675.0
21
124000.0
31
0
0
LINE
8
water
10
236650.0
20
124000.0
30
0
11
236675.0
21
124000.0
31
0
0
LINE
8
water
10
236650.0
20
124000.0
30
0
11
236650.0
21
123895.38
31
0
0
LINE
8
water
10
236650.0
20
123895.38
30
0
11
236650.0
21
123935.34
31
0
0
LINE
8
water
10
236650.0
20
123935.34
30
0
11
236650.0
21
124064.66
31
0
0
LINE
8
water
10
236650.0
20
124064.66
30
0
11
236650.0
21
124104.62
31
0
0
LINE
8
water
10
236650.0
20
124104.62
30
0
11
236650.0
21
124000.0
31
0
0
LINE
8
water
10
236700.0
20
125000.0
30
0
11
236700.0
21
124925.0
31
0
0
LINE
8
water
10
236700.0
20
124925.0
30
0
11
236700.0
21
125000.0
31
0
0
LINE
8
water
10
236700.0
20
125000.0
30
0
11
236700.0
21
125075.0
31
0
0
LINE
8
water
10
236700.0
20
125075.0
30
0
11
236700.0
21
125000.0
31
0
0
LINE
8
water
10
236300.0
20
125000.0
30
0
11
236700.0
21
125000.0
31
0
0
LINE
8
water
10
236300.0
20
125000.0
30
0
11
236300.0
21
124925.0
31
0
0
LINE
8
water
10
236300.0
20
124925.0
30
0
11
236300.0
21
125000.0
31
0
0
LINE
8
water
10
236300.0
20
125000.0
30
0
11
236300.0
21
125075.0
31
0
0
LINE
8
water
10
236300.0
20
125075.0
30
0
11
236300.0
21
125000.0
31
0
0
LINE
8
water
10
236590.0
20
125000.0
30
0
11
236527.81
21
125085.6
31
0
0
LINE
8
water
10
236527.81
20
125085.6
30
0
11
236427.19
21
125052.9
31
0
0
LINE
8
water
10
236427.19
20
125052.9
30
0
11
236427.19
21
124947.1
31
0
0
LINE
8
water
10
236427.19
20
124947.1
30
0
11
236527.81
21
124914.4
31
0
0
LINE
8
water
10
236527.81
20
124914.4
30
0
11
236590.0
21
125000.0
31
0
0
LINE
8
water
10
236310.0
20
124975.0
30
0
11
236310.0
21
125025.0
31
0
0
LINE
8
water
10
236690.0
20
124975.0
30
0
11
236690.0
21
125025.0
31
0
0
LINE
8
water
10
236310.0
20
124975.0
30
0
11
236690.0
21
124975.0
31
0
0
LINE
8
water
10
236310.0
20
125025.0
30
0
11
236690.0
21
125025.0
31
0
0
LINE
8
water
10
236375.0
20
125000.0
30
0
11
236375.0
21
124895.38
31
0
0
LINE
8
water
10
236375.0
20
124895.38
30
0
11
236375.0
21
124935.34
31
0
0
LINE
8
water
10
236375.0
20
124935.34
30
0
11
236375.0
21
125064.66
31
0
0
LINE
8
water
10
236375.0
20
125064.66
30
0
11
236375.0
21
125104.62
31
0
0
LINE
8
water
10
236375.0
20
125104.62
30
0
11
236375.0
21
125000.0
31
0
0
LINE
8
water
10
236350.0
20
125000.0
30
0
11
236375.0
21
125000.0
31
0
0
LINE
8
water
10
236350.0
20
125000.0
30
0
11
236350.0
21
124895.38
31
0
0
LINE
8
water
10
236350.0
20
124895.38
30
0
11
236350.0
21
124935.34
31
0
0
LINE
8
water
10
236350.0
20
124935.34
30
0
11
236350.0
21
125064.66
31
0
0
LINE
8
water
10
236350.0
20
125064.66
30
0
11
236350.0
21
125104.62
31
0
0
LINE
8
water
10
236350.0
20
125104.62
30
0
11
236350.0
21
125000.0
31
0
0
LINE
8
water
10
236675.0
20
125000.0
30
0
11
236675.0
21
124895.38
31
0
0
LINE
8
water
10
236675.0
20
124895.38
30
0
11
236675.0
21
124935.34
31
0
0
LINE
8
water
10
236675.0
20
124935.34
30
0
11
236675.0
21
125064.66
31
0
0
LINE
8
water
10
236675.0
20
125064.66
30
0
11
236675.0
21
125104.62
31
0
0
LINE
8
water
10
236675.0
20
125104.62
30
0
11
236675.0
21
125000.0
31
0
0
LINE
8
water
10
236650.0
20
125000.0
30
0
11
236675.0
21
125000.0
31
0
0
LINE
8
water
10
236650.0
20
125000.0
30
0
11
236650.0
21
124895.38
31
0
0
LINE
8
water
10
236650.0
20
124895.38
30
0
11
236650.0
21
124935.34
31
0
0
LINE
8
water
10
236650.0
20
124935.34
30
0
11
236650.0
21
125064.66
31
0
0
LINE
8
water
10
236650.0
20
125064.66
30
0
11
236650.0
21
125104.62
31
0
0
LINE
8
water
10
236650.0
20
125104.62
30
0
11
236650.0
21
125000.0
31
0
0
LINE
8
water
10
237700.0
20
125275.0
30
0
11
237700.0
21
126125.0
31
0
0
LINE
8
water
10
239300.0
20
125275.0
30
0
11
239300.0
21
126125.0
31
0
0
LINE
8
water
10
237700.0
20
125275.0
30
0
11
239300.0
21
125275.0
31
0
0
LINE
8
water
10
237700.0
20
126125.0
30
0
11
239300.0
21
126125.0
31
0
0
LINE
8
water
10
238600.0
20
125700.0
30
0
11
238600.0
21
125528.0
31
0
0
LINE
8
water
10
238600.0
20
125528.0
30
0
11
238600.0
21
125485.52
31
0
0
LINE
8
water
10
238600.0
20
125485.52
30
0
11
238600.0
21
125604.55
31
0
0
LINE
8
water
10
238600.0
20
125604.55
30
0
11
238600.0
21
125795.45
31
0
0
LINE
8
water
10
238600.0
20
125795.45
30
0
11
238600.0
21
125914.48
31
0
0
LINE
8
water
10
238600.0
20
125914.48
30
0
11
238600.0
21
125872.0
31
0
0
LINE
8
water
10
238600.0
20
125872.0
30
0
11
238600.0
21
125700.0
31
0
0
LINE
8
water
10
237950.0
20
125700.0
30
0
11
238600.0
21
125700.0
31
0
0
LINE
8
water
10
237950.0
20
125700.0
30
0
11
237950.0
21
125528.0
31
0
0
LINE
8
water
10
237950.0
20
125528.0
30
0
11
237950.0
21
125485.52
31
0
0
LINE
8
water
10
237950.0
20
125485.52
30
0
11
237950.0
21
125604.55
31
0
0
LINE
8
water
10
237950.0
20
125604.55
30
0
11
237950.0
21
125795.45
31
0
0
LINE
8
water
10
237950.0
20
125795.45
30
0
11
237950.0
21
125914.48
31
0
0
LINE
8
water
10
237950.0
20
125914.48
30
0
11
237950.0
21
125872.0
31
0
0
LINE
8
water
10
237950.0
20
125872.0
30
0
11
237950.0
21
125700.0
31
0
0
LINE
8
water
10
238800.0
20
125700.0
30
0
11
239005.06
21
125700.0
31
0
0
LINE
8
water
10
239005.06
20
125700.0
30
0
11
239090.0
21
125700.0
31
0
0
LINE
8
water
10
239090.0
20
125700.0
30
0
11
239005.06
21
125700.0
31
0
0
LINE
8
water
10
239005.06
20
125700.0
30
0
11
238800.0
21
125700.0
31
0
0
LINE
8
water
10
238880.0
20
125700.0
30
0
11
238800.0
21
125780.0
31
0
0
LINE
8
water
10
238800.0
20
125780.0
30
0
11
238720.0
21
125700.0
31
0
0
LINE
8
water
10
238720.0
20
125700.0
30
0
11
238800.0
21
125620.0
31
0
0
LINE
8
water
10
238800.0
20
125620.0
30
0
11
238880.0
21
125700.0
31
0
0
LINE
8
water
10
237988.0
20
125700.0
30
0
11
237988.0
21
125516.27
31
0
0
LINE
8
water
10
237988.0
20
125516.27
30
0
11
237988.0
21
125470.89
31
0
0
LINE
8
water
10
237988.0
20
125470.89
30
0
11
237988.0
21
125598.04
31
0
0
LINE
8
water
10
237988.0
20
125598.04
30
0
11
237988.0
21
125801.96
31
0
0
LINE
8
water
10
237988.0
20
125801.96
30
0
11
237988.0
21
125929.11
31
0
0
LINE
8
water
10
237988.0
20
125929.11
30
0
11
237988.0
21
125883.73
31
0
0
LINE
8
water
10
237988.0
20
125883.73
30
0
11
237988.0
21
125700.0
31
0
0
LINE
8
water
10
237970.0
20
125700.0
30
0
11
237988.0
21
125700.0
31
0
0
LINE
8
water
10
237970.0
20
125700.0
30
0
11
237970.0
21
125516.27
31
0
0
LINE
8
water
10
237970.0
20
125516.27
30
0
11
237970.0
21
125470.89
31
0
0
LINE
8
water
10
237970.0
20
125470.89
30
0
11
237970.0
21
125598.04
31
0
0
LINE
8
water
10
237970.0
20
125598.04
30
0
11
237970.0
21
125801.96
31
0
0
LINE
8
water
10
237970.0
20
125801.96
30
0
11
237970.0
21
125929.11
31
0
0
LINE
8
water
10
237970.0
20
125929.11
30
0
11
237970.0
21
125883.73
31
0
0
LINE
8
water
10
237970.0
20
125883.73
30
0
11
237970.0
21
125700.0
31
0
0
LINE
8
water
10
238073.0
20
125700.0
30
0
11
238073.0
21
125516.27
31
0
0
LINE
8
water
10
238073.0
20
125516.27
30
0
11
238073.0
21
125470.89
31
0
0
LINE
8
water
10
238073.0
20
125470.89
30
0
11
238073.0
21
125598.04
31
0
0
LINE
8
water
10
238073.0
20
125598.04
30
0
11
238073.0
21
125801.96
31
0
0
LINE
8
water
10
238073.0
20
125801.96
30
0
11
238073.0
21
125929.11
31
0
0
LINE
8
water
10
238073.0
20
125929.11
30
0
11
238073.0
21
125883.73
31
0
0
LINE
8
water
10
238073.0
20
125883.73
30
0
11
238073.0
21
125700.0
31
0
0
LINE
8
water
10
238055.0
20
125700.0
30
0
11
238073.0
21
125700.0
31
0
0
LINE
8
water
10
238055.0
20
125700.0
30
0
11
238055.0
21
125516.27
31
0
0
LINE
8
water
10
238055.0
20
125516.27
30
0
11
238055.0
21
125470.89
31
0
0
LINE
8
water
10
238055.0
20
125470.89
30
0
11
238055.0
21
125598.04
31
0
0
LINE
8
water
10
238055.0
20
125598.04
30
0
11
238055.0
21
125801.96
31
0
0
LINE
8
water
10
238055.0
20
125801.96
30
0
11
238055.0
21
125929.11
31
0
0
LINE
8
water
10
238055.0
20
125929.11
30
0
11
238055.0
21
125883.73
31
0
0
LINE
8
water
10
238055.0
20
125883.73
30
0
11
238055.0
21
125700.0
31
0
0
LINE
8
water
10
238158.0
20
125700.0
30
0
11
238158.0
21
125516.27
31
0
0
LINE
8
water
10
238158.0
20
125516.27
30
0
11
238158.0
21
125470.89
31
0
0
LINE
8
water
10
238158.0
20
125470.89
30
0
11
238158.0
21
125598.04
31
0
0
LINE
8
water
10
238158.0
20
125598.04
30
0
11
238158.0
21
125801.96
31
0
0
LINE
8
water
10
238158.0
20
125801.96
30
0
11
238158.0
21
125929.11
31
0
0
LINE
8
water
10
238158.0
20
125929.11
30
0
11
238158.0
21
125883.73
31
0
0
LINE
8
water
10
238158.0
20
125883.73
30
0
11
238158.0
21
125700.0
31
0
0
LINE
8
water
10
238140.0
20
125700.0
30
0
11
238158.0
21
125700.0
31
0
0
LINE
8
water
10
238140.0
20
125700.0
30
0
11
238140.0
21
125516.27
31
0
0
LINE
8
water
10
238140.0
20
125516.27
30
0
11
238140.0
21
125470.89
31
0
0
LINE
8
water
10
238140.0
20
125470.89
30
0
11
238140.0
21
125598.04
31
0
0
LINE
8
water
10
238140.0
20
125598.04
30
0
11
238140.0
21
125801.96
31
0
0
LINE
8
water
10
238140.0
20
125801.96
30
0
11
238140.0
21
125929.11
31
0
0
LINE
8
water
10
238140.0
20
125929.11
30
0
11
238140.0
21
125883.73
31
0
0
LINE
8
water
10
238140.0
20
125883.73
30
0
11
238140.0
21
125700.0
31
0
0
LINE
8
water
10
238243.0
20
125700.0
30
0
11
238243.0
21
125516.27
31
0
0
LINE
8
water
10
238243.0
20
125516.27
30
0
11
238243.0
21
125470.89
31
0
0
LINE
8
water
10
238243.0
20
125470.89
30
0
11
238243.0
21
125598.04
31
0
0
LINE
8
water
10
238243.0
20
125598.04
30
0
11
238243.0
21
125801.96
31
0
0
LINE
8
water
10
238243.0
20
125801.96
30
0
11
238243.0
21
125929.11
31
0
0
LINE
8
water
10
238243.0
20
125929.11
30
0
11
238243.0
21
125883.73
31
0
0
LINE
8
water
10
238243.0
20
125883.73
30
0
11
238243.0
21
125700.0
31
0
0
LINE
8
water
10
238225.0
20
125700.0
30
0
11
238243.0
21
125700.0
31
0
0
LINE
8
water
10
238225.0
20
125700.0
30
0
11
238225.0
21
125516.27
31
0
0
LINE
8
water
10
238225.0
20
125516.27
30
0
11
238225.0
21
125470.89
31
0
0
LINE
8
water
10
238225.0
20
125470.89
30
0
11
238225.0
21
125598.04
31
0
0
LINE
8
water
10
238225.0
20
125598.04
30
0
11
238225.0
21
125801.96
31
0
0
LINE
8
water
10
238225.0
20
125801.96
30
0
11
238225.0
21
125929.11
31
0
0
LINE
8
water
10
238225.0
20
125929.11
30
0
11
238225.0
21
125883.73
31
0
0
LINE
8
water
10
238225.0
20
125883.73
30
0
11
238225.0
21
125700.0
31
0
0
LINE
8
water
10
238328.0
20
125700.0
30
0
11
238328.0
21
125516.27
31
0
0
LINE
8
water
10
238328.0
20
125516.27
30
0
11
238328.0
21
125470.89
31
0
0
LINE
8
water
10
238328.0
20
125470.89
30
0
11
238328.0
21
125598.04
31
0
0
LINE
8
water
10
238328.0
20
125598.04
30
0
11
238328.0
21
125801.96
31
0
0
LINE
8
water
10
238328.0
20
125801.96
30
0
11
238328.0
21
125929.11
31
0
0
LINE
8
water
10
238328.0
20
125929.11
30
0
11
238328.0
21
125883.73
31
0
0
LINE
8
water
10
238328.0
20
125883.73
30
0
11
238328.0
21
125700.0
31
0
0
LINE
8
water
10
238310.0
20
125700.0
30
0
11
238328.0
21
125700.0
31
0
0
LINE
8
water
10
238310.0
20
125700.0
30
0
11
238310.0
21
125516.27
31
0
0
LINE
8
water
10
238310.0
20
125516.27
30
0
11
238310.0
21
125470.89
31
0
0
LINE
8
water
10
238310.0
20
125470.89
30
0
11
238310.0
21
125598.04
31
0
0
LINE
8
water
10
238310.0
20
125598.04
30
0
11
238310.0
21
125801.96
31
0
0
LINE
8
water
10
238310.0
20
125801.96
30
0
11
238310.0
21
125929.11
31
0
0
LINE
8
water
10
238310.0
20
125929.11
30
0
11
238310.0
21
125883.73
31
0
0
LINE
8
water
10
238310.0
20
125883.73
30
0
11
238310.0
21
125700.0
31
0
0
LINE
8
water
10
238413.0
20
125700.0
30
0
11
238413.0
21
125516.27
31
0
0
LINE
8
water
10
238413.0
20
125516.27
30
0
11
238413.0
21
125470.89
31
0
0
LINE
8
water
10
238413.0
20
125470.89
30
0
11
238413.0
21
125598.04
31
0
0
LINE
8
water
10
238413.0
20
125598.04
30
0
11
238413.0
21
125801.96
31
0
0
LINE
8
water
10
238413.0
20
125801.96
30
0
11
238413.0
21
125929.11
31
0
0
LINE
8
water
10
238413.0
20
125929.11
30
0
11
238413.0
21
125883.73
31
0
0
LINE
8
water
10
238413.0
20
125883.73
30
0
11
238413.0
21
125700.0
31
0
0
LINE
8
water
10
238395.0
20
125700.0
30
0
11
238413.0
21
125700.0
31
0
0
LINE
8
water
10
238395.0
20
125700.0
30
0
11
238395.0
21
125516.27
31
0
0
LINE
8
water
10
238395.0
20
125516.27
30
0
11
238395.0
21
125470.89
31
0
0
LINE
8
water
10
238395.0
20
125470.89
30
0
11
238395.0
21
125598.04
31
0
0
LINE
8
water
10
238395.0
20
125598.04
30
0
11
238395.0
21
125801.96
31
0
0
LINE
8
water
10
238395.0
20
125801.96
30
0
11
238395.0
21
125929.11
31
0
0
LINE
8
water
10
238395.0
20
125929.11
30
0
11
238395.0
21
125883.73
31
0
0
LINE
8
water
10
238395.0
20
125883.73
30
0
11
238395.0
21
125700.0
31
0
0
LINE
8
water
10
238498.0
20
125700.0
30
0
11
238498.0
21
125516.27
31
0
0
LINE
8
water
10
238498.0
20
125516.27
30
0
11
238498.0
21
125470.89
31
0
0
LINE
8
water
10
238498.0
20
125470.89
30
0
11
238498.0
21
125598.04
31
0
0
LINE
8
water
10
238498.0
20
125598.04
30
0
11
238498.0
21
125801.96
31
0
0
LINE
8
water
10
238498.0
20
125801.96
30
0
11
238498.0
21
125929.11
31
0
0
LINE
8
water
10
238498.0
20
125929.11
30
0
11
238498.0
21
125883.73
31
0
0
LINE
8
water
10
238498.0
20
125883.73
30
0
11
238498.0
21
125700.0
31
0
0
LINE
8
water
10
238480.0
20
125700.0
30
0
11
238498.0
21
125700.0
31
0
0
LINE
8
water
10
238480.0
20
125700.0
30
0
11
238480.0
21
125516.27
31
0
0
LINE
8
water
10
238480.0
20
125516.27
30
0
11
238480.0
21
125470.89
31
0
0
LINE
8
water
10
238480.0
20
125470.89
30
0
11
238480.0
21
125598.04
31
0
0
LINE
8
water
10
238480.0
20
125598.04
30
0
11
238480.0
21
125801.96
31
0
0
LINE
8
water
10
238480.0
20
125801.96
30
0
11
238480.0
21
125929.11
31
0
0
LINE
8
water
10
238480.0
20
125929.11
30
0
11
238480.0
21
125883.73
31
0
0
LINE
8
water
10
238480.0
20
125883.73
30
0
11
238480.0
21
125700.0
31
0
0
LINE
8
water
10
241050.0
20
125700.0
30
0
11
240962.69
21
125997.35
31
0
0
LINE
8
water
10
240962.69
20
125997.35
30
0
11
240728.48
21
126200.3
31
0
0
LINE
8
water
10
240728.48
20
126200.3
30
0
11
240421.73
21
126244.4
31
0
0
LINE
8
water
10
240421.73
20
126244.4
30
0
11
240139.83
21
126115.66
31
0
0
LINE
8
water
10
240139.83
20
126115.66
30
0
11
239972.28
21
125854.95
31
0
0
LINE
8
water
10
239972.28
20
125854.95
30
0
11
239972.28
21
125545.05
31
0
0
LINE
8
water
10
239972.28
20
125545.05
30
0
11
240139.83
21
125284.34
31
0
0
LINE
8
water
10
240139.83
20
125284.34
30
0
11
240421.73
21
125155.6
31
0
0
LINE
8
water
10
240421.73
20
125155.6
30
0
11
240728.48
21
125199.7
31
0
0
LINE
8
water
10
240728.48
20
125199.7
30
0
11
240962.69
21
125402.65
31
0
0
LINE
8
water
10
240962.69
20
125402.65
30
0
11
241050.0
21
125700.0
31
0
0
LINE
8
water
10
239850.0
20
125050.0
30
0
11
239850.0
21
126350.0
31
0
0
LINE
8
water
10
241150.0
20
125050.0
30
0
11
241150.0
21
126350.0
31
0
0
LINE
8
water
10
239850.0
20
125050.0
30
0
11
241150.0
21
125050.0
31
0
0
LINE
8
water
10
239850.0
20
126350.0
30
0
11
241150.0
21
126350.0
31
0
0
LINE
8
water
10
238800.0
20
125800.0
30
0
11
238800.0
21
125735.0
31
0
0
LINE
8
water
10
238800.0
20
125735.0
30
0
11
238800.0
21
125800.0
31
0
0
LINE
8
water
10
238800.0
20
125800.0
30
0
11
238800.0
21
125865.0
31
0
0
LINE
8
water
10
238800.0
20
125865.0
30
0
11
238800.0
21
125800.0
31
0
0
LINE
8
water
10
236500.0
20
125800.0
30
0
11
238800.0
21
125800.0
31
0
0
LINE
8
water
10
236500.0
20
125800.0
30
0
11
236500.0
21
125735.0
31
0
0
LINE
8
water
10
236500.0
20
125735.0
30
0
11
236500.0
21
125800.0
31
0
0
LINE
8
water
10
236500.0
20
125800.0
30
0
11
236500.0
21
125865.0
31
0
0
LINE
8
water
10
236500.0
20
125865.0
30
0
11
236500.0
21
125800.0
31
0
0
LINE
8
water
10
238800.0
20
125635.08
30
0
11
238735.0
21
125700.0
31
0
0
LINE
8
water
10
238735.0
20
125700.0
30
0
11
238800.0
21
125764.92
31
0
0
LINE
8
water
10
238800.0
20
125764.92
30
0
11
238865.0
21
125700.0
31
0
0
LINE
8
water
10
238865.0
20
125700.0
30
0
11
238800.0
21
125635.08
31
0
0
LINE
8
water
10
238800.0
20
125735.08
30
0
11
238800.0
21
125635.08
31
0
0
LINE
8
water
10
238800.0
20
125735.08
30
0
11
238735.0
21
125800.0
31
0
0
LINE
8
water
10
238735.0
20
125800.0
30
0
11
238800.0
21
125864.92
31
0
0
LINE
8
water
10
238800.0
20
125864.92
30
0
11
238865.0
21
125800.0
31
0
0
LINE
8
water
10
238865.0
20
125800.0
30
0
11
238800.0
21
125735.08
31
0
0
LINE
8
water
10
238800.0
20
125800.0
30
0
11
238870.2
21
125800.0
31
0
0
LINE
8
water
10
238870.2
20
125800.0
30
0
11
238800.0
21
125800.0
31
0
0
LINE
8
water
10
240500.0
20
125400.0
30
0
11
240500.0
21
125335.0
31
0
0
LINE
8
water
10
240500.0
20
125335.0
30
0
11
240500.0
21
125400.0
31
0
0
LINE
8
water
10
240500.0
20
125400.0
30
0
11
240500.0
21
125465.0
31
0
0
LINE
8
water
10
240500.0
20
125465.0
30
0
11
240500.0
21
125400.0
31
0
0
LINE
8
water
10
238800.0
20
125400.0
30
0
11
240500.0
21
125400.0
31
0
0
LINE
8
water
10
238800.0
20
125400.0
30
0
11
238800.0
21
125335.0
31
0
0
LINE
8
water
10
238800.0
20
125335.0
30
0
11
238800.0
21
125400.0
31
0
0
LINE
8
water
10
238800.0
20
125400.0
30
0
11
238800.0
21
125465.0
31
0
0
LINE
8
water
10
238800.0
20
125465.0
30
0
11
238800.0
21
125400.0
31
0
0
LINE
8
water
10
240500.0
20
125700.0
30
0
11
240565.0
21
125700.0
31
0
0
LINE
8
water
10
240565.0
20
125700.0
30
0
11
240500.0
21
125700.0
31
0
0
LINE
8
water
10
240500.0
20
125700.0
30
0
11
240435.0
21
125700.0
31
0
0
LINE
8
water
10
240435.0
20
125700.0
30
0
11
240500.0
21
125700.0
31
0
0
LINE
8
water
10
240500.0
20
125400.0
30
0
11
240500.0
21
125700.0
31
0
0
LINE
8
water
10
240500.0
20
125400.0
30
0
11
240565.0
21
125400.0
31
0
0
LINE
8
water
10
240565.0
20
125400.0
30
0
11
240500.0
21
125400.0
31
0
0
LINE
8
water
10
240500.0
20
125400.0
30
0
11
240435.0
21
125400.0
31
0
0
LINE
8
water
10
240435.0
20
125400.0
30
0
11
240500.0
21
125400.0
31
0
0
LINE
8
water
10
240500.0
20
125400.0
30
0
11
240570.2
21
125400.0
31
0
0
LINE
8
water
10
240570.2
20
125400.0
30
0
11
240500.0
21
125400.0
31
0
0
LINE
8
water
10
240500.0
20
125000.0
30
0
11
240565.0
21
125000.0
31
0
0
LINE
8
water
10
240565.0
20
125000.0
30
0
11
240500.0
21
125000.0
31
0
0
LINE
8
water
10
240500.0
20
125000.0
30
0
11
240435.0
21
125000.0
31
0
0
LINE
8
water
10
240435.0
20
125000.0
30
0
11
240500.0
21
125000.0
31
0
0
LINE
8
water
10
240500.0
20
125700.0
30
0
11
240500.0
21
125000.0
31
0
0
LINE
8
water
10
240565.0
20
125000.0
30
0
11
240500.0
21
125065.0
31
0
0
LINE
8
water
10
240500.0
20
125065.0
30
0
11
240435.0
21
125000.0
31
0
0
LINE
8
water
10
240435.0
20
125000.0
30
0
11
240500.0
21
124935.0
31
0
0
LINE
8
water
10
240500.0
20
124935.0
30
0
11
240565.0
21
125000.0
31
0
0
LINE
8
water
10
240500.0
20
125000.0
30
0
11
240570.2
21
125000.0
31
0
0
LINE
8
water
10
240570.2
20
125000.0
30
0
11
240500.0
21
125000.0
31
0
0
LINE
8
water
10
236580.0
20
124000.0
30
0
11
236500.0
21
124080.0
31
0
0
LINE
8
water
10
236500.0
20
124080.0
30
0
11
236420.0
21
124000.0
31
0
0
LINE
8
water
10
236420.0
20
124000.0
30
0
11
236500.0
21
123920.0
31
0
0
LINE
8
water
10
236500.0
20
123920.0
30
0
11
236580.0
21
124000.0
31
0
0
LINE
8
water
10
282500.0
20
124000.0
30
0
11
282500.0
21
123920.0
31
0
0
LINE
8
water
10
282500.0
20
123920.0
30
0
11
282500.0
21
124000.0
31
0
0
LINE
8
water
10
282500.0
20
124000.0
30
0
11
282500.0
21
124080.0
31
0
0
LINE
8
water
10
282500.0
20
124080.0
30
0
11
282500.0
21
124000.0
31
0
0
LINE
8
water
10
236500.0
20
124000.0
30
0
11
282500.0
21
124000.0
31
0
0
LINE
8
water
10
236500.0
20
124000.0
30
0
11
236500.0
21
123920.0
31
0
0
LINE
8
water
10
236500.0
20
123920.0
30
0
11
236500.0
21
124000.0
31
0
0
LINE
8
water
10
236500.0
20
124000.0
30
0
11
236500.0
21
124080.0
31
0
0
LINE
8
water
10
236500.0
20
124080.0
30
0
11
236500.0
21
124000.0
31
0
0
LINE
8
water
10
236580.0
20
125000.0
30
0
11
236500.0
21
125080.0
31
0
0
LINE
8
water
10
236500.0
20
125080.0
30
0
11
236420.0
21
125000.0
31
0
0
LINE
8
water
10
236420.0
20
125000.0
30
0
11
236500.0
21
124920.0
31
0
0
LINE
8
water
10
236500.0
20
124920.0
30
0
11
236580.0
21
125000.0
31
0
0
LINE
8
water
10
282500.0
20
125000.0
30
0
11
282500.0
21
124920.0
31
0
0
LINE
8
water
10
282500.0
20
124920.0
30
0
11
282500.0
21
125000.0
31
0
0
LINE
8
water
10
282500.0
20
125000.0
30
0
11
282500.0
21
125080.0
31
0
0
LINE
8
water
10
282500.0
20
125080.0
30
0
11
282500.0
21
125000.0
31
0
0
LINE
8
water
10
236500.0
20
125000.0
30
0
11
282500.0
21
125000.0
31
0
0
LINE
8
water
10
236500.0
20
125000.0
30
0
11
236500.0
21
124920.0
31
0
0
LINE
8
water
10
236500.0
20
124920.0
30
0
11
236500.0
21
125000.0
31
0
0
LINE
8
water
10
236500.0
20
125000.0
30
0
11
236500.0
21
125080.0
31
0
0
LINE
8
water
10
236500.0
20
125080.0
30
0
11
236500.0
21
125000.0
31
0
0
LINE
8
water
10
236580.0
20
125800.0
30
0
11
236500.0
21
125880.0
31
0
0
LINE
8
water
10
236500.0
20
125880.0
30
0
11
236420.0
21
125800.0
31
0
0
LINE
8
water
10
236420.0
20
125800.0
30
0
11
236500.0
21
125720.0
31
0
0
LINE
8
water
10
236500.0
20
125720.0
30
0
11
236580.0
21
125800.0
31
0
0
LINE
8
water
10
282500.0
20
125800.0
30
0
11
282500.0
21
125720.0
31
0
0
LINE
8
water
10
282500.0
20
125720.0
30
0
11
282500.0
21
125800.0
31
0
0
LINE
8
water
10
282500.0
20
125800.0
30
0
11
282500.0
21
125880.0
31
0
0
LINE
8
water
10
282500.0
20
125880.0
30
0
11
282500.0
21
125800.0
31
0
0
LINE
8
water
10
236500.0
20
125800.0
30
0
11
282500.0
21
125800.0
31
0
0
LINE
8
water
10
236500.0
20
125800.0
30
0
11
236500.0
21
125720.0
31
0
0
LINE
8
water
10
236500.0
20
125720.0
30
0
11
236500.0
21
125800.0
31
0
0
LINE
8
water
10
236500.0
20
125800.0
30
0
11
236500.0
21
125880.0
31
0
0
LINE
8
water
10
236500.0
20
125880.0
30
0
11
236500.0
21
125800.0
31
0
0
LINE
8
water
10
282500.0
20
125800.0
30
0
11
282580.0
21
125800.0
31
0
0
LINE
8
water
10
282580.0
20
125800.0
30
0
11
282500.0
21
125800.0
31
0
0
LINE
8
water
10
282500.0
20
125800.0
30
0
11
282420.0
21
125800.0
31
0
0
LINE
8
water
10
282420.0
20
125800.0
30
0
11
282500.0
21
125800.0
31
0
0
LINE
8
water
10
282500.0
20
125000.0
30
0
11
282500.0
21
125800.0
31
0
0
LINE
8
water
10
282500.0
20
125000.0
30
0
11
282580.0
21
125000.0
31
0
0
LINE
8
water
10
282580.0
20
125000.0
30
0
11
282500.0
21
125000.0
31
0
0
LINE
8
water
10
282500.0
20
125000.0
30
0
11
282420.0
21
125000.0
31
0
0
LINE
8
water
10
282420.0
20
125000.0
30
0
11
282500.0
21
125000.0
31
0
0
LINE
8
electrical
10
233500.0
20
122000.0
30
0
11
233500.0
21
122050.0
31
0
0
LINE
8
electrical
10
233500.0
20
122350.0
30
0
11
233500.0
21
122050.0
31
0
0
LINE
8
electrical
10
233500.0
20
122350.0
30
0
11
233500.0
21
122400.0
31
0
0
LINE
8
electrical
10
233500.0
20
122000.0
30
0
11
233500.0
21
122400.0
31
0
0
LINE
8
electrical
10
282500.0
20
122050.0
30
0
11
233500.0
21
122050.0
31
0
0
LINE
8
electrical
10
282500.0
20
122000.0
30
0
11
282500.0
21
122050.0
31
0
0
LINE
8
electrical
10
233500.0
20
122000.0
30
0
11
282500.0
21
122000.0
31
0
0
LINE
8
electrical
10
233500.0
20
122350.0
30
0
11
282500.0
21
122350.0
31
0
0
LINE
8
electrical
10
282500.0
20
122350.0
30
0
11
282500.0
21
122050.0
31
0
0
LINE
8
electrical
10
233500.0
20
122400.0
30
0
11
282500.0
21
122400.0
31
0
0
LINE
8
electrical
10
282500.0
20
122350.0
30
0
11
282500.0
21
122400.0
31
0
0
LINE
8
electrical
10
282500.0
20
122000.0
30
0
11
282500.0
21
122400.0
31
0
0
LINE
8
electrical
10
282500.0
20
122200.0
30
0
11
282500.0
21
122184.41
31
0
0
LINE
8
electrical
10
282500.0
20
122184.41
30
0
11
282500.0
21
122215.59
31
0
0
LINE
8
electrical
10
282500.0
20
122215.59
30
0
11
282500.0
21
122200.0
31
0
0
LINE
8
electrical
10
233500.0
20
122200.0
30
0
11
282500.0
21
122200.0
31
0
0
LINE
8
electrical
10
233500.0
20
122200.0
30
0
11
233500.0
21
122184.41
31
0
0
LINE
8
electrical
10
233500.0
20
122184.41
30
0
11
233500.0
21
122215.59
31
0
0
LINE
8
electrical
10
233500.0
20
122215.59
30
0
11
233500.0
21
122200.0
31
0
0
LINE
8
electrical
10
233500.0
20
122000.0
30
0
11
233500.0
21
122050.0
31
0
0
LINE
8
electrical
10
233500.0
20
122350.0
30
0
11
233500.0
21
122050.0
31
0
0
LINE
8
electrical
10
233500.0
20
122350.0
30
0
11
233500.0
21
122400.0
31
0
0
LINE
8
electrical
10
233500.0
20
122000.0
30
0
11
233500.0
21
122400.0
31
0
0
LINE
8
electrical
10
282500.0
20
122050.0
30
0
11
233500.0
21
122050.0
31
0
0
LINE
8
electrical
10
282500.0
20
122000.0
30
0
11
282500.0
21
122050.0
31
0
0
LINE
8
electrical
10
233500.0
20
122000.0
30
0
11
282500.0
21
122000.0
31
0
0
LINE
8
electrical
10
233500.0
20
122350.0
30
0
11
282500.0
21
122350.0
31
0
0
LINE
8
electrical
10
282500.0
20
122350.0
30
0
11
282500.0
21
122050.0
31
0
0
LINE
8
electrical
10
233500.0
20
122400.0
30
0
11
282500.0
21
122400.0
31
0
0
LINE
8
electrical
10
282500.0
20
122350.0
30
0
11
282500.0
21
122400.0
31
0
0
LINE
8
electrical
10
282500.0
20
122000.0
30
0
11
282500.0
21
122400.0
31
0
0
LINE
8
electrical
10
282500.0
20
122200.0
30
0
11
282500.0
21
122184.41
31
0
0
LINE
8
electrical
10
282500.0
20
122184.41
30
0
11
282500.0
21
122215.59
31
0
0
LINE
8
electrical
10
282500.0
20
122215.59
30
0
11
282500.0
21
122200.0
31
0
0
LINE
8
electrical
10
233500.0
20
122200.0
30
0
11
282500.0
21
122200.0
31
0
0
LINE
8
electrical
10
233500.0
20
122200.0
30
0
11
233500.0
21
122184.41
31
0
0
LINE
8
electrical
10
233500.0
20
122184.41
30
0
11
233500.0
21
122215.59
31
0
0
LINE
8
electrical
10
233500.0
20
122215.59
30
0
11
233500.0
21
122200.0
31
0
0
LINE
8
electrical
10
233500.0
20
122200.0
30
0
11
233521.65
21
122200.0
31
0
0
LINE
8
electrical
10
233521.65
20
122200.0
30
0
11
233478.35
21
122200.0
31
0
0
LINE
8
electrical
10
233478.35
20
122200.0
30
0
11
233500.0
21
122200.0
31
0
0
LINE
8
electrical
10
233500.0
20
122000.0
30
0
11
233500.0
21
122200.0
31
0
0
LINE
8
electrical
10
233500.0
20
122000.0
30
0
11
233521.65
21
122000.0
31
0
0
LINE
8
electrical
10
233521.65
20
122000.0
30
0
11
233478.35
21
122000.0
31
0
0
LINE
8
electrical
10
233478.35
20
122000.0
30
0
11
233500.0
21
122000.0
31
0
0
LINE
8
electrical
10
233525.0
20
122200.0
30
0
11
233487.5
21
122221.65
31
0
0
LINE
8
electrical
10
233487.5
20
122221.65
30
0
11
233487.5
21
122178.35
31
0
0
LINE
8
electrical
10
233487.5
20
122178.35
30
0
11
233525.0
21
122200.0
31
0
0
LINE
8
electrical
10
233500.0
20
122200.0
30
0
11
233527.0
21
122200.0
31
0
0
LINE
8
electrical
10
233527.0
20
122200.0
30
0
11
233500.0
21
122200.0
31
0
0
LINE
8
interiors
10
231000.0
20
122500.0
30
0
11
231000.0
21
149500.0
31
0
0
LINE
8
interiors
10
231000.0
20
122500.0
30
0
11
251300.0
21
122500.0
31
0
0
LINE
8
interiors
10
251300.0
20
122500.0
30
0
11
253700.0
21
122500.0
31
0
0
LINE
8
interiors
10
253700.0
20
122500.0
30
0
11
274000.0
21
122500.0
31
0
0
LINE
8
interiors
10
231000.0
20
122500.0
30
0
11
274000.0
21
122500.0
31
0
0
LINE
8
interiors
10
231000.0
20
149500.0
30
0
11
274000.0
21
149500.0
31
0
0
LINE
8
interiors
10
274000.0
20
122500.0
30
0
11
274000.0
21
149500.0
31
0
0
LINE
8
interiors
10
273880.0
20
122620.0
30
0
11
231120.0
21
122620.0
31
0
0
LINE
8
interiors
10
273880.0
20
122620.0
30
0
11
273880.0
21
149380.0
31
0
0
LINE
8
interiors
10
273880.0
20
149380.0
30
0
11
231120.0
21
149380.0
31
0
0
LINE
8
interiors
10
231120.0
20
122620.0
30
0
11
231120.0
21
149380.0
31
0
0
LINE
8
interiors
10
241320.0
20
149500.0
30
0
11
263680.0
21
149500.0
31
0
0
LINE
8
interiors
10
253700.0
20
122500.0
30
0
11
253700.0
21
122620.0
31
0
0
LINE
8
interiors
10
273880.0
20
122620.0
30
0
11
253700.0
21
122620.0
31
0
0
LINE
8
interiors
10
251300.0
20
122620.0
30
0
11
231120.0
21
122620.0
31
0
0
LINE
8
interiors
10
251300.0
20
122500.0
30
0
11
251300.0
21
122620.0
31
0
0
LINE
8
interiors
10
251300.0
20
122620.0
30
0
11
253700.0
21
122620.0
31
0
0
LINE
8
interiors
10
241320.0
20
149380.0
30
0
11
263680.0
21
149380.0
31
0
0
LINE
8
interiors
10
241320.0
20
149380.0
30
0
11
241320.0
21
149500.0
31
0
0
LINE
8
interiors
10
263680.0
20
149380.0
30
0
11
263680.0
21
149500.0
31
0
0
LINE
8
interiors
10
241320.0
20
149477.5
30
0
11
241320.0
21
149522.5
31
0
0
LINE
8
interiors
10
263680.0
20
149477.5
30
0
11
263680.0
21
149522.5
31
0
0
LINE
8
interiors
10
241320.0
20
149477.5
30
0
11
263680.0
21
149477.5
31
0
0
LINE
8
interiors
10
241320.0
20
149522.5
30
0
11
263680.0
21
149522.5
31
0
0
LINE
8
interiors
10
231125.0
20
122625.0
30
0
11
231125.0
21
149375.0
31
0
0
LINE
8
interiors
10
273875.0
20
122625.0
30
0
11
273875.0
21
149375.0
31
0
0
LINE
8
interiors
10
231125.0
20
122625.0
30
0
11
273875.0
21
122625.0
31
0
0
LINE
8
interiors
10
231125.0
20
149375.0
30
0
11
273875.0
21
149375.0
31
0
0
LINE
8
interiors
10
251345.0
20
122380.0
30
0
11
251345.0
21
122620.0
31
0
0
LINE
8
interiors
10
251415.0
20
122380.0
30
0
11
251415.0
21
122620.0
31
0
0
LINE
8
interiors
10
251345.0
20
122380.0
30
0
11
251415.0
21
122380.0
31
0
0
LINE
8
interiors
10
251345.0
20
122620.0
30
0
11
251415.0
21
122620.0
31
0
0
LINE
8
interiors
10
253585.0
20
122380.0
30
0
11
253585.0
21
122620.0
31
0
0
LINE
8
interiors
10
253655.0
20
122380.0
30
0
11
253655.0
21
122620.0
31
0
0
LINE
8
interiors
10
253585.0
20
122380.0
30
0
11
253655.0
21
122380.0
31
0
0
LINE
8
interiors
10
253585.0
20
122620.0
30
0
11
253655.0
21
122620.0
31
0
0
LINE
8
interiors
10
251350.0
20
122380.0
30
0
11
251350.0
21
122620.0
31
0
0
LINE
8
interiors
10
253650.0
20
122380.0
30
0
11
253650.0
21
122620.0
31
0
0
LINE
8
interiors
10
251350.0
20
122380.0
30
0
11
253650.0
21
122380.0
31
0
0
LINE
8
interiors
10
251350.0
20
122620.0
30
0
11
253650.0
21
122620.0
31
0
0
LINE
8
interiors
10
251430.39
20
122590.49
30
0
11
251389.61
21
122609.51
31
0
0
LINE
8
interiors
10
251886.82
20
123569.3
30
0
11
251846.04
21
123588.32
31
0
0
LINE
8
interiors
10
251430.39
20
122590.49
30
0
11
251886.82
21
123569.3
31
0
0
LINE
8
interiors
10
251389.61
20
122609.51
30
0
11
251846.04
21
123588.32
31
0
0
LINE
8
interiors
10
236780.0
20
135760.0
30
0
11
236780.0
21
136240.0
31
0
0
LINE
8
interiors
10
237260.0
20
135760.0
30
0
11
237260.0
21
136240.0
31
0
0
LINE
8
interiors
10
236780.0
20
135760.0
30
0
11
237260.0
21
135760.0
31
0
0
LINE
8
interiors
10
236780.0
20
136240.0
30
0
11
237260.0
21
136240.0
31
0
0
LINE
8
interiors
10
236780.0
20
136177.5
30
0
11
236780.0
21
136242.5
31
0
0
LINE
8
interiors
10
237260.0
20
136177.5
30
0
11
237260.0
21
136242.5
31
0
0
LINE
8
interiors
10
236780.0
20
136177.5
30
0
11
237260.0
21
136177.5
31
0
0
LINE
8
interiors
10
236780.0
20
136242.5
30
0
11
237260.0
21
136242.5
31
0
0
LINE
8
interiors
10
236812.5
20
135792.5
30
0
11
236812.5
21
135827.5
31
0
0
LINE
8
interiors
10
236847.5
20
135792.5
30
0
11
236847.5
21
135827.5
31
0
0
LINE
8
interiors
10
236812.5
20
135792.5
30
0
11
236847.5
21
135792.5
31
0
0
LINE
8
interiors
10
236812.5
20
135827.5
30
0
11
236847.5
21
135827.5
31
0
0
LINE
8
interiors
10
236812.5
20
136172.5
30
0
11
236812.5
21
136207.5
31
0
0
LINE
8
interiors
10
236847.5
20
136172.5
30
0
11
236847.5
21
136207.5
31
0
0
LINE
8
interiors
10
236812.5
20
136172.5
30
0
11
236847.5
21
136172.5
31
0
0
LINE
8
interiors
10
236812.5
20
136207.5
30
0
11
236847.5
21
136207.5
31
0
0
LINE
8
interiors
10
237192.5
20
135792.5
30
0
11
237192.5
21
135827.5
31
0
0
LINE
8
interiors
10
237227.5
20
135792.5
30
0
11
237227.5
21
135827.5
31
0
0
LINE
8
interiors
10
237192.5
20
135792.5
30
0
11
237227.5
21
135792.5
31
0
0
LINE
8
interiors
10
237192.5
20
135827.5
30
0
11
237227.5
21
135827.5
31
0
0
LINE
8
interiors
10
237192.5
20
136172.5
30
0
11
237192.5
21
136207.5
31
0
0
LINE
8
interiors
10
237227.5
20
136172.5
30
0
11
237227.5
21
136207.5
31
0
0
LINE
8
interiors
10
237192.5
20
136172.5
30
0
11
237227.5
21
136172.5
31
0
0
LINE
8
interiors
10
237192.5
20
136207.5
30
0
11
237227.5
21
136207.5
31
0
0
LINE
8
interiors
10
238020.0
20
136000.0
30
0
11
237938.12
21
136224.98
31
0
0
LINE
8
interiors
10
237938.12
20
136224.98
30
0
11
237730.78
21
136344.68
31
0
0
LINE
8
interiors
10
237730.78
20
136344.68
30
0
11
237495.0
21
136303.11
31
0
0
LINE
8
interiors
10
237495.0
20
136303.11
30
0
11
237341.11
21
136119.71
31
0
0
LINE
8
interiors
10
237341.11
20
136119.71
30
0
11
237341.11
21
135880.29
31
0
0
LINE
8
interiors
10
237341.11
20
135880.29
30
0
11
237495.0
21
135696.89
31
0
0
LINE
8
interiors
10
237495.0
20
135696.89
30
0
11
237730.78
21
135655.32
31
0
0
LINE
8
interiors
10
237730.78
20
135655.32
30
0
11
237938.12
21
135775.02
31
0
0
LINE
8
interiors
10
237938.12
20
135775.02
30
0
11
238020.0
21
136000.0
31
0
0
LINE
8
interiors
10
237710.0
20
136000.0
30
0
11
237650.0
21
136034.64
31
0
0
LINE
8
interiors
10
237650.0
20
136034.64
30
0
11
237650.0
21
135965.36
31
0
0
LINE
8
interiors
10
237650.0
20
135965.36
30
0
11
237710.0
21
136000.0
31
0
0
LINE
8
interiors
10
242972.0
20
135760.0
30
0
11
242972.0
21
136240.0
31
0
0
LINE
8
interiors
10
243452.0
20
135760.0
30
0
11
243452.0
21
136240.0
31
0
0
LINE
8
interiors
10
242972.0
20
135760.0
30
0
11
243452.0
21
135760.0
31
0
0
LINE
8
interiors
10
242972.0
20
136240.0
30
0
11
243452.0
21
136240.0
31
0
0
LINE
8
interiors
10
242972.0
20
136177.5
30
0
11
242972.0
21
136242.5
31
0
0
LINE
8
interiors
10
243452.0
20
136177.5
30
0
11
243452.0
21
136242.5
31
0
0
LINE
8
interiors
10
242972.0
20
136177.5
30
0
11
243452.0
21
136177.5
31
0
0
LINE
8
interiors
10
242972.0
20
136242.5
30
0
11
243452.0
21
136242.5
31
0
0
LINE
8
interiors
10
243004.5
20
135792.5
30
0
11
243004.5
21
135827.5
31
0
0
LINE
8
interiors
10
243039.5
20
135792.5
30
0
11
243039.5
21
135827.5
31
0
0
LINE
8
interiors
10
243004.5
20
135792.5
30
0
11
243039.5
21
135792.5
31
0
0
LINE
8
interiors
10
243004.5
20
135827.5
30
0
11
243039.5
21
135827.5
31
0
0
LINE
8
interiors
10
243004.5
20
136172.5
30
0
11
243004.5
21
136207.5
31
0
0
LINE
8
interiors
10
243039.5
20
136172.5
30
0
11
243039.5
21
136207.5
31
0
0
LINE
8
interiors
10
243004.5
20
136172.5
30
0
11
243039.5
21
136172.5
31
0
0
LINE
8
interiors
10
243004.5
20
136207.5
30
0
11
243039.5
21
136207.5
31
0
0
LINE
8
interiors
10
243384.5
20
135792.5
30
0
11
243384.5
21
135827.5
31
0
0
LINE
8
interiors
10
243419.5
20
135792.5
30
0
11
243419.5
21
135827.5
31
0
0
LINE
8
interiors
10
243384.5
20
135792.5
30
0
11
243419.5
21
135792.5
31
0
0
LINE
8
interiors
10
243384.5
20
135827.5
30
0
11
243419.5
21
135827.5
31
0
0
LINE
8
interiors
10
243384.5
20
136172.5
30
0
11
243384.5
21
136207.5
31
0
0
LINE
8
interiors
10
243419.5
20
136172.5
30
0
11
243419.5
21
136207.5
31
0
0
LINE
8
interiors
10
243384.5
20
136172.5
30
0
11
243419.5
21
136172.5
31
0
0
LINE
8
interiors
10
243384.5
20
136207.5
30
0
11
243419.5
21
136207.5
31
0
0
LINE
8
interiors
10
244212.0
20
136000.0
30
0
11
244130.12
21
136224.98
31
0
0
LINE
8
interiors
10
244130.12
20
136224.98
30
0
11
243922.78
21
136344.68
31
0
0
LINE
8
interiors
10
243922.78
20
136344.68
30
0
11
243687.0
21
136303.11
31
0
0
LINE
8
interiors
10
243687.0
20
136303.11
30
0
11
243533.11
21
136119.71
31
0
0
LINE
8
interiors
10
243533.11
20
136119.71
30
0
11
243533.11
21
135880.29
31
0
0
LINE
8
interiors
10
243533.11
20
135880.29
30
0
11
243687.0
21
135696.89
31
0
0
LINE
8
interiors
10
243687.0
20
135696.89
30
0
11
243922.78
21
135655.32
31
0
0
LINE
8
interiors
10
243922.78
20
135655.32
30
0
11
244130.12
21
135775.02
31
0
0
LINE
8
interiors
10
244130.12
20
135775.02
30
0
11
244212.0
21
136000.0
31
0
0
LINE
8
interiors
10
243902.0
20
136000.0
30
0
11
243842.0
21
136034.64
31
0
0
LINE
8
interiors
10
243842.0
20
136034.64
30
0
11
243842.0
21
135965.36
31
0
0
LINE
8
interiors
10
243842.0
20
135965.36
30
0
11
243902.0
21
136000.0
31
0
0
LINE
8
interiors
10
249164.0
20
135760.0
30
0
11
249164.0
21
136240.0
31
0
0
LINE
8
interiors
10
249644.0
20
135760.0
30
0
11
249644.0
21
136240.0
31
0
0
LINE
8
interiors
10
249164.0
20
135760.0
30
0
11
249644.0
21
135760.0
31
0
0
LINE
8
interiors
10
249164.0
20
136240.0
30
0
11
249644.0
21
136240.0
31
0
0
LINE
8
interiors
10
249164.0
20
136177.5
30
0
11
249164.0
21
136242.5
31
0
0
LINE
8
interiors
10
249644.0
20
136177.5
30
0
11
249644.0
21
136242.5
31
0
0
LINE
8
interiors
10
249164.0
20
136177.5
30
0
11
249644.0
21
136177.5
31
0
0
LINE
8
interiors
10
249164.0
20
136242.5
30
0
11
249644.0
21
136242.5
31
0
0
LINE
8
interiors
10
249196.5
20
135792.5
30
0
11
249196.5
21
135827.5
31
0
0
LINE
8
interiors
10
249231.5
20
135792.5
30
0
11
249231.5
21
135827.5
31
0
0
LINE
8
interiors
10
249196.5
20
135792.5
30
0
11
249231.5
21
135792.5
31
0
0
LINE
8
interiors
10
249196.5
20
135827.5
30
0
11
249231.5
21
135827.5
31
0
0
LINE
8
interiors
10
249196.5
20
136172.5
30
0
11
249196.5
21
136207.5
31
0
0
LINE
8
interiors
10
249231.5
20
136172.5
30
0
11
249231.5
21
136207.5
31
0
0
LINE
8
interiors
10
249196.5
20
136172.5
30
0
11
249231.5
21
136172.5
31
0
0
LINE
8
interiors
10
249196.5
20
136207.5
30
0
11
249231.5
21
136207.5
31
0
0
LINE
8
interiors
10
249576.5
20
135792.5
30
0
11
249576.5
21
135827.5
31
0
0
LINE
8
interiors
10
249611.5
20
135792.5
30
0
11
249611.5
21
135827.5
31
0
0
LINE
8
interiors
10
249576.5
20
135792.5
30
0
11
249611.5
21
135792.5
31
0
0
LINE
8
interiors
10
249576.5
20
135827.5
30
0
11
249611.5
21
135827.5
31
0
0
LINE
8
interiors
10
249576.5
20
136172.5
30
0
11
249576.5
21
136207.5
31
0
0
LINE
8
interiors
10
249611.5
20
136172.5
30
0
11
249611.5
21
136207.5
31
0
0
LINE
8
interiors
10
249576.5
20
136172.5
30
0
11
249611.5
21
136172.5
31
0
0
LINE
8
interiors
10
249576.5
20
136207.5
30
0
11
249611.5
21
136207.5
31
0
0
LINE
8
interiors
10
250404.0
20
136000.0
30
0
11
250322.12
21
136224.98
31
0
0
LINE
8
interiors
10
250322.12
20
136224.98
30
0
11
250114.78
21
136344.68
31
0
0
LINE
8
interiors
10
250114.78
20
136344.68
30
0
11
249879.0
21
136303.11
31
0
0
LINE
8
interiors
10
249879.0
20
136303.11
30
0
11
249725.11
21
136119.71
31
0
0
LINE
8
interiors
10
249725.11
20
136119.71
30
0
11
249725.11
21
135880.29
31
0
0
LINE
8
interiors
10
249725.11
20
135880.29
30
0
11
249879.0
21
135696.89
31
0
0
LINE
8
interiors
10
249879.0
20
135696.89
30
0
11
250114.78
21
135655.32
31
0
0
LINE
8
interiors
10
250114.78
20
135655.32
30
0
11
250322.12
21
135775.02
31
0
0
LINE
8
interiors
10
250322.12
20
135775.02
30
0
11
250404.0
21
136000.0
31
0
0
LINE
8
interiors
10
250094.0
20
136000.0
30
0
11
250034.0
21
136034.64
31
0
0
LINE
8
interiors
10
250034.0
20
136034.64
30
0
11
250034.0
21
135965.36
31
0
0
LINE
8
interiors
10
250034.0
20
135965.36
30
0
11
250094.0
21
136000.0
31
0
0
LINE
8
interiors
10
255356.0
20
135760.0
30
0
11
255356.0
21
136240.0
31
0
0
LINE
8
interiors
10
255836.0
20
135760.0
30
0
11
255836.0
21
136240.0
31
0
0
LINE
8
interiors
10
255356.0
20
135760.0
30
0
11
255836.0
21
135760.0
31
0
0
LINE
8
interiors
10
255356.0
20
136240.0
30
0
11
255836.0
21
136240.0
31
0
0
LINE
8
interiors
10
255356.0
20
136177.5
30
0
11
255356.0
21
136242.5
31
0
0
LINE
8
interiors
10
255836.0
20
136177.5
30
0
11
255836.0
21
136242.5
31
0
0
LINE
8
interiors
10
255356.0
20
136177.5
30
0
11
255836.0
21
136177.5
31
0
0
LINE
8
interiors
10
255356.0
20
136242.5
30
0
11
255836.0
21
136242.5
31
0
0
LINE
8
interiors
10
255388.5
20
135792.5
30
0
11
255388.5
21
135827.5
31
0
0
LINE
8
interiors
10
255423.5
20
135792.5
30
0
11
255423.5
21
135827.5
31
0
0
LINE
8
interiors
10
255388.5
20
135792.5
30
0
11
255423.5
21
135792.5
31
0
0
LINE
8
interiors
10
255388.5
20
135827.5
30
0
11
255423.5
21
135827.5
31
0
0
LINE
8
interiors
10
255388.5
20
136172.5
30
0
11
255388.5
21
136207.5
31
0
0
LINE
8
interiors
10
255423.5
20
136172.5
30
0
11
255423.5
21
136207.5
31
0
0
LINE
8
interiors
10
255388.5
20
136172.5
30
0
11
255423.5
21
136172.5
31
0
0
LINE
8
interiors
10
255388.5
20
136207.5
30
0
11
255423.5
21
136207.5
31
0
0
LINE
8
interiors
10
255768.5
20
135792.5
30
0
11
255768.5
21
135827.5
31
0
0
LINE
8
interiors
10
255803.5
20
135792.5
30
0
11
255803.5
21
135827.5
31
0
0
LINE
8
interiors
10
255768.5
20
135792.5
30
0
11
255803.5
21
135792.5
31
0
0
LINE
8
interiors
10
255768.5
20
135827.5
30
0
11
255803.5
21
135827.5
31
0
0
LINE
8
interiors
10
255768.5
20
136172.5
30
0
11
255768.5
21
136207.5
31
0
0
LINE
8
interiors
10
255803.5
20
136172.5
30
0
11
255803.5
21
136207.5
31
0
0
LINE
8
interiors
10
255768.5
20
136172.5
30
0
11
255803.5
21
136172.5
31
0
0
LINE
8
interiors
10
255768.5
20
136207.5
30
0
11
255803.5
21
136207.5
31
0
0
LINE
8
interiors
10
256596.0
20
136000.0
30
0
11
256514.12
21
136224.98
31
0
0
LINE
8
interiors
10
256514.12
20
136224.98
30
0
11
256306.78
21
136344.68
31
0
0
LINE
8
interiors
10
256306.78
20
136344.68
30
0
11
256071.0
21
136303.11
31
0
0
LINE
8
interiors
10
256071.0
20
136303.11
30
0
11
255917.11
21
136119.71
31
0
0
LINE
8
interiors
10
255917.11
20
136119.71
30
0
11
255917.11
21
135880.29
31
0
0
LINE
8
interiors
10
255917.11
20
135880.29
30
0
11
256071.0
21
135696.89
31
0
0
LINE
8
interiors
10
256071.0
20
135696.89
30
0
11
256306.78
21
135655.32
31
0
0
LINE
8
interiors
10
256306.78
20
135655.32
30
0
11
256514.12
21
135775.02
31
0
0
LINE
8
interiors
10
256514.12
20
135775.02
30
0
11
256596.0
21
136000.0
31
0
0
LINE
8
interiors
10
256286.0
20
136000.0
30
0
11
256226.0
21
136034.64
31
0
0
LINE
8
interiors
10
256226.0
20
136034.64
30
0
11
256226.0
21
135965.36
31
0
0
LINE
8
interiors
10
256226.0
20
135965.36
30
0
11
256286.0
21
136000.0
31
0
0
LINE
8
interiors
10
261548.0
20
135760.0
30
0
11
261548.0
21
136240.0
31
0
0
LINE
8
interiors
10
262028.0
20
135760.0
30
0
11
262028.0
21
136240.0
31
0
0
LINE
8
interiors
10
261548.0
20
135760.0
30
0
11
262028.0
21
135760.0
31
0
0
LINE
8
interiors
10
261548.0
20
136240.0
30
0
11
262028.0
21
136240.0
31
0
0
LINE
8
interiors
10
261548.0
20
136177.5
30
0
11
261548.0
21
136242.5
31
0
0
LINE
8
interiors
10
262028.0
20
136177.5
30
0
11
262028.0
21
136242.5
31
0
0
LINE
8
interiors
10
261548.0
20
136177.5
30
0
11
262028.0
21
136177.5
31
0
0
LINE
8
interiors
10
261548.0
20
136242.5
30
0
11
262028.0
21
136242.5
31
0
0
LINE
8
interiors
10
261580.5
20
135792.5
30
0
11
261580.5
21
135827.5
31
0
0
LINE
8
interiors
10
261615.5
20
135792.5
30
0
11
261615.5
21
135827.5
31
0
0
LINE
8
interiors
10
261580.5
20
135792.5
30
0
11
261615.5
21
135792.5
31
0
0
LINE
8
interiors
10
261580.5
20
135827.5
30
0
11
261615.5
21
135827.5
31
0
0
LINE
8
interiors
10
261580.5
20
136172.5
30
0
11
261580.5
21
136207.5
31
0
0
LINE
8
interiors
10
261615.5
20
136172.5
30
0
11
261615.5
21
136207.5
31
0
0
LINE
8
interiors
10
261580.5
20
136172.5
30
0
11
261615.5
21
136172.5
31
0
0
LINE
8
interiors
10
261580.5
20
136207.5
30
0
11
261615.5
21
136207.5
31
0
0
LINE
8
interiors
10
261960.5
20
135792.5
30
0
11
261960.5
21
135827.5
31
0
0
LINE
8
interiors
10
261995.5
20
135792.5
30
0
11
261995.5
21
135827.5
31
0
0
LINE
8
interiors
10
261960.5
20
135792.5
30
0
11
261995.5
21
135792.5
31
0
0
LINE
8
interiors
10
261960.5
20
135827.5
30
0
11
261995.5
21
135827.5
31
0
0
LINE
8
interiors
10
261960.5
20
136172.5
30
0
11
261960.5
21
136207.5
31
0
0
LINE
8
interiors
10
261995.5
20
136172.5
30
0
11
261995.5
21
136207.5
31
0
0
LINE
8
interiors
10
261960.5
20
136172.5
30
0
11
261995.5
21
136172.5
31
0
0
LINE
8
interiors
10
261960.5
20
136207.5
30
0
11
261995.5
21
136207.5
31
0
0
LINE
8
interiors
10
262788.0
20
136000.0
30
0
11
262706.12
21
136224.98
31
0
0
LINE
8
interiors
10
262706.12
20
136224.98
30
0
11
262498.78
21
136344.68
31
0
0
LINE
8
interiors
10
262498.78
20
136344.68
30
0
11
262263.0
21
136303.11
31
0
0
LINE
8
interiors
10
262263.0
20
136303.11
30
0
11
262109.11
21
136119.71
31
0
0
LINE
8
interiors
10
262109.11
20
136119.71
30
0
11
262109.11
21
135880.29
31
0
0
LINE
8
interiors
10
262109.11
20
135880.29
30
0
11
262263.0
21
135696.89
31
0
0
LINE
8
interiors
10
262263.0
20
135696.89
30
0
11
262498.78
21
135655.32
31
0
0
LINE
8
interiors
10
262498.78
20
135655.32
30
0
11
262706.12
21
135775.02
31
0
0
LINE
8
interiors
10
262706.12
20
135775.02
30
0
11
262788.0
21
136000.0
31
0
0
LINE
8
interiors
10
262478.0
20
136000.0
30
0
11
262418.0
21
136034.64
31
0
0
LINE
8
interiors
10
262418.0
20
136034.64
30
0
11
262418.0
21
135965.36
31
0
0
LINE
8
interiors
10
262418.0
20
135965.36
30
0
11
262478.0
21
136000.0
31
0
0
LINE
8
interiors
10
267740.0
20
135760.0
30
0
11
267740.0
21
136240.0
31
0
0
LINE
8
interiors
10
268220.0
20
135760.0
30
0
11
268220.0
21
136240.0
31
0
0
LINE
8
interiors
10
267740.0
20
135760.0
30
0
11
268220.0
21
135760.0
31
0
0
LINE
8
interiors
10
267740.0
20
136240.0
30
0
11
268220.0
21
136240.0
31
0
0
LINE
8
interiors
10
267740.0
20
136177.5
30
0
11
267740.0
21
136242.5
31
0
0
LINE
8
interiors
10
268220.0
20
136177.5
30
0
11
268220.0
21
136242.5
31
0
0
LINE
8
interiors
10
267740.0
20
136177.5
30
0
11
268220.0
21
136177.5
31
0
0
LINE
8
interiors
10
267740.0
20
136242.5
30
0
11
268220.0
21
136242.5
31
0
0
LINE
8
interiors
10
267772.5
20
135792.5
30
0
11
267772.5
21
135827.5
31
0
0
LINE
8
interiors
10
267807.5
20
135792.5
30
0
11
267807.5
21
135827.5
31
0
0
LINE
8
interiors
10
267772.5
20
135792.5
30
0
11
267807.5
21
135792.5
31
0
0
LINE
8
interiors
10
267772.5
20
135827.5
30
0
11
267807.5
21
135827.5
31
0
0
LINE
8
interiors
10
267772.5
20
136172.5
30
0
11
267772.5
21
136207.5
31
0
0
LINE
8
interiors
10
267807.5
20
136172.5
30
0
11
267807.5
21
136207.5
31
0
0
LINE
8
interiors
10
267772.5
20
136172.5
30
0
11
267807.5
21
136172.5
31
0
0
LINE
8
interiors
10
267772.5
20
136207.5
30
0
11
267807.5
21
136207.5
31
0
0
LINE
8
interiors
10
268152.5
20
135792.5
30
0
11
268152.5
21
135827.5
31
0
0
LINE
8
interiors
10
268187.5
20
135792.5
30
0
11
268187.5
21
135827.5
31
0
0
LINE
8
interiors
10
268152.5
20
135792.5
30
0
11
268187.5
21
135792.5
31
0
0
LINE
8
interiors
10
268152.5
20
135827.5
30
0
11
268187.5
21
135827.5
31
0
0
LINE
8
interiors
10
268152.5
20
136172.5
30
0
11
268152.5
21
136207.5
31
0
0
LINE
8
interiors
10
268187.5
20
136172.5
30
0
11
268187.5
21
136207.5
31
0
0
LINE
8
interiors
10
268152.5
20
136172.5
30
0
11
268187.5
21
136172.5
31
0
0
LINE
8
interiors
10
268152.5
20
136207.5
30
0
11
268187.5
21
136207.5
31
0
0
LINE
8
interiors
10
268980.0
20
136000.0
30
0
11
268898.12
21
136224.98
31
0
0
LINE
8
interiors
10
268898.12
20
136224.98
30
0
11
268690.78
21
136344.68
31
0
0
LINE
8
interiors
10
268690.78
20
136344.68
30
0
11
268455.0
21
136303.11
31
0
0
LINE
8
interiors
10
268455.0
20
136303.11
30
0
11
268301.11
21
136119.71
31
0
0
LINE
8
interiors
10
268301.11
20
136119.71
30
0
11
268301.11
21
135880.29
31
0
0
LINE
8
interiors
10
268301.11
20
135880.29
30
0
11
268455.0
21
135696.89
31
0
0
LINE
8
interiors
10
268455.0
20
135696.89
30
0
11
268690.78
21
135655.32
31
0
0
LINE
8
interiors
10
268690.78
20
135655.32
30
0
11
268898.12
21
135775.02
31
0
0
LINE
8
interiors
10
268898.12
20
135775.02
30
0
11
268980.0
21
136000.0
31
0
0
LINE
8
interiors
10
268670.0
20
136000.0
30
0
11
268610.0
21
136034.64
31
0
0
LINE
8
interiors
10
268610.0
20
136034.64
30
0
11
268610.0
21
135965.36
31
0
0
LINE
8
interiors
10
268610.0
20
135965.36
30
0
11
268670.0
21
136000.0
31
0
0
LINE
8
electrical
10
273275.0
20
122575.0
30
0
11
273275.0
21
122825.0
31
0
0
LINE
8
electrical
10
273825.0
20
122575.0
30
0
11
273825.0
21
122825.0
31
0
0
LINE
8
electrical
10
273275.0
20
122575.0
30
0
11
273825.0
21
122575.0
31
0
0
LINE
8
electrical
10
273275.0
20
122825.0
30
0
11
273825.0
21
122825.0
31
0
0
LINE
8
electrical
10
273315.0
20
122547.5
30
0
11
273315.0
21
122582.5
31
0
0
LINE
8
electrical
10
273785.0
20
122547.5
30
0
11
273785.0
21
122582.5
31
0
0
LINE
8
electrical
10
273315.0
20
122547.5
30
0
11
273785.0
21
122547.5
31
0
0
LINE
8
electrical
10
273315.0
20
122582.5
30
0
11
273785.0
21
122582.5
31
0
0
LINE
8
electrical
10
273362.5
20
122510.0
30
0
11
273362.5
21
122550.0
31
0
0
LINE
8
electrical
10
273462.5
20
122510.0
30
0
11
273462.5
21
122550.0
31
0
0
LINE
8
electrical
10
273362.5
20
122510.0
30
0
11
273462.5
21
122510.0
31
0
0
LINE
8
electrical
10
273362.5
20
122550.0
30
0
11
273462.5
21
122550.0
31
0
0
LINE
8
electrical
10
273500.0
20
122510.0
30
0
11
273500.0
21
122550.0
31
0
0
LINE
8
electrical
10
273600.0
20
122510.0
30
0
11
273600.0
21
122550.0
31
0
0
LINE
8
electrical
10
273500.0
20
122510.0
30
0
11
273600.0
21
122510.0
31
0
0
LINE
8
electrical
10
273500.0
20
122550.0
30
0
11
273600.0
21
122550.0
31
0
0
LINE
8
electrical
10
273637.5
20
122510.0
30
0
11
273637.5
21
122550.0
31
0
0
LINE
8
electrical
10
273737.5
20
122510.0
30
0
11
273737.5
21
122550.0
31
0
0
LINE
8
electrical
10
273637.5
20
122510.0
30
0
11
273737.5
21
122510.0
31
0
0
LINE
8
electrical
10
273637.5
20
122550.0
30
0
11
273737.5
21
122550.0
31
0
0
LINE
8
electrical
10
273412.5
20
122495.0
30
0
11
273435.88
21
122495.0
31
0
0
LINE
8
electrical
10
273435.88
20
122495.0
30
0
11
273389.12
21
122495.0
31
0
0
LINE
8
electrical
10
273389.12
20
122495.0
30
0
11
273412.5
21
122495.0
31
0
0
LINE
8
electrical
10
273412.5
20
122520.0
30
0
11
273412.5
21
122495.0
31
0
0
LINE
8
electrical
10
273412.5
20
122520.0
30
0
11
273435.88
21
122520.0
31
0
0
LINE
8
electrical
10
273435.88
20
122520.0
30
0
11
273389.12
21
122520.0
31
0
0
LINE
8
electrical
10
273389.12
20
122520.0
30
0
11
273412.5
21
122520.0
31
0
0
LINE
8
electrical
10
273550.0
20
122495.0
30
0
11
273573.38
21
122495.0
31
0
0
LINE
8
electrical
10
273573.38
20
122495.0
30
0
11
273526.62
21
122495.0
31
0
0
LINE
8
electrical
10
273526.62
20
122495.0
30
0
11
273550.0
21
122495.0
31
0
0
LINE
8
electrical
10
273550.0
20
122520.0
30
0
11
273550.0
21
122495.0
31
0
0
LINE
8
electrical
10
273550.0
20
122520.0
30
0
11
273573.38
21
122520.0
31
0
0
LINE
8
electrical
10
273573.38
20
122520.0
30
0
11
273526.62
21
122520.0
31
0
0
LINE
8
electrical
10
273526.62
20
122520.0
30
0
11
273550.0
21
122520.0
31
0
0
LINE
8
electrical
10
273687.5
20
122495.0
30
0
11
273710.88
21
122495.0
31
0
0
LINE
8
electrical
10
273710.88
20
122495.0
30
0
11
273664.12
21
122495.0
31
0
0
LINE
8
electrical
10
273664.12
20
122495.0
30
0
11
273687.5
21
122495.0
31
0
0
LINE
8
electrical
10
273687.5
20
122520.0
30
0
11
273687.5
21
122495.0
31
0
0
LINE
8
electrical
10
273687.5
20
122520.0
30
0
11
273710.88
21
122520.0
31
0
0
LINE
8
electrical
10
273710.88
20
122520.0
30
0
11
273664.12
21
122520.0
31
0
0
LINE
8
electrical
10
273664.12
20
122520.0
30
0
11
273687.5
21
122520.0
31
0
0
LINE
8
electrical
10
273550.0
20
122700.0
30
0
11
273565.59
21
122700.0
31
0
0
LINE
8
electrical
10
273565.59
20
122700.0
30
0
11
273534.41
21
122700.0
31
0
0
LINE
8
electrical
10
273534.41
20
122700.0
30
0
11
273550.0
21
122700.0
31
0
0
LINE
8
electrical
10
273550.0
20
122200.0
30
0
11
273550.0
21
122700.0
31
0
0
LINE
8
electrical
10
273550.0
20
122200.0
30
0
11
273565.59
21
122200.0
31
0
0
LINE
8
electrical
10
273565.59
20
122200.0
30
0
11
273534.41
21
122200.0
31
0
0
LINE
8
electrical
10
273534.41
20
122200.0
30
0
11
273550.0
21
122200.0
31
0
0
LINE
8
electrical
10
273532.0
20
122700.0
30
0
11
273559.0
21
122715.59
31
0
0
LINE
8
electrical
10
273559.0
20
122715.59
30
0
11
273559.0
21
122684.41
31
0
0
LINE
8
electrical
10
273559.0
20
122684.41
30
0
11
273532.0
21
122700.0
31
0
0
LINE
8
electrical
10
273550.0
20
122700.0
30
0
11
273569.44
21
122700.0
31
0
0
LINE
8
electrical
10
273569.44
20
122700.0
30
0
11
273550.0
21
122700.0
31
0
0
LINE
8
lighting
10
236700.0
20
126500.0
30
0
11
236700.0
21
127140.0
31
0
0
LINE
8
lighting
10
237340.0
20
126500.0
30
0
11
237340.0
21
127140.0
31
0
0
LINE
8
lighting
10
236700.0
20
126500.0
30
0
11
237340.0
21
126500.0
31
0
0
LINE
8
lighting
10
236700.0
20
127140.0
30
0
11
237340.0
21
127140.0
31
0
0
LINE
8
lighting
10
236740.0
20
126540.0
30
0
11
236740.0
21
127100.0
31
0
0
LINE
8
lighting
10
237300.0
20
126540.0
30
0
11
237300.0
21
127100.0
31
0
0
LINE
8
lighting
10
236740.0
20
126540.0
30
0
11
237300.0
21
126540.0
31
0
0
LINE
8
lighting
10
236740.0
20
127100.0
30
0
11
237300.0
21
127100.0
31
0
0
LINE
8
lighting
10
236774.0
20
126550.0
30
0
11
236774.0
21
127090.0
31
0
0
LINE
8
lighting
10
236786.0
20
126550.0
30
0
11
236786.0
21
127090.0
31
0
0
LINE
8
lighting
10
236774.0
20
126550.0
30
0
11
236786.0
21
126550.0
31
0
0
LINE
8
lighting
10
236774.0
20
127090.0
30
0
11
236786.0
21
127090.0
31
0
0
LINE
8
lighting
10
236854.0
20
126550.0
30
0
11
236854.0
21
127090.0
31
0
0
LINE
8
lighting
10
236866.0
20
126550.0
30
0
11
236866.0
21
127090.0
31
0
0
LINE
8
lighting
10
236854.0
20
126550.0
30
0
11
236866.0
21
126550.0
31
0
0
LINE
8
lighting
10
236854.0
20
127090.0
30
0
11
236866.0
21
127090.0
31
0
0
LINE
8
lighting
10
236934.0
20
126550.0
30
0
11
236934.0
21
127090.0
31
0
0
LINE
8
lighting
10
236946.0
20
126550.0
30
0
11
236946.0
21
127090.0
31
0
0
LINE
8
lighting
10
236934.0
20
126550.0
30
0
11
236946.0
21
126550.0
31
0
0
LINE
8
lighting
10
236934.0
20
127090.0
30
0
11
236946.0
21
127090.0
31
0
0
LINE
8
lighting
10
237014.0
20
126550.0
30
0
11
237014.0
21
127090.0
31
0
0
LINE
8
lighting
10
237026.0
20
126550.0
30
0
11
237026.0
21
127090.0
31
0
0
LINE
8
lighting
10
237014.0
20
126550.0
30
0
11
237026.0
21
126550.0
31
0
0
LINE
8
lighting
10
237014.0
20
127090.0
30
0
11
237026.0
21
127090.0
31
0
0
LINE
8
lighting
10
237094.0
20
126550.0
30
0
11
237094.0
21
127090.0
31
0
0
LINE
8
lighting
10
237106.0
20
126550.0
30
0
11
237106.0
21
127090.0
31
0
0
LINE
8
lighting
10
237094.0
20
126550.0
30
0
11
237106.0
21
126550.0
31
0
0
LINE
8
lighting
10
237094.0
20
127090.0
30
0
11
237106.0
21
127090.0
31
0
0
LINE
8
lighting
10
237174.0
20
126550.0
30
0
11
237174.0
21
127090.0
31
0
0
LINE
8
lighting
10
237186.0
20
126550.0
30
0
11
237186.0
21
127090.0
31
0
0
LINE
8
lighting
10
237174.0
20
126550.0
30
0
11
237186.0
21
126550.0
31
0
0
LINE
8
lighting
10
237174.0
20
127090.0
30
0
11
237186.0
21
127090.0
31
0
0
LINE
8
lighting
10
237254.0
20
126550.0
30
0
11
237254.0
21
127090.0
31
0
0
LINE
8
lighting
10
237266.0
20
126550.0
30
0
11
237266.0
21
127090.0
31
0
0
LINE
8
lighting
10
237254.0
20
126550.0
30
0
11
237266.0
21
126550.0
31
0
0
LINE
8
lighting
10
237254.0
20
127090.0
30
0
11
237266.0
21
127090.0
31
0
0
LINE
8
lighting
10
237029.0
20
126820.0
30
0
11
237015.5
21
126827.79
31
0
0
LINE
8
lighting
10
237015.5
20
126827.79
30
0
11
237015.5
21
126812.21
31
0
0
LINE
8
lighting
10
237015.5
20
126812.21
30
0
11
237029.0
21
126820.0
31
0
0
LINE
8
lighting
10
257340.0
20
126500.0
30
0
11
257340.0
21
127140.0
31
0
0
LINE
8
lighting
10
257980.0
20
126500.0
30
0
11
257980.0
21
127140.0
31
0
0
LINE
8
lighting
10
257340.0
20
126500.0
30
0
11
257980.0
21
126500.0
31
0
0
LINE
8
lighting
10
257340.0
20
127140.0
30
0
11
257980.0
21
127140.0
31
0
0
LINE
8
lighting
10
257380.0
20
126540.0
30
0
11
257380.0
21
127100.0
31
0
0
LINE
8
lighting
10
257940.0
20
126540.0
30
0
11
257940.0
21
127100.0
31
0
0
LINE
8
lighting
10
257380.0
20
126540.0
30
0
11
257940.0
21
126540.0
31
0
0
LINE
8
lighting
10
257380.0
20
127100.0
30
0
11
257940.0
21
127100.0
31
0
0
LINE
8
lighting
10
257414.0
20
126550.0
30
0
11
257414.0
21
127090.0
31
0
0
LINE
8
lighting
10
257426.0
20
126550.0
30
0
11
257426.0
21
127090.0
31
0
0
LINE
8
lighting
10
257414.0
20
126550.0
30
0
11
257426.0
21
126550.0
31
0
0
LINE
8
lighting
10
257414.0
20
127090.0
30
0
11
257426.0
21
127090.0
31
0
0
LINE
8
lighting
10
257494.0
20
126550.0
30
0
11
257494.0
21
127090.0
31
0
0
LINE
8
lighting
10
257506.0
20
126550.0
30
0
11
257506.0
21
127090.0
31
0
0
LINE
8
lighting
10
257494.0
20
126550.0
30
0
11
257506.0
21
126550.0
31
0
0
LINE
8
lighting
10
257494.0
20
127090.0
30
0
11
257506.0
21
127090.0
31
0
0
LINE
8
lighting
10
257574.0
20
126550.0
30
0
11
257574.0
21
127090.0
31
0
0
LINE
8
lighting
10
257586.0
20
126550.0
30
0
11
257586.0
21
127090.0
31
0
0
LINE
8
lighting
10
257574.0
20
126550.0
30
0
11
257586.0
21
126550.0
31
0
0
LINE
8
lighting
10
257574.0
20
127090.0
30
0
11
257586.0
21
127090.0
31
0
0
LINE
8
lighting
10
257654.0
20
126550.0
30
0
11
257654.0
21
127090.0
31
0
0
LINE
8
lighting
10
257666.0
20
126550.0
30
0
11
257666.0
21
127090.0
31
0
0
LINE
8
lighting
10
257654.0
20
126550.0
30
0
11
257666.0
21
126550.0
31
0
0
LINE
8
lighting
10
257654.0
20
127090.0
30
0
11
257666.0
21
127090.0
31
0
0
LINE
8
lighting
10
257734.0
20
126550.0
30
0
11
257734.0
21
127090.0
31
0
0
LINE
8
lighting
10
257746.0
20
126550.0
30
0
11
257746.0
21
127090.0
31
0
0
LINE
8
lighting
10
257734.0
20
126550.0
30
0
11
257746.0
21
126550.0
31
0
0
LINE
8
lighting
10
257734.0
20
127090.0
30
0
11
257746.0
21
127090.0
31
0
0
LINE
8
lighting
10
257814.0
20
126550.0
30
0
11
257814.0
21
127090.0
31
0
0
LINE
8
lighting
10
257826.0
20
126550.0
30
0
11
257826.0
21
127090.0
31
0
0
LINE
8
lighting
10
257814.0
20
126550.0
30
0
11
257826.0
21
126550.0
31
0
0
LINE
8
lighting
10
257814.0
20
127090.0
30
0
11
257826.0
21
127090.0
31
0
0
LINE
8
lighting
10
257894.0
20
126550.0
30
0
11
257894.0
21
127090.0
31
0
0
LINE
8
lighting
10
257906.0
20
126550.0
30
0
11
257906.0
21
127090.0
31
0
0
LINE
8
lighting
10
257894.0
20
126550.0
30
0
11
257906.0
21
126550.0
31
0
0
LINE
8
lighting
10
257894.0
20
127090.0
30
0
11
257906.0
21
127090.0
31
0
0
LINE
8
lighting
10
257669.0
20
126820.0
30
0
11
257655.5
21
126827.79
31
0
0
LINE
8
lighting
10
257655.5
20
126827.79
30
0
11
257655.5
21
126812.21
31
0
0
LINE
8
lighting
10
257655.5
20
126812.21
30
0
11
257669.0
21
126820.0
31
0
0
LINE
8
lighting
10
236700.0
20
144860.0
30
0
11
236700.0
21
145500.0
31
0
0
LINE
8
lighting
10
237340.0
20
144860.0
30
0
11
237340.0
21
145500.0
31
0
0
LINE
8
lighting
10
236700.0
20
144860.0
30
0
11
237340.0
21
144860.0
31
0
0
LINE
8
lighting
10
236700.0
20
145500.0
30
0
11
237340.0
21
145500.0
31
0
0
LINE
8
lighting
10
236740.0
20
144900.0
30
0
11
236740.0
21
145460.0
31
0
0
LINE
8
lighting
10
237300.0
20
144900.0
30
0
11
237300.0
21
145460.0
31
0
0
LINE
8
lighting
10
236740.0
20
144900.0
30
0
11
237300.0
21
144900.0
31
0
0
LINE
8
lighting
10
236740.0
20
145460.0
30
0
11
237300.0
21
145460.0
31
0
0
LINE
8
lighting
10
236774.0
20
144910.0
30
0
11
236774.0
21
145450.0
31
0
0
LINE
8
lighting
10
236786.0
20
144910.0
30
0
11
236786.0
21
145450.0
31
0
0
LINE
8
lighting
10
236774.0
20
144910.0
30
0
11
236786.0
21
144910.0
31
0
0
LINE
8
lighting
10
236774.0
20
145450.0
30
0
11
236786.0
21
145450.0
31
0
0
LINE
8
lighting
10
236854.0
20
144910.0
30
0
11
236854.0
21
145450.0
31
0
0
LINE
8
lighting
10
236866.0
20
144910.0
30
0
11
236866.0
21
145450.0
31
0
0
LINE
8
lighting
10
236854.0
20
144910.0
30
0
11
236866.0
21
144910.0
31
0
0
LINE
8
lighting
10
236854.0
20
145450.0
30
0
11
236866.0
21
145450.0
31
0
0
LINE
8
lighting
10
236934.0
20
144910.0
30
0
11
236934.0
21
145450.0
31
0
0
LINE
8
lighting
10
236946.0
20
144910.0
30
0
11
236946.0
21
145450.0
31
0
0
LINE
8
lighting
10
236934.0
20
144910.0
30
0
11
236946.0
21
144910.0
31
0
0
LINE
8
lighting
10
236934.0
20
145450.0
30
0
11
236946.0
21
145450.0
31
0
0
LINE
8
lighting
10
237014.0
20
144910.0
30
0
11
237014.0
21
145450.0
31
0
0
LINE
8
lighting
10
237026.0
20
144910.0
30
0
11
237026.0
21
145450.0
31
0
0
LINE
8
lighting
10
237014.0
20
144910.0
30
0
11
237026.0
21
144910.0
31
0
0
LINE
8
lighting
10
237014.0
20
145450.0
30
0
11
237026.0
21
145450.0
31
0
0
LINE
8
lighting
10
237094.0
20
144910.0
30
0
11
237094.0
21
145450.0
31
0
0
LINE
8
lighting
10
237106.0
20
144910.0
30
0
11
237106.0
21
145450.0
31
0
0
LINE
8
lighting
10
237094.0
20
144910.0
30
0
11
237106.0
21
144910.0
31
0
0
LINE
8
lighting
10
237094.0
20
145450.0
30
0
11
237106.0
21
145450.0
31
0
0
LINE
8
lighting
10
237174.0
20
144910.0
30
0
11
237174.0
21
145450.0
31
0
0
LINE
8
lighting
10
237186.0
20
144910.0
30
0
11
237186.0
21
145450.0
31
0
0
LINE
8
lighting
10
237174.0
20
144910.0
30
0
11
237186.0
21
144910.0
31
0
0
LINE
8
lighting
10
237174.0
20
145450.0
30
0
11
237186.0
21
145450.0
31
0
0
LINE
8
lighting
10
237254.0
20
144910.0
30
0
11
237254.0
21
145450.0
31
0
0
LINE
8
lighting
10
237266.0
20
144910.0
30
0
11
237266.0
21
145450.0
31
0
0
LINE
8
lighting
10
237254.0
20
144910.0
30
0
11
237266.0
21
144910.0
31
0
0
LINE
8
lighting
10
237254.0
20
145450.0
30
0
11
237266.0
21
145450.0
31
0
0
LINE
8
lighting
10
237029.0
20
145180.0
30
0
11
237015.5
21
145187.79
31
0
0
LINE
8
lighting
10
237015.5
20
145187.79
30
0
11
237015.5
21
145172.21
31
0
0
LINE
8
lighting
10
237015.5
20
145172.21
30
0
11
237029.0
21
145180.0
31
0
0
LINE
8
lighting
10
257340.0
20
144860.0
30
0
11
257340.0
21
145500.0
31
0
0
LINE
8
lighting
10
257980.0
20
144860.0
30
0
11
257980.0
21
145500.0
31
0
0
LINE
8
lighting
10
257340.0
20
144860.0
30
0
11
257980.0
21
144860.0
31
0
0
LINE
8
lighting
10
257340.0
20
145500.0
30
0
11
257980.0
21
145500.0
31
0
0
LINE
8
lighting
10
257380.0
20
144900.0
30
0
11
257380.0
21
145460.0
31
0
0
LINE
8
lighting
10
257940.0
20
144900.0
30
0
11
257940.0
21
145460.0
31
0
0
LINE
8
lighting
10
257380.0
20
144900.0
30
0
11
257940.0
21
144900.0
31
0
0
LINE
8
lighting
10
257380.0
20
145460.0
30
0
11
257940.0
21
145460.0
31
0
0
LINE
8
lighting
10
257414.0
20
144910.0
30
0
11
257414.0
21
145450.0
31
0
0
LINE
8
lighting
10
257426.0
20
144910.0
30
0
11
257426.0
21
145450.0
31
0
0
LINE
8
lighting
10
257414.0
20
144910.0
30
0
11
257426.0
21
144910.0
31
0
0
LINE
8
lighting
10
257414.0
20
145450.0
30
0
11
257426.0
21
145450.0
31
0
0
LINE
8
lighting
10
257494.0
20
144910.0
30
0
11
257494.0
21
145450.0
31
0
0
LINE
8
lighting
10
257506.0
20
144910.0
30
0
11
257506.0
21
145450.0
31
0
0
LINE
8
lighting
10
257494.0
20
144910.0
30
0
11
257506.0
21
144910.0
31
0
0
LINE
8
lighting
10
257494.0
20
145450.0
30
0
11
257506.0
21
145450.0
31
0
0
LINE
8
lighting
10
257574.0
20
144910.0
30
0
11
257574.0
21
145450.0
31
0
0
LINE
8
lighting
10
257586.0
20
144910.0
30
0
11
257586.0
21
145450.0
31
0
0
LINE
8
lighting
10
257574.0
20
144910.0
30
0
11
257586.0
21
144910.0
31
0
0
LINE
8
lighting
10
257574.0
20
145450.0
30
0
11
257586.0
21
145450.0
31
0
0
LINE
8
lighting
10
257654.0
20
144910.0
30
0
11
257654.0
21
145450.0
31
0
0
LINE
8
lighting
10
257666.0
20
144910.0
30
0
11
257666.0
21
145450.0
31
0
0
LINE
8
lighting
10
257654.0
20
144910.0
30
0
11
257666.0
21
144910.0
31
0
0
LINE
8
lighting
10
257654.0
20
145450.0
30
0
11
257666.0
21
145450.0
31
0
0
LINE
8
lighting
10
257734.0
20
144910.0
30
0
11
257734.0
21
145450.0
31
0
0
LINE
8
lighting
10
257746.0
20
144910.0
30
0
11
257746.0
21
145450.0
31
0
0
LINE
8
lighting
10
257734.0
20
144910.0
30
0
11
257746.0
21
144910.0
31
0
0
LINE
8
lighting
10
257734.0
20
145450.0
30
0
11
257746.0
21
145450.0
31
0
0
LINE
8
lighting
10
257814.0
20
144910.0
30
0
11
257814.0
21
145450.0
31
0
0
LINE
8
lighting
10
257826.0
20
144910.0
30
0
11
257826.0
21
145450.0
31
0
0
LINE
8
lighting
10
257814.0
20
144910.0
30
0
11
257826.0
21
144910.0
31
0
0
LINE
8
lighting
10
257814.0
20
145450.0
30
0
11
257826.0
21
145450.0
31
0
0
LINE
8
lighting
10
257894.0
20
144910.0
30
0
11
257894.0
21
145450.0
31
0
0
LINE
8
lighting
10
257906.0
20
144910.0
30
0
11
257906.0
21
145450.0
31
0
0
LINE
8
lighting
10
257894.0
20
144910.0
30
0
11
257906.0
21
144910.0
31
0
0
LINE
8
lighting
10
257894.0
20
145450.0
30
0
11
257906.0
21
145450.0
31
0
0
LINE
8
lighting
10
257669.0
20
145180.0
30
0
11
257655.5
21
145187.79
31
0
0
LINE
8
lighting
10
257655.5
20
145187.79
30
0
11
257655.5
21
145172.21
31
0
0
LINE
8
lighting
10
257655.5
20
145172.21
30
0
11
257669.0
21
145180.0
31
0
0
LINE
8
lighting
10
247020.0
20
126500.0
30
0
11
247020.0
21
127140.0
31
0
0
LINE
8
lighting
10
247660.0
20
126500.0
30
0
11
247660.0
21
127140.0
31
0
0
LINE
8
lighting
10
247020.0
20
126500.0
30
0
11
247660.0
21
126500.0
31
0
0
LINE
8
lighting
10
247020.0
20
127140.0
30
0
11
247660.0
21
127140.0
31
0
0
LINE
8
lighting
10
247060.0
20
126540.0
30
0
11
247060.0
21
127100.0
31
0
0
LINE
8
lighting
10
247620.0
20
126540.0
30
0
11
247620.0
21
127100.0
31
0
0
LINE
8
lighting
10
247060.0
20
126540.0
30
0
11
247620.0
21
126540.0
31
0
0
LINE
8
lighting
10
247060.0
20
127100.0
30
0
11
247620.0
21
127100.0
31
0
0
LINE
8
lighting
10
247094.0
20
126550.0
30
0
11
247094.0
21
127090.0
31
0
0
LINE
8
lighting
10
247106.0
20
126550.0
30
0
11
247106.0
21
127090.0
31
0
0
LINE
8
lighting
10
247094.0
20
126550.0
30
0
11
247106.0
21
126550.0
31
0
0
LINE
8
lighting
10
247094.0
20
127090.0
30
0
11
247106.0
21
127090.0
31
0
0
LINE
8
lighting
10
247174.0
20
126550.0
30
0
11
247174.0
21
127090.0
31
0
0
LINE
8
lighting
10
247186.0
20
126550.0
30
0
11
247186.0
21
127090.0
31
0
0
LINE
8
lighting
10
247174.0
20
126550.0
30
0
11
247186.0
21
126550.0
31
0
0
LINE
8
lighting
10
247174.0
20
127090.0
30
0
11
247186.0
21
127090.0
31
0
0
LINE
8
lighting
10
247254.0
20
126550.0
30
0
11
247254.0
21
127090.0
31
0
0
LINE
8
lighting
10
247266.0
20
126550.0
30
0
11
247266.0
21
127090.0
31
0
0
LINE
8
lighting
10
247254.0
20
126550.0
30
0
11
247266.0
21
126550.0
31
0
0
LINE
8
lighting
10
247254.0
20
127090.0
30
0
11
247266.0
21
127090.0
31
0
0
LINE
8
lighting
10
247334.0
20
126550.0
30
0
11
247334.0
21
127090.0
31
0
0
LINE
8
lighting
10
247346.0
20
126550.0
30
0
11
247346.0
21
127090.0
31
0
0
LINE
8
lighting
10
247334.0
20
126550.0
30
0
11
247346.0
21
126550.0
31
0
0
LINE
8
lighting
10
247334.0
20
127090.0
30
0
11
247346.0
21
127090.0
31
0
0
LINE
8
lighting
10
247414.0
20
126550.0
30
0
11
247414.0
21
127090.0
31
0
0
LINE
8
lighting
10
247426.0
20
126550.0
30
0
11
247426.0
21
127090.0
31
0
0
LINE
8
lighting
10
247414.0
20
126550.0
30
0
11
247426.0
21
126550.0
31
0
0
LINE
8
lighting
10
247414.0
20
127090.0
30
0
11
247426.0
21
127090.0
31
0
0
LINE
8
lighting
10
247494.0
20
126550.0
30
0
11
247494.0
21
127090.0
31
0
0
LINE
8
lighting
10
247506.0
20
126550.0
30
0
11
247506.0
21
127090.0
31
0
0
LINE
8
lighting
10
247494.0
20
126550.0
30
0
11
247506.0
21
126550.0
31
0
0
LINE
8
lighting
10
247494.0
20
127090.0
30
0
11
247506.0
21
127090.0
31
0
0
LINE
8
lighting
10
247574.0
20
126550.0
30
0
11
247574.0
21
127090.0
31
0
0
LINE
8
lighting
10
247586.0
20
126550.0
30
0
11
247586.0
21
127090.0
31
0
0
LINE
8
lighting
10
247574.0
20
126550.0
30
0
11
247586.0
21
126550.0
31
0
0
LINE
8
lighting
10
247574.0
20
127090.0
30
0
11
247586.0
21
127090.0
31
0
0
LINE
8
lighting
10
247349.0
20
126820.0
30
0
11
247335.5
21
126827.79
31
0
0
LINE
8
lighting
10
247335.5
20
126827.79
30
0
11
247335.5
21
126812.21
31
0
0
LINE
8
lighting
10
247335.5
20
126812.21
30
0
11
247349.0
21
126820.0
31
0
0
LINE
8
lighting
10
267660.0
20
126500.0
30
0
11
267660.0
21
127140.0
31
0
0
LINE
8
lighting
10
268300.0
20
126500.0
30
0
11
268300.0
21
127140.0
31
0
0
LINE
8
lighting
10
267660.0
20
126500.0
30
0
11
268300.0
21
126500.0
31
0
0
LINE
8
lighting
10
267660.0
20
127140.0
30
0
11
268300.0
21
127140.0
31
0
0
LINE
8
lighting
10
267700.0
20
126540.0
30
0
11
267700.0
21
127100.0
31
0
0
LINE
8
lighting
10
268260.0
20
126540.0
30
0
11
268260.0
21
127100.0
31
0
0
LINE
8
lighting
10
267700.0
20
126540.0
30
0
11
268260.0
21
126540.0
31
0
0
LINE
8
lighting
10
267700.0
20
127100.0
30
0
11
268260.0
21
127100.0
31
0
0
LINE
8
lighting
10
267734.0
20
126550.0
30
0
11
267734.0
21
127090.0
31
0
0
LINE
8
lighting
10
267746.0
20
126550.0
30
0
11
267746.0
21
127090.0
31
0
0
LINE
8
lighting
10
267734.0
20
126550.0
30
0
11
267746.0
21
126550.0
31
0
0
LINE
8
lighting
10
267734.0
20
127090.0
30
0
11
267746.0
21
127090.0
31
0
0
LINE
8
lighting
10
267814.0
20
126550.0
30
0
11
267814.0
21
127090.0
31
0
0
LINE
8
lighting
10
267826.0
20
126550.0
30
0
11
267826.0
21
127090.0
31
0
0
LINE
8
lighting
10
267814.0
20
126550.0
30
0
11
267826.0
21
126550.0
31
0
0
LINE
8
lighting
10
267814.0
20
127090.0
30
0
11
267826.0
21
127090.0
31
0
0
LINE
8
lighting
10
267894.0
20
126550.0
30
0
11
267894.0
21
127090.0
31
0
0
LINE
8
lighting
10
267906.0
20
126550.0
30
0
11
267906.0
21
127090.0
31
0
0
LINE
8
lighting
10
267894.0
20
126550.0
30
0
11
267906.0
21
126550.0
31
0
0
LINE
8
lighting
10
267894.0
20
127090.0
30
0
11
267906.0
21
127090.0
31
0
0
LINE
8
lighting
10
267974.0
20
126550.0
30
0
11
267974.0
21
127090.0
31
0
0
LINE
8
lighting
10
267986.0
20
126550.0
30
0
11
267986.0
21
127090.0
31
0
0
LINE
8
lighting
10
267974.0
20
126550.0
30
0
11
267986.0
21
126550.0
31
0
0
LINE
8
lighting
10
267974.0
20
127090.0
30
0
11
267986.0
21
127090.0
31
0
0
LINE
8
lighting
10
268054.0
20
126550.0
30
0
11
268054.0
21
127090.0
31
0
0
LINE
8
lighting
10
268066.0
20
126550.0
30
0
11
268066.0
21
127090.0
31
0
0
LINE
8
lighting
10
268054.0
20
126550.0
30
0
11
268066.0
21
126550.0
31
0
0
LINE
8
lighting
10
268054.0
20
127090.0
30
0
11
268066.0
21
127090.0
31
0
0
LINE
8
lighting
10
268134.0
20
126550.0
30
0
11
268134.0
21
127090.0
31
0
0
LINE
8
lighting
10
268146.0
20
126550.0
30
0
11
268146.0
21
127090.0
31
0
0
LINE
8
lighting
10
268134.0
20
126550.0
30
0
11
268146.0
21
126550.0
31
0
0
LINE
8
lighting
10
268134.0
20
127090.0
30
0
11
268146.0
21
127090.0
31
0
0
LINE
8
lighting
10
268214.0
20
126550.0
30
0
11
268214.0
21
127090.0
31
0
0
LINE
8
lighting
10
268226.0
20
126550.0
30
0
11
268226.0
21
127090.0
31
0
0
LINE
8
lighting
10
268214.0
20
126550.0
30
0
11
268226.0
21
126550.0
31
0
0
LINE
8
lighting
10
268214.0
20
127090.0
30
0
11
268226.0
21
127090.0
31
0
0
LINE
8
lighting
10
267989.0
20
126820.0
30
0
11
267975.5
21
126827.79
31
0
0
LINE
8
lighting
10
267975.5
20
126827.79
30
0
11
267975.5
21
126812.21
31
0
0
LINE
8
lighting
10
267975.5
20
126812.21
30
0
11
267989.0
21
126820.0
31
0
0
LINE
8
lighting
10
247020.0
20
144860.0
30
0
11
247020.0
21
145500.0
31
0
0
LINE
8
lighting
10
247660.0
20
144860.0
30
0
11
247660.0
21
145500.0
31
0
0
LINE
8
lighting
10
247020.0
20
144860.0
30
0
11
247660.0
21
144860.0
31
0
0
LINE
8
lighting
10
247020.0
20
145500.0
30
0
11
247660.0
21
145500.0
31
0
0
LINE
8
lighting
10
247060.0
20
144900.0
30
0
11
247060.0
21
145460.0
31
0
0
LINE
8
lighting
10
247620.0
20
144900.0
30
0
11
247620.0
21
145460.0
31
0
0
LINE
8
lighting
10
247060.0
20
144900.0
30
0
11
247620.0
21
144900.0
31
0
0
LINE
8
lighting
10
247060.0
20
145460.0
30
0
11
247620.0
21
145460.0
31
0
0
LINE
8
lighting
10
247094.0
20
144910.0
30
0
11
247094.0
21
145450.0
31
0
0
LINE
8
lighting
10
247106.0
20
144910.0
30
0
11
247106.0
21
145450.0
31
0
0
LINE
8
lighting
10
247094.0
20
144910.0
30
0
11
247106.0
21
144910.0
31
0
0
LINE
8
lighting
10
247094.0
20
145450.0
30
0
11
247106.0
21
145450.0
31
0
0
LINE
8
lighting
10
247174.0
20
144910.0
30
0
11
247174.0
21
145450.0
31
0
0
LINE
8
lighting
10
247186.0
20
144910.0
30
0
11
247186.0
21
145450.0
31
0
0
LINE
8
lighting
10
247174.0
20
144910.0
30
0
11
247186.0
21
144910.0
31
0
0
LINE
8
lighting
10
247174.0
20
145450.0
30
0
11
247186.0
21
145450.0
31
0
0
LINE
8
lighting
10
247254.0
20
144910.0
30
0
11
247254.0
21
145450.0
31
0
0
LINE
8
lighting
10
247266.0
20
144910.0
30
0
11
247266.0
21
145450.0
31
0
0
LINE
8
lighting
10
247254.0
20
144910.0
30
0
11
247266.0
21
144910.0
31
0
0
LINE
8
lighting
10
247254.0
20
145450.0
30
0
11
247266.0
21
145450.0
31
0
0
LINE
8
lighting
10
247334.0
20
144910.0
30
0
11
247334.0
21
145450.0
31
0
0
LINE
8
lighting
10
247346.0
20
144910.0
30
0
11
247346.0
21
145450.0
31
0
0
LINE
8
lighting
10
247334.0
20
144910.0
30
0
11
247346.0
21
144910.0
31
0
0
LINE
8
lighting
10
247334.0
20
145450.0
30
0
11
247346.0
21
145450.0
31
0
0
LINE
8
lighting
10
247414.0
20
144910.0
30
0
11
247414.0
21
145450.0
31
0
0
LINE
8
lighting
10
247426.0
20
144910.0
30
0
11
247426.0
21
145450.0
31
0
0
LINE
8
lighting
10
247414.0
20
144910.0
30
0
11
247426.0
21
144910.0
31
0
0
LINE
8
lighting
10
247414.0
20
145450.0
30
0
11
247426.0
21
145450.0
31
0
0
LINE
8
lighting
10
247494.0
20
144910.0
30
0
11
247494.0
21
145450.0
31
0
0
LINE
8
lighting
10
247506.0
20
144910.0
30
0
11
247506.0
21
145450.0
31
0
0
LINE
8
lighting
10
247494.0
20
144910.0
30
0
11
247506.0
21
144910.0
31
0
0
LINE
8
lighting
10
247494.0
20
145450.0
30
0
11
247506.0
21
145450.0
31
0
0
LINE
8
lighting
10
247574.0
20
144910.0
30
0
11
247574.0
21
145450.0
31
0
0
LINE
8
lighting
10
247586.0
20
144910.0
30
0
11
247586.0
21
145450.0
31
0
0
LINE
8
lighting
10
247574.0
20
144910.0
30
0
11
247586.0
21
144910.0
31
0
0
LINE
8
lighting
10
247574.0
20
145450.0
30
0
11
247586.0
21
145450.0
31
0
0
LINE
8
lighting
10
247349.0
20
145180.0
30
0
11
247335.5
21
145187.79
31
0
0
LINE
8
lighting
10
247335.5
20
145187.79
30
0
11
247335.5
21
145172.21
31
0
0
LINE
8
lighting
10
247335.5
20
145172.21
30
0
11
247349.0
21
145180.0
31
0
0
LINE
8
lighting
10
267660.0
20
144860.0
30
0
11
267660.0
21
145500.0
31
0
0
LINE
8
lighting
10
268300.0
20
144860.0
30
0
11
268300.0
21
145500.0
31
0
0
LINE
8
lighting
10
267660.0
20
144860.0
30
0
11
268300.0
21
144860.0
31
0
0
LINE
8
lighting
10
267660.0
20
145500.0
30
0
11
268300.0
21
145500.0
31
0
0
LINE
8
lighting
10
267700.0
20
144900.0
30
0
11
267700.0
21
145460.0
31
0
0
LINE
8
lighting
10
268260.0
20
144900.0
30
0
11
268260.0
21
145460.0
31
0
0
LINE
8
lighting
10
267700.0
20
144900.0
30
0
11
268260.0
21
144900.0
31
0
0
LINE
8
lighting
10
267700.0
20
145460.0
30
0
11
268260.0
21
145460.0
31
0
0
LINE
8
lighting
10
267734.0
20
144910.0
30
0
11
267734.0
21
145450.0
31
0
0
LINE
8
lighting
10
267746.0
20
144910.0
30
0
11
267746.0
21
145450.0
31
0
0
LINE
8
lighting
10
267734.0
20
144910.0
30
0
11
267746.0
21
144910.0
31
0
0
LINE
8
lighting
10
267734.0
20
145450.0
30
0
11
267746.0
21
145450.0
31
0
0
LINE
8
lighting
10
267814.0
20
144910.0
30
0
11
267814.0
21
145450.0
31
0
0
LINE
8
lighting
10
267826.0
20
144910.0
30
0
11
267826.0
21
145450.0
31
0
0
LINE
8
lighting
10
267814.0
20
144910.0
30
0
11
267826.0
21
144910.0
31
0
0
LINE
8
lighting
10
267814.0
20
145450.0
30
0
11
267826.0
21
145450.0
31
0
0
LINE
8
lighting
10
267894.0
20
144910.0
30
0
11
267894.0
21
145450.0
31
0
0
LINE
8
lighting
10
267906.0
20
144910.0
30
0
11
267906.0
21
145450.0
31
0
0
LINE
8
lighting
10
267894.0
20
144910.0
30
0
11
267906.0
21
144910.0
31
0
0
LINE
8
lighting
10
267894.0
20
145450.0
30
0
11
267906.0
21
145450.0
31
0
0
LINE
8
lighting
10
267974.0
20
144910.0
30
0
11
267974.0
21
145450.0
31
0
0
LINE
8
lighting
10
267986.0
20
144910.0
30
0
11
267986.0
21
145450.0
31
0
0
LINE
8
lighting
10
267974.0
20
144910.0
30
0
11
267986.0
21
144910.0
31
0
0
LINE
8
lighting
10
267974.0
20
145450.0
30
0
11
267986.0
21
145450.0
31
0
0
LINE
8
lighting
10
268054.0
20
144910.0
30
0
11
268054.0
21
145450.0
31
0
0
LINE
8
lighting
10
268066.0
20
144910.0
30
0
11
268066.0
21
145450.0
31
0
0
LINE
8
lighting
10
268054.0
20
144910.0
30
0
11
268066.0
21
144910.0
31
0
0
LINE
8
lighting
10
268054.0
20
145450.0
30
0
11
268066.0
21
145450.0
31
0
0
LINE
8
lighting
10
268134.0
20
144910.0
30
0
11
268134.0
21
145450.0
31
0
0
LINE
8
lighting
10
268146.0
20
144910.0
30
0
11
268146.0
21
145450.0
31
0
0
LINE
8
lighting
10
268134.0
20
144910.0
30
0
11
268146.0
21
144910.0
31
0
0
LINE
8
lighting
10
268134.0
20
145450.0
30
0
11
268146.0
21
145450.0
31
0
0
LINE
8
lighting
10
268214.0
20
144910.0
30
0
11
268214.0
21
145450.0
31
0
0
LINE
8
lighting
10
268226.0
20
144910.0
30
0
11
268226.0
21
145450.0
31
0
0
LINE
8
lighting
10
268214.0
20
144910.0
30
0
11
268226.0
21
144910.0
31
0
0
LINE
8
lighting
10
268214.0
20
145450.0
30
0
11
268226.0
21
145450.0
31
0
0
LINE
8
lighting
10
267989.0
20
145180.0
30
0
11
267975.5
21
145187.79
31
0
0
LINE
8
lighting
10
267975.5
20
145187.79
30
0
11
267975.5
21
145172.21
31
0
0
LINE
8
lighting
10
267975.5
20
145172.21
30
0
11
267989.0
21
145180.0
31
0
0
LINE
8
lighting
10
236700.0
20
135680.0
30
0
11
236700.0
21
136320.0
31
0
0
LINE
8
lighting
10
237340.0
20
135680.0
30
0
11
237340.0
21
136320.0
31
0
0
LINE
8
lighting
10
236700.0
20
135680.0
30
0
11
237340.0
21
135680.0
31
0
0
LINE
8
lighting
10
236700.0
20
136320.0
30
0
11
237340.0
21
136320.0
31
0
0
LINE
8
lighting
10
236740.0
20
135720.0
30
0
11
236740.0
21
136280.0
31
0
0
LINE
8
lighting
10
237300.0
20
135720.0
30
0
11
237300.0
21
136280.0
31
0
0
LINE
8
lighting
10
236740.0
20
135720.0
30
0
11
237300.0
21
135720.0
31
0
0
LINE
8
lighting
10
236740.0
20
136280.0
30
0
11
237300.0
21
136280.0
31
0
0
LINE
8
lighting
10
236774.0
20
135730.0
30
0
11
236774.0
21
136270.0
31
0
0
LINE
8
lighting
10
236786.0
20
135730.0
30
0
11
236786.0
21
136270.0
31
0
0
LINE
8
lighting
10
236774.0
20
135730.0
30
0
11
236786.0
21
135730.0
31
0
0
LINE
8
lighting
10
236774.0
20
136270.0
30
0
11
236786.0
21
136270.0
31
0
0
LINE
8
lighting
10
236854.0
20
135730.0
30
0
11
236854.0
21
136270.0
31
0
0
LINE
8
lighting
10
236866.0
20
135730.0
30
0
11
236866.0
21
136270.0
31
0
0
LINE
8
lighting
10
236854.0
20
135730.0
30
0
11
236866.0
21
135730.0
31
0
0
LINE
8
lighting
10
236854.0
20
136270.0
30
0
11
236866.0
21
136270.0
31
0
0
LINE
8
lighting
10
236934.0
20
135730.0
30
0
11
236934.0
21
136270.0
31
0
0
LINE
8
lighting
10
236946.0
20
135730.0
30
0
11
236946.0
21
136270.0
31
0
0
LINE
8
lighting
10
236934.0
20
135730.0
30
0
11
236946.0
21
135730.0
31
0
0
LINE
8
lighting
10
236934.0
20
136270.0
30
0
11
236946.0
21
136270.0
31
0
0
LINE
8
lighting
10
237014.0
20
135730.0
30
0
11
237014.0
21
136270.0
31
0
0
LINE
8
lighting
10
237026.0
20
135730.0
30
0
11
237026.0
21
136270.0
31
0
0
LINE
8
lighting
10
237014.0
20
135730.0
30
0
11
237026.0
21
135730.0
31
0
0
LINE
8
lighting
10
237014.0
20
136270.0
30
0
11
237026.0
21
136270.0
31
0
0
LINE
8
lighting
10
237094.0
20
135730.0
30
0
11
237094.0
21
136270.0
31
0
0
LINE
8
lighting
10
237106.0
20
135730.0
30
0
11
237106.0
21
136270.0
31
0
0
LINE
8
lighting
10
237094.0
20
135730.0
30
0
11
237106.0
21
135730.0
31
0
0
LINE
8
lighting
10
237094.0
20
136270.0
30
0
11
237106.0
21
136270.0
31
0
0
LINE
8
lighting
10
237174.0
20
135730.0
30
0
11
237174.0
21
136270.0
31
0
0
LINE
8
lighting
10
237186.0
20
135730.0
30
0
11
237186.0
21
136270.0
31
0
0
LINE
8
lighting
10
237174.0
20
135730.0
30
0
11
237186.0
21
135730.0
31
0
0
LINE
8
lighting
10
237174.0
20
136270.0
30
0
11
237186.0
21
136270.0
31
0
0
LINE
8
lighting
10
237254.0
20
135730.0
30
0
11
237254.0
21
136270.0
31
0
0
LINE
8
lighting
10
237266.0
20
135730.0
30
0
11
237266.0
21
136270.0
31
0
0
LINE
8
lighting
10
237254.0
20
135730.0
30
0
11
237266.0
21
135730.0
31
0
0
LINE
8
lighting
10
237254.0
20
136270.0
30
0
11
237266.0
21
136270.0
31
0
0
LINE
8
lighting
10
237029.0
20
136000.0
30
0
11
237015.5
21
136007.79
31
0
0
LINE
8
lighting
10
237015.5
20
136007.79
30
0
11
237015.5
21
135992.21
31
0
0
LINE
8
lighting
10
237015.5
20
135992.21
30
0
11
237029.0
21
136000.0
31
0
0
LINE
8
lighting
10
257340.0
20
135680.0
30
0
11
257340.0
21
136320.0
31
0
0
LINE
8
lighting
10
257980.0
20
135680.0
30
0
11
257980.0
21
136320.0
31
0
0
LINE
8
lighting
10
257340.0
20
135680.0
30
0
11
257980.0
21
135680.0
31
0
0
LINE
8
lighting
10
257340.0
20
136320.0
30
0
11
257980.0
21
136320.0
31
0
0
LINE
8
lighting
10
257380.0
20
135720.0
30
0
11
257380.0
21
136280.0
31
0
0
LINE
8
lighting
10
257940.0
20
135720.0
30
0
11
257940.0
21
136280.0
31
0
0
LINE
8
lighting
10
257380.0
20
135720.0
30
0
11
257940.0
21
135720.0
31
0
0
LINE
8
lighting
10
257380.0
20
136280.0
30
0
11
257940.0
21
136280.0
31
0
0
LINE
8
lighting
10
257414.0
20
135730.0
30
0
11
257414.0
21
136270.0
31
0
0
LINE
8
lighting
10
257426.0
20
135730.0
30
0
11
257426.0
21
136270.0
31
0
0
LINE
8
lighting
10
257414.0
20
135730.0
30
0
11
257426.0
21
135730.0
31
0
0
LINE
8
lighting
10
257414.0
20
136270.0
30
0
11
257426.0
21
136270.0
31
0
0
LINE
8
lighting
10
257494.0
20
135730.0
30
0
11
257494.0
21
136270.0
31
0
0
LINE
8
lighting
10
257506.0
20
135730.0
30
0
11
257506.0
21
136270.0
31
0
0
LINE
8
lighting
10
257494.0
20
135730.0
30
0
11
257506.0
21
135730.0
31
0
0
LINE
8
lighting
10
257494.0
20
136270.0
30
0
11
257506.0
21
136270.0
31
0
0
LINE
8
lighting
10
257574.0
20
135730.0
30
0
11
257574.0
21
136270.0
31
0
0
LINE
8
lighting
10
257586.0
20
135730.0
30
0
11
257586.0
21
136270.0
31
0
0
LINE
8
lighting
10
257574.0
20
135730.0
30
0
11
257586.0
21
135730.0
31
0
0
LINE
8
lighting
10
257574.0
20
136270.0
30
0
11
257586.0
21
136270.0
31
0
0
LINE
8
lighting
10
257654.0
20
135730.0
30
0
11
257654.0
21
136270.0
31
0
0
LINE
8
lighting
10
257666.0
20
135730.0
30
0
11
257666.0
21
136270.0
31
0
0
LINE
8
lighting
10
257654.0
20
135730.0
30
0
11
257666.0
21
135730.0
31
0
0
LINE
8
lighting
10
257654.0
20
136270.0
30
0
11
257666.0
21
136270.0
31
0
0
LINE
8
lighting
10
257734.0
20
135730.0
30
0
11
257734.0
21
136270.0
31
0
0
LINE
8
lighting
10
257746.0
20
135730.0
30
0
11
257746.0
21
136270.0
31
0
0
LINE
8
lighting
10
257734.0
20
135730.0
30
0
11
257746.0
21
135730.0
31
0
0
LINE
8
lighting
10
257734.0
20
136270.0
30
0
11
257746.0
21
136270.0
31
0
0
LINE
8
lighting
10
257814.0
20
135730.0
30
0
11
257814.0
21
136270.0
31
0
0
LINE
8
lighting
10
257826.0
20
135730.0
30
0
11
257826.0
21
136270.0
31
0
0
LINE
8
lighting
10
257814.0
20
135730.0
30
0
11
257826.0
21
135730.0
31
0
0
LINE
8
lighting
10
257814.0
20
136270.0
30
0
11
257826.0
21
136270.0
31
0
0
LINE
8
lighting
10
257894.0
20
135730.0
30
0
11
257894.0
21
136270.0
31
0
0
LINE
8
lighting
10
257906.0
20
135730.0
30
0
11
257906.0
21
136270.0
31
0
0
LINE
8
lighting
10
257894.0
20
135730.0
30
0
11
257906.0
21
135730.0
31
0
0
LINE
8
lighting
10
257894.0
20
136270.0
30
0
11
257906.0
21
136270.0
31
0
0
LINE
8
lighting
10
257669.0
20
136000.0
30
0
11
257655.5
21
136007.79
31
0
0
LINE
8
lighting
10
257655.5
20
136007.79
30
0
11
257655.5
21
135992.21
31
0
0
LINE
8
lighting
10
257655.5
20
135992.21
30
0
11
257669.0
21
136000.0
31
0
0
LINE
8
lighting
10
247020.0
20
135680.0
30
0
11
247020.0
21
136320.0
31
0
0
LINE
8
lighting
10
247660.0
20
135680.0
30
0
11
247660.0
21
136320.0
31
0
0
LINE
8
lighting
10
247020.0
20
135680.0
30
0
11
247660.0
21
135680.0
31
0
0
LINE
8
lighting
10
247020.0
20
136320.0
30
0
11
247660.0
21
136320.0
31
0
0
LINE
8
lighting
10
247060.0
20
135720.0
30
0
11
247060.0
21
136280.0
31
0
0
LINE
8
lighting
10
247620.0
20
135720.0
30
0
11
247620.0
21
136280.0
31
0
0
LINE
8
lighting
10
247060.0
20
135720.0
30
0
11
247620.0
21
135720.0
31
0
0
LINE
8
lighting
10
247060.0
20
136280.0
30
0
11
247620.0
21
136280.0
31
0
0
LINE
8
lighting
10
247094.0
20
135730.0
30
0
11
247094.0
21
136270.0
31
0
0
LINE
8
lighting
10
247106.0
20
135730.0
30
0
11
247106.0
21
136270.0
31
0
0
LINE
8
lighting
10
247094.0
20
135730.0
30
0
11
247106.0
21
135730.0
31
0
0
LINE
8
lighting
10
247094.0
20
136270.0
30
0
11
247106.0
21
136270.0
31
0
0
LINE
8
lighting
10
247174.0
20
135730.0
30
0
11
247174.0
21
136270.0
31
0
0
LINE
8
lighting
10
247186.0
20
135730.0
30
0
11
247186.0
21
136270.0
31
0
0
LINE
8
lighting
10
247174.0
20
135730.0
30
0
11
247186.0
21
135730.0
31
0
0
LINE
8
lighting
10
247174.0
20
136270.0
30
0
11
247186.0
21
136270.0
31
0
0
LINE
8
lighting
10
247254.0
20
135730.0
30
0
11
247254.0
21
136270.0
31
0
0
LINE
8
lighting
10
247266.0
20
135730.0
30
0
11
247266.0
21
136270.0
31
0
0
LINE
8
lighting
10
247254.0
20
135730.0
30
0
11
247266.0
21
135730.0
31
0
0
LINE
8
lighting
10
247254.0
20
136270.0
30
0
11
247266.0
21
136270.0
31
0
0
LINE
8
lighting
10
247334.0
20
135730.0
30
0
11
247334.0
21
136270.0
31
0
0
LINE
8
lighting
10
247346.0
20
135730.0
30
0
11
247346.0
21
136270.0
31
0
0
LINE
8
lighting
10
247334.0
20
135730.0
30
0
11
247346.0
21
135730.0
31
0
0
LINE
8
lighting
10
247334.0
20
136270.0
30
0
11
247346.0
21
136270.0
31
0
0
LINE
8
lighting
10
247414.0
20
135730.0
30
0
11
247414.0
21
136270.0
31
0
0
LINE
8
lighting
10
247426.0
20
135730.0
30
0
11
247426.0
21
136270.0
31
0
0
LINE
8
lighting
10
247414.0
20
135730.0
30
0
11
247426.0
21
135730.0
31
0
0
LINE
8
lighting
10
247414.0
20
136270.0
30
0
11
247426.0
21
136270.0
31
0
0
LINE
8
lighting
10
247494.0
20
135730.0
30
0
11
247494.0
21
136270.0
31
0
0
LINE
8
lighting
10
247506.0
20
135730.0
30
0
11
247506.0
21
136270.0
31
0
0
LINE
8
lighting
10
247494.0
20
135730.0
30
0
11
247506.0
21
135730.0
31
0
0
LINE
8
lighting
10
247494.0
20
136270.0
30
0
11
247506.0
21
136270.0
31
0
0
LINE
8
lighting
10
247574.0
20
135730.0
30
0
11
247574.0
21
136270.0
31
0
0
LINE
8
lighting
10
247586.0
20
135730.0
30
0
11
247586.0
21
136270.0
31
0
0
LINE
8
lighting
10
247574.0
20
135730.0
30
0
11
247586.0
21
135730.0
31
0
0
LINE
8
lighting
10
247574.0
20
136270.0
30
0
11
247586.0
21
136270.0
31
0
0
LINE
8
lighting
10
247349.0
20
136000.0
30
0
11
247335.5
21
136007.79
31
0
0
LINE
8
lighting
10
247335.5
20
136007.79
30
0
11
247335.5
21
135992.21
31
0
0
LINE
8
lighting
10
247335.5
20
135992.21
30
0
11
247349.0
21
136000.0
31
0
0
LINE
8
lighting
10
267660.0
20
135680.0
30
0
11
267660.0
21
136320.0
31
0
0
LINE
8
lighting
10
268300.0
20
135680.0
30
0
11
268300.0
21
136320.0
31
0
0
LINE
8
lighting
10
267660.0
20
135680.0
30
0
11
268300.0
21
135680.0
31
0
0
LINE
8
lighting
10
267660.0
20
136320.0
30
0
11
268300.0
21
136320.0
31
0
0
LINE
8
lighting
10
267700.0
20
135720.0
30
0
11
267700.0
21
136280.0
31
0
0
LINE
8
lighting
10
268260.0
20
135720.0
30
0
11
268260.0
21
136280.0
31
0
0
LINE
8
lighting
10
267700.0
20
135720.0
30
0
11
268260.0
21
135720.0
31
0
0
LINE
8
lighting
10
267700.0
20
136280.0
30
0
11
268260.0
21
136280.0
31
0
0
LINE
8
lighting
10
267734.0
20
135730.0
30
0
11
267734.0
21
136270.0
31
0
0
LINE
8
lighting
10
267746.0
20
135730.0
30
0
11
267746.0
21
136270.0
31
0
0
LINE
8
lighting
10
267734.0
20
135730.0
30
0
11
267746.0
21
135730.0
31
0
0
LINE
8
lighting
10
267734.0
20
136270.0
30
0
11
267746.0
21
136270.0
31
0
0
LINE
8
lighting
10
267814.0
20
135730.0
30
0
11
267814.0
21
136270.0
31
0
0
LINE
8
lighting
10
267826.0
20
135730.0
30
0
11
267826.0
21
136270.0
31
0
0
LINE
8
lighting
10
267814.0
20
135730.0
30
0
11
267826.0
21
135730.0
31
0
0
LINE
8
lighting
10
267814.0
20
136270.0
30
0
11
267826.0
21
136270.0
31
0
0
LINE
8
lighting
10
267894.0
20
135730.0
30
0
11
267894.0
21
136270.0
31
0
0
LINE
8
lighting
10
267906.0
20
135730.0
30
0
11
267906.0
21
136270.0
31
0
0
LINE
8
lighting
10
267894.0
20
135730.0
30
0
11
267906.0
21
135730.0
31
0
0
LINE
8
lighting
10
267894.0
20
136270.0
30
0
11
267906.0
21
136270.0
31
0
0
LINE
8
lighting
10
267974.0
20
135730.0
30
0
11
267974.0
21
136270.0
31
0
0
LINE
8
lighting
10
267986.0
20
135730.0
30
0
11
267986.0
21
136270.0
31
0
0
LINE
8
lighting
10
267974.0
20
135730.0
30
0
11
267986.0
21
135730.0
31
0
0
LINE
8
lighting
10
267974.0
20
136270.0
30
0
11
267986.0
21
136270.0
31
0
0
LINE
8
lighting
10
268054.0
20
135730.0
30
0
11
268054.0
21
136270.0
31
0
0
LINE
8
lighting
10
268066.0
20
135730.0
30
0
11
268066.0
21
136270.0
31
0
0
LINE
8
lighting
10
268054.0
20
135730.0
30
0
11
268066.0
21
135730.0
31
0
0
LINE
8
lighting
10
268054.0
20
136270.0
30
0
11
268066.0
21
136270.0
31
0
0
LINE
8
lighting
10
268134.0
20
135730.0
30
0
11
268134.0
21
136270.0
31
0
0
LINE
8
lighting
10
268146.0
20
135730.0
30
0
11
268146.0
21
136270.0
31
0
0
LINE
8
lighting
10
268134.0
20
135730.0
30
0
11
268146.0
21
135730.0
31
0
0
LINE
8
lighting
10
268134.0
20
136270.0
30
0
11
268146.0
21
136270.0
31
0
0
LINE
8
lighting
10
268214.0
20
135730.0
30
0
11
268214.0
21
136270.0
31
0
0
LINE
8
lighting
10
268226.0
20
135730.0
30
0
11
268226.0
21
136270.0
31
0
0
LINE
8
lighting
10
268214.0
20
135730.0
30
0
11
268226.0
21
135730.0
31
0
0
LINE
8
lighting
10
268214.0
20
136270.0
30
0
11
268226.0
21
136270.0
31
0
0
LINE
8
lighting
10
267989.0
20
136000.0
30
0
11
267975.5
21
136007.79
31
0
0
LINE
8
lighting
10
267975.5
20
136007.79
30
0
11
267975.5
21
135992.21
31
0
0
LINE
8
lighting
10
267975.5
20
135992.21
30
0
11
267989.0
21
136000.0
31
0
0
LINE
8
electrical
10
237020.0
20
126430.0
30
0
11
237020.0
21
126422.21
31
0
0
LINE
8
electrical
10
237020.0
20
126422.21
30
0
11
237020.0
21
126437.79
31
0
0
LINE
8
electrical
10
237020.0
20
126437.79
30
0
11
237020.0
21
126430.0
31
0
0
LINE
8
electrical
10
273550.0
20
126430.0
30
0
11
237020.0
21
126430.0
31
0
0
LINE
8
electrical
10
273550.0
20
126430.0
30
0
11
273550.0
21
126422.21
31
0
0
LINE
8
electrical
10
273550.0
20
126422.21
30
0
11
273550.0
21
126437.79
31
0
0
LINE
8
electrical
10
273550.0
20
126437.79
30
0
11
273550.0
21
126430.0
31
0
0
LINE
8
electrical
10
237020.0
20
145180.0
30
0
11
237027.79
21
145180.0
31
0
0
LINE
8
electrical
10
237027.79
20
145180.0
30
0
11
237012.21
21
145180.0
31
0
0
LINE
8
electrical
10
237012.21
20
145180.0
30
0
11
237020.0
21
145180.0
31
0
0
LINE
8
electrical
10
237020.0
20
126430.0
30
0
11
237020.0
21
145180.0
31
0
0
LINE
8
electrical
10
237020.0
20
126430.0
30
0
11
237027.79
21
126430.0
31
0
0
LINE
8
electrical
10
237027.79
20
126430.0
30
0
11
237012.21
21
126430.0
31
0
0
LINE
8
electrical
10
237012.21
20
126430.0
30
0
11
237020.0
21
126430.0
31
0
0
LINE
8
electrical
10
257660.0
20
145180.0
30
0
11
257667.79
21
145180.0
31
0
0
LINE
8
electrical
10
257667.79
20
145180.0
30
0
11
257652.21
21
145180.0
31
0
0
LINE
8
electrical
10
257652.21
20
145180.0
30
0
11
257660.0
21
145180.0
31
0
0
LINE
8
electrical
10
257660.0
20
126430.0
30
0
11
257660.0
21
145180.0
31
0
0
LINE
8
electrical
10
257660.0
20
126430.0
30
0
11
257667.79
21
126430.0
31
0
0
LINE
8
electrical
10
257667.79
20
126430.0
30
0
11
257652.21
21
126430.0
31
0
0
LINE
8
electrical
10
257652.21
20
126430.0
30
0
11
257660.0
21
126430.0
31
0
0
LINE
8
electrical
10
247340.0
20
145180.0
30
0
11
247347.79
21
145180.0
31
0
0
LINE
8
electrical
10
247347.79
20
145180.0
30
0
11
247332.21
21
145180.0
31
0
0
LINE
8
electrical
10
247332.21
20
145180.0
30
0
11
247340.0
21
145180.0
31
0
0
LINE
8
electrical
10
247340.0
20
126430.0
30
0
11
247340.0
21
145180.0
31
0
0
LINE
8
electrical
10
247340.0
20
126430.0
30
0
11
247347.79
21
126430.0
31
0
0
LINE
8
electrical
10
247347.79
20
126430.0
30
0
11
247332.21
21
126430.0
31
0
0
LINE
8
electrical
10
247332.21
20
126430.0
30
0
11
247340.0
21
126430.0
31
0
0
LINE
8
electrical
10
267980.0
20
145180.0
30
0
11
267987.79
21
145180.0
31
0
0
LINE
8
electrical
10
267987.79
20
145180.0
30
0
11
267972.21
21
145180.0
31
0
0
LINE
8
electrical
10
267972.21
20
145180.0
30
0
11
267980.0
21
145180.0
31
0
0
LINE
8
electrical
10
267980.0
20
126430.0
30
0
11
267980.0
21
145180.0
31
0
0
LINE
8
electrical
10
267980.0
20
126430.0
30
0
11
267987.79
21
126430.0
31
0
0
LINE
8
electrical
10
267987.79
20
126430.0
30
0
11
267972.21
21
126430.0
31
0
0
LINE
8
electrical
10
267972.21
20
126430.0
30
0
11
267980.0
21
126430.0
31
0
0
LINE
8
electrical
10
273563.0
20
122700.0
30
0
11
273543.5
21
122711.26
31
0
0
LINE
8
electrical
10
273543.5
20
122711.26
30
0
11
273543.5
21
122688.74
31
0
0
LINE
8
electrical
10
273543.5
20
122688.74
30
0
11
273563.0
21
122700.0
31
0
0
LINE
8
electrical
10
267543.14
20
126418.96
30
0
11
267553.43
21
126435.52
31
0
0
LINE
8
electrical
10
267553.43
20
126435.52
30
0
11
267553.43
21
126435.52
31
0
0
LINE
8
electrical
10
267553.43
20
126435.52
30
0
11
267543.14
21
126418.96
31
0
0
LINE
8
electrical
10
273543.14
20
122688.96
30
0
11
267543.14
21
126418.96
31
0
0
LINE
8
electrical
10
273543.14
20
122688.96
30
0
11
273553.43
21
122705.52
31
0
0
LINE
8
electrical
10
273553.43
20
122705.52
30
0
11
273553.43
21
122705.52
31
0
0
LINE
8
electrical
10
273553.43
20
122705.52
30
0
11
273543.14
21
122688.96
31
0
0
LINE
8
electrical
10
237450.0
20
126430.0
30
0
11
237450.0
21
126418.74
31
0
0
LINE
8
electrical
10
237450.0
20
126418.74
30
0
11
237450.0
21
126441.26
31
0
0
LINE
8
electrical
10
237450.0
20
126441.26
30
0
11
237450.0
21
126430.0
31
0
0
LINE
8
electrical
10
267550.0
20
126430.0
30
0
11
237450.0
21
126430.0
31
0
0
LINE
8
electrical
10
267550.0
20
126430.0
30
0
11
267550.0
21
126418.74
31
0
0
LINE
8
electrical
10
267550.0
20
126418.74
30
0
11
267550.0
21
126441.26
31
0
0
LINE
8
electrical
10
267550.0
20
126441.26
30
0
11
267550.0
21
126430.0
31
0
0
LINE
8
electrical
10
273550.0
20
122700.0
30
0
11
273564.04
21
122700.0
31
0
0
LINE
8
electrical
10
273564.04
20
122700.0
30
0
11
273550.0
21
122700.0
31
0
0
LINE
8
electrical
10
267550.0
20
126430.0
30
0
11
267564.04
21
126430.0
31
0
0
LINE
8
electrical
10
267564.04
20
126430.0
30
0
11
267550.0
21
126430.0
31
0
0
LINE
8
electrical
10
273563.0
20
122700.0
30
0
11
273543.5
21
122711.26
31
0
0
LINE
8
electrical
10
273543.5
20
122711.26
30
0
11
273543.5
21
122688.74
31
0
0
LINE
8
electrical
10
273543.5
20
122688.74
30
0
11
273563.0
21
122700.0
31
0
0
LINE
8
electrical
10
267542.98
20
126539.06
30
0
11
267553.51
21
126555.47
31
0
0
LINE
8
electrical
10
267553.51
20
126555.47
30
0
11
267553.51
21
126555.47
31
0
0
LINE
8
electrical
10
267553.51
20
126555.47
30
0
11
267542.98
21
126539.06
31
0
0
LINE
8
electrical
10
273542.98
20
122689.06
30
0
11
267542.98
21
126539.06
31
0
0
LINE
8
electrical
10
273542.98
20
122689.06
30
0
11
273553.51
21
122705.47
31
0
0
LINE
8
electrical
10
273553.51
20
122705.47
30
0
11
273553.51
21
122705.47
31
0
0
LINE
8
electrical
10
273553.51
20
122705.47
30
0
11
273542.98
21
122689.06
31
0
0
LINE
8
electrical
10
237450.0
20
126550.0
30
0
11
237450.0
21
126538.74
31
0
0
LINE
8
electrical
10
237450.0
20
126538.74
30
0
11
237450.0
21
126561.26
31
0
0
LINE
8
electrical
10
237450.0
20
126561.26
30
0
11
237450.0
21
126550.0
31
0
0
LINE
8
electrical
10
267550.0
20
126550.0
30
0
11
237450.0
21
126550.0
31
0
0
LINE
8
electrical
10
267550.0
20
126550.0
30
0
11
267550.0
21
126538.74
31
0
0
LINE
8
electrical
10
267550.0
20
126538.74
30
0
11
267550.0
21
126561.26
31
0
0
LINE
8
electrical
10
267550.0
20
126561.26
30
0
11
267550.0
21
126550.0
31
0
0
LINE
8
electrical
10
273550.0
20
122700.0
30
0
11
273564.04
21
122700.0
31
0
0
LINE
8
electrical
10
273564.04
20
122700.0
30
0
11
273550.0
21
122700.0
31
0
0
LINE
8
electrical
10
267550.0
20
126550.0
30
0
11
267564.04
21
126550.0
31
0
0
LINE
8
electrical
10
267564.04
20
126550.0
30
0
11
267550.0
21
126550.0
31
0
0
LINE
8
electrical
10
273563.0
20
122700.0
30
0
11
273543.5
21
122711.26
31
0
0
LINE
8
electrical
10
273543.5
20
122711.26
30
0
11
273543.5
21
122688.74
31
0
0
LINE
8
electrical
10
273543.5
20
122688.74
30
0
11
273563.0
21
122700.0
31
0
0
LINE
8
electrical
10
267542.83
20
126659.16
30
0
11
267553.59
21
126675.42
31
0
0
LINE
8
electrical
10
267553.59
20
126675.42
30
0
11
267553.59
21
126675.42
31
0
0
LINE
8
electrical
10
267553.59
20
126675.42
30
0
11
267542.83
21
126659.16
31
0
0
LINE
8
electrical
10
273542.83
20
122689.16
30
0
11
267542.83
21
126659.16
31
0
0
LINE
8
electrical
10
273542.83
20
122689.16
30
0
11
273553.59
21
122705.42
31
0
0
LINE
8
electrical
10
273553.59
20
122705.42
30
0
11
273553.59
21
122705.42
31
0
0
LINE
8
electrical
10
273553.59
20
122705.42
30
0
11
273542.83
21
122689.16
31
0
0
LINE
8
electrical
10
237450.0
20
126670.0
30
0
11
237450.0
21
126658.74
31
0
0
LINE
8
electrical
10
237450.0
20
126658.74
30
0
11
237450.0
21
126681.26
31
0
0
LINE
8
electrical
10
237450.0
20
126681.26
30
0
11
237450.0
21
126670.0
31
0
0
LINE
8
electrical
10
267550.0
20
126670.0
30
0
11
237450.0
21
126670.0
31
0
0
LINE
8
electrical
10
267550.0
20
126670.0
30
0
11
267550.0
21
126658.74
31
0
0
LINE
8
electrical
10
267550.0
20
126658.74
30
0
11
267550.0
21
126681.26
31
0
0
LINE
8
electrical
10
267550.0
20
126681.26
30
0
11
267550.0
21
126670.0
31
0
0
LINE
8
electrical
10
273550.0
20
122700.0
30
0
11
273564.04
21
122700.0
31
0
0
LINE
8
electrical
10
273564.04
20
122700.0
30
0
11
273550.0
21
122700.0
31
0
0
LINE
8
electrical
10
267550.0
20
126670.0
30
0
11
267564.04
21
126670.0
31
0
0
LINE
8
electrical
10
267564.04
20
126670.0
30
0
11
267550.0
21
126670.0
31
0
0
LINE
8
electrical
10
239535.0
20
122650.0
30
0
11
239535.0
21
122710.0
31
0
0
LINE
8
electrical
10
239665.0
20
122650.0
30
0
11
239665.0
21
122710.0
31
0
0
LINE
8
electrical
10
239535.0
20
122650.0
30
0
11
239665.0
21
122650.0
31
0
0
LINE
8
electrical
10
239535.0
20
122710.0
30
0
11
239665.0
21
122710.0
31
0
0
LINE
8
electrical
10
239609.0
20
122680.0
30
0
11
239595.5
21
122687.79
31
0
0
LINE
8
electrical
10
239595.5
20
122687.79
30
0
11
239595.5
21
122672.21
31
0
0
LINE
8
electrical
10
239595.5
20
122672.21
30
0
11
239609.0
21
122680.0
31
0
0
LINE
8
electrical
10
273550.0
20
122680.0
30
0
11
273550.0
21
122672.21
31
0
0
LINE
8
electrical
10
273550.0
20
122672.21
30
0
11
273550.0
21
122687.79
31
0
0
LINE
8
electrical
10
273550.0
20
122687.79
30
0
11
273550.0
21
122680.0
31
0
0
LINE
8
electrical
10
239600.0
20
122680.0
30
0
11
273550.0
21
122680.0
31
0
0
LINE
8
electrical
10
239600.0
20
122680.0
30
0
11
239600.0
21
122672.21
31
0
0
LINE
8
electrical
10
239600.0
20
122672.21
30
0
11
239600.0
21
122687.79
31
0
0
LINE
8
electrical
10
239600.0
20
122687.79
30
0
11
239600.0
21
122680.0
31
0
0
LINE
8
electrical
10
239600.0
20
122680.0
30
0
11
239609.72
21
122680.0
31
0
0
LINE
8
electrical
10
239609.72
20
122680.0
30
0
11
239600.0
21
122680.0
31
0
0
LINE
8
electrical
10
265335.0
20
122650.0
30
0
11
265335.0
21
122710.0
31
0
0
LINE
8
electrical
10
265465.0
20
122650.0
30
0
11
265465.0
21
122710.0
31
0
0
LINE
8
electrical
10
265335.0
20
122650.0
30
0
11
265465.0
21
122650.0
31
0
0
LINE
8
electrical
10
265335.0
20
122710.0
30
0
11
265465.0
21
122710.0
31
0
0
LINE
8
electrical
10
265409.0
20
122680.0
30
0
11
265395.5
21
122687.79
31
0
0
LINE
8
electrical
10
265395.5
20
122687.79
30
0
11
265395.5
21
122672.21
31
0
0
LINE
8
electrical
10
265395.5
20
122672.21
30
0
11
265409.0
21
122680.0
31
0
0
LINE
8
electrical
10
273550.0
20
122680.0
30
0
11
273550.0
21
122672.21
31
0
0
LINE
8
electrical
10
273550.0
20
122672.21
30
0
11
273550.0
21
122687.79
31
0
0
LINE
8
electrical
10
273550.0
20
122687.79
30
0
11
273550.0
21
122680.0
31
0
0
LINE
8
electrical
10
265400.0
20
122680.0
30
0
11
273550.0
21
122680.0
31
0
0
LINE
8
electrical
10
265400.0
20
122680.0
30
0
11
265400.0
21
122672.21
31
0
0
LINE
8
electrical
10
265400.0
20
122672.21
30
0
11
265400.0
21
122687.79
31
0
0
LINE
8
electrical
10
265400.0
20
122687.79
30
0
11
265400.0
21
122680.0
31
0
0
LINE
8
electrical
10
265400.0
20
122680.0
30
0
11
265409.72
21
122680.0
31
0
0
LINE
8
electrical
10
265409.72
20
122680.0
30
0
11
265400.0
21
122680.0
31
0
0
LINE
8
hvac
10
231475.0
20
123225.0
30
0
11
231475.0
21
123975.0
31
0
0
LINE
8
hvac
10
233125.0
20
123225.0
30
0
11
233125.0
21
123975.0
31
0
0
LINE
8
hvac
10
231475.0
20
123225.0
30
0
11
233125.0
21
123225.0
31
0
0
LINE
8
hvac
10
231475.0
20
123975.0
30
0
11
233125.0
21
123975.0
31
0
0
LINE
8
hvac
10
231575.0
20
123180.0
30
0
11
231575.0
21
123220.0
31
0
0
LINE
8
hvac
10
233025.0
20
123180.0
30
0
11
233025.0
21
123220.0
31
0
0
LINE
8
hvac
10
231575.0
20
123180.0
30
0
11
233025.0
21
123180.0
31
0
0
LINE
8
hvac
10
231575.0
20
123220.0
30
0
11
233025.0
21
123220.0
31
0
0
LINE
8
hvac
10
231640.0
20
123140.0
30
0
11
231640.0
21
123200.0
31
0
0
LINE
8
hvac
10
231680.0
20
123140.0
30
0
11
231680.0
21
123200.0
31
0
0
LINE
8
hvac
10
231640.0
20
123140.0
30
0
11
231680.0
21
123140.0
31
0
0
LINE
8
hvac
10
231640.0
20
123200.0
30
0
11
231680.0
21
123200.0
31
0
0
LINE
8
hvac
10
231800.0
20
123140.0
30
0
11
231800.0
21
123200.0
31
0
0
LINE
8
hvac
10
231840.0
20
123140.0
30
0
11
231840.0
21
123200.0
31
0
0
LINE
8
hvac
10
231800.0
20
123140.0
30
0
11
231840.0
21
123140.0
31
0
0
LINE
8
hvac
10
231800.0
20
123200.0
30
0
11
231840.0
21
123200.0
31
0
0
LINE
8
hvac
10
231960.0
20
123140.0
30
0
11
231960.0
21
123200.0
31
0
0
LINE
8
hvac
10
232000.0
20
123140.0
30
0
11
232000.0
21
123200.0
31
0
0
LINE
8
hvac
10
231960.0
20
123140.0
30
0
11
232000.0
21
123140.0
31
0
0
LINE
8
hvac
10
231960.0
20
123200.0
30
0
11
232000.0
21
123200.0
31
0
0
LINE
8
hvac
10
232120.0
20
123140.0
30
0
11
232120.0
21
123200.0
31
0
0
LINE
8
hvac
10
232160.0
20
123140.0
30
0
11
232160.0
21
123200.0
31
0
0
LINE
8
hvac
10
232120.0
20
123140.0
30
0
11
232160.0
21
123140.0
31
0
0
LINE
8
hvac
10
232120.0
20
123200.0
30
0
11
232160.0
21
123200.0
31
0
0
LINE
8
hvac
10
232280.0
20
123140.0
30
0
11
232280.0
21
123200.0
31
0
0
LINE
8
hvac
10
232320.0
20
123140.0
30
0
11
232320.0
21
123200.0
31
0
0
LINE
8
hvac
10
232280.0
20
123140.0
30
0
11
232320.0
21
123140.0
31
0
0
LINE
8
hvac
10
232280.0
20
123200.0
30
0
11
232320.0
21
123200.0
31
0
0
LINE
8
hvac
10
232440.0
20
123140.0
30
0
11
232440.0
21
123200.0
31
0
0
LINE
8
hvac
10
232480.0
20
123140.0
30
0
11
232480.0
21
123200.0
31
0
0
LINE
8
hvac
10
232440.0
20
123140.0
30
0
11
232480.0
21
123140.0
31
0
0
LINE
8
hvac
10
232440.0
20
123200.0
30
0
11
232480.0
21
123200.0
31
0
0
LINE
8
hvac
10
232600.0
20
123140.0
30
0
11
232600.0
21
123200.0
31
0
0
LINE
8
hvac
10
232640.0
20
123140.0
30
0
11
232640.0
21
123200.0
31
0
0
LINE
8
hvac
10
232600.0
20
123140.0
30
0
11
232640.0
21
123140.0
31
0
0
LINE
8
hvac
10
232600.0
20
123200.0
30
0
11
232640.0
21
123200.0
31
0
0
LINE
8
hvac
10
232760.0
20
123140.0
30
0
11
232760.0
21
123200.0
31
0
0
LINE
8
hvac
10
232800.0
20
123140.0
30
0
11
232800.0
21
123200.0
31
0
0
LINE
8
hvac
10
232760.0
20
123140.0
30
0
11
232800.0
21
123140.0
31
0
0
LINE
8
hvac
10
232760.0
20
123200.0
30
0
11
232800.0
21
123200.0
31
0
0
LINE
8
hvac
10
232920.0
20
123140.0
30
0
11
232920.0
21
123200.0
31
0
0
LINE
8
hvac
10
232960.0
20
123140.0
30
0
11
232960.0
21
123200.0
31
0
0
LINE
8
hvac
10
232920.0
20
123140.0
30
0
11
232960.0
21
123140.0
31
0
0
LINE
8
hvac
10
232920.0
20
123200.0
30
0
11
232960.0
21
123200.0
31
0
0
LINE
8
hvac
10
232075.0
20
123375.0
30
0
11
232075.0
21
123825.0
31
0
0
LINE
8
hvac
10
232525.0
20
123375.0
30
0
11
232525.0
21
123825.0
31
0
0
LINE
8
hvac
10
232075.0
20
123375.0
30
0
11
232525.0
21
123375.0
31
0
0
LINE
8
hvac
10
232075.0
20
123825.0
30
0
11
232525.0
21
123825.0
31
0
0
LINE
8
hvac
10
237450.0
20
135825.0
30
0
11
237450.0
21
136175.0
31
0
0
LINE
8
hvac
10
267550.0
20
135825.0
30
0
11
267550.0
21
136175.0
31
0
0
LINE
8
hvac
10
237450.0
20
135825.0
30
0
11
267550.0
21
135825.0
31
0
0
LINE
8
hvac
10
237450.0
20
136175.0
30
0
11
267550.0
21
136175.0
31
0
0
LINE
8
hvac
10
232125.0
20
123425.0
30
0
11
232125.0
21
123775.0
31
0
0
LINE
8
hvac
10
252675.0
20
123425.0
30
0
11
252675.0
21
123775.0
31
0
0
LINE
8
hvac
10
232125.0
20
123425.0
30
0
11
252675.0
21
123425.0
31
0
0
LINE
8
hvac
10
232125.0
20
123775.0
30
0
11
252675.0
21
123775.0
31
0
0
LINE
8
hvac
10
252325.0
20
123425.0
30
0
11
252325.0
21
136175.0
31
0
0
LINE
8
hvac
10
252675.0
20
123425.0
30
0
11
252675.0
21
136175.0
31
0
0
LINE
8
hvac
10
252325.0
20
123425.0
30
0
11
252675.0
21
123425.0
31
0
0
LINE
8
hvac
10
252325.0
20
136175.0
30
0
11
252675.0
21
136175.0
31
0
0
LINE
8
hvac
10
243550.0
20
135650.0
30
0
11
243550.0
21
136350.0
31
0
0
LINE
8
hvac
10
244250.0
20
135650.0
30
0
11
244250.0
21
136350.0
31
0
0
LINE
8
hvac
10
243550.0
20
135650.0
30
0
11
244250.0
21
135650.0
31
0
0
LINE
8
hvac
10
243550.0
20
136350.0
30
0
11
244250.0
21
136350.0
31
0
0
LINE
8
hvac
10
260750.0
20
135650.0
30
0
11
260750.0
21
136350.0
31
0
0
LINE
8
hvac
10
261450.0
20
135650.0
30
0
11
261450.0
21
136350.0
31
0
0
LINE
8
hvac
10
260750.0
20
135650.0
30
0
11
261450.0
21
135650.0
31
0
0
LINE
8
hvac
10
260750.0
20
136350.0
30
0
11
261450.0
21
136350.0
31
0
0
LINE
8
sensors
10
231040.0
20
128360.0
30
0
11
231040.0
21
128520.0
31
0
0
LINE
8
sensors
10
231140.0
20
128360.0
30
0
11
231140.0
21
128520.0
31
0
0
LINE
8
sensors
10
231040.0
20
128360.0
30
0
11
231140.0
21
128360.0
31
0
0
LINE
8
sensors
10
231040.0
20
128520.0
30
0
11
231140.0
21
128520.0
31
0
0
LINE
8
sensors
10
231145.0
20
128385.0
30
0
11
231145.0
21
128495.0
31
0
0
LINE
8
sensors
10
231165.0
20
128385.0
30
0
11
231165.0
21
128495.0
31
0
0
LINE
8
sensors
10
231145.0
20
128385.0
30
0
11
231165.0
21
128385.0
31
0
0
LINE
8
sensors
10
231145.0
20
128495.0
30
0
11
231165.0
21
128495.0
31
0
0
LINE
8
sensors
10
231040.0
20
128660.0
30
0
11
231040.0
21
128820.0
31
0
0
LINE
8
sensors
10
231140.0
20
128660.0
30
0
11
231140.0
21
128820.0
31
0
0
LINE
8
sensors
10
231040.0
20
128660.0
30
0
11
231140.0
21
128660.0
31
0
0
LINE
8
sensors
10
231040.0
20
128820.0
30
0
11
231140.0
21
128820.0
31
0
0
LINE
8
sensors
10
231145.0
20
128685.0
30
0
11
231145.0
21
128795.0
31
0
0
LINE
8
sensors
10
231165.0
20
128685.0
30
0
11
231165.0
21
128795.0
31
0
0
LINE
8
sensors
10
231145.0
20
128685.0
30
0
11
231165.0
21
128685.0
31
0
0
LINE
8
sensors
10
231145.0
20
128795.0
30
0
11
231165.0
21
128795.0
31
0
0
LINE
8
sensors
10
231040.0
20
128960.0
30
0
11
231040.0
21
129120.0
31
0
0
LINE
8
sensors
10
231140.0
20
128960.0
30
0
11
231140.0
21
129120.0
31
0
0
LINE
8
sensors
10
231040.0
20
128960.0
30
0
11
231140.0
21
128960.0
31
0
0
LINE
8
sensors
10
231040.0
20
129120.0
30
0
11
231140.0
21
129120.0
31
0
0
LINE
8
sensors
10
231145.0
20
128985.0
30
0
11
231145.0
21
129095.0
31
0
0
LINE
8
sensors
10
231165.0
20
128985.0
30
0
11
231165.0
21
129095.0
31
0
0
LINE
8
sensors
10
231145.0
20
128985.0
30
0
11
231165.0
21
128985.0
31
0
0
LINE
8
sensors
10
231145.0
20
129095.0
30
0
11
231165.0
21
129095.0
31
0
0
LINE
8
sensors
10
252580.0
20
136000.0
30
0
11
252500.0
21
136080.0
31
0
0
LINE
8
sensors
10
252500.0
20
136080.0
30
0
11
252420.0
21
136000.0
31
0
0
LINE
8
sensors
10
252420.0
20
136000.0
30
0
11
252500.0
21
135920.0
31
0
0
LINE
8
sensors
10
252500.0
20
135920.0
30
0
11
252580.0
21
136000.0
31
0
0
LINE
8
sensors
10
252500.0
20
136000.0
30
0
11
252565.0
21
136000.0
31
0
0
LINE
8
sensors
10
252565.0
20
136000.0
30
0
11
252500.0
21
136000.0
31
0
0
LINE
8
sensors
10
231040.0
20
129560.0
30
0
11
231040.0
21
129720.0
31
0
0
LINE
8
sensors
10
231140.0
20
129560.0
30
0
11
231140.0
21
129720.0
31
0
0
LINE
8
sensors
10
231040.0
20
129560.0
30
0
11
231140.0
21
129560.0
31
0
0
LINE
8
sensors
10
231040.0
20
129720.0
30
0
11
231140.0
21
129720.0
31
0
0
LINE
8
sensors
10
231145.0
20
129585.0
30
0
11
231145.0
21
129695.0
31
0
0
LINE
8
sensors
10
231165.0
20
129585.0
30
0
11
231165.0
21
129695.0
31
0
0
LINE
8
sensors
10
231145.0
20
129585.0
30
0
11
231165.0
21
129585.0
31
0
0
LINE
8
sensors
10
231145.0
20
129695.0
30
0
11
231165.0
21
129695.0
31
0
0
LINE
8
interiors
10
276900.0
20
122500.0
30
0
11
276900.0
21
140500.0
31
0
0
LINE
8
interiors
10
276900.0
20
122500.0
30
0
11
280200.0
21
122500.0
31
0
0
LINE
8
interiors
10
280200.0
20
122500.0
30
0
11
282600.0
21
122500.0
31
0
0
LINE
8
interiors
10
282600.0
20
122500.0
30
0
11
285900.0
21
122500.0
31
0
0
LINE
8
interiors
10
276900.0
20
122500.0
30
0
11
285900.0
21
122500.0
31
0
0
LINE
8
interiors
10
276900.0
20
140500.0
30
0
11
285900.0
21
140500.0
31
0
0
LINE
8
interiors
10
285900.0
20
122500.0
30
0
11
285900.0
21
140500.0
31
0
0
LINE
8
interiors
10
285780.0
20
122620.0
30
0
11
277020.0
21
122620.0
31
0
0
LINE
8
interiors
10
285780.0
20
122620.0
30
0
11
285780.0
21
140380.0
31
0
0
LINE
8
interiors
10
285780.0
20
140380.0
30
0
11
277020.0
21
140380.0
31
0
0
LINE
8
interiors
10
277020.0
20
122620.0
30
0
11
277020.0
21
140380.0
31
0
0
LINE
8
interiors
10
279060.0
20
140500.0
30
0
11
283740.0
21
140500.0
31
0
0
LINE
8
interiors
10
282600.0
20
122500.0
30
0
11
282600.0
21
122620.0
31
0
0
LINE
8
interiors
10
285780.0
20
122620.0
30
0
11
282600.0
21
122620.0
31
0
0
LINE
8
interiors
10
280200.0
20
122620.0
30
0
11
277020.0
21
122620.0
31
0
0
LINE
8
interiors
10
280200.0
20
122500.0
30
0
11
280200.0
21
122620.0
31
0
0
LINE
8
interiors
10
280200.0
20
122620.0
30
0
11
282600.0
21
122620.0
31
0
0
LINE
8
interiors
10
279060.0
20
140380.0
30
0
11
283740.0
21
140380.0
31
0
0
LINE
8
interiors
10
279060.0
20
140380.0
30
0
11
279060.0
21
140500.0
31
0
0
LINE
8
interiors
10
283740.0
20
140380.0
30
0
11
283740.0
21
140500.0
31
0
0
LINE
8
interiors
10
279060.0
20
140477.5
30
0
11
279060.0
21
140522.5
31
0
0
LINE
8
interiors
10
283740.0
20
140477.5
30
0
11
283740.0
21
140522.5
31
0
0
LINE
8
interiors
10
279060.0
20
140477.5
30
0
11
283740.0
21
140477.5
31
0
0
LINE
8
interiors
10
279060.0
20
140522.5
30
0
11
283740.0
21
140522.5
31
0
0
LINE
8
interiors
10
277025.0
20
122625.0
30
0
11
277025.0
21
140375.0
31
0
0
LINE
8
interiors
10
285775.0
20
122625.0
30
0
11
285775.0
21
140375.0
31
0
0
LINE
8
interiors
10
277025.0
20
122625.0
30
0
11
285775.0
21
122625.0
31
0
0
LINE
8
interiors
10
277025.0
20
140375.0
30
0
11
285775.0
21
140375.0
31
0
0
LINE
8
interiors
10
280245.0
20
122380.0
30
0
11
280245.0
21
122620.0
31
0
0
LINE
8
interiors
10
280315.0
20
122380.0
30
0
11
280315.0
21
122620.0
31
0
0
LINE
8
interiors
10
280245.0
20
122380.0
30
0
11
280315.0
21
122380.0
31
0
0
LINE
8
interiors
10
280245.0
20
122620.0
30
0
11
280315.0
21
122620.0
31
0
0
LINE
8
interiors
10
282485.0
20
122380.0
30
0
11
282485.0
21
122620.0
31
0
0
LINE
8
interiors
10
282555.0
20
122380.0
30
0
11
282555.0
21
122620.0
31
0
0
LINE
8
interiors
10
282485.0
20
122380.0
30
0
11
282555.0
21
122380.0
31
0
0
LINE
8
interiors
10
282485.0
20
122620.0
30
0
11
282555.0
21
122620.0
31
0
0
LINE
8
interiors
10
280250.0
20
122380.0
30
0
11
280250.0
21
122620.0
31
0
0
LINE
8
interiors
10
282550.0
20
122380.0
30
0
11
282550.0
21
122620.0
31
0
0
LINE
8
interiors
10
280250.0
20
122380.0
30
0
11
282550.0
21
122380.0
31
0
0
LINE
8
interiors
10
280250.0
20
122620.0
30
0
11
282550.0
21
122620.0
31
0
0
LINE
8
interiors
10
280330.39
20
122590.49
30
0
11
280289.61
21
122609.51
31
0
0
LINE
8
interiors
10
280786.82
20
123569.3
30
0
11
280746.04
21
123588.32
31
0
0
LINE
8
interiors
10
280330.39
20
122590.49
30
0
11
280786.82
21
123569.3
31
0
0
LINE
8
interiors
10
280289.61
20
122609.51
30
0
11
280746.04
21
123588.32
31
0
0
LINE
8
interiors
10
278200.0
20
127760.0
30
0
11
278200.0
21
128760.0
31
0
0
LINE
8
interiors
10
281000.0
20
127760.0
30
0
11
281000.0
21
128760.0
31
0
0
LINE
8
interiors
10
278200.0
20
127760.0
30
0
11
281000.0
21
127760.0
31
0
0
LINE
8
interiors
10
278200.0
20
128760.0
30
0
11
281000.0
21
128760.0
31
0
0
LINE
8
interiors
10
278265.0
20
127825.0
30
0
11
278265.0
21
127895.0
31
0
0
LINE
8
interiors
10
278335.0
20
127825.0
30
0
11
278335.0
21
127895.0
31
0
0
LINE
8
interiors
10
278265.0
20
127825.0
30
0
11
278335.0
21
127825.0
31
0
0
LINE
8
interiors
10
278265.0
20
127895.0
30
0
11
278335.0
21
127895.0
31
0
0
LINE
8
interiors
10
278265.0
20
128625.0
30
0
11
278265.0
21
128695.0
31
0
0
LINE
8
interiors
10
278335.0
20
128625.0
30
0
11
278335.0
21
128695.0
31
0
0
LINE
8
interiors
10
278265.0
20
128625.0
30
0
11
278335.0
21
128625.0
31
0
0
LINE
8
interiors
10
278265.0
20
128695.0
30
0
11
278335.0
21
128695.0
31
0
0
LINE
8
interiors
10
280865.0
20
127825.0
30
0
11
280865.0
21
127895.0
31
0
0
LINE
8
interiors
10
280935.0
20
127825.0
30
0
11
280935.0
21
127895.0
31
0
0
LINE
8
interiors
10
280865.0
20
127825.0
30
0
11
280935.0
21
127825.0
31
0
0
LINE
8
interiors
10
280865.0
20
127895.0
30
0
11
280935.0
21
127895.0
31
0
0
LINE
8
interiors
10
280865.0
20
128625.0
30
0
11
280865.0
21
128695.0
31
0
0
LINE
8
interiors
10
280935.0
20
128625.0
30
0
11
280935.0
21
128695.0
31
0
0
LINE
8
interiors
10
280865.0
20
128625.0
30
0
11
280935.0
21
128625.0
31
0
0
LINE
8
interiors
10
280865.0
20
128695.0
30
0
11
280935.0
21
128695.0
31
0
0
LINE
8
interiors
10
278150.0
20
135650.0
30
0
11
278150.0
21
136350.0
31
0
0
LINE
8
interiors
10
280150.0
20
135650.0
30
0
11
280150.0
21
136350.0
31
0
0
LINE
8
interiors
10
278150.0
20
135650.0
30
0
11
280150.0
21
135650.0
31
0
0
LINE
8
interiors
10
278150.0
20
136350.0
30
0
11
280150.0
21
136350.0
31
0
0
LINE
8
interiors
10
278250.0
20
135627.5
30
0
11
278250.0
21
135652.5
31
0
0
LINE
8
interiors
10
280050.0
20
135627.5
30
0
11
280050.0
21
135652.5
31
0
0
LINE
8
interiors
10
278250.0
20
135627.5
30
0
11
280050.0
21
135627.5
31
0
0
LINE
8
interiors
10
278250.0
20
135652.5
30
0
11
280050.0
21
135652.5
31
0
0
LINE
8
interiors
10
281400.0
20
126860.0
30
0
11
281400.0
21
127860.0
31
0
0
LINE
8
interiors
10
283400.0
20
126860.0
30
0
11
283400.0
21
127860.0
31
0
0
LINE
8
interiors
10
281400.0
20
126860.0
30
0
11
283400.0
21
126860.0
31
0
0
LINE
8
interiors
10
281400.0
20
127860.0
30
0
11
283400.0
21
127860.0
31
0
0
LINE
8
interiors
10
282080.0
20
127110.0
30
0
11
281990.0
21
127265.88
31
0
0
LINE
8
interiors
10
281990.0
20
127265.88
30
0
11
281810.0
21
127265.88
31
0
0
LINE
8
interiors
10
281810.0
20
127265.88
30
0
11
281720.0
21
127110.0
31
0
0
LINE
8
interiors
10
281720.0
20
127110.0
30
0
11
281810.0
21
126954.12
31
0
0
LINE
8
interiors
10
281810.0
20
126954.12
30
0
11
281990.0
21
126954.12
31
0
0
LINE
8
interiors
10
281990.0
20
126954.12
30
0
11
282080.0
21
127110.0
31
0
0
LINE
8
interiors
10
282080.0
20
127610.0
30
0
11
281990.0
21
127765.88
31
0
0
LINE
8
interiors
10
281990.0
20
127765.88
30
0
11
281810.0
21
127765.88
31
0
0
LINE
8
interiors
10
281810.0
20
127765.88
30
0
11
281720.0
21
127610.0
31
0
0
LINE
8
interiors
10
281720.0
20
127610.0
30
0
11
281810.0
21
127454.12
31
0
0
LINE
8
interiors
10
281810.0
20
127454.12
30
0
11
281990.0
21
127454.12
31
0
0
LINE
8
interiors
10
281990.0
20
127454.12
30
0
11
282080.0
21
127610.0
31
0
0
LINE
8
interiors
10
283080.0
20
127110.0
30
0
11
282990.0
21
127265.88
31
0
0
LINE
8
interiors
10
282990.0
20
127265.88
30
0
11
282810.0
21
127265.88
31
0
0
LINE
8
interiors
10
282810.0
20
127265.88
30
0
11
282720.0
21
127110.0
31
0
0
LINE
8
interiors
10
282720.0
20
127110.0
30
0
11
282810.0
21
126954.12
31
0
0
LINE
8
interiors
10
282810.0
20
126954.12
30
0
11
282990.0
21
126954.12
31
0
0
LINE
8
interiors
10
282990.0
20
126954.12
30
0
11
283080.0
21
127110.0
31
0
0
LINE
8
interiors
10
283080.0
20
127610.0
30
0
11
282990.0
21
127765.88
31
0
0
LINE
8
interiors
10
282990.0
20
127765.88
30
0
11
282810.0
21
127765.88
31
0
0
LINE
8
interiors
10
282810.0
20
127765.88
30
0
11
282720.0
21
127610.0
31
0
0
LINE
8
interiors
10
282720.0
20
127610.0
30
0
11
282810.0
21
127454.12
31
0
0
LINE
8
interiors
10
282810.0
20
127454.12
30
0
11
282990.0
21
127454.12
31
0
0
LINE
8
interiors
10
282990.0
20
127454.12
30
0
11
283080.0
21
127610.0
31
0
0
LINE
8
hvac
10
281100.0
20
126660.0
30
0
11
281100.0
21
128060.0
31
0
0
LINE
8
hvac
10
283700.0
20
126660.0
30
0
11
283700.0
21
128060.0
31
0
0
LINE
8
hvac
10
281100.0
20
126660.0
30
0
11
283700.0
21
126660.0
31
0
0
LINE
8
hvac
10
281100.0
20
128060.0
30
0
11
283700.0
21
128060.0
31
0
0
LINE
8
hvac
10
282125.0
20
127085.0
30
0
11
282125.0
21
127635.0
31
0
0
LINE
8
hvac
10
282675.0
20
127085.0
30
0
11
282675.0
21
127635.0
31
0
0
LINE
8
hvac
10
282125.0
20
127085.0
30
0
11
282675.0
21
127085.0
31
0
0
LINE
8
hvac
10
282125.0
20
127635.0
30
0
11
282675.0
21
127635.0
31
0
0
LINE
8
electrical
10
285175.0
20
122575.0
30
0
11
285175.0
21
122825.0
31
0
0
LINE
8
electrical
10
285725.0
20
122575.0
30
0
11
285725.0
21
122825.0
31
0
0
LINE
8
electrical
10
285175.0
20
122575.0
30
0
11
285725.0
21
122575.0
31
0
0
LINE
8
electrical
10
285175.0
20
122825.0
30
0
11
285725.0
21
122825.0
31
0
0
LINE
8
electrical
10
285215.0
20
122547.5
30
0
11
285215.0
21
122582.5
31
0
0
LINE
8
electrical
10
285685.0
20
122547.5
30
0
11
285685.0
21
122582.5
31
0
0
LINE
8
electrical
10
285215.0
20
122547.5
30
0
11
285685.0
21
122547.5
31
0
0
LINE
8
electrical
10
285215.0
20
122582.5
30
0
11
285685.0
21
122582.5
31
0
0
LINE
8
electrical
10
285262.5
20
122510.0
30
0
11
285262.5
21
122550.0
31
0
0
LINE
8
electrical
10
285362.5
20
122510.0
30
0
11
285362.5
21
122550.0
31
0
0
LINE
8
electrical
10
285262.5
20
122510.0
30
0
11
285362.5
21
122510.0
31
0
0
LINE
8
electrical
10
285262.5
20
122550.0
30
0
11
285362.5
21
122550.0
31
0
0
LINE
8
electrical
10
285400.0
20
122510.0
30
0
11
285400.0
21
122550.0
31
0
0
LINE
8
electrical
10
285500.0
20
122510.0
30
0
11
285500.0
21
122550.0
31
0
0
LINE
8
electrical
10
285400.0
20
122510.0
30
0
11
285500.0
21
122510.0
31
0
0
LINE
8
electrical
10
285400.0
20
122550.0
30
0
11
285500.0
21
122550.0
31
0
0
LINE
8
electrical
10
285537.5
20
122510.0
30
0
11
285537.5
21
122550.0
31
0
0
LINE
8
electrical
10
285637.5
20
122510.0
30
0
11
285637.5
21
122550.0
31
0
0
LINE
8
electrical
10
285537.5
20
122510.0
30
0
11
285637.5
21
122510.0
31
0
0
LINE
8
electrical
10
285537.5
20
122550.0
30
0
11
285637.5
21
122550.0
31
0
0
LINE
8
electrical
10
285312.5
20
122495.0
30
0
11
285335.88
21
122495.0
31
0
0
LINE
8
electrical
10
285335.88
20
122495.0
30
0
11
285289.12
21
122495.0
31
0
0
LINE
8
electrical
10
285289.12
20
122495.0
30
0
11
285312.5
21
122495.0
31
0
0
LINE
8
electrical
10
285312.5
20
122520.0
30
0
11
285312.5
21
122495.0
31
0
0
LINE
8
electrical
10
285312.5
20
122520.0
30
0
11
285335.88
21
122520.0
31
0
0
LINE
8
electrical
10
285335.88
20
122520.0
30
0
11
285289.12
21
122520.0
31
0
0
LINE
8
electrical
10
285289.12
20
122520.0
30
0
11
285312.5
21
122520.0
31
0
0
LINE
8
electrical
10
285450.0
20
122495.0
30
0
11
285473.38
21
122495.0
31
0
0
LINE
8
electrical
10
285473.38
20
122495.0
30
0
11
285426.62
21
122495.0
31
0
0
LINE
8
electrical
10
285426.62
20
122495.0
30
0
11
285450.0
21
122495.0
31
0
0
LINE
8
electrical
10
285450.0
20
122520.0
30
0
11
285450.0
21
122495.0
31
0
0
LINE
8
electrical
10
285450.0
20
122520.0
30
0
11
285473.38
21
122520.0
31
0
0
LINE
8
electrical
10
285473.38
20
122520.0
30
0
11
285426.62
21
122520.0
31
0
0
LINE
8
electrical
10
285426.62
20
122520.0
30
0
11
285450.0
21
122520.0
31
0
0
LINE
8
electrical
10
285587.5
20
122495.0
30
0
11
285610.88
21
122495.0
31
0
0
LINE
8
electrical
10
285610.88
20
122495.0
30
0
11
285564.12
21
122495.0
31
0
0
LINE
8
electrical
10
285564.12
20
122495.0
30
0
11
285587.5
21
122495.0
31
0
0
LINE
8
electrical
10
285587.5
20
122520.0
30
0
11
285587.5
21
122495.0
31
0
0
LINE
8
electrical
10
285587.5
20
122520.0
30
0
11
285610.88
21
122520.0
31
0
0
LINE
8
electrical
10
285610.88
20
122520.0
30
0
11
285564.12
21
122520.0
31
0
0
LINE
8
electrical
10
285564.12
20
122520.0
30
0
11
285587.5
21
122520.0
31
0
0
LINE
8
electrical
10
285450.0
20
122700.0
30
0
11
285465.59
21
122700.0
31
0
0
LINE
8
electrical
10
285465.59
20
122700.0
30
0
11
285434.41
21
122700.0
31
0
0
LINE
8
electrical
10
285434.41
20
122700.0
30
0
11
285450.0
21
122700.0
31
0
0
LINE
8
electrical
10
285450.0
20
122200.0
30
0
11
285450.0
21
122700.0
31
0
0
LINE
8
electrical
10
285450.0
20
122200.0
30
0
11
285465.59
21
122200.0
31
0
0
LINE
8
electrical
10
285465.59
20
122200.0
30
0
11
285434.41
21
122200.0
31
0
0
LINE
8
electrical
10
285434.41
20
122200.0
30
0
11
285450.0
21
122200.0
31
0
0
LINE
8
electrical
10
285432.0
20
122700.0
30
0
11
285459.0
21
122715.59
31
0
0
LINE
8
electrical
10
285459.0
20
122715.59
30
0
11
285459.0
21
122684.41
31
0
0
LINE
8
electrical
10
285459.0
20
122684.41
30
0
11
285432.0
21
122700.0
31
0
0
LINE
8
electrical
10
285450.0
20
122700.0
30
0
11
285469.44
21
122700.0
31
0
0
LINE
8
electrical
10
285469.44
20
122700.0
30
0
11
285450.0
21
122700.0
31
0
0
LINE
8
lighting
10
277840.0
20
125060.0
30
0
11
277840.0
21
125700.0
31
0
0
LINE
8
lighting
10
278480.0
20
125060.0
30
0
11
278480.0
21
125700.0
31
0
0
LINE
8
lighting
10
277840.0
20
125060.0
30
0
11
278480.0
21
125060.0
31
0
0
LINE
8
lighting
10
277840.0
20
125700.0
30
0
11
278480.0
21
125700.0
31
0
0
LINE
8
lighting
10
277880.0
20
125100.0
30
0
11
277880.0
21
125660.0
31
0
0
LINE
8
lighting
10
278440.0
20
125100.0
30
0
11
278440.0
21
125660.0
31
0
0
LINE
8
lighting
10
277880.0
20
125100.0
30
0
11
278440.0
21
125100.0
31
0
0
LINE
8
lighting
10
277880.0
20
125660.0
30
0
11
278440.0
21
125660.0
31
0
0
LINE
8
lighting
10
277914.0
20
125110.0
30
0
11
277914.0
21
125650.0
31
0
0
LINE
8
lighting
10
277926.0
20
125110.0
30
0
11
277926.0
21
125650.0
31
0
0
LINE
8
lighting
10
277914.0
20
125110.0
30
0
11
277926.0
21
125110.0
31
0
0
LINE
8
lighting
10
277914.0
20
125650.0
30
0
11
277926.0
21
125650.0
31
0
0
LINE
8
lighting
10
277994.0
20
125110.0
30
0
11
277994.0
21
125650.0
31
0
0
LINE
8
lighting
10
278006.0
20
125110.0
30
0
11
278006.0
21
125650.0
31
0
0
LINE
8
lighting
10
277994.0
20
125110.0
30
0
11
278006.0
21
125110.0
31
0
0
LINE
8
lighting
10
277994.0
20
125650.0
30
0
11
278006.0
21
125650.0
31
0
0
LINE
8
lighting
10
278074.0
20
125110.0
30
0
11
278074.0
21
125650.0
31
0
0
LINE
8
lighting
10
278086.0
20
125110.0
30
0
11
278086.0
21
125650.0
31
0
0
LINE
8
lighting
10
278074.0
20
125110.0
30
0
11
278086.0
21
125110.0
31
0
0
LINE
8
lighting
10
278074.0
20
125650.0
30
0
11
278086.0
21
125650.0
31
0
0
LINE
8
lighting
10
278154.0
20
125110.0
30
0
11
278154.0
21
125650.0
31
0
0
LINE
8
lighting
10
278166.0
20
125110.0
30
0
11
278166.0
21
125650.0
31
0
0
LINE
8
lighting
10
278154.0
20
125110.0
30
0
11
278166.0
21
125110.0
31
0
0
LINE
8
lighting
10
278154.0
20
125650.0
30
0
11
278166.0
21
125650.0
31
0
0
LINE
8
lighting
10
278234.0
20
125110.0
30
0
11
278234.0
21
125650.0
31
0
0
LINE
8
lighting
10
278246.0
20
125110.0
30
0
11
278246.0
21
125650.0
31
0
0
LINE
8
lighting
10
278234.0
20
125110.0
30
0
11
278246.0
21
125110.0
31
0
0
LINE
8
lighting
10
278234.0
20
125650.0
30
0
11
278246.0
21
125650.0
31
0
0
LINE
8
lighting
10
278314.0
20
125110.0
30
0
11
278314.0
21
125650.0
31
0
0
LINE
8
lighting
10
278326.0
20
125110.0
30
0
11
278326.0
21
125650.0
31
0
0
LINE
8
lighting
10
278314.0
20
125110.0
30
0
11
278326.0
21
125110.0
31
0
0
LINE
8
lighting
10
278314.0
20
125650.0
30
0
11
278326.0
21
125650.0
31
0
0
LINE
8
lighting
10
278394.0
20
125110.0
30
0
11
278394.0
21
125650.0
31
0
0
LINE
8
lighting
10
278406.0
20
125110.0
30
0
11
278406.0
21
125650.0
31
0
0
LINE
8
lighting
10
278394.0
20
125110.0
30
0
11
278406.0
21
125110.0
31
0
0
LINE
8
lighting
10
278394.0
20
125650.0
30
0
11
278406.0
21
125650.0
31
0
0
LINE
8
lighting
10
278169.0
20
125380.0
30
0
11
278155.5
21
125387.79
31
0
0
LINE
8
lighting
10
278155.5
20
125387.79
30
0
11
278155.5
21
125372.21
31
0
0
LINE
8
lighting
10
278155.5
20
125372.21
30
0
11
278169.0
21
125380.0
31
0
0
LINE
8
lighting
10
284320.0
20
125060.0
30
0
11
284320.0
21
125700.0
31
0
0
LINE
8
lighting
10
284960.0
20
125060.0
30
0
11
284960.0
21
125700.0
31
0
0
LINE
8
lighting
10
284320.0
20
125060.0
30
0
11
284960.0
21
125060.0
31
0
0
LINE
8
lighting
10
284320.0
20
125700.0
30
0
11
284960.0
21
125700.0
31
0
0
LINE
8
lighting
10
284360.0
20
125100.0
30
0
11
284360.0
21
125660.0
31
0
0
LINE
8
lighting
10
284920.0
20
125100.0
30
0
11
284920.0
21
125660.0
31
0
0
LINE
8
lighting
10
284360.0
20
125100.0
30
0
11
284920.0
21
125100.0
31
0
0
LINE
8
lighting
10
284360.0
20
125660.0
30
0
11
284920.0
21
125660.0
31
0
0
LINE
8
lighting
10
284394.0
20
125110.0
30
0
11
284394.0
21
125650.0
31
0
0
LINE
8
lighting
10
284406.0
20
125110.0
30
0
11
284406.0
21
125650.0
31
0
0
LINE
8
lighting
10
284394.0
20
125110.0
30
0
11
284406.0
21
125110.0
31
0
0
LINE
8
lighting
10
284394.0
20
125650.0
30
0
11
284406.0
21
125650.0
31
0
0
LINE
8
lighting
10
284474.0
20
125110.0
30
0
11
284474.0
21
125650.0
31
0
0
LINE
8
lighting
10
284486.0
20
125110.0
30
0
11
284486.0
21
125650.0
31
0
0
LINE
8
lighting
10
284474.0
20
125110.0
30
0
11
284486.0
21
125110.0
31
0
0
LINE
8
lighting
10
284474.0
20
125650.0
30
0
11
284486.0
21
125650.0
31
0
0
LINE
8
lighting
10
284554.0
20
125110.0
30
0
11
284554.0
21
125650.0
31
0
0
LINE
8
lighting
10
284566.0
20
125110.0
30
0
11
284566.0
21
125650.0
31
0
0
LINE
8
lighting
10
284554.0
20
125110.0
30
0
11
284566.0
21
125110.0
31
0
0
LINE
8
lighting
10
284554.0
20
125650.0
30
0
11
284566.0
21
125650.0
31
0
0
LINE
8
lighting
10
284634.0
20
125110.0
30
0
11
284634.0
21
125650.0
31
0
0
LINE
8
lighting
10
284646.0
20
125110.0
30
0
11
284646.0
21
125650.0
31
0
0
LINE
8
lighting
10
284634.0
20
125110.0
30
0
11
284646.0
21
125110.0
31
0
0
LINE
8
lighting
10
284634.0
20
125650.0
30
0
11
284646.0
21
125650.0
31
0
0
LINE
8
lighting
10
284714.0
20
125110.0
30
0
11
284714.0
21
125650.0
31
0
0
LINE
8
lighting
10
284726.0
20
125110.0
30
0
11
284726.0
21
125650.0
31
0
0
LINE
8
lighting
10
284714.0
20
125110.0
30
0
11
284726.0
21
125110.0
31
0
0
LINE
8
lighting
10
284714.0
20
125650.0
30
0
11
284726.0
21
125650.0
31
0
0
LINE
8
lighting
10
284794.0
20
125110.0
30
0
11
284794.0
21
125650.0
31
0
0
LINE
8
lighting
10
284806.0
20
125110.0
30
0
11
284806.0
21
125650.0
31
0
0
LINE
8
lighting
10
284794.0
20
125110.0
30
0
11
284806.0
21
125110.0
31
0
0
LINE
8
lighting
10
284794.0
20
125650.0
30
0
11
284806.0
21
125650.0
31
0
0
LINE
8
lighting
10
284874.0
20
125110.0
30
0
11
284874.0
21
125650.0
31
0
0
LINE
8
lighting
10
284886.0
20
125110.0
30
0
11
284886.0
21
125650.0
31
0
0
LINE
8
lighting
10
284874.0
20
125110.0
30
0
11
284886.0
21
125110.0
31
0
0
LINE
8
lighting
10
284874.0
20
125650.0
30
0
11
284886.0
21
125650.0
31
0
0
LINE
8
lighting
10
284649.0
20
125380.0
30
0
11
284635.5
21
125387.79
31
0
0
LINE
8
lighting
10
284635.5
20
125387.79
30
0
11
284635.5
21
125372.21
31
0
0
LINE
8
lighting
10
284635.5
20
125372.21
30
0
11
284649.0
21
125380.0
31
0
0
LINE
8
lighting
10
277840.0
20
137300.0
30
0
11
277840.0
21
137940.0
31
0
0
LINE
8
lighting
10
278480.0
20
137300.0
30
0
11
278480.0
21
137940.0
31
0
0
LINE
8
lighting
10
277840.0
20
137300.0
30
0
11
278480.0
21
137300.0
31
0
0
LINE
8
lighting
10
277840.0
20
137940.0
30
0
11
278480.0
21
137940.0
31
0
0
LINE
8
lighting
10
277880.0
20
137340.0
30
0
11
277880.0
21
137900.0
31
0
0
LINE
8
lighting
10
278440.0
20
137340.0
30
0
11
278440.0
21
137900.0
31
0
0
LINE
8
lighting
10
277880.0
20
137340.0
30
0
11
278440.0
21
137340.0
31
0
0
LINE
8
lighting
10
277880.0
20
137900.0
30
0
11
278440.0
21
137900.0
31
0
0
LINE
8
lighting
10
277914.0
20
137350.0
30
0
11
277914.0
21
137890.0
31
0
0
LINE
8
lighting
10
277926.0
20
137350.0
30
0
11
277926.0
21
137890.0
31
0
0
LINE
8
lighting
10
277914.0
20
137350.0
30
0
11
277926.0
21
137350.0
31
0
0
LINE
8
lighting
10
277914.0
20
137890.0
30
0
11
277926.0
21
137890.0
31
0
0
LINE
8
lighting
10
277994.0
20
137350.0
30
0
11
277994.0
21
137890.0
31
0
0
LINE
8
lighting
10
278006.0
20
137350.0
30
0
11
278006.0
21
137890.0
31
0
0
LINE
8
lighting
10
277994.0
20
137350.0
30
0
11
278006.0
21
137350.0
31
0
0
LINE
8
lighting
10
277994.0
20
137890.0
30
0
11
278006.0
21
137890.0
31
0
0
LINE
8
lighting
10
278074.0
20
137350.0
30
0
11
278074.0
21
137890.0
31
0
0
LINE
8
lighting
10
278086.0
20
137350.0
30
0
11
278086.0
21
137890.0
31
0
0
LINE
8
lighting
10
278074.0
20
137350.0
30
0
11
278086.0
21
137350.0
31
0
0
LINE
8
lighting
10
278074.0
20
137890.0
30
0
11
278086.0
21
137890.0
31
0
0
LINE
8
lighting
10
278154.0
20
137350.0
30
0
11
278154.0
21
137890.0
31
0
0
LINE
8
lighting
10
278166.0
20
137350.0
30
0
11
278166.0
21
137890.0
31
0
0
LINE
8
lighting
10
278154.0
20
137350.0
30
0
11
278166.0
21
137350.0
31
0
0
LINE
8
lighting
10
278154.0
20
137890.0
30
0
11
278166.0
21
137890.0
31
0
0
LINE
8
lighting
10
278234.0
20
137350.0
30
0
11
278234.0
21
137890.0
31
0
0
LINE
8
lighting
10
278246.0
20
137350.0
30
0
11
278246.0
21
137890.0
31
0
0
LINE
8
lighting
10
278234.0
20
137350.0
30
0
11
278246.0
21
137350.0
31
0
0
LINE
8
lighting
10
278234.0
20
137890.0
30
0
11
278246.0
21
137890.0
31
0
0
LINE
8
lighting
10
278314.0
20
137350.0
30
0
11
278314.0
21
137890.0
31
0
0
LINE
8
lighting
10
278326.0
20
137350.0
30
0
11
278326.0
21
137890.0
31
0
0
LINE
8
lighting
10
278314.0
20
137350.0
30
0
11
278326.0
21
137350.0
31
0
0
LINE
8
lighting
10
278314.0
20
137890.0
30
0
11
278326.0
21
137890.0
31
0
0
LINE
8
lighting
10
278394.0
20
137350.0
30
0
11
278394.0
21
137890.0
31
0
0
LINE
8
lighting
10
278406.0
20
137350.0
30
0
11
278406.0
21
137890.0
31
0
0
LINE
8
lighting
10
278394.0
20
137350.0
30
0
11
278406.0
21
137350.0
31
0
0
LINE
8
lighting
10
278394.0
20
137890.0
30
0
11
278406.0
21
137890.0
31
0
0
LINE
8
lighting
10
278169.0
20
137620.0
30
0
11
278155.5
21
137627.79
31
0
0
LINE
8
lighting
10
278155.5
20
137627.79
30
0
11
278155.5
21
137612.21
31
0
0
LINE
8
lighting
10
278155.5
20
137612.21
30
0
11
278169.0
21
137620.0
31
0
0
LINE
8
lighting
10
284320.0
20
137300.0
30
0
11
284320.0
21
137940.0
31
0
0
LINE
8
lighting
10
284960.0
20
137300.0
30
0
11
284960.0
21
137940.0
31
0
0
LINE
8
lighting
10
284320.0
20
137300.0
30
0
11
284960.0
21
137300.0
31
0
0
LINE
8
lighting
10
284320.0
20
137940.0
30
0
11
284960.0
21
137940.0
31
0
0
LINE
8
lighting
10
284360.0
20
137340.0
30
0
11
284360.0
21
137900.0
31
0
0
LINE
8
lighting
10
284920.0
20
137340.0
30
0
11
284920.0
21
137900.0
31
0
0
LINE
8
lighting
10
284360.0
20
137340.0
30
0
11
284920.0
21
137340.0
31
0
0
LINE
8
lighting
10
284360.0
20
137900.0
30
0
11
284920.0
21
137900.0
31
0
0
LINE
8
lighting
10
284394.0
20
137350.0
30
0
11
284394.0
21
137890.0
31
0
0
LINE
8
lighting
10
284406.0
20
137350.0
30
0
11
284406.0
21
137890.0
31
0
0
LINE
8
lighting
10
284394.0
20
137350.0
30
0
11
284406.0
21
137350.0
31
0
0
LINE
8
lighting
10
284394.0
20
137890.0
30
0
11
284406.0
21
137890.0
31
0
0
LINE
8
lighting
10
284474.0
20
137350.0
30
0
11
284474.0
21
137890.0
31
0
0
LINE
8
lighting
10
284486.0
20
137350.0
30
0
11
284486.0
21
137890.0
31
0
0
LINE
8
lighting
10
284474.0
20
137350.0
30
0
11
284486.0
21
137350.0
31
0
0
LINE
8
lighting
10
284474.0
20
137890.0
30
0
11
284486.0
21
137890.0
31
0
0
LINE
8
lighting
10
284554.0
20
137350.0
30
0
11
284554.0
21
137890.0
31
0
0
LINE
8
lighting
10
284566.0
20
137350.0
30
0
11
284566.0
21
137890.0
31
0
0
LINE
8
lighting
10
284554.0
20
137350.0
30
0
11
284566.0
21
137350.0
31
0
0
LINE
8
lighting
10
284554.0
20
137890.0
30
0
11
284566.0
21
137890.0
31
0
0
LINE
8
lighting
10
284634.0
20
137350.0
30
0
11
284634.0
21
137890.0
31
0
0
LINE
8
lighting
10
284646.0
20
137350.0
30
0
11
284646.0
21
137890.0
31
0
0
LINE
8
lighting
10
284634.0
20
137350.0
30
0
11
284646.0
21
137350.0
31
0
0
LINE
8
lighting
10
284634.0
20
137890.0
30
0
11
284646.0
21
137890.0
31
0
0
LINE
8
lighting
10
284714.0
20
137350.0
30
0
11
284714.0
21
137890.0
31
0
0
LINE
8
lighting
10
284726.0
20
137350.0
30
0
11
284726.0
21
137890.0
31
0
0
LINE
8
lighting
10
284714.0
20
137350.0
30
0
11
284726.0
21
137350.0
31
0
0
LINE
8
lighting
10
284714.0
20
137890.0
30
0
11
284726.0
21
137890.0
31
0
0
LINE
8
lighting
10
284794.0
20
137350.0
30
0
11
284794.0
21
137890.0
31
0
0
LINE
8
lighting
10
284806.0
20
137350.0
30
0
11
284806.0
21
137890.0
31
0
0
LINE
8
lighting
10
284794.0
20
137350.0
30
0
11
284806.0
21
137350.0
31
0
0
LINE
8
lighting
10
284794.0
20
137890.0
30
0
11
284806.0
21
137890.0
31
0
0
LINE
8
lighting
10
284874.0
20
137350.0
30
0
11
284874.0
21
137890.0
31
0
0
LINE
8
lighting
10
284886.0
20
137350.0
30
0
11
284886.0
21
137890.0
31
0
0
LINE
8
lighting
10
284874.0
20
137350.0
30
0
11
284886.0
21
137350.0
31
0
0
LINE
8
lighting
10
284874.0
20
137890.0
30
0
11
284886.0
21
137890.0
31
0
0
LINE
8
lighting
10
284649.0
20
137620.0
30
0
11
284635.5
21
137627.79
31
0
0
LINE
8
lighting
10
284635.5
20
137627.79
30
0
11
284635.5
21
137612.21
31
0
0
LINE
8
lighting
10
284635.5
20
137612.21
30
0
11
284649.0
21
137620.0
31
0
0
LINE
8
electrical
10
278160.0
20
125080.0
30
0
11
278160.0
21
125072.21
31
0
0
LINE
8
electrical
10
278160.0
20
125072.21
30
0
11
278160.0
21
125087.79
31
0
0
LINE
8
electrical
10
278160.0
20
125087.79
30
0
11
278160.0
21
125080.0
31
0
0
LINE
8
electrical
10
285450.0
20
125080.0
30
0
11
278160.0
21
125080.0
31
0
0
LINE
8
electrical
10
285450.0
20
125080.0
30
0
11
285450.0
21
125072.21
31
0
0
LINE
8
electrical
10
285450.0
20
125072.21
30
0
11
285450.0
21
125087.79
31
0
0
LINE
8
electrical
10
285450.0
20
125087.79
30
0
11
285450.0
21
125080.0
31
0
0
LINE
8
electrical
10
278160.0
20
137620.0
30
0
11
278167.79
21
137620.0
31
0
0
LINE
8
electrical
10
278167.79
20
137620.0
30
0
11
278152.21
21
137620.0
31
0
0
LINE
8
electrical
10
278152.21
20
137620.0
30
0
11
278160.0
21
137620.0
31
0
0
LINE
8
electrical
10
278160.0
20
125080.0
30
0
11
278160.0
21
137620.0
31
0
0
LINE
8
electrical
10
278160.0
20
125080.0
30
0
11
278167.79
21
125080.0
31
0
0
LINE
8
electrical
10
278167.79
20
125080.0
30
0
11
278152.21
21
125080.0
31
0
0
LINE
8
electrical
10
278152.21
20
125080.0
30
0
11
278160.0
21
125080.0
31
0
0
LINE
8
electrical
10
284640.0
20
137620.0
30
0
11
284647.79
21
137620.0
31
0
0
LINE
8
electrical
10
284647.79
20
137620.0
30
0
11
284632.21
21
137620.0
31
0
0
LINE
8
electrical
10
284632.21
20
137620.0
30
0
11
284640.0
21
137620.0
31
0
0
LINE
8
electrical
10
284640.0
20
125080.0
30
0
11
284640.0
21
137620.0
31
0
0
LINE
8
electrical
10
284640.0
20
125080.0
30
0
11
284647.79
21
125080.0
31
0
0
LINE
8
electrical
10
284647.79
20
125080.0
30
0
11
284632.21
21
125080.0
31
0
0
LINE
8
electrical
10
284632.21
20
125080.0
30
0
11
284640.0
21
125080.0
31
0
0
LINE
8
electrical
10
285463.0
20
122700.0
30
0
11
285443.5
21
122711.26
31
0
0
LINE
8
electrical
10
285443.5
20
122711.26
30
0
11
285443.5
21
122688.74
31
0
0
LINE
8
electrical
10
285443.5
20
122688.74
30
0
11
285463.0
21
122700.0
31
0
0
LINE
8
electrical
10
284562.16
20
125084.6
30
0
11
284543.92
21
125077.7
31
0
0
LINE
8
electrical
10
284543.92
20
125077.7
30
0
11
284543.92
21
125077.7
31
0
0
LINE
8
electrical
10
284543.92
20
125077.7
30
0
11
284562.16
21
125084.6
31
0
0
LINE
8
electrical
10
285462.16
20
122704.6
30
0
11
284562.16
21
125084.6
31
0
0
LINE
8
electrical
10
285462.16
20
122704.6
30
0
11
285443.92
21
122697.7
31
0
0
LINE
8
electrical
10
285443.92
20
122697.7
30
0
11
285443.92
21
122697.7
31
0
0
LINE
8
electrical
10
285443.92
20
122697.7
30
0
11
285462.16
21
122704.6
31
0
0
LINE
8
electrical
10
278250.0
20
125080.0
30
0
11
278250.0
21
125068.74
31
0
0
LINE
8
electrical
10
278250.0
20
125068.74
30
0
11
278250.0
21
125091.26
31
0
0
LINE
8
electrical
10
278250.0
20
125091.26
30
0
11
278250.0
21
125080.0
31
0
0
LINE
8
electrical
10
284550.0
20
125080.0
30
0
11
278250.0
21
125080.0
31
0
0
LINE
8
electrical
10
284550.0
20
125080.0
30
0
11
284550.0
21
125068.74
31
0
0
LINE
8
electrical
10
284550.0
20
125068.74
30
0
11
284550.0
21
125091.26
31
0
0
LINE
8
electrical
10
284550.0
20
125091.26
30
0
11
284550.0
21
125080.0
31
0
0
LINE
8
electrical
10
285450.0
20
122700.0
30
0
11
285464.04
21
122700.0
31
0
0
LINE
8
electrical
10
285464.04
20
122700.0
30
0
11
285450.0
21
122700.0
31
0
0
LINE
8
electrical
10
284550.0
20
125080.0
30
0
11
284564.04
21
125080.0
31
0
0
LINE
8
electrical
10
284564.04
20
125080.0
30
0
11
284550.0
21
125080.0
31
0
0
LINE
8
electrical
10
285463.0
20
122700.0
30
0
11
285443.5
21
122711.26
31
0
0
LINE
8
electrical
10
285443.5
20
122711.26
30
0
11
285443.5
21
122688.74
31
0
0
LINE
8
electrical
10
285443.5
20
122688.74
30
0
11
285463.0
21
122700.0
31
0
0
LINE
8
electrical
10
284562.23
20
125204.4
30
0
11
284543.88
21
125197.8
31
0
0
LINE
8
electrical
10
284543.88
20
125197.8
30
0
11
284543.88
21
125197.8
31
0
0
LINE
8
electrical
10
284543.88
20
125197.8
30
0
11
284562.23
21
125204.4
31
0
0
LINE
8
electrical
10
285462.23
20
122704.4
30
0
11
284562.23
21
125204.4
31
0
0
LINE
8
electrical
10
285462.23
20
122704.4
30
0
11
285443.88
21
122697.8
31
0
0
LINE
8
electrical
10
285443.88
20
122697.8
30
0
11
285443.88
21
122697.8
31
0
0
LINE
8
electrical
10
285443.88
20
122697.8
30
0
11
285462.23
21
122704.4
31
0
0
LINE
8
electrical
10
278250.0
20
125200.0
30
0
11
278250.0
21
125188.74
31
0
0
LINE
8
electrical
10
278250.0
20
125188.74
30
0
11
278250.0
21
125211.26
31
0
0
LINE
8
electrical
10
278250.0
20
125211.26
30
0
11
278250.0
21
125200.0
31
0
0
LINE
8
electrical
10
284550.0
20
125200.0
30
0
11
278250.0
21
125200.0
31
0
0
LINE
8
electrical
10
284550.0
20
125200.0
30
0
11
284550.0
21
125188.74
31
0
0
LINE
8
electrical
10
284550.0
20
125188.74
30
0
11
284550.0
21
125211.26
31
0
0
LINE
8
electrical
10
284550.0
20
125211.26
30
0
11
284550.0
21
125200.0
31
0
0
LINE
8
electrical
10
285450.0
20
122700.0
30
0
11
285464.04
21
122700.0
31
0
0
LINE
8
electrical
10
285464.04
20
122700.0
30
0
11
285450.0
21
122700.0
31
0
0
LINE
8
electrical
10
284550.0
20
125200.0
30
0
11
284564.04
21
125200.0
31
0
0
LINE
8
electrical
10
284564.04
20
125200.0
30
0
11
284550.0
21
125200.0
31
0
0
LINE
8
electrical
10
285463.0
20
122700.0
30
0
11
285443.5
21
122711.26
31
0
0
LINE
8
electrical
10
285443.5
20
122711.26
30
0
11
285443.5
21
122688.74
31
0
0
LINE
8
electrical
10
285443.5
20
122688.74
30
0
11
285463.0
21
122700.0
31
0
0
LINE
8
electrical
10
284562.29
20
125324.22
30
0
11
284543.85
21
125317.89
31
0
0
LINE
8
electrical
10
284543.85
20
125317.89
30
0
11
284543.85
21
125317.89
31
0
0
LINE
8
electrical
10
284543.85
20
125317.89
30
0
11
284562.29
21
125324.22
31
0
0
LINE
8
electrical
10
285462.29
20
122704.22
30
0
11
284562.29
21
125324.22
31
0
0
LINE
8
electrical
10
285462.29
20
122704.22
30
0
11
285443.85
21
122697.89
31
0
0
LINE
8
electrical
10
285443.85
20
122697.89
30
0
11
285443.85
21
122697.89
31
0
0
LINE
8
electrical
10
285443.85
20
122697.89
30
0
11
285462.29
21
122704.22
31
0
0
LINE
8
electrical
10
278250.0
20
125320.0
30
0
11
278250.0
21
125308.74
31
0
0
LINE
8
electrical
10
278250.0
20
125308.74
30
0
11
278250.0
21
125331.26
31
0
0
LINE
8
electrical
10
278250.0
20
125331.26
30
0
11
278250.0
21
125320.0
31
0
0
LINE
8
electrical
10
284550.0
20
125320.0
30
0
11
278250.0
21
125320.0
31
0
0
LINE
8
electrical
10
284550.0
20
125320.0
30
0
11
284550.0
21
125308.74
31
0
0
LINE
8
electrical
10
284550.0
20
125308.74
30
0
11
284550.0
21
125331.26
31
0
0
LINE
8
electrical
10
284550.0
20
125331.26
30
0
11
284550.0
21
125320.0
31
0
0
LINE
8
electrical
10
285450.0
20
122700.0
30
0
11
285464.04
21
122700.0
31
0
0
LINE
8
electrical
10
285464.04
20
122700.0
30
0
11
285450.0
21
122700.0
31
0
0
LINE
8
electrical
10
284550.0
20
125320.0
30
0
11
284564.04
21
125320.0
31
0
0
LINE
8
electrical
10
284564.04
20
125320.0
30
0
11
284550.0
21
125320.0
31
0
0
LINE
8
electrical
10
278635.0
20
122650.0
30
0
11
278635.0
21
122710.0
31
0
0
LINE
8
electrical
10
278765.0
20
122650.0
30
0
11
278765.0
21
122710.0
31
0
0
LINE
8
electrical
10
278635.0
20
122650.0
30
0
11
278765.0
21
122650.0
31
0
0
LINE
8
electrical
10
278635.0
20
122710.0
30
0
11
278765.0
21
122710.0
31
0
0
LINE
8
electrical
10
278709.0
20
122680.0
30
0
11
278695.5
21
122687.79
31
0
0
LINE
8
electrical
10
278695.5
20
122687.79
30
0
11
278695.5
21
122672.21
31
0
0
LINE
8
electrical
10
278695.5
20
122672.21
30
0
11
278709.0
21
122680.0
31
0
0
LINE
8
electrical
10
285450.0
20
122680.0
30
0
11
285450.0
21
122672.21
31
0
0
LINE
8
electrical
10
285450.0
20
122672.21
30
0
11
285450.0
21
122687.79
31
0
0
LINE
8
electrical
10
285450.0
20
122687.79
30
0
11
285450.0
21
122680.0
31
0
0
LINE
8
electrical
10
278700.0
20
122680.0
30
0
11
285450.0
21
122680.0
31
0
0
LINE
8
electrical
10
278700.0
20
122680.0
30
0
11
278700.0
21
122672.21
31
0
0
LINE
8
electrical
10
278700.0
20
122672.21
30
0
11
278700.0
21
122687.79
31
0
0
LINE
8
electrical
10
278700.0
20
122687.79
30
0
11
278700.0
21
122680.0
31
0
0
LINE
8
electrical
10
278700.0
20
122680.0
30
0
11
278709.72
21
122680.0
31
0
0
LINE
8
electrical
10
278709.72
20
122680.0
30
0
11
278700.0
21
122680.0
31
0
0
LINE
8
electrical
10
284035.0
20
122650.0
30
0
11
284035.0
21
122710.0
31
0
0
LINE
8
electrical
10
284165.0
20
122650.0
30
0
11
284165.0
21
122710.0
31
0
0
LINE
8
electrical
10
284035.0
20
122650.0
30
0
11
284165.0
21
122650.0
31
0
0
LINE
8
electrical
10
284035.0
20
122710.0
30
0
11
284165.0
21
122710.0
31
0
0
LINE
8
electrical
10
284109.0
20
122680.0
30
0
11
284095.5
21
122687.79
31
0
0
LINE
8
electrical
10
284095.5
20
122687.79
30
0
11
284095.5
21
122672.21
31
0
0
LINE
8
electrical
10
284095.5
20
122672.21
30
0
11
284109.0
21
122680.0
31
0
0
LINE
8
electrical
10
285450.0
20
122680.0
30
0
11
285450.0
21
122672.21
31
0
0
LINE
8
electrical
10
285450.0
20
122672.21
30
0
11
285450.0
21
122687.79
31
0
0
LINE
8
electrical
10
285450.0
20
122687.79
30
0
11
285450.0
21
122680.0
31
0
0
LINE
8
electrical
10
284100.0
20
122680.0
30
0
11
285450.0
21
122680.0
31
0
0
LINE
8
electrical
10
284100.0
20
122680.0
30
0
11
284100.0
21
122672.21
31
0
0
LINE
8
electrical
10
284100.0
20
122672.21
30
0
11
284100.0
21
122687.79
31
0
0
LINE
8
electrical
10
284100.0
20
122687.79
30
0
11
284100.0
21
122680.0
31
0
0
LINE
8
electrical
10
284100.0
20
122680.0
30
0
11
284109.72
21
122680.0
31
0
0
LINE
8
electrical
10
284109.72
20
122680.0
30
0
11
284100.0
21
122680.0
31
0
0
LINE
8
hvac
10
277375.0
20
123225.0
30
0
11
277375.0
21
123975.0
31
0
0
LINE
8
hvac
10
279025.0
20
123225.0
30
0
11
279025.0
21
123975.0
31
0
0
LINE
8
hvac
10
277375.0
20
123225.0
30
0
11
279025.0
21
123225.0
31
0
0
LINE
8
hvac
10
277375.0
20
123975.0
30
0
11
279025.0
21
123975.0
31
0
0
LINE
8
hvac
10
277475.0
20
123180.0
30
0
11
277475.0
21
123220.0
31
0
0
LINE
8
hvac
10
278925.0
20
123180.0
30
0
11
278925.0
21
123220.0
31
0
0
LINE
8
hvac
10
277475.0
20
123180.0
30
0
11
278925.0
21
123180.0
31
0
0
LINE
8
hvac
10
277475.0
20
123220.0
30
0
11
278925.0
21
123220.0
31
0
0
LINE
8
hvac
10
277540.0
20
123140.0
30
0
11
277540.0
21
123200.0
31
0
0
LINE
8
hvac
10
277580.0
20
123140.0
30
0
11
277580.0
21
123200.0
31
0
0
LINE
8
hvac
10
277540.0
20
123140.0
30
0
11
277580.0
21
123140.0
31
0
0
LINE
8
hvac
10
277540.0
20
123200.0
30
0
11
277580.0
21
123200.0
31
0
0
LINE
8
hvac
10
277700.0
20
123140.0
30
0
11
277700.0
21
123200.0
31
0
0
LINE
8
hvac
10
277740.0
20
123140.0
30
0
11
277740.0
21
123200.0
31
0
0
LINE
8
hvac
10
277700.0
20
123140.0
30
0
11
277740.0
21
123140.0
31
0
0
LINE
8
hvac
10
277700.0
20
123200.0
30
0
11
277740.0
21
123200.0
31
0
0
LINE
8
hvac
10
277860.0
20
123140.0
30
0
11
277860.0
21
123200.0
31
0
0
LINE
8
hvac
10
277900.0
20
123140.0
30
0
11
277900.0
21
123200.0
31
0
0
LINE
8
hvac
10
277860.0
20
123140.0
30
0
11
277900.0
21
123140.0
31
0
0
LINE
8
hvac
10
277860.0
20
123200.0
30
0
11
277900.0
21
123200.0
31
0
0
LINE
8
hvac
10
278020.0
20
123140.0
30
0
11
278020.0
21
123200.0
31
0
0
LINE
8
hvac
10
278060.0
20
123140.0
30
0
11
278060.0
21
123200.0
31
0
0
LINE
8
hvac
10
278020.0
20
123140.0
30
0
11
278060.0
21
123140.0
31
0
0
LINE
8
hvac
10
278020.0
20
123200.0
30
0
11
278060.0
21
123200.0
31
0
0
LINE
8
hvac
10
278180.0
20
123140.0
30
0
11
278180.0
21
123200.0
31
0
0
LINE
8
hvac
10
278220.0
20
123140.0
30
0
11
278220.0
21
123200.0
31
0
0
LINE
8
hvac
10
278180.0
20
123140.0
30
0
11
278220.0
21
123140.0
31
0
0
LINE
8
hvac
10
278180.0
20
123200.0
30
0
11
278220.0
21
123200.0
31
0
0
LINE
8
hvac
10
278340.0
20
123140.0
30
0
11
278340.0
21
123200.0
31
0
0
LINE
8
hvac
10
278380.0
20
123140.0
30
0
11
278380.0
21
123200.0
31
0
0
LINE
8
hvac
10
278340.0
20
123140.0
30
0
11
278380.0
21
123140.0
31
0
0
LINE
8
hvac
10
278340.0
20
123200.0
30
0
11
278380.0
21
123200.0
31
0
0
LINE
8
hvac
10
278500.0
20
123140.0
30
0
11
278500.0
21
123200.0
31
0
0
LINE
8
hvac
10
278540.0
20
123140.0
30
0
11
278540.0
21
123200.0
31
0
0
LINE
8
hvac
10
278500.0
20
123140.0
30
0
11
278540.0
21
123140.0
31
0
0
LINE
8
hvac
10
278500.0
20
123200.0
30
0
11
278540.0
21
123200.0
31
0
0
LINE
8
hvac
10
278660.0
20
123140.0
30
0
11
278660.0
21
123200.0
31
0
0
LINE
8
hvac
10
278700.0
20
123140.0
30
0
11
278700.0
21
123200.0
31
0
0
LINE
8
hvac
10
278660.0
20
123140.0
30
0
11
278700.0
21
123140.0
31
0
0
LINE
8
hvac
10
278660.0
20
123200.0
30
0
11
278700.0
21
123200.0
31
0
0
LINE
8
hvac
10
278820.0
20
123140.0
30
0
11
278820.0
21
123200.0
31
0
0
LINE
8
hvac
10
278860.0
20
123140.0
30
0
11
278860.0
21
123200.0
31
0
0
LINE
8
hvac
10
278820.0
20
123140.0
30
0
11
278860.0
21
123140.0
31
0
0
LINE
8
hvac
10
278820.0
20
123200.0
30
0
11
278860.0
21
123200.0
31
0
0
LINE
8
hvac
10
277975.0
20
123375.0
30
0
11
277975.0
21
123825.0
31
0
0
LINE
8
hvac
10
278425.0
20
123375.0
30
0
11
278425.0
21
123825.0
31
0
0
LINE
8
hvac
10
277975.0
20
123375.0
30
0
11
278425.0
21
123375.0
31
0
0
LINE
8
hvac
10
277975.0
20
123825.0
30
0
11
278425.0
21
123825.0
31
0
0
LINE
8
hvac
10
278250.0
20
131325.0
30
0
11
278250.0
21
131675.0
31
0
0
LINE
8
hvac
10
284550.0
20
131325.0
30
0
11
284550.0
21
131675.0
31
0
0
LINE
8
hvac
10
278250.0
20
131325.0
30
0
11
284550.0
21
131325.0
31
0
0
LINE
8
hvac
10
278250.0
20
131675.0
30
0
11
284550.0
21
131675.0
31
0
0
LINE
8
hvac
10
278025.0
20
123425.0
30
0
11
278025.0
21
123775.0
31
0
0
LINE
8
hvac
10
281575.0
20
123425.0
30
0
11
281575.0
21
123775.0
31
0
0
LINE
8
hvac
10
278025.0
20
123425.0
30
0
11
281575.0
21
123425.0
31
0
0
LINE
8
hvac
10
278025.0
20
123775.0
30
0
11
281575.0
21
123775.0
31
0
0
LINE
8
hvac
10
281225.0
20
123425.0
30
0
11
281225.0
21
131675.0
31
0
0
LINE
8
hvac
10
281575.0
20
123425.0
30
0
11
281575.0
21
131675.0
31
0
0
LINE
8
hvac
10
281225.0
20
123425.0
30
0
11
281575.0
21
123425.0
31
0
0
LINE
8
hvac
10
281225.0
20
131675.0
30
0
11
281575.0
21
131675.0
31
0
0
LINE
8
hvac
10
279250.0
20
131150.0
30
0
11
279250.0
21
131850.0
31
0
0
LINE
8
hvac
10
279950.0
20
131150.0
30
0
11
279950.0
21
131850.0
31
0
0
LINE
8
hvac
10
279250.0
20
131150.0
30
0
11
279950.0
21
131150.0
31
0
0
LINE
8
hvac
10
279250.0
20
131850.0
30
0
11
279950.0
21
131850.0
31
0
0
LINE
8
hvac
10
282850.0
20
131150.0
30
0
11
282850.0
21
131850.0
31
0
0
LINE
8
hvac
10
283550.0
20
131150.0
30
0
11
283550.0
21
131850.0
31
0
0
LINE
8
hvac
10
282850.0
20
131150.0
30
0
11
283550.0
21
131150.0
31
0
0
LINE
8
hvac
10
282850.0
20
131850.0
30
0
11
283550.0
21
131850.0
31
0
0
LINE
8
water
10
284390.0
20
133880.0
30
0
11
284390.0
21
134520.0
31
0
0
LINE
8
water
10
285310.0
20
133880.0
30
0
11
285310.0
21
134520.0
31
0
0
LINE
8
water
10
284390.0
20
133880.0
30
0
11
285310.0
21
133880.0
31
0
0
LINE
8
water
10
284390.0
20
134520.0
30
0
11
285310.0
21
134520.0
31
0
0
LINE
8
water
10
284400.0
20
133890.0
30
0
11
284400.0
21
134510.0
31
0
0
LINE
8
water
10
284400.0
20
133890.0
30
0
11
285300.0
21
133890.0
31
0
0
LINE
8
water
10
284400.0
20
134510.0
30
0
11
285300.0
21
134510.0
31
0
0
LINE
8
water
10
285300.0
20
133890.0
30
0
11
285300.0
21
134510.0
31
0
0
LINE
8
water
10
285175.0
20
133985.0
30
0
11
284525.0
21
133985.0
31
0
0
LINE
8
water
10
285175.0
20
133985.0
30
0
11
285175.0
21
134415.0
31
0
0
LINE
8
water
10
285175.0
20
134415.0
30
0
11
284525.0
21
134415.0
31
0
0
LINE
8
water
10
284525.0
20
133985.0
30
0
11
284525.0
21
134415.0
31
0
0
LINE
8
water
10
284868.0
20
134420.0
30
0
11
284841.0
21
134435.59
31
0
0
LINE
8
water
10
284841.0
20
134435.59
30
0
11
284841.0
21
134404.41
31
0
0
LINE
8
water
10
284841.0
20
134404.41
30
0
11
284868.0
21
134420.0
31
0
0
LINE
8
water
10
284850.0
20
134200.0
30
0
11
284865.59
21
134200.0
31
0
0
LINE
8
water
10
284865.59
20
134200.0
30
0
11
284834.41
21
134200.0
31
0
0
LINE
8
water
10
284834.41
20
134200.0
30
0
11
284850.0
21
134200.0
31
0
0
LINE
8
water
10
284850.0
20
134420.0
30
0
11
284850.0
21
134200.0
31
0
0
LINE
8
water
10
284850.0
20
134420.0
30
0
11
284865.59
21
134420.0
31
0
0
LINE
8
water
10
284865.59
20
134420.0
30
0
11
284834.41
21
134420.0
31
0
0
LINE
8
water
10
284834.41
20
134420.0
30
0
11
284850.0
21
134420.0
31
0
0
LINE
8
water
10
284850.0
20
134420.0
30
0
11
284869.44
21
134420.0
31
0
0
LINE
8
water
10
284869.44
20
134420.0
30
0
11
284850.0
21
134420.0
31
0
0
LINE
8
water
10
284795.0
20
134200.0
30
0
11
284850.0
21
134255.0
31
0
0
LINE
8
water
10
284850.0
20
134255.0
30
0
11
284905.0
21
134200.0
31
0
0
LINE
8
water
10
284905.0
20
134200.0
30
0
11
284850.0
21
134145.0
31
0
0
LINE
8
water
10
284850.0
20
134145.0
30
0
11
284795.0
21
134200.0
31
0
0
LINE
8
water
10
284850.0
20
133000.0
30
0
11
284905.0
21
133000.0
31
0
0
LINE
8
water
10
284905.0
20
133000.0
30
0
11
284850.0
21
133000.0
31
0
0
LINE
8
water
10
284850.0
20
133000.0
30
0
11
284795.0
21
133000.0
31
0
0
LINE
8
water
10
284795.0
20
133000.0
30
0
11
284850.0
21
133000.0
31
0
0
LINE
8
water
10
284850.0
20
134200.0
30
0
11
284850.0
21
133000.0
31
0
0
LINE
8
water
10
284850.0
20
134200.0
30
0
11
284905.0
21
134200.0
31
0
0
LINE
8
water
10
284905.0
20
134200.0
30
0
11
284850.0
21
134200.0
31
0
0
LINE
8
water
10
284850.0
20
134200.0
30
0
11
284795.0
21
134200.0
31
0
0
LINE
8
water
10
284795.0
20
134200.0
30
0
11
284850.0
21
134200.0
31
0
0
LINE
8
water
10
284795.0
20
133000.0
30
0
11
284850.0
21
133055.0
31
0
0
LINE
8
water
10
284850.0
20
133055.0
30
0
11
284905.0
21
133000.0
31
0
0
LINE
8
water
10
284905.0
20
133000.0
30
0
11
284850.0
21
132945.0
31
0
0
LINE
8
water
10
284850.0
20
132945.0
30
0
11
284795.0
21
133000.0
31
0
0
LINE
8
water
10
284850.0
20
126500.0
30
0
11
284905.0
21
126500.0
31
0
0
LINE
8
water
10
284905.0
20
126500.0
30
0
11
284850.0
21
126500.0
31
0
0
LINE
8
water
10
284850.0
20
126500.0
30
0
11
284795.0
21
126500.0
31
0
0
LINE
8
water
10
284795.0
20
126500.0
30
0
11
284850.0
21
126500.0
31
0
0
LINE
8
water
10
284850.0
20
133000.0
30
0
11
284850.0
21
126500.0
31
0
0
LINE
8
water
10
234500.0
20
126500.0
30
0
11
234500.0
21
126445.0
31
0
0
LINE
8
water
10
234500.0
20
126445.0
30
0
11
234500.0
21
126500.0
31
0
0
LINE
8
water
10
234500.0
20
126500.0
30
0
11
234500.0
21
126555.0
31
0
0
LINE
8
water
10
234500.0
20
126555.0
30
0
11
234500.0
21
126500.0
31
0
0
LINE
8
water
10
284850.0
20
126500.0
30
0
11
234500.0
21
126500.0
31
0
0
LINE
8
water
10
284850.0
20
126500.0
30
0
11
284850.0
21
126445.0
31
0
0
LINE
8
water
10
284850.0
20
126445.0
30
0
11
284850.0
21
126500.0
31
0
0
LINE
8
water
10
284850.0
20
126500.0
30
0
11
284850.0
21
126555.0
31
0
0
LINE
8
water
10
284850.0
20
126555.0
30
0
11
284850.0
21
126500.0
31
0
0
LINE
8
water
10
284850.0
20
134200.0
30
0
11
284909.4
21
134200.0
31
0
0
LINE
8
water
10
284909.4
20
134200.0
30
0
11
284850.0
21
134200.0
31
0
0
LINE
8
water
10
284850.0
20
133000.0
30
0
11
284909.4
21
133000.0
31
0
0
LINE
8
water
10
284909.4
20
133000.0
30
0
11
284850.0
21
133000.0
31
0
0
LINE
8
water
10
284850.0
20
126500.0
30
0
11
284909.4
21
126500.0
31
0
0
LINE
8
water
10
284909.4
20
126500.0
30
0
11
284850.0
21
126500.0
31
0
0
LINE
8
water
10
284425.0
20
132675.0
30
0
11
284425.0
21
133325.0
31
0
0
LINE
8
water
10
285275.0
20
132675.0
30
0
11
285275.0
21
133325.0
31
0
0
LINE
8
water
10
284425.0
20
132675.0
30
0
11
285275.0
21
132675.0
31
0
0
LINE
8
water
10
284425.0
20
133325.0
30
0
11
285275.0
21
133325.0
31
0
0
LINE
8
water
10
285070.0
20
133000.0
30
0
11
284987.17
21
133172.0
31
0
0
LINE
8
water
10
284987.17
20
133172.0
30
0
11
284801.05
21
133214.48
31
0
0
LINE
8
water
10
284801.05
20
133214.48
30
0
11
284651.79
21
133095.45
31
0
0
LINE
8
water
10
284651.79
20
133095.45
30
0
11
284651.79
21
132904.55
31
0
0
LINE
8
water
10
284651.79
20
132904.55
30
0
11
284801.05
21
132785.52
31
0
0
LINE
8
water
10
284801.05
20
132785.52
30
0
11
284987.17
21
132828.0
31
0
0
LINE
8
water
10
284987.17
20
132828.0
30
0
11
285070.0
21
133000.0
31
0
0
LINE
8
water
10
283405.0
20
122900.0
30
0
11
283405.0
21
122825.0
31
0
0
LINE
8
water
10
283405.0
20
122825.0
30
0
11
283405.0
21
122900.0
31
0
0
LINE
8
water
10
283405.0
20
122900.0
30
0
11
283405.0
21
122975.0
31
0
0
LINE
8
water
10
283405.0
20
122975.0
30
0
11
283405.0
21
122900.0
31
0
0
LINE
8
water
10
283005.0
20
122900.0
30
0
11
283405.0
21
122900.0
31
0
0
LINE
8
water
10
283005.0
20
122900.0
30
0
11
283005.0
21
122825.0
31
0
0
LINE
8
water
10
283005.0
20
122825.0
30
0
11
283005.0
21
122900.0
31
0
0
LINE
8
water
10
283005.0
20
122900.0
30
0
11
283005.0
21
122975.0
31
0
0
LINE
8
water
10
283005.0
20
122975.0
30
0
11
283005.0
21
122900.0
31
0
0
LINE
8
water
10
283295.0
20
122900.0
30
0
11
283232.81
21
122985.6
31
0
0
LINE
8
water
10
283232.81
20
122985.6
30
0
11
283132.19
21
122952.9
31
0
0
LINE
8
water
10
283132.19
20
122952.9
30
0
11
283132.19
21
122847.1
31
0
0
LINE
8
water
10
283132.19
20
122847.1
30
0
11
283232.81
21
122814.4
31
0
0
LINE
8
water
10
283232.81
20
122814.4
30
0
11
283295.0
21
122900.0
31
0
0
LINE
8
water
10
283015.0
20
122875.0
30
0
11
283015.0
21
122925.0
31
0
0
LINE
8
water
10
283395.0
20
122875.0
30
0
11
283395.0
21
122925.0
31
0
0
LINE
8
water
10
283015.0
20
122875.0
30
0
11
283395.0
21
122875.0
31
0
0
LINE
8
water
10
283015.0
20
122925.0
30
0
11
283395.0
21
122925.0
31
0
0
LINE
8
water
10
283080.0
20
122900.0
30
0
11
283080.0
21
122795.38
31
0
0
LINE
8
water
10
283080.0
20
122795.38
30
0
11
283080.0
21
122835.34
31
0
0
LINE
8
water
10
283080.0
20
122835.34
30
0
11
283080.0
21
122964.66
31
0
0
LINE
8
water
10
283080.0
20
122964.66
30
0
11
283080.0
21
123004.62
31
0
0
LINE
8
water
10
283080.0
20
123004.62
30
0
11
283080.0
21
122900.0
31
0
0
LINE
8
water
10
283055.0
20
122900.0
30
0
11
283080.0
21
122900.0
31
0
0
LINE
8
water
10
283055.0
20
122900.0
30
0
11
283055.0
21
122795.38
31
0
0
LINE
8
water
10
283055.0
20
122795.38
30
0
11
283055.0
21
122835.34
31
0
0
LINE
8
water
10
283055.0
20
122835.34
30
0
11
283055.0
21
122964.66
31
0
0
LINE
8
water
10
283055.0
20
122964.66
30
0
11
283055.0
21
123004.62
31
0
0
LINE
8
water
10
283055.0
20
123004.62
30
0
11
283055.0
21
122900.0
31
0
0
LINE
8
water
10
283380.0
20
122900.0
30
0
11
283380.0
21
122795.38
31
0
0
LINE
8
water
10
283380.0
20
122795.38
30
0
11
283380.0
21
122835.34
31
0
0
LINE
8
water
10
283380.0
20
122835.34
30
0
11
283380.0
21
122964.66
31
0
0
LINE
8
water
10
283380.0
20
122964.66
30
0
11
283380.0
21
123004.62
31
0
0
LINE
8
water
10
283380.0
20
123004.62
30
0
11
283380.0
21
122900.0
31
0
0
LINE
8
water
10
283355.0
20
122900.0
30
0
11
283380.0
21
122900.0
31
0
0
LINE
8
water
10
283355.0
20
122900.0
30
0
11
283355.0
21
122795.38
31
0
0
LINE
8
water
10
283355.0
20
122795.38
30
0
11
283355.0
21
122835.34
31
0
0
LINE
8
water
10
283355.0
20
122835.34
30
0
11
283355.0
21
122964.66
31
0
0
LINE
8
water
10
283355.0
20
122964.66
30
0
11
283355.0
21
123004.62
31
0
0
LINE
8
water
10
283355.0
20
123004.62
30
0
11
283355.0
21
122900.0
31
0
0
LINE
8
water
10
282500.0
20
122900.0
30
0
11
282530.31
21
122900.0
31
0
0
LINE
8
water
10
282530.31
20
122900.0
30
0
11
282469.69
21
122900.0
31
0
0
LINE
8
water
10
282469.69
20
122900.0
30
0
11
282500.0
21
122900.0
31
0
0
LINE
8
water
10
282500.0
20
124000.0
30
0
11
282500.0
21
122900.0
31
0
0
LINE
8
water
10
282500.0
20
124000.0
30
0
11
282530.31
21
124000.0
31
0
0
LINE
8
water
10
282530.31
20
124000.0
30
0
11
282469.69
21
124000.0
31
0
0
LINE
8
water
10
282469.69
20
124000.0
30
0
11
282500.0
21
124000.0
31
0
0
LINE
8
water
10
284850.0
20
122900.0
30
0
11
284850.0
21
122869.69
31
0
0
LINE
8
water
10
284850.0
20
122869.69
30
0
11
284850.0
21
122930.31
31
0
0
LINE
8
water
10
284850.0
20
122930.31
30
0
11
284850.0
21
122900.0
31
0
0
LINE
8
water
10
282500.0
20
122900.0
30
0
11
284850.0
21
122900.0
31
0
0
LINE
8
water
10
282500.0
20
122900.0
30
0
11
282500.0
21
122869.69
31
0
0
LINE
8
water
10
282500.0
20
122869.69
30
0
11
282500.0
21
122930.31
31
0
0
LINE
8
water
10
282500.0
20
122930.31
30
0
11
282500.0
21
122900.0
31
0
0
LINE
8
water
10
284850.0
20
134430.0
30
0
11
284880.31
21
134430.0
31
0
0
LINE
8
water
10
284880.31
20
134430.0
30
0
11
284819.69
21
134430.0
31
0
0
LINE
8
water
10
284819.69
20
134430.0
30
0
11
284850.0
21
134430.0
31
0
0
LINE
8
water
10
284850.0
20
122900.0
30
0
11
284850.0
21
134430.0
31
0
0
LINE
8
water
10
284850.0
20
122900.0
30
0
11
284880.31
21
122900.0
31
0
0
LINE
8
water
10
284880.31
20
122900.0
30
0
11
284819.69
21
122900.0
31
0
0
LINE
8
water
10
284819.69
20
122900.0
30
0
11
284850.0
21
122900.0
31
0
0
LINE
8
water
10
284815.0
20
134430.0
30
0
11
284867.5
21
134460.31
31
0
0
LINE
8
water
10
284867.5
20
134460.31
30
0
11
284867.5
21
134399.69
31
0
0
LINE
8
water
10
284867.5
20
134399.69
30
0
11
284815.0
21
134430.0
31
0
0
LINE
8
water
10
282500.0
20
122900.0
30
0
11
282537.8
21
122900.0
31
0
0
LINE
8
water
10
282537.8
20
122900.0
30
0
11
282500.0
21
122900.0
31
0
0
LINE
8
water
10
284850.0
20
122900.0
30
0
11
284887.8
21
122900.0
31
0
0
LINE
8
water
10
284887.8
20
122900.0
30
0
11
284850.0
21
122900.0
31
0
0
LINE
8
water
10
284850.0
20
134430.0
30
0
11
284887.8
21
134430.0
31
0
0
LINE
8
water
10
284887.8
20
134430.0
30
0
11
284850.0
21
134430.0
31
0
0
LINE
8
water
10
283614.0
20
122900.0
30
0
11
283614.0
21
122825.0
31
0
0
LINE
8
water
10
283614.0
20
122825.0
30
0
11
283614.0
21
122900.0
31
0
0
LINE
8
water
10
283614.0
20
122900.0
30
0
11
283614.0
21
122975.0
31
0
0
LINE
8
water
10
283614.0
20
122975.0
30
0
11
283614.0
21
122900.0
31
0
0
LINE
8
water
10
283214.0
20
122900.0
30
0
11
283614.0
21
122900.0
31
0
0
LINE
8
water
10
283214.0
20
122900.0
30
0
11
283214.0
21
122825.0
31
0
0
LINE
8
water
10
283214.0
20
122825.0
30
0
11
283214.0
21
122900.0
31
0
0
LINE
8
water
10
283214.0
20
122900.0
30
0
11
283214.0
21
122975.0
31
0
0
LINE
8
water
10
283214.0
20
122975.0
30
0
11
283214.0
21
122900.0
31
0
0
LINE
8
water
10
283504.0
20
122900.0
30
0
11
283441.81
21
122985.6
31
0
0
LINE
8
water
10
283441.81
20
122985.6
30
0
11
283341.19
21
122952.9
31
0
0
LINE
8
water
10
283341.19
20
122952.9
30
0
11
283341.19
21
122847.1
31
0
0
LINE
8
water
10
283341.19
20
122847.1
30
0
11
283441.81
21
122814.4
31
0
0
LINE
8
water
10
283441.81
20
122814.4
30
0
11
283504.0
21
122900.0
31
0
0
LINE
8
water
10
283224.0
20
122875.0
30
0
11
283224.0
21
122925.0
31
0
0
LINE
8
water
10
283604.0
20
122875.0
30
0
11
283604.0
21
122925.0
31
0
0
LINE
8
water
10
283224.0
20
122875.0
30
0
11
283604.0
21
122875.0
31
0
0
LINE
8
water
10
283224.0
20
122925.0
30
0
11
283604.0
21
122925.0
31
0
0
LINE
8
water
10
283289.0
20
122900.0
30
0
11
283289.0
21
122795.38
31
0
0
LINE
8
water
10
283289.0
20
122795.38
30
0
11
283289.0
21
122835.34
31
0
0
LINE
8
water
10
283289.0
20
122835.34
30
0
11
283289.0
21
122964.66
31
0
0
LINE
8
water
10
283289.0
20
122964.66
30
0
11
283289.0
21
123004.62
31
0
0
LINE
8
water
10
283289.0
20
123004.62
30
0
11
283289.0
21
122900.0
31
0
0
LINE
8
water
10
283264.0
20
122900.0
30
0
11
283289.0
21
122900.0
31
0
0
LINE
8
water
10
283264.0
20
122900.0
30
0
11
283264.0
21
122795.38
31
0
0
LINE
8
water
10
283264.0
20
122795.38
30
0
11
283264.0
21
122835.34
31
0
0
LINE
8
water
10
283264.0
20
122835.34
30
0
11
283264.0
21
122964.66
31
0
0
LINE
8
water
10
283264.0
20
122964.66
30
0
11
283264.0
21
123004.62
31
0
0
LINE
8
water
10
283264.0
20
123004.62
30
0
11
283264.0
21
122900.0
31
0
0
LINE
8
water
10
283589.0
20
122900.0
30
0
11
283589.0
21
122795.38
31
0
0
LINE
8
water
10
283589.0
20
122795.38
30
0
11
283589.0
21
122835.34
31
0
0
LINE
8
water
10
283589.0
20
122835.34
30
0
11
283589.0
21
122964.66
31
0
0
LINE
8
water
10
283589.0
20
122964.66
30
0
11
283589.0
21
123004.62
31
0
0
LINE
8
water
10
283589.0
20
123004.62
30
0
11
283589.0
21
122900.0
31
0
0
LINE
8
water
10
283564.0
20
122900.0
30
0
11
283589.0
21
122900.0
31
0
0
LINE
8
water
10
283564.0
20
122900.0
30
0
11
283564.0
21
122795.38
31
0
0
LINE
8
water
10
283564.0
20
122795.38
30
0
11
283564.0
21
122835.34
31
0
0
LINE
8
water
10
283564.0
20
122835.34
30
0
11
283564.0
21
122964.66
31
0
0
LINE
8
water
10
283564.0
20
122964.66
30
0
11
283564.0
21
123004.62
31
0
0
LINE
8
water
10
283564.0
20
123004.62
30
0
11
283564.0
21
122900.0
31
0
0
LINE
8
water
10
282850.0
20
122900.0
30
0
11
282880.31
21
122900.0
31
0
0
LINE
8
water
10
282880.31
20
122900.0
30
0
11
282819.69
21
122900.0
31
0
0
LINE
8
water
10
282819.69
20
122900.0
30
0
11
282850.0
21
122900.0
31
0
0
LINE
8
water
10
282850.0
20
125000.0
30
0
11
282850.0
21
122900.0
31
0
0
LINE
8
water
10
282850.0
20
125000.0
30
0
11
282880.31
21
125000.0
31
0
0
LINE
8
water
10
282880.31
20
125000.0
30
0
11
282819.69
21
125000.0
31
0
0
LINE
8
water
10
282819.69
20
125000.0
30
0
11
282850.0
21
125000.0
31
0
0
LINE
8
water
10
284730.0
20
122900.0
30
0
11
284730.0
21
122869.69
31
0
0
LINE
8
water
10
284730.0
20
122869.69
30
0
11
284730.0
21
122930.31
31
0
0
LINE
8
water
10
284730.0
20
122930.31
30
0
11
284730.0
21
122900.0
31
0
0
LINE
8
water
10
282850.0
20
122900.0
30
0
11
284730.0
21
122900.0
31
0
0
LINE
8
water
10
282850.0
20
122900.0
30
0
11
282850.0
21
122869.69
31
0
0
LINE
8
water
10
282850.0
20
122869.69
30
0
11
282850.0
21
122930.31
31
0
0
LINE
8
water
10
282850.0
20
122930.31
30
0
11
282850.0
21
122900.0
31
0
0
LINE
8
water
10
284730.0
20
134430.0
30
0
11
284760.31
21
134430.0
31
0
0
LINE
8
water
10
284760.31
20
134430.0
30
0
11
284699.69
21
134430.0
31
0
0
LINE
8
water
10
284699.69
20
134430.0
30
0
11
284730.0
21
134430.0
31
0
0
LINE
8
water
10
284730.0
20
122900.0
30
0
11
284730.0
21
134430.0
31
0
0
LINE
8
water
10
284730.0
20
122900.0
30
0
11
284760.31
21
122900.0
31
0
0
LINE
8
water
10
284760.31
20
122900.0
30
0
11
284699.69
21
122900.0
31
0
0
LINE
8
water
10
284699.69
20
122900.0
30
0
11
284730.0
21
122900.0
31
0
0
LINE
8
water
10
284695.0
20
134430.0
30
0
11
284747.5
21
134460.31
31
0
0
LINE
8
water
10
284747.5
20
134460.31
30
0
11
284747.5
21
134399.69
31
0
0
LINE
8
water
10
284747.5
20
134399.69
30
0
11
284695.0
21
134430.0
31
0
0
LINE
8
water
10
282850.0
20
122900.0
30
0
11
282887.8
21
122900.0
31
0
0
LINE
8
water
10
282887.8
20
122900.0
30
0
11
282850.0
21
122900.0
31
0
0
LINE
8
water
10
284730.0
20
122900.0
30
0
11
284767.8
21
122900.0
31
0
0
LINE
8
water
10
284767.8
20
122900.0
30
0
11
284730.0
21
122900.0
31
0
0
LINE
8
water
10
284730.0
20
134430.0
30
0
11
284767.8
21
134430.0
31
0
0
LINE
8
water
10
284767.8
20
134430.0
30
0
11
284730.0
21
134430.0
31
0
0
LINE
8
sensors
10
276940.0
20
126380.0
30
0
11
276940.0
21
126540.0
31
0
0
LINE
8
sensors
10
277040.0
20
126380.0
30
0
11
277040.0
21
126540.0
31
0
0
LINE
8
sensors
10
276940.0
20
126380.0
30
0
11
277040.0
21
126380.0
31
0
0
LINE
8
sensors
10
276940.0
20
126540.0
30
0
11
277040.0
21
126540.0
31
0
0
LINE
8
sensors
10
277045.0
20
126405.0
30
0
11
277045.0
21
126515.0
31
0
0
LINE
8
sensors
10
277065.0
20
126405.0
30
0
11
277065.0
21
126515.0
31
0
0
LINE
8
sensors
10
277045.0
20
126405.0
30
0
11
277065.0
21
126405.0
31
0
0
LINE
8
sensors
10
277045.0
20
126515.0
30
0
11
277065.0
21
126515.0
31
0
0
LINE
8
sensors
10
276940.0
20
126680.0
30
0
11
276940.0
21
126840.0
31
0
0
LINE
8
sensors
10
277040.0
20
126680.0
30
0
11
277040.0
21
126840.0
31
0
0
LINE
8
sensors
10
276940.0
20
126680.0
30
0
11
277040.0
21
126680.0
31
0
0
LINE
8
sensors
10
276940.0
20
126840.0
30
0
11
277040.0
21
126840.0
31
0
0
LINE
8
sensors
10
277045.0
20
126705.0
30
0
11
277045.0
21
126815.0
31
0
0
LINE
8
sensors
10
277065.0
20
126705.0
30
0
11
277065.0
21
126815.0
31
0
0
LINE
8
sensors
10
277045.0
20
126705.0
30
0
11
277065.0
21
126705.0
31
0
0
LINE
8
sensors
10
277045.0
20
126815.0
30
0
11
277065.0
21
126815.0
31
0
0
LINE
8
sensors
10
276940.0
20
126980.0
30
0
11
276940.0
21
127140.0
31
0
0
LINE
8
sensors
10
277040.0
20
126980.0
30
0
11
277040.0
21
127140.0
31
0
0
LINE
8
sensors
10
276940.0
20
126980.0
30
0
11
277040.0
21
126980.0
31
0
0
LINE
8
sensors
10
276940.0
20
127140.0
30
0
11
277040.0
21
127140.0
31
0
0
LINE
8
sensors
10
277045.0
20
127005.0
30
0
11
277045.0
21
127115.0
31
0
0
LINE
8
sensors
10
277065.0
20
127005.0
30
0
11
277065.0
21
127115.0
31
0
0
LINE
8
sensors
10
277045.0
20
127005.0
30
0
11
277065.0
21
127005.0
31
0
0
LINE
8
sensors
10
277045.0
20
127115.0
30
0
11
277065.0
21
127115.0
31
0
0
LINE
8
sensors
10
281480.0
20
131500.0
30
0
11
281400.0
21
131580.0
31
0
0
LINE
8
sensors
10
281400.0
20
131580.0
30
0
11
281320.0
21
131500.0
31
0
0
LINE
8
sensors
10
281320.0
20
131500.0
30
0
11
281400.0
21
131420.0
31
0
0
LINE
8
sensors
10
281400.0
20
131420.0
30
0
11
281480.0
21
131500.0
31
0
0
LINE
8
sensors
10
281400.0
20
131500.0
30
0
11
281465.0
21
131500.0
31
0
0
LINE
8
sensors
10
281465.0
20
131500.0
30
0
11
281400.0
21
131500.0
31
0
0
LINE
8
sensors
10
276940.0
20
127580.0
30
0
11
276940.0
21
127740.0
31
0
0
LINE
8
sensors
10
277040.0
20
127580.0
30
0
11
277040.0
21
127740.0
31
0
0
LINE
8
sensors
10
276940.0
20
127580.0
30
0
11
277040.0
21
127580.0
31
0
0
LINE
8
sensors
10
276940.0
20
127740.0
30
0
11
277040.0
21
127740.0
31
0
0
LINE
8
sensors
10
277045.0
20
127605.0
30
0
11
277045.0
21
127715.0
31
0
0
LINE
8
sensors
10
277065.0
20
127605.0
30
0
11
277065.0
21
127715.0
31
0
0
LINE
8
sensors
10
277045.0
20
127605.0
30
0
11
277065.0
21
127605.0
31
0
0
LINE
8
sensors
10
277045.0
20
127715.0
30
0
11
277065.0
21
127715.0
31
0
0
LINE
8
sensors
10
284137.5
20
122900.0
30
0
11
284137.5
21
122825.0
31
0
0
LINE
8
sensors
10
284137.5
20
122825.0
30
0
11
284137.5
21
122900.0
31
0
0
LINE
8
sensors
10
284137.5
20
122900.0
30
0
11
284137.5
21
122975.0
31
0
0
LINE
8
sensors
10
284137.5
20
122975.0
30
0
11
284137.5
21
122900.0
31
0
0
LINE
8
sensors
10
283917.5
20
122900.0
30
0
11
284137.5
21
122900.0
31
0
0
LINE
8
sensors
10
283917.5
20
122900.0
30
0
11
283917.5
21
122825.0
31
0
0
LINE
8
sensors
10
283917.5
20
122825.0
30
0
11
283917.5
21
122900.0
31
0
0
LINE
8
sensors
10
283917.5
20
122900.0
30
0
11
283917.5
21
122975.0
31
0
0
LINE
8
sensors
10
283917.5
20
122975.0
30
0
11
283917.5
21
122900.0
31
0
0
LINE
8
sensors
10
283947.5
20
122830.0
30
0
11
283947.5
21
122970.0
31
0
0
LINE
8
sensors
10
284107.5
20
122830.0
30
0
11
284107.5
21
122970.0
31
0
0
LINE
8
sensors
10
283947.5
20
122830.0
30
0
11
284107.5
21
122830.0
31
0
0
LINE
8
sensors
10
283947.5
20
122970.0
30
0
11
284107.5
21
122970.0
31
0
0
LINE
8
sensors
10
284182.0
20
122900.0
30
0
11
284182.0
21
122825.0
31
0
0
LINE
8
sensors
10
284182.0
20
122825.0
30
0
11
284182.0
21
122900.0
31
0
0
LINE
8
sensors
10
284182.0
20
122900.0
30
0
11
284182.0
21
122975.0
31
0
0
LINE
8
sensors
10
284182.0
20
122975.0
30
0
11
284182.0
21
122900.0
31
0
0
LINE
8
sensors
10
283962.0
20
122900.0
30
0
11
284182.0
21
122900.0
31
0
0
LINE
8
sensors
10
283962.0
20
122900.0
30
0
11
283962.0
21
122825.0
31
0
0
LINE
8
sensors
10
283962.0
20
122825.0
30
0
11
283962.0
21
122900.0
31
0
0
LINE
8
sensors
10
283962.0
20
122900.0
30
0
11
283962.0
21
122975.0
31
0
0
LINE
8
sensors
10
283962.0
20
122975.0
30
0
11
283962.0
21
122900.0
31
0
0
LINE
8
sensors
10
283992.0
20
122830.0
30
0
11
283992.0
21
122970.0
31
0
0
LINE
8
sensors
10
284152.0
20
122830.0
30
0
11
284152.0
21
122970.0
31
0
0
LINE
8
sensors
10
283992.0
20
122830.0
30
0
11
284152.0
21
122830.0
31
0
0
LINE
8
sensors
10
283992.0
20
122970.0
30
0
11
284152.0
21
122970.0
31
0
0
LINE
8
interiors
10
276900.0
20
143600.0
30
0
11
276900.0
21
149400.0
31
0
0
LINE
8
interiors
10
276900.0
20
143600.0
30
0
11
280200.0
21
143600.0
31
0
0
LINE
8
interiors
10
280200.0
20
143600.0
30
0
11
282600.0
21
143600.0
31
0
0
LINE
8
interiors
10
282600.0
20
143600.0
30
0
11
285900.0
21
143600.0
31
0
0
LINE
8
interiors
10
276900.0
20
143600.0
30
0
11
285900.0
21
143600.0
31
0
0
LINE
8
interiors
10
276900.0
20
149400.0
30
0
11
285900.0
21
149400.0
31
0
0
LINE
8
interiors
10
285900.0
20
143600.0
30
0
11
285900.0
21
149400.0
31
0
0
LINE
8
interiors
10
285780.0
20
143720.0
30
0
11
277020.0
21
143720.0
31
0
0
LINE
8
interiors
10
285780.0
20
143720.0
30
0
11
285780.0
21
149280.0
31
0
0
LINE
8
interiors
10
285780.0
20
149280.0
30
0
11
277020.0
21
149280.0
31
0
0
LINE
8
interiors
10
277020.0
20
143720.0
30
0
11
277020.0
21
149280.0
31
0
0
LINE
8
interiors
10
279060.0
20
149400.0
30
0
11
283740.0
21
149400.0
31
0
0
LINE
8
interiors
10
282600.0
20
143600.0
30
0
11
282600.0
21
143720.0
31
0
0
LINE
8
interiors
10
285780.0
20
143720.0
30
0
11
282600.0
21
143720.0
31
0
0
LINE
8
interiors
10
280200.0
20
143720.0
30
0
11
277020.0
21
143720.0
31
0
0
LINE
8
interiors
10
280200.0
20
143600.0
30
0
11
280200.0
21
143720.0
31
0
0
LINE
8
interiors
10
280200.0
20
143720.0
30
0
11
282600.0
21
143720.0
31
0
0
LINE
8
interiors
10
279060.0
20
149280.0
30
0
11
283740.0
21
149280.0
31
0
0
LINE
8
interiors
10
279060.0
20
149280.0
30
0
11
279060.0
21
149400.0
31
0
0
LINE
8
interiors
10
283740.0
20
149280.0
30
0
11
283740.0
21
149400.0
31
0
0
LINE
8
interiors
10
279060.0
20
149377.5
30
0
11
279060.0
21
149422.5
31
0
0
LINE
8
interiors
10
283740.0
20
149377.5
30
0
11
283740.0
21
149422.5
31
0
0
LINE
8
interiors
10
279060.0
20
149377.5
30
0
11
283740.0
21
149377.5
31
0
0
LINE
8
interiors
10
279060.0
20
149422.5
30
0
11
283740.0
21
149422.5
31
0
0
LINE
8
interiors
10
277025.0
20
143725.0
30
0
11
277025.0
21
149275.0
31
0
0
LINE
8
interiors
10
285775.0
20
143725.0
30
0
11
285775.0
21
149275.0
31
0
0
LINE
8
interiors
10
277025.0
20
143725.0
30
0
11
285775.0
21
143725.0
31
0
0
LINE
8
interiors
10
277025.0
20
149275.0
30
0
11
285775.0
21
149275.0
31
0
0
LINE
8
interiors
10
280245.0
20
143480.0
30
0
11
280245.0
21
143720.0
31
0
0
LINE
8
interiors
10
280315.0
20
143480.0
30
0
11
280315.0
21
143720.0
31
0
0
LINE
8
interiors
10
280245.0
20
143480.0
30
0
11
280315.0
21
143480.0
31
0
0
LINE
8
interiors
10
280245.0
20
143720.0
30
0
11
280315.0
21
143720.0
31
0
0
LINE
8
interiors
10
282485.0
20
143480.0
30
0
11
282485.0
21
143720.0
31
0
0
LINE
8
interiors
10
282555.0
20
143480.0
30
0
11
282555.0
21
143720.0
31
0
0
LINE
8
interiors
10
282485.0
20
143480.0
30
0
11
282555.0
21
143480.0
31
0
0
LINE
8
interiors
10
282485.0
20
143720.0
30
0
11
282555.0
21
143720.0
31
0
0
LINE
8
interiors
10
280250.0
20
143480.0
30
0
11
280250.0
21
143720.0
31
0
0
LINE
8
interiors
10
282550.0
20
143480.0
30
0
11
282550.0
21
143720.0
31
0
0
LINE
8
interiors
10
280250.0
20
143480.0
30
0
11
282550.0
21
143480.0
31
0
0
LINE
8
interiors
10
280250.0
20
143720.0
30
0
11
282550.0
21
143720.0
31
0
0
LINE
8
interiors
10
280330.39
20
143690.49
30
0
11
280289.61
21
143709.51
31
0
0
LINE
8
interiors
10
280786.82
20
144669.3
30
0
11
280746.04
21
144688.32
31
0
0
LINE
8
interiors
10
280330.39
20
143690.49
30
0
11
280786.82
21
144669.3
31
0
0
LINE
8
interiors
10
280289.61
20
143709.51
30
0
11
280746.04
21
144688.32
31
0
0
LINE
8
interiors
10
278200.0
20
144956.0
30
0
11
278200.0
21
145956.0
31
0
0
LINE
8
interiors
10
281000.0
20
144956.0
30
0
11
281000.0
21
145956.0
31
0
0
LINE
8
interiors
10
278200.0
20
144956.0
30
0
11
281000.0
21
144956.0
31
0
0
LINE
8
interiors
10
278200.0
20
145956.0
30
0
11
281000.0
21
145956.0
31
0
0
LINE
8
interiors
10
278265.0
20
145021.0
30
0
11
278265.0
21
145091.0
31
0
0
LINE
8
interiors
10
278335.0
20
145021.0
30
0
11
278335.0
21
145091.0
31
0
0
LINE
8
interiors
10
278265.0
20
145021.0
30
0
11
278335.0
21
145021.0
31
0
0
LINE
8
interiors
10
278265.0
20
145091.0
30
0
11
278335.0
21
145091.0
31
0
0
LINE
8
interiors
10
278265.0
20
145821.0
30
0
11
278265.0
21
145891.0
31
0
0
LINE
8
interiors
10
278335.0
20
145821.0
30
0
11
278335.0
21
145891.0
31
0
0
LINE
8
interiors
10
278265.0
20
145821.0
30
0
11
278335.0
21
145821.0
31
0
0
LINE
8
interiors
10
278265.0
20
145891.0
30
0
11
278335.0
21
145891.0
31
0
0
LINE
8
interiors
10
280865.0
20
145021.0
30
0
11
280865.0
21
145091.0
31
0
0
LINE
8
interiors
10
280935.0
20
145021.0
30
0
11
280935.0
21
145091.0
31
0
0
LINE
8
interiors
10
280865.0
20
145021.0
30
0
11
280935.0
21
145021.0
31
0
0
LINE
8
interiors
10
280865.0
20
145091.0
30
0
11
280935.0
21
145091.0
31
0
0
LINE
8
interiors
10
280865.0
20
145821.0
30
0
11
280865.0
21
145891.0
31
0
0
LINE
8
interiors
10
280935.0
20
145821.0
30
0
11
280935.0
21
145891.0
31
0
0
LINE
8
interiors
10
280865.0
20
145821.0
30
0
11
280935.0
21
145821.0
31
0
0
LINE
8
interiors
10
280865.0
20
145891.0
30
0
11
280935.0
21
145891.0
31
0
0
LINE
8
interiors
10
278150.0
20
147600.0
30
0
11
278150.0
21
148300.0
31
0
0
LINE
8
interiors
10
280150.0
20
147600.0
30
0
11
280150.0
21
148300.0
31
0
0
LINE
8
interiors
10
278150.0
20
147600.0
30
0
11
280150.0
21
147600.0
31
0
0
LINE
8
interiors
10
278150.0
20
148300.0
30
0
11
280150.0
21
148300.0
31
0
0
LINE
8
interiors
10
278250.0
20
147577.5
30
0
11
278250.0
21
147602.5
31
0
0
LINE
8
interiors
10
280050.0
20
147577.5
30
0
11
280050.0
21
147602.5
31
0
0
LINE
8
interiors
10
278250.0
20
147577.5
30
0
11
280050.0
21
147577.5
31
0
0
LINE
8
interiors
10
278250.0
20
147602.5
30
0
11
280050.0
21
147602.5
31
0
0
LINE
8
electrical
10
285175.0
20
143675.0
30
0
11
285175.0
21
143925.0
31
0
0
LINE
8
electrical
10
285725.0
20
143675.0
30
0
11
285725.0
21
143925.0
31
0
0
LINE
8
electrical
10
285175.0
20
143675.0
30
0
11
285725.0
21
143675.0
31
0
0
LINE
8
electrical
10
285175.0
20
143925.0
30
0
11
285725.0
21
143925.0
31
0
0
LINE
8
electrical
10
285215.0
20
143647.5
30
0
11
285215.0
21
143682.5
31
0
0
LINE
8
electrical
10
285685.0
20
143647.5
30
0
11
285685.0
21
143682.5
31
0
0
LINE
8
electrical
10
285215.0
20
143647.5
30
0
11
285685.0
21
143647.5
31
0
0
LINE
8
electrical
10
285215.0
20
143682.5
30
0
11
285685.0
21
143682.5
31
0
0
LINE
8
electrical
10
285262.5
20
143610.0
30
0
11
285262.5
21
143650.0
31
0
0
LINE
8
electrical
10
285362.5
20
143610.0
30
0
11
285362.5
21
143650.0
31
0
0
LINE
8
electrical
10
285262.5
20
143610.0
30
0
11
285362.5
21
143610.0
31
0
0
LINE
8
electrical
10
285262.5
20
143650.0
30
0
11
285362.5
21
143650.0
31
0
0
LINE
8
electrical
10
285400.0
20
143610.0
30
0
11
285400.0
21
143650.0
31
0
0
LINE
8
electrical
10
285500.0
20
143610.0
30
0
11
285500.0
21
143650.0
31
0
0
LINE
8
electrical
10
285400.0
20
143610.0
30
0
11
285500.0
21
143610.0
31
0
0
LINE
8
electrical
10
285400.0
20
143650.0
30
0
11
285500.0
21
143650.0
31
0
0
LINE
8
electrical
10
285537.5
20
143610.0
30
0
11
285537.5
21
143650.0
31
0
0
LINE
8
electrical
10
285637.5
20
143610.0
30
0
11
285637.5
21
143650.0
31
0
0
LINE
8
electrical
10
285537.5
20
143610.0
30
0
11
285637.5
21
143610.0
31
0
0
LINE
8
electrical
10
285537.5
20
143650.0
30
0
11
285637.5
21
143650.0
31
0
0
LINE
8
electrical
10
285312.5
20
143595.0
30
0
11
285335.88
21
143595.0
31
0
0
LINE
8
electrical
10
285335.88
20
143595.0
30
0
11
285289.12
21
143595.0
31
0
0
LINE
8
electrical
10
285289.12
20
143595.0
30
0
11
285312.5
21
143595.0
31
0
0
LINE
8
electrical
10
285312.5
20
143620.0
30
0
11
285312.5
21
143595.0
31
0
0
LINE
8
electrical
10
285312.5
20
143620.0
30
0
11
285335.88
21
143620.0
31
0
0
LINE
8
electrical
10
285335.88
20
143620.0
30
0
11
285289.12
21
143620.0
31
0
0
LINE
8
electrical
10
285289.12
20
143620.0
30
0
11
285312.5
21
143620.0
31
0
0
LINE
8
electrical
10
285450.0
20
143595.0
30
0
11
285473.38
21
143595.0
31
0
0
LINE
8
electrical
10
285473.38
20
143595.0
30
0
11
285426.62
21
143595.0
31
0
0
LINE
8
electrical
10
285426.62
20
143595.0
30
0
11
285450.0
21
143595.0
31
0
0
LINE
8
electrical
10
285450.0
20
143620.0
30
0
11
285450.0
21
143595.0
31
0
0
LINE
8
electrical
10
285450.0
20
143620.0
30
0
11
285473.38
21
143620.0
31
0
0
LINE
8
electrical
10
285473.38
20
143620.0
30
0
11
285426.62
21
143620.0
31
0
0
LINE
8
electrical
10
285426.62
20
143620.0
30
0
11
285450.0
21
143620.0
31
0
0
LINE
8
electrical
10
285587.5
20
143595.0
30
0
11
285610.88
21
143595.0
31
0
0
LINE
8
electrical
10
285610.88
20
143595.0
30
0
11
285564.12
21
143595.0
31
0
0
LINE
8
electrical
10
285564.12
20
143595.0
30
0
11
285587.5
21
143595.0
31
0
0
LINE
8
electrical
10
285587.5
20
143620.0
30
0
11
285587.5
21
143595.0
31
0
0
LINE
8
electrical
10
285587.5
20
143620.0
30
0
11
285610.88
21
143620.0
31
0
0
LINE
8
electrical
10
285610.88
20
143620.0
30
0
11
285564.12
21
143620.0
31
0
0
LINE
8
electrical
10
285564.12
20
143620.0
30
0
11
285587.5
21
143620.0
31
0
0
LINE
8
electrical
10
285450.0
20
143800.0
30
0
11
285465.59
21
143800.0
31
0
0
LINE
8
electrical
10
285465.59
20
143800.0
30
0
11
285434.41
21
143800.0
31
0
0
LINE
8
electrical
10
285434.41
20
143800.0
30
0
11
285450.0
21
143800.0
31
0
0
LINE
8
electrical
10
285450.0
20
122200.0
30
0
11
285450.0
21
143800.0
31
0
0
LINE
8
electrical
10
285450.0
20
122200.0
30
0
11
285465.59
21
122200.0
31
0
0
LINE
8
electrical
10
285465.59
20
122200.0
30
0
11
285434.41
21
122200.0
31
0
0
LINE
8
electrical
10
285434.41
20
122200.0
30
0
11
285450.0
21
122200.0
31
0
0
LINE
8
electrical
10
285432.0
20
143800.0
30
0
11
285459.0
21
143815.59
31
0
0
LINE
8
electrical
10
285459.0
20
143815.59
30
0
11
285459.0
21
143784.41
31
0
0
LINE
8
electrical
10
285459.0
20
143784.41
30
0
11
285432.0
21
143800.0
31
0
0
LINE
8
electrical
10
285450.0
20
143800.0
30
0
11
285469.44
21
143800.0
31
0
0
LINE
8
electrical
10
285469.44
20
143800.0
30
0
11
285450.0
21
143800.0
31
0
0
LINE
8
lighting
10
277840.0
20
144208.0
30
0
11
277840.0
21
144848.0
31
0
0
LINE
8
lighting
10
278480.0
20
144208.0
30
0
11
278480.0
21
144848.0
31
0
0
LINE
8
lighting
10
277840.0
20
144208.0
30
0
11
278480.0
21
144208.0
31
0
0
LINE
8
lighting
10
277840.0
20
144848.0
30
0
11
278480.0
21
144848.0
31
0
0
LINE
8
lighting
10
277880.0
20
144248.0
30
0
11
277880.0
21
144808.0
31
0
0
LINE
8
lighting
10
278440.0
20
144248.0
30
0
11
278440.0
21
144808.0
31
0
0
LINE
8
lighting
10
277880.0
20
144248.0
30
0
11
278440.0
21
144248.0
31
0
0
LINE
8
lighting
10
277880.0
20
144808.0
30
0
11
278440.0
21
144808.0
31
0
0
LINE
8
lighting
10
277914.0
20
144258.0
30
0
11
277914.0
21
144798.0
31
0
0
LINE
8
lighting
10
277926.0
20
144258.0
30
0
11
277926.0
21
144798.0
31
0
0
LINE
8
lighting
10
277914.0
20
144258.0
30
0
11
277926.0
21
144258.0
31
0
0
LINE
8
lighting
10
277914.0
20
144798.0
30
0
11
277926.0
21
144798.0
31
0
0
LINE
8
lighting
10
277994.0
20
144258.0
30
0
11
277994.0
21
144798.0
31
0
0
LINE
8
lighting
10
278006.0
20
144258.0
30
0
11
278006.0
21
144798.0
31
0
0
LINE
8
lighting
10
277994.0
20
144258.0
30
0
11
278006.0
21
144258.0
31
0
0
LINE
8
lighting
10
277994.0
20
144798.0
30
0
11
278006.0
21
144798.0
31
0
0
LINE
8
lighting
10
278074.0
20
144258.0
30
0
11
278074.0
21
144798.0
31
0
0
LINE
8
lighting
10
278086.0
20
144258.0
30
0
11
278086.0
21
144798.0
31
0
0
LINE
8
lighting
10
278074.0
20
144258.0
30
0
11
278086.0
21
144258.0
31
0
0
LINE
8
lighting
10
278074.0
20
144798.0
30
0
11
278086.0
21
144798.0
31
0
0
LINE
8
lighting
10
278154.0
20
144258.0
30
0
11
278154.0
21
144798.0
31
0
0
LINE
8
lighting
10
278166.0
20
144258.0
30
0
11
278166.0
21
144798.0
31
0
0
LINE
8
lighting
10
278154.0
20
144258.0
30
0
11
278166.0
21
144258.0
31
0
0
LINE
8
lighting
10
278154.0
20
144798.0
30
0
11
278166.0
21
144798.0
31
0
0
LINE
8
lighting
10
278234.0
20
144258.0
30
0
11
278234.0
21
144798.0
31
0
0
LINE
8
lighting
10
278246.0
20
144258.0
30
0
11
278246.0
21
144798.0
31
0
0
LINE
8
lighting
10
278234.0
20
144258.0
30
0
11
278246.0
21
144258.0
31
0
0
LINE
8
lighting
10
278234.0
20
144798.0
30
0
11
278246.0
21
144798.0
31
0
0
LINE
8
lighting
10
278314.0
20
144258.0
30
0
11
278314.0
21
144798.0
31
0
0
LINE
8
lighting
10
278326.0
20
144258.0
30
0
11
278326.0
21
144798.0
31
0
0
LINE
8
lighting
10
278314.0
20
144258.0
30
0
11
278326.0
21
144258.0
31
0
0
LINE
8
lighting
10
278314.0
20
144798.0
30
0
11
278326.0
21
144798.0
31
0
0
LINE
8
lighting
10
278394.0
20
144258.0
30
0
11
278394.0
21
144798.0
31
0
0
LINE
8
lighting
10
278406.0
20
144258.0
30
0
11
278406.0
21
144798.0
31
0
0
LINE
8
lighting
10
278394.0
20
144258.0
30
0
11
278406.0
21
144258.0
31
0
0
LINE
8
lighting
10
278394.0
20
144798.0
30
0
11
278406.0
21
144798.0
31
0
0
LINE
8
lighting
10
278169.0
20
144528.0
30
0
11
278155.5
21
144535.79
31
0
0
LINE
8
lighting
10
278155.5
20
144535.79
30
0
11
278155.5
21
144520.21
31
0
0
LINE
8
lighting
10
278155.5
20
144520.21
30
0
11
278169.0
21
144528.0
31
0
0
LINE
8
lighting
10
284320.0
20
144208.0
30
0
11
284320.0
21
144848.0
31
0
0
LINE
8
lighting
10
284960.0
20
144208.0
30
0
11
284960.0
21
144848.0
31
0
0
LINE
8
lighting
10
284320.0
20
144208.0
30
0
11
284960.0
21
144208.0
31
0
0
LINE
8
lighting
10
284320.0
20
144848.0
30
0
11
284960.0
21
144848.0
31
0
0
LINE
8
lighting
10
284360.0
20
144248.0
30
0
11
284360.0
21
144808.0
31
0
0
LINE
8
lighting
10
284920.0
20
144248.0
30
0
11
284920.0
21
144808.0
31
0
0
LINE
8
lighting
10
284360.0
20
144248.0
30
0
11
284920.0
21
144248.0
31
0
0
LINE
8
lighting
10
284360.0
20
144808.0
30
0
11
284920.0
21
144808.0
31
0
0
LINE
8
lighting
10
284394.0
20
144258.0
30
0
11
284394.0
21
144798.0
31
0
0
LINE
8
lighting
10
284406.0
20
144258.0
30
0
11
284406.0
21
144798.0
31
0
0
LINE
8
lighting
10
284394.0
20
144258.0
30
0
11
284406.0
21
144258.0
31
0
0
LINE
8
lighting
10
284394.0
20
144798.0
30
0
11
284406.0
21
144798.0
31
0
0
LINE
8
lighting
10
284474.0
20
144258.0
30
0
11
284474.0
21
144798.0
31
0
0
LINE
8
lighting
10
284486.0
20
144258.0
30
0
11
284486.0
21
144798.0
31
0
0
LINE
8
lighting
10
284474.0
20
144258.0
30
0
11
284486.0
21
144258.0
31
0
0
LINE
8
lighting
10
284474.0
20
144798.0
30
0
11
284486.0
21
144798.0
31
0
0
LINE
8
lighting
10
284554.0
20
144258.0
30
0
11
284554.0
21
144798.0
31
0
0
LINE
8
lighting
10
284566.0
20
144258.0
30
0
11
284566.0
21
144798.0
31
0
0
LINE
8
lighting
10
284554.0
20
144258.0
30
0
11
284566.0
21
144258.0
31
0
0
LINE
8
lighting
10
284554.0
20
144798.0
30
0
11
284566.0
21
144798.0
31
0
0
LINE
8
lighting
10
284634.0
20
144258.0
30
0
11
284634.0
21
144798.0
31
0
0
LINE
8
lighting
10
284646.0
20
144258.0
30
0
11
284646.0
21
144798.0
31
0
0
LINE
8
lighting
10
284634.0
20
144258.0
30
0
11
284646.0
21
144258.0
31
0
0
LINE
8
lighting
10
284634.0
20
144798.0
30
0
11
284646.0
21
144798.0
31
0
0
LINE
8
lighting
10
284714.0
20
144258.0
30
0
11
284714.0
21
144798.0
31
0
0
LINE
8
lighting
10
284726.0
20
144258.0
30
0
11
284726.0
21
144798.0
31
0
0
LINE
8
lighting
10
284714.0
20
144258.0
30
0
11
284726.0
21
144258.0
31
0
0
LINE
8
lighting
10
284714.0
20
144798.0
30
0
11
284726.0
21
144798.0
31
0
0
LINE
8
lighting
10
284794.0
20
144258.0
30
0
11
284794.0
21
144798.0
31
0
0
LINE
8
lighting
10
284806.0
20
144258.0
30
0
11
284806.0
21
144798.0
31
0
0
LINE
8
lighting
10
284794.0
20
144258.0
30
0
11
284806.0
21
144258.0
31
0
0
LINE
8
lighting
10
284794.0
20
144798.0
30
0
11
284806.0
21
144798.0
31
0
0
LINE
8
lighting
10
284874.0
20
144258.0
30
0
11
284874.0
21
144798.0
31
0
0
LINE
8
lighting
10
284886.0
20
144258.0
30
0
11
284886.0
21
144798.0
31
0
0
LINE
8
lighting
10
284874.0
20
144258.0
30
0
11
284886.0
21
144258.0
31
0
0
LINE
8
lighting
10
284874.0
20
144798.0
30
0
11
284886.0
21
144798.0
31
0
0
LINE
8
lighting
10
284649.0
20
144528.0
30
0
11
284635.5
21
144535.79
31
0
0
LINE
8
lighting
10
284635.5
20
144535.79
30
0
11
284635.5
21
144520.21
31
0
0
LINE
8
lighting
10
284635.5
20
144520.21
30
0
11
284649.0
21
144528.0
31
0
0
LINE
8
lighting
10
277840.0
20
148152.0
30
0
11
277840.0
21
148792.0
31
0
0
LINE
8
lighting
10
278480.0
20
148152.0
30
0
11
278480.0
21
148792.0
31
0
0
LINE
8
lighting
10
277840.0
20
148152.0
30
0
11
278480.0
21
148152.0
31
0
0
LINE
8
lighting
10
277840.0
20
148792.0
30
0
11
278480.0
21
148792.0
31
0
0
LINE
8
lighting
10
277880.0
20
148192.0
30
0
11
277880.0
21
148752.0
31
0
0
LINE
8
lighting
10
278440.0
20
148192.0
30
0
11
278440.0
21
148752.0
31
0
0
LINE
8
lighting
10
277880.0
20
148192.0
30
0
11
278440.0
21
148192.0
31
0
0
LINE
8
lighting
10
277880.0
20
148752.0
30
0
11
278440.0
21
148752.0
31
0
0
LINE
8
lighting
10
277914.0
20
148202.0
30
0
11
277914.0
21
148742.0
31
0
0
LINE
8
lighting
10
277926.0
20
148202.0
30
0
11
277926.0
21
148742.0
31
0
0
LINE
8
lighting
10
277914.0
20
148202.0
30
0
11
277926.0
21
148202.0
31
0
0
LINE
8
lighting
10
277914.0
20
148742.0
30
0
11
277926.0
21
148742.0
31
0
0
LINE
8
lighting
10
277994.0
20
148202.0
30
0
11
277994.0
21
148742.0
31
0
0
LINE
8
lighting
10
278006.0
20
148202.0
30
0
11
278006.0
21
148742.0
31
0
0
LINE
8
lighting
10
277994.0
20
148202.0
30
0
11
278006.0
21
148202.0
31
0
0
LINE
8
lighting
10
277994.0
20
148742.0
30
0
11
278006.0
21
148742.0
31
0
0
LINE
8
lighting
10
278074.0
20
148202.0
30
0
11
278074.0
21
148742.0
31
0
0
LINE
8
lighting
10
278086.0
20
148202.0
30
0
11
278086.0
21
148742.0
31
0
0
LINE
8
lighting
10
278074.0
20
148202.0
30
0
11
278086.0
21
148202.0
31
0
0
LINE
8
lighting
10
278074.0
20
148742.0
30
0
11
278086.0
21
148742.0
31
0
0
LINE
8
lighting
10
278154.0
20
148202.0
30
0
11
278154.0
21
148742.0
31
0
0
LINE
8
lighting
10
278166.0
20
148202.0
30
0
11
278166.0
21
148742.0
31
0
0
LINE
8
lighting
10
278154.0
20
148202.0
30
0
11
278166.0
21
148202.0
31
0
0
LINE
8
lighting
10
278154.0
20
148742.0
30
0
11
278166.0
21
148742.0
31
0
0
LINE
8
lighting
10
278234.0
20
148202.0
30
0
11
278234.0
21
148742.0
31
0
0
LINE
8
lighting
10
278246.0
20
148202.0
30
0
11
278246.0
21
148742.0
31
0
0
LINE
8
lighting
10
278234.0
20
148202.0
30
0
11
278246.0
21
148202.0
31
0
0
LINE
8
lighting
10
278234.0
20
148742.0
30
0
11
278246.0
21
148742.0
31
0
0
LINE
8
lighting
10
278314.0
20
148202.0
30
0
11
278314.0
21
148742.0
31
0
0
LINE
8
lighting
10
278326.0
20
148202.0
30
0
11
278326.0
21
148742.0
31
0
0
LINE
8
lighting
10
278314.0
20
148202.0
30
0
11
278326.0
21
148202.0
31
0
0
LINE
8
lighting
10
278314.0
20
148742.0
30
0
11
278326.0
21
148742.0
31
0
0
LINE
8
lighting
10
278394.0
20
148202.0
30
0
11
278394.0
21
148742.0
31
0
0
LINE
8
lighting
10
278406.0
20
148202.0
30
0
11
278406.0
21
148742.0
31
0
0
LINE
8
lighting
10
278394.0
20
148202.0
30
0
11
278406.0
21
148202.0
31
0
0
LINE
8
lighting
10
278394.0
20
148742.0
30
0
11
278406.0
21
148742.0
31
0
0
LINE
8
lighting
10
278169.0
20
148472.0
30
0
11
278155.5
21
148479.79
31
0
0
LINE
8
lighting
10
278155.5
20
148479.79
30
0
11
278155.5
21
148464.21
31
0
0
LINE
8
lighting
10
278155.5
20
148464.21
30
0
11
278169.0
21
148472.0
31
0
0
LINE
8
lighting
10
284320.0
20
148152.0
30
0
11
284320.0
21
148792.0
31
0
0
LINE
8
lighting
10
284960.0
20
148152.0
30
0
11
284960.0
21
148792.0
31
0
0
LINE
8
lighting
10
284320.0
20
148152.0
30
0
11
284960.0
21
148152.0
31
0
0
LINE
8
lighting
10
284320.0
20
148792.0
30
0
11
284960.0
21
148792.0
31
0
0
LINE
8
lighting
10
284360.0
20
148192.0
30
0
11
284360.0
21
148752.0
31
0
0
LINE
8
lighting
10
284920.0
20
148192.0
30
0
11
284920.0
21
148752.0
31
0
0
LINE
8
lighting
10
284360.0
20
148192.0
30
0
11
284920.0
21
148192.0
31
0
0
LINE
8
lighting
10
284360.0
20
148752.0
30
0
11
284920.0
21
148752.0
31
0
0
LINE
8
lighting
10
284394.0
20
148202.0
30
0
11
284394.0
21
148742.0
31
0
0
LINE
8
lighting
10
284406.0
20
148202.0
30
0
11
284406.0
21
148742.0
31
0
0
LINE
8
lighting
10
284394.0
20
148202.0
30
0
11
284406.0
21
148202.0
31
0
0
LINE
8
lighting
10
284394.0
20
148742.0
30
0
11
284406.0
21
148742.0
31
0
0
LINE
8
lighting
10
284474.0
20
148202.0
30
0
11
284474.0
21
148742.0
31
0
0
LINE
8
lighting
10
284486.0
20
148202.0
30
0
11
284486.0
21
148742.0
31
0
0
LINE
8
lighting
10
284474.0
20
148202.0
30
0
11
284486.0
21
148202.0
31
0
0
LINE
8
lighting
10
284474.0
20
148742.0
30
0
11
284486.0
21
148742.0
31
0
0
LINE
8
lighting
10
284554.0
20
148202.0
30
0
11
284554.0
21
148742.0
31
0
0
LINE
8
lighting
10
284566.0
20
148202.0
30
0
11
284566.0
21
148742.0
31
0
0
LINE
8
lighting
10
284554.0
20
148202.0
30
0
11
284566.0
21
148202.0
31
0
0
LINE
8
lighting
10
284554.0
20
148742.0
30
0
11
284566.0
21
148742.0
31
0
0
LINE
8
lighting
10
284634.0
20
148202.0
30
0
11
284634.0
21
148742.0
31
0
0
LINE
8
lighting
10
284646.0
20
148202.0
30
0
11
284646.0
21
148742.0
31
0
0
LINE
8
lighting
10
284634.0
20
148202.0
30
0
11
284646.0
21
148202.0
31
0
0
LINE
8
lighting
10
284634.0
20
148742.0
30
0
11
284646.0
21
148742.0
31
0
0
LINE
8
lighting
10
284714.0
20
148202.0
30
0
11
284714.0
21
148742.0
31
0
0
LINE
8
lighting
10
284726.0
20
148202.0
30
0
11
284726.0
21
148742.0
31
0
0
LINE
8
lighting
10
284714.0
20
148202.0
30
0
11
284726.0
21
148202.0
31
0
0
LINE
8
lighting
10
284714.0
20
148742.0
30
0
11
284726.0
21
148742.0
31
0
0
LINE
8
lighting
10
284794.0
20
148202.0
30
0
11
284794.0
21
148742.0
31
0
0
LINE
8
lighting
10
284806.0
20
148202.0
30
0
11
284806.0
21
148742.0
31
0
0
LINE
8
lighting
10
284794.0
20
148202.0
30
0
11
284806.0
21
148202.0
31
0
0
LINE
8
lighting
10
284794.0
20
148742.0
30
0
11
284806.0
21
148742.0
31
0
0
LINE
8
lighting
10
284874.0
20
148202.0
30
0
11
284874.0
21
148742.0
31
0
0
LINE
8
lighting
10
284886.0
20
148202.0
30
0
11
284886.0
21
148742.0
31
0
0
LINE
8
lighting
10
284874.0
20
148202.0
30
0
11
284886.0
21
148202.0
31
0
0
LINE
8
lighting
10
284874.0
20
148742.0
30
0
11
284886.0
21
148742.0
31
0
0
LINE
8
lighting
10
284649.0
20
148472.0
30
0
11
284635.5
21
148479.79
31
0
0
LINE
8
lighting
10
284635.5
20
148479.79
30
0
11
284635.5
21
148464.21
31
0
0
LINE
8
lighting
10
284635.5
20
148464.21
30
0
11
284649.0
21
148472.0
31
0
0
LINE
8
electrical
10
278160.0
20
144350.0
30
0
11
278160.0
21
144342.21
31
0
0
LINE
8
electrical
10
278160.0
20
144342.21
30
0
11
278160.0
21
144357.79
31
0
0
LINE
8
electrical
10
278160.0
20
144357.79
30
0
11
278160.0
21
144350.0
31
0
0
LINE
8
electrical
10
285450.0
20
144350.0
30
0
11
278160.0
21
144350.0
31
0
0
LINE
8
electrical
10
285450.0
20
144350.0
30
0
11
285450.0
21
144342.21
31
0
0
LINE
8
electrical
10
285450.0
20
144342.21
30
0
11
285450.0
21
144357.79
31
0
0
LINE
8
electrical
10
285450.0
20
144357.79
30
0
11
285450.0
21
144350.0
31
0
0
LINE
8
electrical
10
278160.0
20
148472.0
30
0
11
278167.79
21
148472.0
31
0
0
LINE
8
electrical
10
278167.79
20
148472.0
30
0
11
278152.21
21
148472.0
31
0
0
LINE
8
electrical
10
278152.21
20
148472.0
30
0
11
278160.0
21
148472.0
31
0
0
LINE
8
electrical
10
278160.0
20
144350.0
30
0
11
278160.0
21
148472.0
31
0
0
LINE
8
electrical
10
278160.0
20
144350.0
30
0
11
278167.79
21
144350.0
31
0
0
LINE
8
electrical
10
278167.79
20
144350.0
30
0
11
278152.21
21
144350.0
31
0
0
LINE
8
electrical
10
278152.21
20
144350.0
30
0
11
278160.0
21
144350.0
31
0
0
LINE
8
electrical
10
284640.0
20
148472.0
30
0
11
284647.79
21
148472.0
31
0
0
LINE
8
electrical
10
284647.79
20
148472.0
30
0
11
284632.21
21
148472.0
31
0
0
LINE
8
electrical
10
284632.21
20
148472.0
30
0
11
284640.0
21
148472.0
31
0
0
LINE
8
electrical
10
284640.0
20
144350.0
30
0
11
284640.0
21
148472.0
31
0
0
LINE
8
electrical
10
284640.0
20
144350.0
30
0
11
284647.79
21
144350.0
31
0
0
LINE
8
electrical
10
284647.79
20
144350.0
30
0
11
284632.21
21
144350.0
31
0
0
LINE
8
electrical
10
284632.21
20
144350.0
30
0
11
284640.0
21
144350.0
31
0
0
LINE
8
electrical
10
285463.0
20
143800.0
30
0
11
285443.5
21
143811.26
31
0
0
LINE
8
electrical
10
285443.5
20
143811.26
30
0
11
285443.5
21
143788.74
31
0
0
LINE
8
electrical
10
285443.5
20
143788.74
30
0
11
285463.0
21
143800.0
31
0
0
LINE
8
electrical
10
284543.22
20
144338.91
30
0
11
284553.39
21
144355.55
31
0
0
LINE
8
electrical
10
284553.39
20
144355.55
30
0
11
284553.39
21
144355.55
31
0
0
LINE
8
electrical
10
284553.39
20
144355.55
30
0
11
284543.22
21
144338.91
31
0
0
LINE
8
electrical
10
285443.22
20
143788.91
30
0
11
284543.22
21
144338.91
31
0
0
LINE
8
electrical
10
285443.22
20
143788.91
30
0
11
285453.39
21
143805.55
31
0
0
LINE
8
electrical
10
285453.39
20
143805.55
30
0
11
285453.39
21
143805.55
31
0
0
LINE
8
electrical
10
285453.39
20
143805.55
30
0
11
285443.22
21
143788.91
31
0
0
LINE
8
electrical
10
278250.0
20
144350.0
30
0
11
278250.0
21
144338.74
31
0
0
LINE
8
electrical
10
278250.0
20
144338.74
30
0
11
278250.0
21
144361.26
31
0
0
LINE
8
electrical
10
278250.0
20
144361.26
30
0
11
278250.0
21
144350.0
31
0
0
LINE
8
electrical
10
284550.0
20
144350.0
30
0
11
278250.0
21
144350.0
31
0
0
LINE
8
electrical
10
284550.0
20
144350.0
30
0
11
284550.0
21
144338.74
31
0
0
LINE
8
electrical
10
284550.0
20
144338.74
30
0
11
284550.0
21
144361.26
31
0
0
LINE
8
electrical
10
284550.0
20
144361.26
30
0
11
284550.0
21
144350.0
31
0
0
LINE
8
electrical
10
285450.0
20
143800.0
30
0
11
285464.04
21
143800.0
31
0
0
LINE
8
electrical
10
285464.04
20
143800.0
30
0
11
285450.0
21
143800.0
31
0
0
LINE
8
electrical
10
284550.0
20
144350.0
30
0
11
284564.04
21
144350.0
31
0
0
LINE
8
electrical
10
284564.04
20
144350.0
30
0
11
284550.0
21
144350.0
31
0
0
LINE
8
electrical
10
285463.0
20
143800.0
30
0
11
285443.5
21
143811.26
31
0
0
LINE
8
electrical
10
285443.5
20
143811.26
30
0
11
285443.5
21
143788.74
31
0
0
LINE
8
electrical
10
285443.5
20
143788.74
30
0
11
285463.0
21
143800.0
31
0
0
LINE
8
electrical
10
284542.24
20
144459.57
30
0
11
284553.88
21
144475.21
31
0
0
LINE
8
electrical
10
284553.88
20
144475.21
30
0
11
284553.88
21
144475.21
31
0
0
LINE
8
electrical
10
284553.88
20
144475.21
30
0
11
284542.24
21
144459.57
31
0
0
LINE
8
electrical
10
285442.24
20
143789.57
30
0
11
284542.24
21
144459.57
31
0
0
LINE
8
electrical
10
285442.24
20
143789.57
30
0
11
285453.88
21
143805.21
31
0
0
LINE
8
electrical
10
285453.88
20
143805.21
30
0
11
285453.88
21
143805.21
31
0
0
LINE
8
electrical
10
285453.88
20
143805.21
30
0
11
285442.24
21
143789.57
31
0
0
LINE
8
electrical
10
278250.0
20
144470.0
30
0
11
278250.0
21
144458.74
31
0
0
LINE
8
electrical
10
278250.0
20
144458.74
30
0
11
278250.0
21
144481.26
31
0
0
LINE
8
electrical
10
278250.0
20
144481.26
30
0
11
278250.0
21
144470.0
31
0
0
LINE
8
electrical
10
284550.0
20
144470.0
30
0
11
278250.0
21
144470.0
31
0
0
LINE
8
electrical
10
284550.0
20
144470.0
30
0
11
284550.0
21
144458.74
31
0
0
LINE
8
electrical
10
284550.0
20
144458.74
30
0
11
284550.0
21
144481.26
31
0
0
LINE
8
electrical
10
284550.0
20
144481.26
30
0
11
284550.0
21
144470.0
31
0
0
LINE
8
electrical
10
285450.0
20
143800.0
30
0
11
285464.04
21
143800.0
31
0
0
LINE
8
electrical
10
285464.04
20
143800.0
30
0
11
285450.0
21
143800.0
31
0
0
LINE
8
electrical
10
284550.0
20
144470.0
30
0
11
284564.04
21
144470.0
31
0
0
LINE
8
electrical
10
284564.04
20
144470.0
30
0
11
284550.0
21
144470.0
31
0
0
LINE
8
electrical
10
285463.0
20
143800.0
30
0
11
285443.5
21
143811.26
31
0
0
LINE
8
electrical
10
285443.5
20
143811.26
30
0
11
285443.5
21
143788.74
31
0
0
LINE
8
electrical
10
285443.5
20
143788.74
30
0
11
285463.0
21
143800.0
31
0
0
LINE
8
electrical
10
284541.42
20
144580.23
30
0
11
284554.29
21
144594.89
31
0
0
LINE
8
electrical
10
284554.29
20
144594.89
30
0
11
284554.29
21
144594.89
31
0
0
LINE
8
electrical
10
284554.29
20
144594.89
30
0
11
284541.42
21
144580.23
31
0
0
LINE
8
electrical
10
285441.42
20
143790.23
30
0
11
284541.42
21
144580.23
31
0
0
LINE
8
electrical
10
285441.42
20
143790.23
30
0
11
285454.29
21
143804.89
31
0
0
LINE
8
electrical
10
285454.29
20
143804.89
30
0
11
285454.29
21
143804.89
31
0
0
LINE
8
electrical
10
285454.29
20
143804.89
30
0
11
285441.42
21
143790.23
31
0
0
LINE
8
electrical
10
278250.0
20
144590.0
30
0
11
278250.0
21
144578.74
31
0
0
LINE
8
electrical
10
278250.0
20
144578.74
30
0
11
278250.0
21
144601.26
31
0
0
LINE
8
electrical
10
278250.0
20
144601.26
30
0
11
278250.0
21
144590.0
31
0
0
LINE
8
electrical
10
284550.0
20
144590.0
30
0
11
278250.0
21
144590.0
31
0
0
LINE
8
electrical
10
284550.0
20
144590.0
30
0
11
284550.0
21
144578.74
31
0
0
LINE
8
electrical
10
284550.0
20
144578.74
30
0
11
284550.0
21
144601.26
31
0
0
LINE
8
electrical
10
284550.0
20
144601.26
30
0
11
284550.0
21
144590.0
31
0
0
LINE
8
electrical
10
285450.0
20
143800.0
30
0
11
285464.04
21
143800.0
31
0
0
LINE
8
electrical
10
285464.04
20
143800.0
30
0
11
285450.0
21
143800.0
31
0
0
LINE
8
electrical
10
284550.0
20
144590.0
30
0
11
284564.04
21
144590.0
31
0
0
LINE
8
electrical
10
284564.04
20
144590.0
30
0
11
284550.0
21
144590.0
31
0
0
LINE
8
electrical
10
278635.0
20
143750.0
30
0
11
278635.0
21
143810.0
31
0
0
LINE
8
electrical
10
278765.0
20
143750.0
30
0
11
278765.0
21
143810.0
31
0
0
LINE
8
electrical
10
278635.0
20
143750.0
30
0
11
278765.0
21
143750.0
31
0
0
LINE
8
electrical
10
278635.0
20
143810.0
30
0
11
278765.0
21
143810.0
31
0
0
LINE
8
electrical
10
278709.0
20
143780.0
30
0
11
278695.5
21
143787.79
31
0
0
LINE
8
electrical
10
278695.5
20
143787.79
30
0
11
278695.5
21
143772.21
31
0
0
LINE
8
electrical
10
278695.5
20
143772.21
30
0
11
278709.0
21
143780.0
31
0
0
LINE
8
electrical
10
285450.0
20
143780.0
30
0
11
285450.0
21
143772.21
31
0
0
LINE
8
electrical
10
285450.0
20
143772.21
30
0
11
285450.0
21
143787.79
31
0
0
LINE
8
electrical
10
285450.0
20
143787.79
30
0
11
285450.0
21
143780.0
31
0
0
LINE
8
electrical
10
278700.0
20
143780.0
30
0
11
285450.0
21
143780.0
31
0
0
LINE
8
electrical
10
278700.0
20
143780.0
30
0
11
278700.0
21
143772.21
31
0
0
LINE
8
electrical
10
278700.0
20
143772.21
30
0
11
278700.0
21
143787.79
31
0
0
LINE
8
electrical
10
278700.0
20
143787.79
30
0
11
278700.0
21
143780.0
31
0
0
LINE
8
electrical
10
278700.0
20
143780.0
30
0
11
278709.72
21
143780.0
31
0
0
LINE
8
electrical
10
278709.72
20
143780.0
30
0
11
278700.0
21
143780.0
31
0
0
LINE
8
electrical
10
284035.0
20
143750.0
30
0
11
284035.0
21
143810.0
31
0
0
LINE
8
electrical
10
284165.0
20
143750.0
30
0
11
284165.0
21
143810.0
31
0
0
LINE
8
electrical
10
284035.0
20
143750.0
30
0
11
284165.0
21
143750.0
31
0
0
LINE
8
electrical
10
284035.0
20
143810.0
30
0
11
284165.0
21
143810.0
31
0
0
LINE
8
electrical
10
284109.0
20
143780.0
30
0
11
284095.5
21
143787.79
31
0
0
LINE
8
electrical
10
284095.5
20
143787.79
30
0
11
284095.5
21
143772.21
31
0
0
LINE
8
electrical
10
284095.5
20
143772.21
30
0
11
284109.0
21
143780.0
31
0
0
LINE
8
electrical
10
285450.0
20
143780.0
30
0
11
285450.0
21
143772.21
31
0
0
LINE
8
electrical
10
285450.0
20
143772.21
30
0
11
285450.0
21
143787.79
31
0
0
LINE
8
electrical
10
285450.0
20
143787.79
30
0
11
285450.0
21
143780.0
31
0
0
LINE
8
electrical
10
284100.0
20
143780.0
30
0
11
285450.0
21
143780.0
31
0
0
LINE
8
electrical
10
284100.0
20
143780.0
30
0
11
284100.0
21
143772.21
31
0
0
LINE
8
electrical
10
284100.0
20
143772.21
30
0
11
284100.0
21
143787.79
31
0
0
LINE
8
electrical
10
284100.0
20
143787.79
30
0
11
284100.0
21
143780.0
31
0
0
LINE
8
electrical
10
284100.0
20
143780.0
30
0
11
284109.72
21
143780.0
31
0
0
LINE
8
electrical
10
284109.72
20
143780.0
30
0
11
284100.0
21
143780.0
31
0
0
LINE
8
hvac
10
277375.0
20
144325.0
30
0
11
277375.0
21
145075.0
31
0
0
LINE
8
hvac
10
279025.0
20
144325.0
30
0
11
279025.0
21
145075.0
31
0
0
LINE
8
hvac
10
277375.0
20
144325.0
30
0
11
279025.0
21
144325.0
31
0
0
LINE
8
hvac
10
277375.0
20
145075.0
30
0
11
279025.0
21
145075.0
31
0
0
LINE
8
hvac
10
277475.0
20
144280.0
30
0
11
277475.0
21
144320.0
31
0
0
LINE
8
hvac
10
278925.0
20
144280.0
30
0
11
278925.0
21
144320.0
31
0
0
LINE
8
hvac
10
277475.0
20
144280.0
30
0
11
278925.0
21
144280.0
31
0
0
LINE
8
hvac
10
277475.0
20
144320.0
30
0
11
278925.0
21
144320.0
31
0
0
LINE
8
hvac
10
277540.0
20
144240.0
30
0
11
277540.0
21
144300.0
31
0
0
LINE
8
hvac
10
277580.0
20
144240.0
30
0
11
277580.0
21
144300.0
31
0
0
LINE
8
hvac
10
277540.0
20
144240.0
30
0
11
277580.0
21
144240.0
31
0
0
LINE
8
hvac
10
277540.0
20
144300.0
30
0
11
277580.0
21
144300.0
31
0
0
LINE
8
hvac
10
277700.0
20
144240.0
30
0
11
277700.0
21
144300.0
31
0
0
LINE
8
hvac
10
277740.0
20
144240.0
30
0
11
277740.0
21
144300.0
31
0
0
LINE
8
hvac
10
277700.0
20
144240.0
30
0
11
277740.0
21
144240.0
31
0
0
LINE
8
hvac
10
277700.0
20
144300.0
30
0
11
277740.0
21
144300.0
31
0
0
LINE
8
hvac
10
277860.0
20
144240.0
30
0
11
277860.0
21
144300.0
31
0
0
LINE
8
hvac
10
277900.0
20
144240.0
30
0
11
277900.0
21
144300.0
31
0
0
LINE
8
hvac
10
277860.0
20
144240.0
30
0
11
277900.0
21
144240.0
31
0
0
LINE
8
hvac
10
277860.0
20
144300.0
30
0
11
277900.0
21
144300.0
31
0
0
LINE
8
hvac
10
278020.0
20
144240.0
30
0
11
278020.0
21
144300.0
31
0
0
LINE
8
hvac
10
278060.0
20
144240.0
30
0
11
278060.0
21
144300.0
31
0
0
LINE
8
hvac
10
278020.0
20
144240.0
30
0
11
278060.0
21
144240.0
31
0
0
LINE
8
hvac
10
278020.0
20
144300.0
30
0
11
278060.0
21
144300.0
31
0
0
LINE
8
hvac
10
278180.0
20
144240.0
30
0
11
278180.0
21
144300.0
31
0
0
LINE
8
hvac
10
278220.0
20
144240.0
30
0
11
278220.0
21
144300.0
31
0
0
LINE
8
hvac
10
278180.0
20
144240.0
30
0
11
278220.0
21
144240.0
31
0
0
LINE
8
hvac
10
278180.0
20
144300.0
30
0
11
278220.0
21
144300.0
31
0
0
LINE
8
hvac
10
278340.0
20
144240.0
30
0
11
278340.0
21
144300.0
31
0
0
LINE
8
hvac
10
278380.0
20
144240.0
30
0
11
278380.0
21
144300.0
31
0
0
LINE
8
hvac
10
278340.0
20
144240.0
30
0
11
278380.0
21
144240.0
31
0
0
LINE
8
hvac
10
278340.0
20
144300.0
30
0
11
278380.0
21
144300.0
31
0
0
LINE
8
hvac
10
278500.0
20
144240.0
30
0
11
278500.0
21
144300.0
31
0
0
LINE
8
hvac
10
278540.0
20
144240.0
30
0
11
278540.0
21
144300.0
31
0
0
LINE
8
hvac
10
278500.0
20
144240.0
30
0
11
278540.0
21
144240.0
31
0
0
LINE
8
hvac
10
278500.0
20
144300.0
30
0
11
278540.0
21
144300.0
31
0
0
LINE
8
hvac
10
278660.0
20
144240.0
30
0
11
278660.0
21
144300.0
31
0
0
LINE
8
hvac
10
278700.0
20
144240.0
30
0
11
278700.0
21
144300.0
31
0
0
LINE
8
hvac
10
278660.0
20
144240.0
30
0
11
278700.0
21
144240.0
31
0
0
LINE
8
hvac
10
278660.0
20
144300.0
30
0
11
278700.0
21
144300.0
31
0
0
LINE
8
hvac
10
278820.0
20
144240.0
30
0
11
278820.0
21
144300.0
31
0
0
LINE
8
hvac
10
278860.0
20
144240.0
30
0
11
278860.0
21
144300.0
31
0
0
LINE
8
hvac
10
278820.0
20
144240.0
30
0
11
278860.0
21
144240.0
31
0
0
LINE
8
hvac
10
278820.0
20
144300.0
30
0
11
278860.0
21
144300.0
31
0
0
LINE
8
hvac
10
277975.0
20
144475.0
30
0
11
277975.0
21
144925.0
31
0
0
LINE
8
hvac
10
278425.0
20
144475.0
30
0
11
278425.0
21
144925.0
31
0
0
LINE
8
hvac
10
277975.0
20
144475.0
30
0
11
278425.0
21
144475.0
31
0
0
LINE
8
hvac
10
277975.0
20
144925.0
30
0
11
278425.0
21
144925.0
31
0
0
LINE
8
hvac
10
278250.0
20
146325.0
30
0
11
278250.0
21
146675.0
31
0
0
LINE
8
hvac
10
284550.0
20
146325.0
30
0
11
284550.0
21
146675.0
31
0
0
LINE
8
hvac
10
278250.0
20
146325.0
30
0
11
284550.0
21
146325.0
31
0
0
LINE
8
hvac
10
278250.0
20
146675.0
30
0
11
284550.0
21
146675.0
31
0
0
LINE
8
hvac
10
278025.0
20
144525.0
30
0
11
278025.0
21
144875.0
31
0
0
LINE
8
hvac
10
281575.0
20
144525.0
30
0
11
281575.0
21
144875.0
31
0
0
LINE
8
hvac
10
278025.0
20
144525.0
30
0
11
281575.0
21
144525.0
31
0
0
LINE
8
hvac
10
278025.0
20
144875.0
30
0
11
281575.0
21
144875.0
31
0
0
LINE
8
hvac
10
281225.0
20
144525.0
30
0
11
281225.0
21
146675.0
31
0
0
LINE
8
hvac
10
281575.0
20
144525.0
30
0
11
281575.0
21
146675.0
31
0
0
LINE
8
hvac
10
281225.0
20
144525.0
30
0
11
281575.0
21
144525.0
31
0
0
LINE
8
hvac
10
281225.0
20
146675.0
30
0
11
281575.0
21
146675.0
31
0
0
LINE
8
hvac
10
279250.0
20
146150.0
30
0
11
279250.0
21
146850.0
31
0
0
LINE
8
hvac
10
279950.0
20
146150.0
30
0
11
279950.0
21
146850.0
31
0
0
LINE
8
hvac
10
279250.0
20
146150.0
30
0
11
279950.0
21
146150.0
31
0
0
LINE
8
hvac
10
279250.0
20
146850.0
30
0
11
279950.0
21
146850.0
31
0
0
LINE
8
hvac
10
282850.0
20
146150.0
30
0
11
282850.0
21
146850.0
31
0
0
LINE
8
hvac
10
283550.0
20
146150.0
30
0
11
283550.0
21
146850.0
31
0
0
LINE
8
hvac
10
282850.0
20
146150.0
30
0
11
283550.0
21
146150.0
31
0
0
LINE
8
hvac
10
282850.0
20
146850.0
30
0
11
283550.0
21
146850.0
31
0
0
LINE
8
water
10
284390.0
20
147050.0
30
0
11
284390.0
21
147690.0
31
0
0
LINE
8
water
10
285310.0
20
147050.0
30
0
11
285310.0
21
147690.0
31
0
0
LINE
8
water
10
284390.0
20
147050.0
30
0
11
285310.0
21
147050.0
31
0
0
LINE
8
water
10
284390.0
20
147690.0
30
0
11
285310.0
21
147690.0
31
0
0
LINE
8
water
10
284400.0
20
147060.0
30
0
11
284400.0
21
147680.0
31
0
0
LINE
8
water
10
284400.0
20
147060.0
30
0
11
285300.0
21
147060.0
31
0
0
LINE
8
water
10
284400.0
20
147680.0
30
0
11
285300.0
21
147680.0
31
0
0
LINE
8
water
10
285300.0
20
147060.0
30
0
11
285300.0
21
147680.0
31
0
0
LINE
8
water
10
285175.0
20
147155.0
30
0
11
284525.0
21
147155.0
31
0
0
LINE
8
water
10
285175.0
20
147155.0
30
0
11
285175.0
21
147585.0
31
0
0
LINE
8
water
10
285175.0
20
147585.0
30
0
11
284525.0
21
147585.0
31
0
0
LINE
8
water
10
284525.0
20
147155.0
30
0
11
284525.0
21
147585.0
31
0
0
LINE
8
water
10
284868.0
20
147590.0
30
0
11
284841.0
21
147605.59
31
0
0
LINE
8
water
10
284841.0
20
147605.59
30
0
11
284841.0
21
147574.41
31
0
0
LINE
8
water
10
284841.0
20
147574.41
30
0
11
284868.0
21
147590.0
31
0
0
LINE
8
water
10
284850.0
20
147370.0
30
0
11
284865.59
21
147370.0
31
0
0
LINE
8
water
10
284865.59
20
147370.0
30
0
11
284834.41
21
147370.0
31
0
0
LINE
8
water
10
284834.41
20
147370.0
30
0
11
284850.0
21
147370.0
31
0
0
LINE
8
water
10
284850.0
20
147590.0
30
0
11
284850.0
21
147370.0
31
0
0
LINE
8
water
10
284850.0
20
147590.0
30
0
11
284865.59
21
147590.0
31
0
0
LINE
8
water
10
284865.59
20
147590.0
30
0
11
284834.41
21
147590.0
31
0
0
LINE
8
water
10
284834.41
20
147590.0
30
0
11
284850.0
21
147590.0
31
0
0
LINE
8
water
10
284850.0
20
147590.0
30
0
11
284869.44
21
147590.0
31
0
0
LINE
8
water
10
284869.44
20
147590.0
30
0
11
284850.0
21
147590.0
31
0
0
LINE
8
water
10
284795.0
20
147370.0
30
0
11
284850.0
21
147425.0
31
0
0
LINE
8
water
10
284850.0
20
147425.0
30
0
11
284905.0
21
147370.0
31
0
0
LINE
8
water
10
284905.0
20
147370.0
30
0
11
284850.0
21
147315.0
31
0
0
LINE
8
water
10
284850.0
20
147315.0
30
0
11
284795.0
21
147370.0
31
0
0
LINE
8
water
10
284850.0
20
146170.0
30
0
11
284905.0
21
146170.0
31
0
0
LINE
8
water
10
284905.0
20
146170.0
30
0
11
284850.0
21
146170.0
31
0
0
LINE
8
water
10
284850.0
20
146170.0
30
0
11
284795.0
21
146170.0
31
0
0
LINE
8
water
10
284795.0
20
146170.0
30
0
11
284850.0
21
146170.0
31
0
0
LINE
8
water
10
284850.0
20
147370.0
30
0
11
284850.0
21
146170.0
31
0
0
LINE
8
water
10
284850.0
20
147370.0
30
0
11
284905.0
21
147370.0
31
0
0
LINE
8
water
10
284905.0
20
147370.0
30
0
11
284850.0
21
147370.0
31
0
0
LINE
8
water
10
284850.0
20
147370.0
30
0
11
284795.0
21
147370.0
31
0
0
LINE
8
water
10
284795.0
20
147370.0
30
0
11
284850.0
21
147370.0
31
0
0
LINE
8
water
10
284795.0
20
146170.0
30
0
11
284850.0
21
146225.0
31
0
0
LINE
8
water
10
284850.0
20
146225.0
30
0
11
284905.0
21
146170.0
31
0
0
LINE
8
water
10
284905.0
20
146170.0
30
0
11
284850.0
21
146115.0
31
0
0
LINE
8
water
10
284850.0
20
146115.0
30
0
11
284795.0
21
146170.0
31
0
0
LINE
8
water
10
284850.0
20
126500.0
30
0
11
284905.0
21
126500.0
31
0
0
LINE
8
water
10
284905.0
20
126500.0
30
0
11
284850.0
21
126500.0
31
0
0
LINE
8
water
10
284850.0
20
126500.0
30
0
11
284795.0
21
126500.0
31
0
0
LINE
8
water
10
284795.0
20
126500.0
30
0
11
284850.0
21
126500.0
31
0
0
LINE
8
water
10
284850.0
20
146170.0
30
0
11
284850.0
21
126500.0
31
0
0
LINE
8
water
10
234500.0
20
126500.0
30
0
11
234500.0
21
126445.0
31
0
0
LINE
8
water
10
234500.0
20
126445.0
30
0
11
234500.0
21
126500.0
31
0
0
LINE
8
water
10
234500.0
20
126500.0
30
0
11
234500.0
21
126555.0
31
0
0
LINE
8
water
10
234500.0
20
126555.0
30
0
11
234500.0
21
126500.0
31
0
0
LINE
8
water
10
284850.0
20
126500.0
30
0
11
234500.0
21
126500.0
31
0
0
LINE
8
water
10
284850.0
20
126500.0
30
0
11
284850.0
21
126445.0
31
0
0
LINE
8
water
10
284850.0
20
126445.0
30
0
11
284850.0
21
126500.0
31
0
0
LINE
8
water
10
284850.0
20
126500.0
30
0
11
284850.0
21
126555.0
31
0
0
LINE
8
water
10
284850.0
20
126555.0
30
0
11
284850.0
21
126500.0
31
0
0
LINE
8
water
10
284850.0
20
147370.0
30
0
11
284909.4
21
147370.0
31
0
0
LINE
8
water
10
284909.4
20
147370.0
30
0
11
284850.0
21
147370.0
31
0
0
LINE
8
water
10
284850.0
20
146170.0
30
0
11
284909.4
21
146170.0
31
0
0
LINE
8
water
10
284909.4
20
146170.0
30
0
11
284850.0
21
146170.0
31
0
0
LINE
8
water
10
284850.0
20
126500.0
30
0
11
284909.4
21
126500.0
31
0
0
LINE
8
water
10
284909.4
20
126500.0
30
0
11
284850.0
21
126500.0
31
0
0
LINE
8
water
10
284425.0
20
145845.0
30
0
11
284425.0
21
146495.0
31
0
0
LINE
8
water
10
285275.0
20
145845.0
30
0
11
285275.0
21
146495.0
31
0
0
LINE
8
water
10
284425.0
20
145845.0
30
0
11
285275.0
21
145845.0
31
0
0
LINE
8
water
10
284425.0
20
146495.0
30
0
11
285275.0
21
146495.0
31
0
0
LINE
8
water
10
285070.0
20
146170.0
30
0
11
284987.17
21
146342.0
31
0
0
LINE
8
water
10
284987.17
20
146342.0
30
0
11
284801.05
21
146384.48
31
0
0
LINE
8
water
10
284801.05
20
146384.48
30
0
11
284651.79
21
146265.45
31
0
0
LINE
8
water
10
284651.79
20
146265.45
30
0
11
284651.79
21
146074.55
31
0
0
LINE
8
water
10
284651.79
20
146074.55
30
0
11
284801.05
21
145955.52
31
0
0
LINE
8
water
10
284801.05
20
145955.52
30
0
11
284987.17
21
145998.0
31
0
0
LINE
8
water
10
284987.17
20
145998.0
30
0
11
285070.0
21
146170.0
31
0
0
LINE
8
water
10
283405.0
20
144000.0
30
0
11
283405.0
21
143925.0
31
0
0
LINE
8
water
10
283405.0
20
143925.0
30
0
11
283405.0
21
144000.0
31
0
0
LINE
8
water
10
283405.0
20
144000.0
30
0
11
283405.0
21
144075.0
31
0
0
LINE
8
water
10
283405.0
20
144075.0
30
0
11
283405.0
21
144000.0
31
0
0
LINE
8
water
10
283005.0
20
144000.0
30
0
11
283405.0
21
144000.0
31
0
0
LINE
8
water
10
283005.0
20
144000.0
30
0
11
283005.0
21
143925.0
31
0
0
LINE
8
water
10
283005.0
20
143925.0
30
0
11
283005.0
21
144000.0
31
0
0
LINE
8
water
10
283005.0
20
144000.0
30
0
11
283005.0
21
144075.0
31
0
0
LINE
8
water
10
283005.0
20
144075.0
30
0
11
283005.0
21
144000.0
31
0
0
LINE
8
water
10
283295.0
20
144000.0
30
0
11
283232.81
21
144085.6
31
0
0
LINE
8
water
10
283232.81
20
144085.6
30
0
11
283132.19
21
144052.9
31
0
0
LINE
8
water
10
283132.19
20
144052.9
30
0
11
283132.19
21
143947.1
31
0
0
LINE
8
water
10
283132.19
20
143947.1
30
0
11
283232.81
21
143914.4
31
0
0
LINE
8
water
10
283232.81
20
143914.4
30
0
11
283295.0
21
144000.0
31
0
0
LINE
8
water
10
283015.0
20
143975.0
30
0
11
283015.0
21
144025.0
31
0
0
LINE
8
water
10
283395.0
20
143975.0
30
0
11
283395.0
21
144025.0
31
0
0
LINE
8
water
10
283015.0
20
143975.0
30
0
11
283395.0
21
143975.0
31
0
0
LINE
8
water
10
283015.0
20
144025.0
30
0
11
283395.0
21
144025.0
31
0
0
LINE
8
water
10
283080.0
20
144000.0
30
0
11
283080.0
21
143895.38
31
0
0
LINE
8
water
10
283080.0
20
143895.38
30
0
11
283080.0
21
143935.34
31
0
0
LINE
8
water
10
283080.0
20
143935.34
30
0
11
283080.0
21
144064.66
31
0
0
LINE
8
water
10
283080.0
20
144064.66
30
0
11
283080.0
21
144104.62
31
0
0
LINE
8
water
10
283080.0
20
144104.62
30
0
11
283080.0
21
144000.0
31
0
0
LINE
8
water
10
283055.0
20
144000.0
30
0
11
283080.0
21
144000.0
31
0
0
LINE
8
water
10
283055.0
20
144000.0
30
0
11
283055.0
21
143895.38
31
0
0
LINE
8
water
10
283055.0
20
143895.38
30
0
11
283055.0
21
143935.34
31
0
0
LINE
8
water
10
283055.0
20
143935.34
30
0
11
283055.0
21
144064.66
31
0
0
LINE
8
water
10
283055.0
20
144064.66
30
0
11
283055.0
21
144104.62
31
0
0
LINE
8
water
10
283055.0
20
144104.62
30
0
11
283055.0
21
144000.0
31
0
0
LINE
8
water
10
283380.0
20
144000.0
30
0
11
283380.0
21
143895.38
31
0
0
LINE
8
water
10
283380.0
20
143895.38
30
0
11
283380.0
21
143935.34
31
0
0
LINE
8
water
10
283380.0
20
143935.34
30
0
11
283380.0
21
144064.66
31
0
0
LINE
8
water
10
283380.0
20
144064.66
30
0
11
283380.0
21
144104.62
31
0
0
LINE
8
water
10
283380.0
20
144104.62
30
0
11
283380.0
21
144000.0
31
0
0
LINE
8
water
10
283355.0
20
144000.0
30
0
11
283380.0
21
144000.0
31
0
0
LINE
8
water
10
283355.0
20
144000.0
30
0
11
283355.0
21
143895.38
31
0
0
LINE
8
water
10
283355.0
20
143895.38
30
0
11
283355.0
21
143935.34
31
0
0
LINE
8
water
10
283355.0
20
143935.34
30
0
11
283355.0
21
144064.66
31
0
0
LINE
8
water
10
283355.0
20
144064.66
30
0
11
283355.0
21
144104.62
31
0
0
LINE
8
water
10
283355.0
20
144104.62
30
0
11
283355.0
21
144000.0
31
0
0
LINE
8
water
10
282500.0
20
144000.0
30
0
11
282530.31
21
144000.0
31
0
0
LINE
8
water
10
282530.31
20
144000.0
30
0
11
282469.69
21
144000.0
31
0
0
LINE
8
water
10
282469.69
20
144000.0
30
0
11
282500.0
21
144000.0
31
0
0
LINE
8
water
10
282500.0
20
124000.0
30
0
11
282500.0
21
144000.0
31
0
0
LINE
8
water
10
282500.0
20
124000.0
30
0
11
282530.31
21
124000.0
31
0
0
LINE
8
water
10
282530.31
20
124000.0
30
0
11
282469.69
21
124000.0
31
0
0
LINE
8
water
10
282469.69
20
124000.0
30
0
11
282500.0
21
124000.0
31
0
0
LINE
8
water
10
284850.0
20
144000.0
30
0
11
284850.0
21
143969.69
31
0
0
LINE
8
water
10
284850.0
20
143969.69
30
0
11
284850.0
21
144030.31
31
0
0
LINE
8
water
10
284850.0
20
144030.31
30
0
11
284850.0
21
144000.0
31
0
0
LINE
8
water
10
282500.0
20
144000.0
30
0
11
284850.0
21
144000.0
31
0
0
LINE
8
water
10
282500.0
20
144000.0
30
0
11
282500.0
21
143969.69
31
0
0
LINE
8
water
10
282500.0
20
143969.69
30
0
11
282500.0
21
144030.31
31
0
0
LINE
8
water
10
282500.0
20
144030.31
30
0
11
282500.0
21
144000.0
31
0
0
LINE
8
water
10
284850.0
20
147600.0
30
0
11
284880.31
21
147600.0
31
0
0
LINE
8
water
10
284880.31
20
147600.0
30
0
11
284819.69
21
147600.0
31
0
0
LINE
8
water
10
284819.69
20
147600.0
30
0
11
284850.0
21
147600.0
31
0
0
LINE
8
water
10
284850.0
20
144000.0
30
0
11
284850.0
21
147600.0
31
0
0
LINE
8
water
10
284850.0
20
144000.0
30
0
11
284880.31
21
144000.0
31
0
0
LINE
8
water
10
284880.31
20
144000.0
30
0
11
284819.69
21
144000.0
31
0
0
LINE
8
water
10
284819.69
20
144000.0
30
0
11
284850.0
21
144000.0
31
0
0
LINE
8
water
10
284815.0
20
147600.0
30
0
11
284867.5
21
147630.31
31
0
0
LINE
8
water
10
284867.5
20
147630.31
30
0
11
284867.5
21
147569.69
31
0
0
LINE
8
water
10
284867.5
20
147569.69
30
0
11
284815.0
21
147600.0
31
0
0
LINE
8
water
10
282500.0
20
144000.0
30
0
11
282537.8
21
144000.0
31
0
0
LINE
8
water
10
282537.8
20
144000.0
30
0
11
282500.0
21
144000.0
31
0
0
LINE
8
water
10
284850.0
20
144000.0
30
0
11
284887.8
21
144000.0
31
0
0
LINE
8
water
10
284887.8
20
144000.0
30
0
11
284850.0
21
144000.0
31
0
0
LINE
8
water
10
284850.0
20
147600.0
30
0
11
284887.8
21
147600.0
31
0
0
LINE
8
water
10
284887.8
20
147600.0
30
0
11
284850.0
21
147600.0
31
0
0
LINE
8
water
10
283614.0
20
144000.0
30
0
11
283614.0
21
143925.0
31
0
0
LINE
8
water
10
283614.0
20
143925.0
30
0
11
283614.0
21
144000.0
31
0
0
LINE
8
water
10
283614.0
20
144000.0
30
0
11
283614.0
21
144075.0
31
0
0
LINE
8
water
10
283614.0
20
144075.0
30
0
11
283614.0
21
144000.0
31
0
0
LINE
8
water
10
283214.0
20
144000.0
30
0
11
283614.0
21
144000.0
31
0
0
LINE
8
water
10
283214.0
20
144000.0
30
0
11
283214.0
21
143925.0
31
0
0
LINE
8
water
10
283214.0
20
143925.0
30
0
11
283214.0
21
144000.0
31
0
0
LINE
8
water
10
283214.0
20
144000.0
30
0
11
283214.0
21
144075.0
31
0
0
LINE
8
water
10
283214.0
20
144075.0
30
0
11
283214.0
21
144000.0
31
0
0
LINE
8
water
10
283504.0
20
144000.0
30
0
11
283441.81
21
144085.6
31
0
0
LINE
8
water
10
283441.81
20
144085.6
30
0
11
283341.19
21
144052.9
31
0
0
LINE
8
water
10
283341.19
20
144052.9
30
0
11
283341.19
21
143947.1
31
0
0
LINE
8
water
10
283341.19
20
143947.1
30
0
11
283441.81
21
143914.4
31
0
0
LINE
8
water
10
283441.81
20
143914.4
30
0
11
283504.0
21
144000.0
31
0
0
LINE
8
water
10
283224.0
20
143975.0
30
0
11
283224.0
21
144025.0
31
0
0
LINE
8
water
10
283604.0
20
143975.0
30
0
11
283604.0
21
144025.0
31
0
0
LINE
8
water
10
283224.0
20
143975.0
30
0
11
283604.0
21
143975.0
31
0
0
LINE
8
water
10
283224.0
20
144025.0
30
0
11
283604.0
21
144025.0
31
0
0
LINE
8
water
10
283289.0
20
144000.0
30
0
11
283289.0
21
143895.38
31
0
0
LINE
8
water
10
283289.0
20
143895.38
30
0
11
283289.0
21
143935.34
31
0
0
LINE
8
water
10
283289.0
20
143935.34
30
0
11
283289.0
21
144064.66
31
0
0
LINE
8
water
10
283289.0
20
144064.66
30
0
11
283289.0
21
144104.62
31
0
0
LINE
8
water
10
283289.0
20
144104.62
30
0
11
283289.0
21
144000.0
31
0
0
LINE
8
water
10
283264.0
20
144000.0
30
0
11
283289.0
21
144000.0
31
0
0
LINE
8
water
10
283264.0
20
144000.0
30
0
11
283264.0
21
143895.38
31
0
0
LINE
8
water
10
283264.0
20
143895.38
30
0
11
283264.0
21
143935.34
31
0
0
LINE
8
water
10
283264.0
20
143935.34
30
0
11
283264.0
21
144064.66
31
0
0
LINE
8
water
10
283264.0
20
144064.66
30
0
11
283264.0
21
144104.62
31
0
0
LINE
8
water
10
283264.0
20
144104.62
30
0
11
283264.0
21
144000.0
31
0
0
LINE
8
water
10
283589.0
20
144000.0
30
0
11
283589.0
21
143895.38
31
0
0
LINE
8
water
10
283589.0
20
143895.38
30
0
11
283589.0
21
143935.34
31
0
0
LINE
8
water
10
283589.0
20
143935.34
30
0
11
283589.0
21
144064.66
31
0
0
LINE
8
water
10
283589.0
20
144064.66
30
0
11
283589.0
21
144104.62
31
0
0
LINE
8
water
10
283589.0
20
144104.62
30
0
11
283589.0
21
144000.0
31
0
0
LINE
8
water
10
283564.0
20
144000.0
30
0
11
283589.0
21
144000.0
31
0
0
LINE
8
water
10
283564.0
20
144000.0
30
0
11
283564.0
21
143895.38
31
0
0
LINE
8
water
10
283564.0
20
143895.38
30
0
11
283564.0
21
143935.34
31
0
0
LINE
8
water
10
283564.0
20
143935.34
30
0
11
283564.0
21
144064.66
31
0
0
LINE
8
water
10
283564.0
20
144064.66
30
0
11
283564.0
21
144104.62
31
0
0
LINE
8
water
10
283564.0
20
144104.62
30
0
11
283564.0
21
144000.0
31
0
0
LINE
8
water
10
282850.0
20
144000.0
30
0
11
282880.31
21
144000.0
31
0
0
LINE
8
water
10
282880.31
20
144000.0
30
0
11
282819.69
21
144000.0
31
0
0
LINE
8
water
10
282819.69
20
144000.0
30
0
11
282850.0
21
144000.0
31
0
0
LINE
8
water
10
282850.0
20
125000.0
30
0
11
282850.0
21
144000.0
31
0
0
LINE
8
water
10
282850.0
20
125000.0
30
0
11
282880.31
21
125000.0
31
0
0
LINE
8
water
10
282880.31
20
125000.0
30
0
11
282819.69
21
125000.0
31
0
0
LINE
8
water
10
282819.69
20
125000.0
30
0
11
282850.0
21
125000.0
31
0
0
LINE
8
water
10
284730.0
20
144000.0
30
0
11
284730.0
21
143969.69
31
0
0
LINE
8
water
10
284730.0
20
143969.69
30
0
11
284730.0
21
144030.31
31
0
0
LINE
8
water
10
284730.0
20
144030.31
30
0
11
284730.0
21
144000.0
31
0
0
LINE
8
water
10
282850.0
20
144000.0
30
0
11
284730.0
21
144000.0
31
0
0
LINE
8
water
10
282850.0
20
144000.0
30
0
11
282850.0
21
143969.69
31
0
0
LINE
8
water
10
282850.0
20
143969.69
30
0
11
282850.0
21
144030.31
31
0
0
LINE
8
water
10
282850.0
20
144030.31
30
0
11
282850.0
21
144000.0
31
0
0
LINE
8
water
10
284730.0
20
147600.0
30
0
11
284760.31
21
147600.0
31
0
0
LINE
8
water
10
284760.31
20
147600.0
30
0
11
284699.69
21
147600.0
31
0
0
LINE
8
water
10
284699.69
20
147600.0
30
0
11
284730.0
21
147600.0
31
0
0
LINE
8
water
10
284730.0
20
144000.0
30
0
11
284730.0
21
147600.0
31
0
0
LINE
8
water
10
284730.0
20
144000.0
30
0
11
284760.31
21
144000.0
31
0
0
LINE
8
water
10
284760.31
20
144000.0
30
0
11
284699.69
21
144000.0
31
0
0
LINE
8
water
10
284699.69
20
144000.0
30
0
11
284730.0
21
144000.0
31
0
0
LINE
8
water
10
284695.0
20
147600.0
30
0
11
284747.5
21
147630.31
31
0
0
LINE
8
water
10
284747.5
20
147630.31
30
0
11
284747.5
21
147569.69
31
0
0
LINE
8
water
10
284747.5
20
147569.69
30
0
11
284695.0
21
147600.0
31
0
0
LINE
8
water
10
282850.0
20
144000.0
30
0
11
282887.8
21
144000.0
31
0
0
LINE
8
water
10
282887.8
20
144000.0
30
0
11
282850.0
21
144000.0
31
0
0
LINE
8
water
10
284730.0
20
144000.0
30
0
11
284767.8
21
144000.0
31
0
0
LINE
8
water
10
284767.8
20
144000.0
30
0
11
284730.0
21
144000.0
31
0
0
LINE
8
water
10
284730.0
20
147600.0
30
0
11
284767.8
21
147600.0
31
0
0
LINE
8
water
10
284767.8
20
147600.0
30
0
11
284730.0
21
147600.0
31
0
0
LINE
8
sensors
10
276940.0
20
144796.0
30
0
11
276940.0
21
144956.0
31
0
0
LINE
8
sensors
10
277040.0
20
144796.0
30
0
11
277040.0
21
144956.0
31
0
0
LINE
8
sensors
10
276940.0
20
144796.0
30
0
11
277040.0
21
144796.0
31
0
0
LINE
8
sensors
10
276940.0
20
144956.0
30
0
11
277040.0
21
144956.0
31
0
0
LINE
8
sensors
10
277045.0
20
144821.0
30
0
11
277045.0
21
144931.0
31
0
0
LINE
8
sensors
10
277065.0
20
144821.0
30
0
11
277065.0
21
144931.0
31
0
0
LINE
8
sensors
10
277045.0
20
144821.0
30
0
11
277065.0
21
144821.0
31
0
0
LINE
8
sensors
10
277045.0
20
144931.0
30
0
11
277065.0
21
144931.0
31
0
0
LINE
8
sensors
10
276940.0
20
145096.0
30
0
11
276940.0
21
145256.0
31
0
0
LINE
8
sensors
10
277040.0
20
145096.0
30
0
11
277040.0
21
145256.0
31
0
0
LINE
8
sensors
10
276940.0
20
145096.0
30
0
11
277040.0
21
145096.0
31
0
0
LINE
8
sensors
10
276940.0
20
145256.0
30
0
11
277040.0
21
145256.0
31
0
0
LINE
8
sensors
10
277045.0
20
145121.0
30
0
11
277045.0
21
145231.0
31
0
0
LINE
8
sensors
10
277065.0
20
145121.0
30
0
11
277065.0
21
145231.0
31
0
0
LINE
8
sensors
10
277045.0
20
145121.0
30
0
11
277065.0
21
145121.0
31
0
0
LINE
8
sensors
10
277045.0
20
145231.0
30
0
11
277065.0
21
145231.0
31
0
0
LINE
8
sensors
10
276940.0
20
145396.0
30
0
11
276940.0
21
145556.0
31
0
0
LINE
8
sensors
10
277040.0
20
145396.0
30
0
11
277040.0
21
145556.0
31
0
0
LINE
8
sensors
10
276940.0
20
145396.0
30
0
11
277040.0
21
145396.0
31
0
0
LINE
8
sensors
10
276940.0
20
145556.0
30
0
11
277040.0
21
145556.0
31
0
0
LINE
8
sensors
10
277045.0
20
145421.0
30
0
11
277045.0
21
145531.0
31
0
0
LINE
8
sensors
10
277065.0
20
145421.0
30
0
11
277065.0
21
145531.0
31
0
0
LINE
8
sensors
10
277045.0
20
145421.0
30
0
11
277065.0
21
145421.0
31
0
0
LINE
8
sensors
10
277045.0
20
145531.0
30
0
11
277065.0
21
145531.0
31
0
0
LINE
8
sensors
10
281480.0
20
146500.0
30
0
11
281400.0
21
146580.0
31
0
0
LINE
8
sensors
10
281400.0
20
146580.0
30
0
11
281320.0
21
146500.0
31
0
0
LINE
8
sensors
10
281320.0
20
146500.0
30
0
11
281400.0
21
146420.0
31
0
0
LINE
8
sensors
10
281400.0
20
146420.0
30
0
11
281480.0
21
146500.0
31
0
0
LINE
8
sensors
10
281400.0
20
146500.0
30
0
11
281465.0
21
146500.0
31
0
0
LINE
8
sensors
10
281465.0
20
146500.0
30
0
11
281400.0
21
146500.0
31
0
0
LINE
8
sensors
10
276940.0
20
145996.0
30
0
11
276940.0
21
146156.0
31
0
0
LINE
8
sensors
10
277040.0
20
145996.0
30
0
11
277040.0
21
146156.0
31
0
0
LINE
8
sensors
10
276940.0
20
145996.0
30
0
11
277040.0
21
145996.0
31
0
0
LINE
8
sensors
10
276940.0
20
146156.0
30
0
11
277040.0
21
146156.0
31
0
0
LINE
8
sensors
10
277045.0
20
146021.0
30
0
11
277045.0
21
146131.0
31
0
0
LINE
8
sensors
10
277065.0
20
146021.0
30
0
11
277065.0
21
146131.0
31
0
0
LINE
8
sensors
10
277045.0
20
146021.0
30
0
11
277065.0
21
146021.0
31
0
0
LINE
8
sensors
10
277045.0
20
146131.0
30
0
11
277065.0
21
146131.0
31
0
0
LINE
8
sensors
10
284137.5
20
144000.0
30
0
11
284137.5
21
143925.0
31
0
0
LINE
8
sensors
10
284137.5
20
143925.0
30
0
11
284137.5
21
144000.0
31
0
0
LINE
8
sensors
10
284137.5
20
144000.0
30
0
11
284137.5
21
144075.0
31
0
0
LINE
8
sensors
10
284137.5
20
144075.0
30
0
11
284137.5
21
144000.0
31
0
0
LINE
8
sensors
10
283917.5
20
144000.0
30
0
11
284137.5
21
144000.0
31
0
0
LINE
8
sensors
10
283917.5
20
144000.0
30
0
11
283917.5
21
143925.0
31
0
0
LINE
8
sensors
10
283917.5
20
143925.0
30
0
11
283917.5
21
144000.0
31
0
0
LINE
8
sensors
10
283917.5
20
144000.0
30
0
11
283917.5
21
144075.0
31
0
0
LINE
8
sensors
10
283917.5
20
144075.0
30
0
11
283917.5
21
144000.0
31
0
0
LINE
8
sensors
10
283947.5
20
143930.0
30
0
11
283947.5
21
144070.0
31
0
0
LINE
8
sensors
10
284107.5
20
143930.0
30
0
11
284107.5
21
144070.0
31
0
0
LINE
8
sensors
10
283947.5
20
143930.0
30
0
11
284107.5
21
143930.0
31
0
0
LINE
8
sensors
10
283947.5
20
144070.0
30
0
11
284107.5
21
144070.0
31
0
0
LINE
8
sensors
10
284182.0
20
144000.0
30
0
11
284182.0
21
143925.0
31
0
0
LINE
8
sensors
10
284182.0
20
143925.0
30
0
11
284182.0
21
144000.0
31
0
0
LINE
8
sensors
10
284182.0
20
144000.0
30
0
11
284182.0
21
144075.0
31
0
0
LINE
8
sensors
10
284182.0
20
144075.0
30
0
11
284182.0
21
144000.0
31
0
0
LINE
8
sensors
10
283962.0
20
144000.0
30
0
11
284182.0
21
144000.0
31
0
0
LINE
8
sensors
10
283962.0
20
144000.0
30
0
11
283962.0
21
143925.0
31
0
0
LINE
8
sensors
10
283962.0
20
143925.0
30
0
11
283962.0
21
144000.0
31
0
0
LINE
8
sensors
10
283962.0
20
144000.0
30
0
11
283962.0
21
144075.0
31
0
0
LINE
8
sensors
10
283962.0
20
144075.0
30
0
11
283962.0
21
144000.0
31
0
0
LINE
8
sensors
10
283992.0
20
143930.0
30
0
11
283992.0
21
144070.0
31
0
0
LINE
8
sensors
10
284152.0
20
143930.0
30
0
11
284152.0
21
144070.0
31
0
0
LINE
8
sensors
10
283992.0
20
143930.0
30
0
11
284152.0
21
143930.0
31
0
0
LINE
8
sensors
10
283992.0
20
144070.0
30
0
11
284152.0
21
144070.0
31
0
0
LINE
8
interiors
10
276900.0
20
122500.0
30
0
11
276900.0
21
140500.0
31
0
0
LINE
8
interiors
10
276900.0
20
122500.0
30
0
11
280200.0
21
122500.0
31
0
0
LINE
8
interiors
10
280200.0
20
122500.0
30
0
11
282600.0
21
122500.0
31
0
0
LINE
8
interiors
10
282600.0
20
122500.0
30
0
11
285900.0
21
122500.0
31
0
0
LINE
8
interiors
10
276900.0
20
122500.0
30
0
11
285900.0
21
122500.0
31
0
0
LINE
8
interiors
10
276900.0
20
140500.0
30
0
11
285900.0
21
140500.0
31
0
0
LINE
8
interiors
10
285900.0
20
122500.0
30
0
11
285900.0
21
140500.0
31
0
0
LINE
8
interiors
10
285780.0
20
122620.0
30
0
11
277020.0
21
122620.0
31
0
0
LINE
8
interiors
10
285780.0
20
122620.0
30
0
11
285780.0
21
140380.0
31
0
0
LINE
8
interiors
10
285780.0
20
140380.0
30
0
11
277020.0
21
140380.0
31
0
0
LINE
8
interiors
10
277020.0
20
122620.0
30
0
11
277020.0
21
140380.0
31
0
0
LINE
8
interiors
10
279060.0
20
140500.0
30
0
11
283740.0
21
140500.0
31
0
0
LINE
8
interiors
10
282600.0
20
122500.0
30
0
11
282600.0
21
122620.0
31
0
0
LINE
8
interiors
10
285780.0
20
122620.0
30
0
11
282600.0
21
122620.0
31
0
0
LINE
8
interiors
10
280200.0
20
122620.0
30
0
11
277020.0
21
122620.0
31
0
0
LINE
8
interiors
10
280200.0
20
122500.0
30
0
11
280200.0
21
122620.0
31
0
0
LINE
8
interiors
10
280200.0
20
122620.0
30
0
11
282600.0
21
122620.0
31
0
0
LINE
8
interiors
10
279060.0
20
140380.0
30
0
11
283740.0
21
140380.0
31
0
0
LINE
8
interiors
10
279060.0
20
140380.0
30
0
11
279060.0
21
140500.0
31
0
0
LINE
8
interiors
10
283740.0
20
140380.0
30
0
11
283740.0
21
140500.0
31
0
0
LINE
8
interiors
10
279060.0
20
140477.5
30
0
11
279060.0
21
140522.5
31
0
0
LINE
8
interiors
10
283740.0
20
140477.5
30
0
11
283740.0
21
140522.5
31
0
0
LINE
8
interiors
10
279060.0
20
140477.5
30
0
11
283740.0
21
140477.5
31
0
0
LINE
8
interiors
10
279060.0
20
140522.5
30
0
11
283740.0
21
140522.5
31
0
0
LINE
8
interiors
10
277025.0
20
122625.0
30
0
11
277025.0
21
140375.0
31
0
0
LINE
8
interiors
10
285775.0
20
122625.0
30
0
11
285775.0
21
140375.0
31
0
0
LINE
8
interiors
10
277025.0
20
122625.0
30
0
11
285775.0
21
122625.0
31
0
0
LINE
8
interiors
10
277025.0
20
140375.0
30
0
11
285775.0
21
140375.0
31
0
0
LINE
8
interiors
10
280245.0
20
122380.0
30
0
11
280245.0
21
122620.0
31
0
0
LINE
8
interiors
10
280315.0
20
122380.0
30
0
11
280315.0
21
122620.0
31
0
0
LINE
8
interiors
10
280245.0
20
122380.0
30
0
11
280315.0
21
122380.0
31
0
0
LINE
8
interiors
10
280245.0
20
122620.0
30
0
11
280315.0
21
122620.0
31
0
0
LINE
8
interiors
10
282485.0
20
122380.0
30
0
11
282485.0
21
122620.0
31
0
0
LINE
8
interiors
10
282555.0
20
122380.0
30
0
11
282555.0
21
122620.0
31
0
0
LINE
8
interiors
10
282485.0
20
122380.0
30
0
11
282555.0
21
122380.0
31
0
0
LINE
8
interiors
10
282485.0
20
122620.0
30
0
11
282555.0
21
122620.0
31
0
0
LINE
8
interiors
10
280250.0
20
122380.0
30
0
11
280250.0
21
122620.0
31
0
0
LINE
8
interiors
10
282550.0
20
122380.0
30
0
11
282550.0
21
122620.0
31
0
0
LINE
8
interiors
10
280250.0
20
122380.0
30
0
11
282550.0
21
122380.0
31
0
0
LINE
8
interiors
10
280250.0
20
122620.0
30
0
11
282550.0
21
122620.0
31
0
0
LINE
8
interiors
10
280330.39
20
122590.49
30
0
11
280289.61
21
122609.51
31
0
0
LINE
8
interiors
10
280786.82
20
123569.3
30
0
11
280746.04
21
123588.32
31
0
0
LINE
8
interiors
10
280330.39
20
122590.49
30
0
11
280786.82
21
123569.3
31
0
0
LINE
8
interiors
10
280289.61
20
122609.51
30
0
11
280746.04
21
123588.32
31
0
0
LINE
8
interiors
10
277855.0
20
134600.0
30
0
11
277855.0
21
135600.0
31
0
0
LINE
8
interiors
10
277945.0
20
134600.0
30
0
11
277945.0
21
135600.0
31
0
0
LINE
8
interiors
10
277855.0
20
134600.0
30
0
11
277945.0
21
134600.0
31
0
0
LINE
8
interiors
10
277855.0
20
135600.0
30
0
11
277945.0
21
135600.0
31
0
0
LINE
8
interiors
10
280355.0
20
134600.0
30
0
11
280355.0
21
135600.0
31
0
0
LINE
8
interiors
10
280445.0
20
134600.0
30
0
11
280445.0
21
135600.0
31
0
0
LINE
8
interiors
10
280355.0
20
134600.0
30
0
11
280445.0
21
134600.0
31
0
0
LINE
8
interiors
10
280355.0
20
135600.0
30
0
11
280445.0
21
135600.0
31
0
0
LINE
8
interiors
10
277850.0
20
134600.0
30
0
11
277850.0
21
135600.0
31
0
0
LINE
8
interiors
10
280450.0
20
134600.0
30
0
11
280450.0
21
135600.0
31
0
0
LINE
8
interiors
10
277850.0
20
134600.0
30
0
11
280450.0
21
134600.0
31
0
0
LINE
8
interiors
10
277850.0
20
135600.0
30
0
11
280450.0
21
135600.0
31
0
0
LINE
8
interiors
10
282355.0
20
134600.0
30
0
11
282355.0
21
135600.0
31
0
0
LINE
8
interiors
10
282445.0
20
134600.0
30
0
11
282445.0
21
135600.0
31
0
0
LINE
8
interiors
10
282355.0
20
134600.0
30
0
11
282445.0
21
134600.0
31
0
0
LINE
8
interiors
10
282355.0
20
135600.0
30
0
11
282445.0
21
135600.0
31
0
0
LINE
8
interiors
10
284855.0
20
134600.0
30
0
11
284855.0
21
135600.0
31
0
0
LINE
8
interiors
10
284945.0
20
134600.0
30
0
11
284945.0
21
135600.0
31
0
0
LINE
8
interiors
10
284855.0
20
134600.0
30
0
11
284945.0
21
134600.0
31
0
0
LINE
8
interiors
10
284855.0
20
135600.0
30
0
11
284945.0
21
135600.0
31
0
0
LINE
8
interiors
10
282350.0
20
134600.0
30
0
11
282350.0
21
135600.0
31
0
0
LINE
8
interiors
10
284950.0
20
134600.0
30
0
11
284950.0
21
135600.0
31
0
0
LINE
8
interiors
10
282350.0
20
134600.0
30
0
11
284950.0
21
134600.0
31
0
0
LINE
8
interiors
10
282350.0
20
135600.0
30
0
11
284950.0
21
135600.0
31
0
0
LINE
8
electrical
10
285175.0
20
122575.0
30
0
11
285175.0
21
122825.0
31
0
0
LINE
8
electrical
10
285725.0
20
122575.0
30
0
11
285725.0
21
122825.0
31
0
0
LINE
8
electrical
10
285175.0
20
122575.0
30
0
11
285725.0
21
122575.0
31
0
0
LINE
8
electrical
10
285175.0
20
122825.0
30
0
11
285725.0
21
122825.0
31
0
0
LINE
8
electrical
10
285215.0
20
122547.5
30
0
11
285215.0
21
122582.5
31
0
0
LINE
8
electrical
10
285685.0
20
122547.5
30
0
11
285685.0
21
122582.5
31
0
0
LINE
8
electrical
10
285215.0
20
122547.5
30
0
11
285685.0
21
122547.5
31
0
0
LINE
8
electrical
10
285215.0
20
122582.5
30
0
11
285685.0
21
122582.5
31
0
0
LINE
8
electrical
10
285262.5
20
122510.0
30
0
11
285262.5
21
122550.0
31
0
0
LINE
8
electrical
10
285362.5
20
122510.0
30
0
11
285362.5
21
122550.0
31
0
0
LINE
8
electrical
10
285262.5
20
122510.0
30
0
11
285362.5
21
122510.0
31
0
0
LINE
8
electrical
10
285262.5
20
122550.0
30
0
11
285362.5
21
122550.0
31
0
0
LINE
8
electrical
10
285400.0
20
122510.0
30
0
11
285400.0
21
122550.0
31
0
0
LINE
8
electrical
10
285500.0
20
122510.0
30
0
11
285500.0
21
122550.0
31
0
0
LINE
8
electrical
10
285400.0
20
122510.0
30
0
11
285500.0
21
122510.0
31
0
0
LINE
8
electrical
10
285400.0
20
122550.0
30
0
11
285500.0
21
122550.0
31
0
0
LINE
8
electrical
10
285537.5
20
122510.0
30
0
11
285537.5
21
122550.0
31
0
0
LINE
8
electrical
10
285637.5
20
122510.0
30
0
11
285637.5
21
122550.0
31
0
0
LINE
8
electrical
10
285537.5
20
122510.0
30
0
11
285637.5
21
122510.0
31
0
0
LINE
8
electrical
10
285537.5
20
122550.0
30
0
11
285637.5
21
122550.0
31
0
0
LINE
8
electrical
10
285312.5
20
122495.0
30
0
11
285335.88
21
122495.0
31
0
0
LINE
8
electrical
10
285335.88
20
122495.0
30
0
11
285289.12
21
122495.0
31
0
0
LINE
8
electrical
10
285289.12
20
122495.0
30
0
11
285312.5
21
122495.0
31
0
0
LINE
8
electrical
10
285312.5
20
122520.0
30
0
11
285312.5
21
122495.0
31
0
0
LINE
8
electrical
10
285312.5
20
122520.0
30
0
11
285335.88
21
122520.0
31
0
0
LINE
8
electrical
10
285335.88
20
122520.0
30
0
11
285289.12
21
122520.0
31
0
0
LINE
8
electrical
10
285289.12
20
122520.0
30
0
11
285312.5
21
122520.0
31
0
0
LINE
8
electrical
10
285450.0
20
122495.0
30
0
11
285473.38
21
122495.0
31
0
0
LINE
8
electrical
10
285473.38
20
122495.0
30
0
11
285426.62
21
122495.0
31
0
0
LINE
8
electrical
10
285426.62
20
122495.0
30
0
11
285450.0
21
122495.0
31
0
0
LINE
8
electrical
10
285450.0
20
122520.0
30
0
11
285450.0
21
122495.0
31
0
0
LINE
8
electrical
10
285450.0
20
122520.0
30
0
11
285473.38
21
122520.0
31
0
0
LINE
8
electrical
10
285473.38
20
122520.0
30
0
11
285426.62
21
122520.0
31
0
0
LINE
8
electrical
10
285426.62
20
122520.0
30
0
11
285450.0
21
122520.0
31
0
0
LINE
8
electrical
10
285587.5
20
122495.0
30
0
11
285610.88
21
122495.0
31
0
0
LINE
8
electrical
10
285610.88
20
122495.0
30
0
11
285564.12
21
122495.0
31
0
0
LINE
8
electrical
10
285564.12
20
122495.0
30
0
11
285587.5
21
122495.0
31
0
0
LINE
8
electrical
10
285587.5
20
122520.0
30
0
11
285587.5
21
122495.0
31
0
0
LINE
8
electrical
10
285587.5
20
122520.0
30
0
11
285610.88
21
122520.0
31
0
0
LINE
8
electrical
10
285610.88
20
122520.0
30
0
11
285564.12
21
122520.0
31
0
0
LINE
8
electrical
10
285564.12
20
122520.0
30
0
11
285587.5
21
122520.0
31
0
0
LINE
8
electrical
10
285450.0
20
122700.0
30
0
11
285465.59
21
122700.0
31
0
0
LINE
8
electrical
10
285465.59
20
122700.0
30
0
11
285434.41
21
122700.0
31
0
0
LINE
8
electrical
10
285434.41
20
122700.0
30
0
11
285450.0
21
122700.0
31
0
0
LINE
8
electrical
10
285450.0
20
122200.0
30
0
11
285450.0
21
122700.0
31
0
0
LINE
8
electrical
10
285450.0
20
122200.0
30
0
11
285465.59
21
122200.0
31
0
0
LINE
8
electrical
10
285465.59
20
122200.0
30
0
11
285434.41
21
122200.0
31
0
0
LINE
8
electrical
10
285434.41
20
122200.0
30
0
11
285450.0
21
122200.0
31
0
0
LINE
8
electrical
10
285432.0
20
122700.0
30
0
11
285459.0
21
122715.59
31
0
0
LINE
8
electrical
10
285459.0
20
122715.59
30
0
11
285459.0
21
122684.41
31
0
0
LINE
8
electrical
10
285459.0
20
122684.41
30
0
11
285432.0
21
122700.0
31
0
0
LINE
8
electrical
10
285450.0
20
122700.0
30
0
11
285469.44
21
122700.0
31
0
0
LINE
8
electrical
10
285469.44
20
122700.0
30
0
11
285450.0
21
122700.0
31
0
0
LINE
8
lighting
10
277840.0
20
125060.0
30
0
11
277840.0
21
125700.0
31
0
0
LINE
8
lighting
10
278480.0
20
125060.0
30
0
11
278480.0
21
125700.0
31
0
0
LINE
8
lighting
10
277840.0
20
125060.0
30
0
11
278480.0
21
125060.0
31
0
0
LINE
8
lighting
10
277840.0
20
125700.0
30
0
11
278480.0
21
125700.0
31
0
0
LINE
8
lighting
10
277880.0
20
125100.0
30
0
11
277880.0
21
125660.0
31
0
0
LINE
8
lighting
10
278440.0
20
125100.0
30
0
11
278440.0
21
125660.0
31
0
0
LINE
8
lighting
10
277880.0
20
125100.0
30
0
11
278440.0
21
125100.0
31
0
0
LINE
8
lighting
10
277880.0
20
125660.0
30
0
11
278440.0
21
125660.0
31
0
0
LINE
8
lighting
10
277914.0
20
125110.0
30
0
11
277914.0
21
125650.0
31
0
0
LINE
8
lighting
10
277926.0
20
125110.0
30
0
11
277926.0
21
125650.0
31
0
0
LINE
8
lighting
10
277914.0
20
125110.0
30
0
11
277926.0
21
125110.0
31
0
0
LINE
8
lighting
10
277914.0
20
125650.0
30
0
11
277926.0
21
125650.0
31
0
0
LINE
8
lighting
10
277994.0
20
125110.0
30
0
11
277994.0
21
125650.0
31
0
0
LINE
8
lighting
10
278006.0
20
125110.0
30
0
11
278006.0
21
125650.0
31
0
0
LINE
8
lighting
10
277994.0
20
125110.0
30
0
11
278006.0
21
125110.0
31
0
0
LINE
8
lighting
10
277994.0
20
125650.0
30
0
11
278006.0
21
125650.0
31
0
0
LINE
8
lighting
10
278074.0
20
125110.0
30
0
11
278074.0
21
125650.0
31
0
0
LINE
8
lighting
10
278086.0
20
125110.0
30
0
11
278086.0
21
125650.0
31
0
0
LINE
8
lighting
10
278074.0
20
125110.0
30
0
11
278086.0
21
125110.0
31
0
0
LINE
8
lighting
10
278074.0
20
125650.0
30
0
11
278086.0
21
125650.0
31
0
0
LINE
8
lighting
10
278154.0
20
125110.0
30
0
11
278154.0
21
125650.0
31
0
0
LINE
8
lighting
10
278166.0
20
125110.0
30
0
11
278166.0
21
125650.0
31
0
0
LINE
8
lighting
10
278154.0
20
125110.0
30
0
11
278166.0
21
125110.0
31
0
0
LINE
8
lighting
10
278154.0
20
125650.0
30
0
11
278166.0
21
125650.0
31
0
0
LINE
8
lighting
10
278234.0
20
125110.0
30
0
11
278234.0
21
125650.0
31
0
0
LINE
8
lighting
10
278246.0
20
125110.0
30
0
11
278246.0
21
125650.0
31
0
0
LINE
8
lighting
10
278234.0
20
125110.0
30
0
11
278246.0
21
125110.0
31
0
0
LINE
8
lighting
10
278234.0
20
125650.0
30
0
11
278246.0
21
125650.0
31
0
0
LINE
8
lighting
10
278314.0
20
125110.0
30
0
11
278314.0
21
125650.0
31
0
0
LINE
8
lighting
10
278326.0
20
125110.0
30
0
11
278326.0
21
125650.0
31
0
0
LINE
8
lighting
10
278314.0
20
125110.0
30
0
11
278326.0
21
125110.0
31
0
0
LINE
8
lighting
10
278314.0
20
125650.0
30
0
11
278326.0
21
125650.0
31
0
0
LINE
8
lighting
10
278394.0
20
125110.0
30
0
11
278394.0
21
125650.0
31
0
0
LINE
8
lighting
10
278406.0
20
125110.0
30
0
11
278406.0
21
125650.0
31
0
0
LINE
8
lighting
10
278394.0
20
125110.0
30
0
11
278406.0
21
125110.0
31
0
0
LINE
8
lighting
10
278394.0
20
125650.0
30
0
11
278406.0
21
125650.0
31
0
0
LINE
8
lighting
10
278169.0
20
125380.0
30
0
11
278155.5
21
125387.79
31
0
0
LINE
8
lighting
10
278155.5
20
125387.79
30
0
11
278155.5
21
125372.21
31
0
0
LINE
8
lighting
10
278155.5
20
125372.21
30
0
11
278169.0
21
125380.0
31
0
0
LINE
8
lighting
10
284320.0
20
125060.0
30
0
11
284320.0
21
125700.0
31
0
0
LINE
8
lighting
10
284960.0
20
125060.0
30
0
11
284960.0
21
125700.0
31
0
0
LINE
8
lighting
10
284320.0
20
125060.0
30
0
11
284960.0
21
125060.0
31
0
0
LINE
8
lighting
10
284320.0
20
125700.0
30
0
11
284960.0
21
125700.0
31
0
0
LINE
8
lighting
10
284360.0
20
125100.0
30
0
11
284360.0
21
125660.0
31
0
0
LINE
8
lighting
10
284920.0
20
125100.0
30
0
11
284920.0
21
125660.0
31
0
0
LINE
8
lighting
10
284360.0
20
125100.0
30
0
11
284920.0
21
125100.0
31
0
0
LINE
8
lighting
10
284360.0
20
125660.0
30
0
11
284920.0
21
125660.0
31
0
0
LINE
8
lighting
10
284394.0
20
125110.0
30
0
11
284394.0
21
125650.0
31
0
0
LINE
8
lighting
10
284406.0
20
125110.0
30
0
11
284406.0
21
125650.0
31
0
0
LINE
8
lighting
10
284394.0
20
125110.0
30
0
11
284406.0
21
125110.0
31
0
0
LINE
8
lighting
10
284394.0
20
125650.0
30
0
11
284406.0
21
125650.0
31
0
0
LINE
8
lighting
10
284474.0
20
125110.0
30
0
11
284474.0
21
125650.0
31
0
0
LINE
8
lighting
10
284486.0
20
125110.0
30
0
11
284486.0
21
125650.0
31
0
0
LINE
8
lighting
10
284474.0
20
125110.0
30
0
11
284486.0
21
125110.0
31
0
0
LINE
8
lighting
10
284474.0
20
125650.0
30
0
11
284486.0
21
125650.0
31
0
0
LINE
8
lighting
10
284554.0
20
125110.0
30
0
11
284554.0
21
125650.0
31
0
0
LINE
8
lighting
10
284566.0
20
125110.0
30
0
11
284566.0
21
125650.0
31
0
0
LINE
8
lighting
10
284554.0
20
125110.0
30
0
11
284566.0
21
125110.0
31
0
0
LINE
8
lighting
10
284554.0
20
125650.0
30
0
11
284566.0
21
125650.0
31
0
0
LINE
8
lighting
10
284634.0
20
125110.0
30
0
11
284634.0
21
125650.0
31
0
0
LINE
8
lighting
10
284646.0
20
125110.0
30
0
11
284646.0
21
125650.0
31
0
0
LINE
8
lighting
10
284634.0
20
125110.0
30
0
11
284646.0
21
125110.0
31
0
0
LINE
8
lighting
10
284634.0
20
125650.0
30
0
11
284646.0
21
125650.0
31
0
0
LINE
8
lighting
10
284714.0
20
125110.0
30
0
11
284714.0
21
125650.0
31
0
0
LINE
8
lighting
10
284726.0
20
125110.0
30
0
11
284726.0
21
125650.0
31
0
0
LINE
8
lighting
10
284714.0
20
125110.0
30
0
11
284726.0
21
125110.0
31
0
0
LINE
8
lighting
10
284714.0
20
125650.0
30
0
11
284726.0
21
125650.0
31
0
0
LINE
8
lighting
10
284794.0
20
125110.0
30
0
11
284794.0
21
125650.0
31
0
0
LINE
8
lighting
10
284806.0
20
125110.0
30
0
11
284806.0
21
125650.0
31
0
0
LINE
8
lighting
10
284794.0
20
125110.0
30
0
11
284806.0
21
125110.0
31
0
0
LINE
8
lighting
10
284794.0
20
125650.0
30
0
11
284806.0
21
125650.0
31
0
0
LINE
8
lighting
10
284874.0
20
125110.0
30
0
11
284874.0
21
125650.0
31
0
0
LINE
8
lighting
10
284886.0
20
125110.0
30
0
11
284886.0
21
125650.0
31
0
0
LINE
8
lighting
10
284874.0
20
125110.0
30
0
11
284886.0
21
125110.0
31
0
0
LINE
8
lighting
10
284874.0
20
125650.0
30
0
11
284886.0
21
125650.0
31
0
0
LINE
8
lighting
10
284649.0
20
125380.0
30
0
11
284635.5
21
125387.79
31
0
0
LINE
8
lighting
10
284635.5
20
125387.79
30
0
11
284635.5
21
125372.21
31
0
0
LINE
8
lighting
10
284635.5
20
125372.21
30
0
11
284649.0
21
125380.0
31
0
0
LINE
8
lighting
10
277840.0
20
137300.0
30
0
11
277840.0
21
137940.0
31
0
0
LINE
8
lighting
10
278480.0
20
137300.0
30
0
11
278480.0
21
137940.0
31
0
0
LINE
8
lighting
10
277840.0
20
137300.0
30
0
11
278480.0
21
137300.0
31
0
0
LINE
8
lighting
10
277840.0
20
137940.0
30
0
11
278480.0
21
137940.0
31
0
0
LINE
8
lighting
10
277880.0
20
137340.0
30
0
11
277880.0
21
137900.0
31
0
0
LINE
8
lighting
10
278440.0
20
137340.0
30
0
11
278440.0
21
137900.0
31
0
0
LINE
8
lighting
10
277880.0
20
137340.0
30
0
11
278440.0
21
137340.0
31
0
0
LINE
8
lighting
10
277880.0
20
137900.0
30
0
11
278440.0
21
137900.0
31
0
0
LINE
8
lighting
10
277914.0
20
137350.0
30
0
11
277914.0
21
137890.0
31
0
0
LINE
8
lighting
10
277926.0
20
137350.0
30
0
11
277926.0
21
137890.0
31
0
0
LINE
8
lighting
10
277914.0
20
137350.0
30
0
11
277926.0
21
137350.0
31
0
0
LINE
8
lighting
10
277914.0
20
137890.0
30
0
11
277926.0
21
137890.0
31
0
0
LINE
8
lighting
10
277994.0
20
137350.0
30
0
11
277994.0
21
137890.0
31
0
0
LINE
8
lighting
10
278006.0
20
137350.0
30
0
11
278006.0
21
137890.0
31
0
0
LINE
8
lighting
10
277994.0
20
137350.0
30
0
11
278006.0
21
137350.0
31
0
0
LINE
8
lighting
10
277994.0
20
137890.0
30
0
11
278006.0
21
137890.0
31
0
0
LINE
8
lighting
10
278074.0
20
137350.0
30
0
11
278074.0
21
137890.0
31
0
0
LINE
8
lighting
10
278086.0
20
137350.0
30
0
11
278086.0
21
137890.0
31
0
0
LINE
8
lighting
10
278074.0
20
137350.0
30
0
11
278086.0
21
137350.0
31
0
0
LINE
8
lighting
10
278074.0
20
137890.0
30
0
11
278086.0
21
137890.0
31
0
0
LINE
8
lighting
10
278154.0
20
137350.0
30
0
11
278154.0
21
137890.0
31
0
0
LINE
8
lighting
10
278166.0
20
137350.0
30
0
11
278166.0
21
137890.0
31
0
0
LINE
8
lighting
10
278154.0
20
137350.0
30
0
11
278166.0
21
137350.0
31
0
0
LINE
8
lighting
10
278154.0
20
137890.0
30
0
11
278166.0
21
137890.0
31
0
0
LINE
8
lighting
10
278234.0
20
137350.0
30
0
11
278234.0
21
137890.0
31
0
0
LINE
8
lighting
10
278246.0
20
137350.0
30
0
11
278246.0
21
137890.0
31
0
0
LINE
8
lighting
10
278234.0
20
137350.0
30
0
11
278246.0
21
137350.0
31
0
0
LINE
8
lighting
10
278234.0
20
137890.0
30
0
11
278246.0
21
137890.0
31
0
0
LINE
8
lighting
10
278314.0
20
137350.0
30
0
11
278314.0
21
137890.0
31
0
0
LINE
8
lighting
10
278326.0
20
137350.0
30
0
11
278326.0
21
137890.0
31
0
0
LINE
8
lighting
10
278314.0
20
137350.0
30
0
11
278326.0
21
137350.0
31
0
0
LINE
8
lighting
10
278314.0
20
137890.0
30
0
11
278326.0
21
137890.0
31
0
0
LINE
8
lighting
10
278394.0
20
137350.0
30
0
11
278394.0
21
137890.0
31
0
0
LINE
8
lighting
10
278406.0
20
137350.0
30
0
11
278406.0
21
137890.0
31
0
0
LINE
8
lighting
10
278394.0
20
137350.0
30
0
11
278406.0
21
137350.0
31
0
0
LINE
8
lighting
10
278394.0
20
137890.0
30
0
11
278406.0
21
137890.0
31
0
0
LINE
8
lighting
10
278169.0
20
137620.0
30
0
11
278155.5
21
137627.79
31
0
0
LINE
8
lighting
10
278155.5
20
137627.79
30
0
11
278155.5
21
137612.21
31
0
0
LINE
8
lighting
10
278155.5
20
137612.21
30
0
11
278169.0
21
137620.0
31
0
0
LINE
8
lighting
10
284320.0
20
137300.0
30
0
11
284320.0
21
137940.0
31
0
0
LINE
8
lighting
10
284960.0
20
137300.0
30
0
11
284960.0
21
137940.0
31
0
0
LINE
8
lighting
10
284320.0
20
137300.0
30
0
11
284960.0
21
137300.0
31
0
0
LINE
8
lighting
10
284320.0
20
137940.0
30
0
11
284960.0
21
137940.0
31
0
0
LINE
8
lighting
10
284360.0
20
137340.0
30
0
11
284360.0
21
137900.0
31
0
0
LINE
8
lighting
10
284920.0
20
137340.0
30
0
11
284920.0
21
137900.0
31
0
0
LINE
8
lighting
10
284360.0
20
137340.0
30
0
11
284920.0
21
137340.0
31
0
0
LINE
8
lighting
10
284360.0
20
137900.0
30
0
11
284920.0
21
137900.0
31
0
0
LINE
8
lighting
10
284394.0
20
137350.0
30
0
11
284394.0
21
137890.0
31
0
0
LINE
8
lighting
10
284406.0
20
137350.0
30
0
11
284406.0
21
137890.0
31
0
0
LINE
8
lighting
10
284394.0
20
137350.0
30
0
11
284406.0
21
137350.0
31
0
0
LINE
8
lighting
10
284394.0
20
137890.0
30
0
11
284406.0
21
137890.0
31
0
0
LINE
8
lighting
10
284474.0
20
137350.0
30
0
11
284474.0
21
137890.0
31
0
0
LINE
8
lighting
10
284486.0
20
137350.0
30
0
11
284486.0
21
137890.0
31
0
0
LINE
8
lighting
10
284474.0
20
137350.0
30
0
11
284486.0
21
137350.0
31
0
0
LINE
8
lighting
10
284474.0
20
137890.0
30
0
11
284486.0
21
137890.0
31
0
0
LINE
8
lighting
10
284554.0
20
137350.0
30
0
11
284554.0
21
137890.0
31
0
0
LINE
8
lighting
10
284566.0
20
137350.0
30
0
11
284566.0
21
137890.0
31
0
0
LINE
8
lighting
10
284554.0
20
137350.0
30
0
11
284566.0
21
137350.0
31
0
0
LINE
8
lighting
10
284554.0
20
137890.0
30
0
11
284566.0
21
137890.0
31
0
0
LINE
8
lighting
10
284634.0
20
137350.0
30
0
11
284634.0
21
137890.0
31
0
0
LINE
8
lighting
10
284646.0
20
137350.0
30
0
11
284646.0
21
137890.0
31
0
0
LINE
8
lighting
10
284634.0
20
137350.0
30
0
11
284646.0
21
137350.0
31
0
0
LINE
8
lighting
10
284634.0
20
137890.0
30
0
11
284646.0
21
137890.0
31
0
0
LINE
8
lighting
10
284714.0
20
137350.0
30
0
11
284714.0
21
137890.0
31
0
0
LINE
8
lighting
10
284726.0
20
137350.0
30
0
11
284726.0
21
137890.0
31
0
0
LINE
8
lighting
10
284714.0
20
137350.0
30
0
11
284726.0
21
137350.0
31
0
0
LINE
8
lighting
10
284714.0
20
137890.0
30
0
11
284726.0
21
137890.0
31
0
0
LINE
8
lighting
10
284794.0
20
137350.0
30
0
11
284794.0
21
137890.0
31
0
0
LINE
8
lighting
10
284806.0
20
137350.0
30
0
11
284806.0
21
137890.0
31
0
0
LINE
8
lighting
10
284794.0
20
137350.0
30
0
11
284806.0
21
137350.0
31
0
0
LINE
8
lighting
10
284794.0
20
137890.0
30
0
11
284806.0
21
137890.0
31
0
0
LINE
8
lighting
10
284874.0
20
137350.0
30
0
11
284874.0
21
137890.0
31
0
0
LINE
8
lighting
10
284886.0
20
137350.0
30
0
11
284886.0
21
137890.0
31
0
0
LINE
8
lighting
10
284874.0
20
137350.0
30
0
11
284886.0
21
137350.0
31
0
0
LINE
8
lighting
10
284874.0
20
137890.0
30
0
11
284886.0
21
137890.0
31
0
0
LINE
8
lighting
10
284649.0
20
137620.0
30
0
11
284635.5
21
137627.79
31
0
0
LINE
8
lighting
10
284635.5
20
137627.79
30
0
11
284635.5
21
137612.21
31
0
0
LINE
8
lighting
10
284635.5
20
137612.21
30
0
11
284649.0
21
137620.0
31
0
0
LINE
8
electrical
10
278160.0
20
125080.0
30
0
11
278160.0
21
125072.21
31
0
0
LINE
8
electrical
10
278160.0
20
125072.21
30
0
11
278160.0
21
125087.79
31
0
0
LINE
8
electrical
10
278160.0
20
125087.79
30
0
11
278160.0
21
125080.0
31
0
0
LINE
8
electrical
10
285450.0
20
125080.0
30
0
11
278160.0
21
125080.0
31
0
0
LINE
8
electrical
10
285450.0
20
125080.0
30
0
11
285450.0
21
125072.21
31
0
0
LINE
8
electrical
10
285450.0
20
125072.21
30
0
11
285450.0
21
125087.79
31
0
0
LINE
8
electrical
10
285450.0
20
125087.79
30
0
11
285450.0
21
125080.0
31
0
0
LINE
8
electrical
10
278160.0
20
137620.0
30
0
11
278167.79
21
137620.0
31
0
0
LINE
8
electrical
10
278167.79
20
137620.0
30
0
11
278152.21
21
137620.0
31
0
0
LINE
8
electrical
10
278152.21
20
137620.0
30
0
11
278160.0
21
137620.0
31
0
0
LINE
8
electrical
10
278160.0
20
125080.0
30
0
11
278160.0
21
137620.0
31
0
0
LINE
8
electrical
10
278160.0
20
125080.0
30
0
11
278167.79
21
125080.0
31
0
0
LINE
8
electrical
10
278167.79
20
125080.0
30
0
11
278152.21
21
125080.0
31
0
0
LINE
8
electrical
10
278152.21
20
125080.0
30
0
11
278160.0
21
125080.0
31
0
0
LINE
8
electrical
10
284640.0
20
137620.0
30
0
11
284647.79
21
137620.0
31
0
0
LINE
8
electrical
10
284647.79
20
137620.0
30
0
11
284632.21
21
137620.0
31
0
0
LINE
8
electrical
10
284632.21
20
137620.0
30
0
11
284640.0
21
137620.0
31
0
0
LINE
8
electrical
10
284640.0
20
125080.0
30
0
11
284640.0
21
137620.0
31
0
0
LINE
8
electrical
10
284640.0
20
125080.0
30
0
11
284647.79
21
125080.0
31
0
0
LINE
8
electrical
10
284647.79
20
125080.0
30
0
11
284632.21
21
125080.0
31
0
0
LINE
8
electrical
10
284632.21
20
125080.0
30
0
11
284640.0
21
125080.0
31
0
0
LINE
8
electrical
10
285463.0
20
122700.0
30
0
11
285443.5
21
122711.26
31
0
0
LINE
8
electrical
10
285443.5
20
122711.26
30
0
11
285443.5
21
122688.74
31
0
0
LINE
8
electrical
10
285443.5
20
122688.74
30
0
11
285463.0
21
122700.0
31
0
0
LINE
8
electrical
10
284562.16
20
125084.6
30
0
11
284543.92
21
125077.7
31
0
0
LINE
8
electrical
10
284543.92
20
125077.7
30
0
11
284543.92
21
125077.7
31
0
0
LINE
8
electrical
10
284543.92
20
125077.7
30
0
11
284562.16
21
125084.6
31
0
0
LINE
8
electrical
10
285462.16
20
122704.6
30
0
11
284562.16
21
125084.6
31
0
0
LINE
8
electrical
10
285462.16
20
122704.6
30
0
11
285443.92
21
122697.7
31
0
0
LINE
8
electrical
10
285443.92
20
122697.7
30
0
11
285443.92
21
122697.7
31
0
0
LINE
8
electrical
10
285443.92
20
122697.7
30
0
11
285462.16
21
122704.6
31
0
0
LINE
8
electrical
10
278250.0
20
125080.0
30
0
11
278250.0
21
125068.74
31
0
0
LINE
8
electrical
10
278250.0
20
125068.74
30
0
11
278250.0
21
125091.26
31
0
0
LINE
8
electrical
10
278250.0
20
125091.26
30
0
11
278250.0
21
125080.0
31
0
0
LINE
8
electrical
10
284550.0
20
125080.0
30
0
11
278250.0
21
125080.0
31
0
0
LINE
8
electrical
10
284550.0
20
125080.0
30
0
11
284550.0
21
125068.74
31
0
0
LINE
8
electrical
10
284550.0
20
125068.74
30
0
11
284550.0
21
125091.26
31
0
0
LINE
8
electrical
10
284550.0
20
125091.26
30
0
11
284550.0
21
125080.0
31
0
0
LINE
8
electrical
10
285450.0
20
122700.0
30
0
11
285464.04
21
122700.0
31
0
0
LINE
8
electrical
10
285464.04
20
122700.0
30
0
11
285450.0
21
122700.0
31
0
0
LINE
8
electrical
10
284550.0
20
125080.0
30
0
11
284564.04
21
125080.0
31
0
0
LINE
8
electrical
10
284564.04
20
125080.0
30
0
11
284550.0
21
125080.0
31
0
0
LINE
8
electrical
10
285463.0
20
122700.0
30
0
11
285443.5
21
122711.26
31
0
0
LINE
8
electrical
10
285443.5
20
122711.26
30
0
11
285443.5
21
122688.74
31
0
0
LINE
8
electrical
10
285443.5
20
122688.74
30
0
11
285463.0
21
122700.0
31
0
0
LINE
8
electrical
10
284562.23
20
125204.4
30
0
11
284543.88
21
125197.8
31
0
0
LINE
8
electrical
10
284543.88
20
125197.8
30
0
11
284543.88
21
125197.8
31
0
0
LINE
8
electrical
10
284543.88
20
125197.8
30
0
11
284562.23
21
125204.4
31
0
0
LINE
8
electrical
10
285462.23
20
122704.4
30
0
11
284562.23
21
125204.4
31
0
0
LINE
8
electrical
10
285462.23
20
122704.4
30
0
11
285443.88
21
122697.8
31
0
0
LINE
8
electrical
10
285443.88
20
122697.8
30
0
11
285443.88
21
122697.8
31
0
0
LINE
8
electrical
10
285443.88
20
122697.8
30
0
11
285462.23
21
122704.4
31
0
0
LINE
8
electrical
10
278250.0
20
125200.0
30
0
11
278250.0
21
125188.74
31
0
0
LINE
8
electrical
10
278250.0
20
125188.74
30
0
11
278250.0
21
125211.26
31
0
0
LINE
8
electrical
10
278250.0
20
125211.26
30
0
11
278250.0
21
125200.0
31
0
0
LINE
8
electrical
10
284550.0
20
125200.0
30
0
11
278250.0
21
125200.0
31
0
0
LINE
8
electrical
10
284550.0
20
125200.0
30
0
11
284550.0
21
125188.74
31
0
0
LINE
8
electrical
10
284550.0
20
125188.74
30
0
11
284550.0
21
125211.26
31
0
0
LINE
8
electrical
10
284550.0
20
125211.26
30
0
11
284550.0
21
125200.0
31
0
0
LINE
8
electrical
10
285450.0
20
122700.0
30
0
11
285464.04
21
122700.0
31
0
0
LINE
8
electrical
10
285464.04
20
122700.0
30
0
11
285450.0
21
122700.0
31
0
0
LINE
8
electrical
10
284550.0
20
125200.0
30
0
11
284564.04
21
125200.0
31
0
0
LINE
8
electrical
10
284564.04
20
125200.0
30
0
11
284550.0
21
125200.0
31
0
0
LINE
8
electrical
10
285463.0
20
122700.0
30
0
11
285443.5
21
122711.26
31
0
0
LINE
8
electrical
10
285443.5
20
122711.26
30
0
11
285443.5
21
122688.74
31
0
0
LINE
8
electrical
10
285443.5
20
122688.74
30
0
11
285463.0
21
122700.0
31
0
0
LINE
8
electrical
10
284562.29
20
125324.22
30
0
11
284543.85
21
125317.89
31
0
0
LINE
8
electrical
10
284543.85
20
125317.89
30
0
11
284543.85
21
125317.89
31
0
0
LINE
8
electrical
10
284543.85
20
125317.89
30
0
11
284562.29
21
125324.22
31
0
0
LINE
8
electrical
10
285462.29
20
122704.22
30
0
11
284562.29
21
125324.22
31
0
0
LINE
8
electrical
10
285462.29
20
122704.22
30
0
11
285443.85
21
122697.89
31
0
0
LINE
8
electrical
10
285443.85
20
122697.89
30
0
11
285443.85
21
122697.89
31
0
0
LINE
8
electrical
10
285443.85
20
122697.89
30
0
11
285462.29
21
122704.22
31
0
0
LINE
8
electrical
10
278250.0
20
125320.0
30
0
11
278250.0
21
125308.74
31
0
0
LINE
8
electrical
10
278250.0
20
125308.74
30
0
11
278250.0
21
125331.26
31
0
0
LINE
8
electrical
10
278250.0
20
125331.26
30
0
11
278250.0
21
125320.0
31
0
0
LINE
8
electrical
10
284550.0
20
125320.0
30
0
11
278250.0
21
125320.0
31
0
0
LINE
8
electrical
10
284550.0
20
125320.0
30
0
11
284550.0
21
125308.74
31
0
0
LINE
8
electrical
10
284550.0
20
125308.74
30
0
11
284550.0
21
125331.26
31
0
0
LINE
8
electrical
10
284550.0
20
125331.26
30
0
11
284550.0
21
125320.0
31
0
0
LINE
8
electrical
10
285450.0
20
122700.0
30
0
11
285464.04
21
122700.0
31
0
0
LINE
8
electrical
10
285464.04
20
122700.0
30
0
11
285450.0
21
122700.0
31
0
0
LINE
8
electrical
10
284550.0
20
125320.0
30
0
11
284564.04
21
125320.0
31
0
0
LINE
8
electrical
10
284564.04
20
125320.0
30
0
11
284550.0
21
125320.0
31
0
0
LINE
8
electrical
10
278635.0
20
122650.0
30
0
11
278635.0
21
122710.0
31
0
0
LINE
8
electrical
10
278765.0
20
122650.0
30
0
11
278765.0
21
122710.0
31
0
0
LINE
8
electrical
10
278635.0
20
122650.0
30
0
11
278765.0
21
122650.0
31
0
0
LINE
8
electrical
10
278635.0
20
122710.0
30
0
11
278765.0
21
122710.0
31
0
0
LINE
8
electrical
10
278709.0
20
122680.0
30
0
11
278695.5
21
122687.79
31
0
0
LINE
8
electrical
10
278695.5
20
122687.79
30
0
11
278695.5
21
122672.21
31
0
0
LINE
8
electrical
10
278695.5
20
122672.21
30
0
11
278709.0
21
122680.0
31
0
0
LINE
8
electrical
10
285450.0
20
122680.0
30
0
11
285450.0
21
122672.21
31
0
0
LINE
8
electrical
10
285450.0
20
122672.21
30
0
11
285450.0
21
122687.79
31
0
0
LINE
8
electrical
10
285450.0
20
122687.79
30
0
11
285450.0
21
122680.0
31
0
0
LINE
8
electrical
10
278700.0
20
122680.0
30
0
11
285450.0
21
122680.0
31
0
0
LINE
8
electrical
10
278700.0
20
122680.0
30
0
11
278700.0
21
122672.21
31
0
0
LINE
8
electrical
10
278700.0
20
122672.21
30
0
11
278700.0
21
122687.79
31
0
0
LINE
8
electrical
10
278700.0
20
122687.79
30
0
11
278700.0
21
122680.0
31
0
0
LINE
8
electrical
10
278700.0
20
122680.0
30
0
11
278709.72
21
122680.0
31
0
0
LINE
8
electrical
10
278709.72
20
122680.0
30
0
11
278700.0
21
122680.0
31
0
0
LINE
8
electrical
10
284035.0
20
122650.0
30
0
11
284035.0
21
122710.0
31
0
0
LINE
8
electrical
10
284165.0
20
122650.0
30
0
11
284165.0
21
122710.0
31
0
0
LINE
8
electrical
10
284035.0
20
122650.0
30
0
11
284165.0
21
122650.0
31
0
0
LINE
8
electrical
10
284035.0
20
122710.0
30
0
11
284165.0
21
122710.0
31
0
0
LINE
8
electrical
10
284109.0
20
122680.0
30
0
11
284095.5
21
122687.79
31
0
0
LINE
8
electrical
10
284095.5
20
122687.79
30
0
11
284095.5
21
122672.21
31
0
0
LINE
8
electrical
10
284095.5
20
122672.21
30
0
11
284109.0
21
122680.0
31
0
0
LINE
8
electrical
10
285450.0
20
122680.0
30
0
11
285450.0
21
122672.21
31
0
0
LINE
8
electrical
10
285450.0
20
122672.21
30
0
11
285450.0
21
122687.79
31
0
0
LINE
8
electrical
10
285450.0
20
122687.79
30
0
11
285450.0
21
122680.0
31
0
0
LINE
8
electrical
10
284100.0
20
122680.0
30
0
11
285450.0
21
122680.0
31
0
0
LINE
8
electrical
10
284100.0
20
122680.0
30
0
11
284100.0
21
122672.21
31
0
0
LINE
8
electrical
10
284100.0
20
122672.21
30
0
11
284100.0
21
122687.79
31
0
0
LINE
8
electrical
10
284100.0
20
122687.79
30
0
11
284100.0
21
122680.0
31
0
0
LINE
8
electrical
10
284100.0
20
122680.0
30
0
11
284109.72
21
122680.0
31
0
0
LINE
8
electrical
10
284109.72
20
122680.0
30
0
11
284100.0
21
122680.0
31
0
0
LINE
8
hvac
10
277375.0
20
123225.0
30
0
11
277375.0
21
123975.0
31
0
0
LINE
8
hvac
10
279025.0
20
123225.0
30
0
11
279025.0
21
123975.0
31
0
0
LINE
8
hvac
10
277375.0
20
123225.0
30
0
11
279025.0
21
123225.0
31
0
0
LINE
8
hvac
10
277375.0
20
123975.0
30
0
11
279025.0
21
123975.0
31
0
0
LINE
8
hvac
10
277475.0
20
123180.0
30
0
11
277475.0
21
123220.0
31
0
0
LINE
8
hvac
10
278925.0
20
123180.0
30
0
11
278925.0
21
123220.0
31
0
0
LINE
8
hvac
10
277475.0
20
123180.0
30
0
11
278925.0
21
123180.0
31
0
0
LINE
8
hvac
10
277475.0
20
123220.0
30
0
11
278925.0
21
123220.0
31
0
0
LINE
8
hvac
10
277540.0
20
123140.0
30
0
11
277540.0
21
123200.0
31
0
0
LINE
8
hvac
10
277580.0
20
123140.0
30
0
11
277580.0
21
123200.0
31
0
0
LINE
8
hvac
10
277540.0
20
123140.0
30
0
11
277580.0
21
123140.0
31
0
0
LINE
8
hvac
10
277540.0
20
123200.0
30
0
11
277580.0
21
123200.0
31
0
0
LINE
8
hvac
10
277700.0
20
123140.0
30
0
11
277700.0
21
123200.0
31
0
0
LINE
8
hvac
10
277740.0
20
123140.0
30
0
11
277740.0
21
123200.0
31
0
0
LINE
8
hvac
10
277700.0
20
123140.0
30
0
11
277740.0
21
123140.0
31
0
0
LINE
8
hvac
10
277700.0
20
123200.0
30
0
11
277740.0
21
123200.0
31
0
0
LINE
8
hvac
10
277860.0
20
123140.0
30
0
11
277860.0
21
123200.0
31
0
0
LINE
8
hvac
10
277900.0
20
123140.0
30
0
11
277900.0
21
123200.0
31
0
0
LINE
8
hvac
10
277860.0
20
123140.0
30
0
11
277900.0
21
123140.0
31
0
0
LINE
8
hvac
10
277860.0
20
123200.0
30
0
11
277900.0
21
123200.0
31
0
0
LINE
8
hvac
10
278020.0
20
123140.0
30
0
11
278020.0
21
123200.0
31
0
0
LINE
8
hvac
10
278060.0
20
123140.0
30
0
11
278060.0
21
123200.0
31
0
0
LINE
8
hvac
10
278020.0
20
123140.0
30
0
11
278060.0
21
123140.0
31
0
0
LINE
8
hvac
10
278020.0
20
123200.0
30
0
11
278060.0
21
123200.0
31
0
0
LINE
8
hvac
10
278180.0
20
123140.0
30
0
11
278180.0
21
123200.0
31
0
0
LINE
8
hvac
10
278220.0
20
123140.0
30
0
11
278220.0
21
123200.0
31
0
0
LINE
8
hvac
10
278180.0
20
123140.0
30
0
11
278220.0
21
123140.0
31
0
0
LINE
8
hvac
10
278180.0
20
123200.0
30
0
11
278220.0
21
123200.0
31
0
0
LINE
8
hvac
10
278340.0
20
123140.0
30
0
11
278340.0
21
123200.0
31
0
0
LINE
8
hvac
10
278380.0
20
123140.0
30
0
11
278380.0
21
123200.0
31
0
0
LINE
8
hvac
10
278340.0
20
123140.0
30
0
11
278380.0
21
123140.0
31
0
0
LINE
8
hvac
10
278340.0
20
123200.0
30
0
11
278380.0
21
123200.0
31
0
0
LINE
8
hvac
10
278500.0
20
123140.0
30
0
11
278500.0
21
123200.0
31
0
0
LINE
8
hvac
10
278540.0
20
123140.0
30
0
11
278540.0
21
123200.0
31
0
0
LINE
8
hvac
10
278500.0
20
123140.0
30
0
11
278540.0
21
123140.0
31
0
0
LINE
8
hvac
10
278500.0
20
123200.0
30
0
11
278540.0
21
123200.0
31
0
0
LINE
8
hvac
10
278660.0
20
123140.0
30
0
11
278660.0
21
123200.0
31
0
0
LINE
8
hvac
10
278700.0
20
123140.0
30
0
11
278700.0
21
123200.0
31
0
0
LINE
8
hvac
10
278660.0
20
123140.0
30
0
11
278700.0
21
123140.0
31
0
0
LINE
8
hvac
10
278660.0
20
123200.0
30
0
11
278700.0
21
123200.0
31
0
0
LINE
8
hvac
10
278820.0
20
123140.0
30
0
11
278820.0
21
123200.0
31
0
0
LINE
8
hvac
10
278860.0
20
123140.0
30
0
11
278860.0
21
123200.0
31
0
0
LINE
8
hvac
10
278820.0
20
123140.0
30
0
11
278860.0
21
123140.0
31
0
0
LINE
8
hvac
10
278820.0
20
123200.0
30
0
11
278860.0
21
123200.0
31
0
0
LINE
8
hvac
10
277975.0
20
123375.0
30
0
11
277975.0
21
123825.0
31
0
0
LINE
8
hvac
10
278425.0
20
123375.0
30
0
11
278425.0
21
123825.0
31
0
0
LINE
8
hvac
10
277975.0
20
123375.0
30
0
11
278425.0
21
123375.0
31
0
0
LINE
8
hvac
10
277975.0
20
123825.0
30
0
11
278425.0
21
123825.0
31
0
0
LINE
8
hvac
10
278250.0
20
131325.0
30
0
11
278250.0
21
131675.0
31
0
0
LINE
8
hvac
10
284550.0
20
131325.0
30
0
11
284550.0
21
131675.0
31
0
0
LINE
8
hvac
10
278250.0
20
131325.0
30
0
11
284550.0
21
131325.0
31
0
0
LINE
8
hvac
10
278250.0
20
131675.0
30
0
11
284550.0
21
131675.0
31
0
0
LINE
8
hvac
10
278025.0
20
123425.0
30
0
11
278025.0
21
123775.0
31
0
0
LINE
8
hvac
10
281575.0
20
123425.0
30
0
11
281575.0
21
123775.0
31
0
0
LINE
8
hvac
10
278025.0
20
123425.0
30
0
11
281575.0
21
123425.0
31
0
0
LINE
8
hvac
10
278025.0
20
123775.0
30
0
11
281575.0
21
123775.0
31
0
0
LINE
8
hvac
10
281225.0
20
123425.0
30
0
11
281225.0
21
131675.0
31
0
0
LINE
8
hvac
10
281575.0
20
123425.0
30
0
11
281575.0
21
131675.0
31
0
0
LINE
8
hvac
10
281225.0
20
123425.0
30
0
11
281575.0
21
123425.0
31
0
0
LINE
8
hvac
10
281225.0
20
131675.0
30
0
11
281575.0
21
131675.0
31
0
0
LINE
8
hvac
10
279250.0
20
131150.0
30
0
11
279250.0
21
131850.0
31
0
0
LINE
8
hvac
10
279950.0
20
131150.0
30
0
11
279950.0
21
131850.0
31
0
0
LINE
8
hvac
10
279250.0
20
131150.0
30
0
11
279950.0
21
131150.0
31
0
0
LINE
8
hvac
10
279250.0
20
131850.0
30
0
11
279950.0
21
131850.0
31
0
0
LINE
8
hvac
10
282850.0
20
131150.0
30
0
11
282850.0
21
131850.0
31
0
0
LINE
8
hvac
10
283550.0
20
131150.0
30
0
11
283550.0
21
131850.0
31
0
0
LINE
8
hvac
10
282850.0
20
131150.0
30
0
11
283550.0
21
131150.0
31
0
0
LINE
8
hvac
10
282850.0
20
131850.0
30
0
11
283550.0
21
131850.0
31
0
0
LINE
8
sensors
10
276940.0
20
126380.0
30
0
11
276940.0
21
126540.0
31
0
0
LINE
8
sensors
10
277040.0
20
126380.0
30
0
11
277040.0
21
126540.0
31
0
0
LINE
8
sensors
10
276940.0
20
126380.0
30
0
11
277040.0
21
126380.0
31
0
0
LINE
8
sensors
10
276940.0
20
126540.0
30
0
11
277040.0
21
126540.0
31
0
0
LINE
8
sensors
10
277045.0
20
126405.0
30
0
11
277045.0
21
126515.0
31
0
0
LINE
8
sensors
10
277065.0
20
126405.0
30
0
11
277065.0
21
126515.0
31
0
0
LINE
8
sensors
10
277045.0
20
126405.0
30
0
11
277065.0
21
126405.0
31
0
0
LINE
8
sensors
10
277045.0
20
126515.0
30
0
11
277065.0
21
126515.0
31
0
0
LINE
8
sensors
10
276940.0
20
126680.0
30
0
11
276940.0
21
126840.0
31
0
0
LINE
8
sensors
10
277040.0
20
126680.0
30
0
11
277040.0
21
126840.0
31
0
0
LINE
8
sensors
10
276940.0
20
126680.0
30
0
11
277040.0
21
126680.0
31
0
0
LINE
8
sensors
10
276940.0
20
126840.0
30
0
11
277040.0
21
126840.0
31
0
0
LINE
8
sensors
10
277045.0
20
126705.0
30
0
11
277045.0
21
126815.0
31
0
0
LINE
8
sensors
10
277065.0
20
126705.0
30
0
11
277065.0
21
126815.0
31
0
0
LINE
8
sensors
10
277045.0
20
126705.0
30
0
11
277065.0
21
126705.0
31
0
0
LINE
8
sensors
10
277045.0
20
126815.0
30
0
11
277065.0
21
126815.0
31
0
0
LINE
8
sensors
10
276940.0
20
126980.0
30
0
11
276940.0
21
127140.0
31
0
0
LINE
8
sensors
10
277040.0
20
126980.0
30
0
11
277040.0
21
127140.0
31
0
0
LINE
8
sensors
10
276940.0
20
126980.0
30
0
11
277040.0
21
126980.0
31
0
0
LINE
8
sensors
10
276940.0
20
127140.0
30
0
11
277040.0
21
127140.0
31
0
0
LINE
8
sensors
10
277045.0
20
127005.0
30
0
11
277045.0
21
127115.0
31
0
0
LINE
8
sensors
10
277065.0
20
127005.0
30
0
11
277065.0
21
127115.0
31
0
0
LINE
8
sensors
10
277045.0
20
127005.0
30
0
11
277065.0
21
127005.0
31
0
0
LINE
8
sensors
10
277045.0
20
127115.0
30
0
11
277065.0
21
127115.0
31
0
0
LINE
8
sensors
10
281480.0
20
131500.0
30
0
11
281400.0
21
131580.0
31
0
0
LINE
8
sensors
10
281400.0
20
131580.0
30
0
11
281320.0
21
131500.0
31
0
0
LINE
8
sensors
10
281320.0
20
131500.0
30
0
11
281400.0
21
131420.0
31
0
0
LINE
8
sensors
10
281400.0
20
131420.0
30
0
11
281480.0
21
131500.0
31
0
0
LINE
8
sensors
10
281400.0
20
131500.0
30
0
11
281465.0
21
131500.0
31
0
0
LINE
8
sensors
10
281465.0
20
131500.0
30
0
11
281400.0
21
131500.0
31
0
0
LINE
8
sensors
10
276940.0
20
127580.0
30
0
11
276940.0
21
127740.0
31
0
0
LINE
8
sensors
10
277040.0
20
127580.0
30
0
11
277040.0
21
127740.0
31
0
0
LINE
8
sensors
10
276940.0
20
127580.0
30
0
11
277040.0
21
127580.0
31
0
0
LINE
8
sensors
10
276940.0
20
127740.0
30
0
11
277040.0
21
127740.0
31
0
0
LINE
8
sensors
10
277045.0
20
127605.0
30
0
11
277045.0
21
127715.0
31
0
0
LINE
8
sensors
10
277065.0
20
127605.0
30
0
11
277065.0
21
127715.0
31
0
0
LINE
8
sensors
10
277045.0
20
127605.0
30
0
11
277065.0
21
127605.0
31
0
0
LINE
8
sensors
10
277045.0
20
127715.0
30
0
11
277065.0
21
127715.0
31
0
0
ENDSEC
0
EOF
