0
SECTION
2
HEADER
9
$ACADVER
1
AC1015
9
$INSUNITS
70
4
0
ENDSEC
0
SECTION
2
ENTITIES
0
LINE
8
electrical
10
-53450.0
20
219875.0
30
0
11
-53450.0
21
220125.0
31
0
0
LINE
8
electrical
10
-52550.0
20
219875.0
30
0
11
-52550.0
21
220125.0
31
0
0
LINE
8
electrical
10
-53450.0
20
219875.0
30
0
11
-52550.0
21
219875.0
31
0
0
LINE
8
electrical
10
-53450.0
20
220125.0
30
0
11
-52550.0
21
220125.0
31
0
0
LINE
8
electrical
10
-53410.0
20
219847.5
30
0
11
-53410.0
21
219882.5
31
0
0
LINE
8
electrical
10
-52590.0
20
219847.5
30
0
11
-52590.0
21
219882.5
31
0
0
LINE
8
electrical
10
-53410.0
20
219847.5
30
0
11
-52590.0
21
219847.5
31
0
0
LINE
8
electrical
10
-53410.0
20
219882.5
30
0
11
-52590.0
21
219882.5
31
0
0
LINE
8
electrical
10
-53275.0
20
219810.0
30
0
11
-53275.0
21
219850.0
31
0
0
LINE
8
electrical
10
-53175.0
20
219810.0
30
0
11
-53175.0
21
219850.0
31
0
0
LINE
8
electrical
10
-53275.0
20
219810.0
30
0
11
-53175.0
21
219810.0
31
0
0
LINE
8
electrical
10
-53275.0
20
219850.0
30
0
11
-53175.0
21
219850.0
31
0
0
LINE
8
electrical
10
-53050.0
20
219810.0
30
0
11
-53050.0
21
219850.0
31
0
0
LINE
8
electrical
10
-52950.0
20
219810.0
30
0
11
-52950.0
21
219850.0
31
0
0
LINE
8
electrical
10
-53050.0
20
219810.0
30
0
11
-52950.0
21
219810.0
31
0
0
LINE
8
electrical
10
-53050.0
20
219850.0
30
0
11
-52950.0
21
219850.0
31
0
0
LINE
8
electrical
10
-52825.0
20
219810.0
30
0
11
-52825.0
21
219850.0
31
0
0
LINE
8
electrical
10
-52725.0
20
219810.0
30
0
11
-52725.0
21
219850.0
31
0
0
LINE
8
electrical
10
-52825.0
20
219810.0
30
0
11
-52725.0
21
219810.0
31
0
0
LINE
8
electrical
10
-52825.0
20
219850.0
30
0
11
-52725.0
21
219850.0
31
0
0
LINE
8
electrical
10
-53225.0
20
219795.0
30
0
11
-53201.62
21
219795.0
31
0
0
LINE
8
electrical
10
-53201.62
20
219795.0
30
0
11
-53248.38
21
219795.0
31
0
0
LINE
8
electrical
10
-53248.38
20
219795.0
30
0
11
-53225.0
21
219795.0
31
0
0
LINE
8
electrical
10
-53225.0
20
219820.0
30
0
11
-53225.0
21
219795.0
31
0
0
LINE
8
electrical
10
-53225.0
20
219820.0
30
0
11
-53201.62
21
219820.0
31
0
0
LINE
8
electrical
10
-53201.62
20
219820.0
30
0
11
-53248.38
21
219820.0
31
0
0
LINE
8
electrical
10
-53248.38
20
219820.0
30
0
11
-53225.0
21
219820.0
31
0
0
LINE
8
electrical
10
-53000.0
20
219795.0
30
0
11
-52976.62
21
219795.0
31
0
0
LINE
8
electrical
10
-52976.62
20
219795.0
30
0
11
-53023.38
21
219795.0
31
0
0
LINE
8
electrical
10
-53023.38
20
219795.0
30
0
11
-53000.0
21
219795.0
31
0
0
LINE
8
electrical
10
-53000.0
20
219820.0
30
0
11
-53000.0
21
219795.0
31
0
0
LINE
8
electrical
10
-53000.0
20
219820.0
30
0
11
-52976.62
21
219820.0
31
0
0
LINE
8
electrical
10
-52976.62
20
219820.0
30
0
11
-53023.38
21
219820.0
31
0
0
LINE
8
electrical
10
-53023.38
20
219820.0
30
0
11
-53000.0
21
219820.0
31
0
0
LINE
8
electrical
10
-52775.0
20
219795.0
30
0
11
-52751.62
21
219795.0
31
0
0
LINE
8
electrical
10
-52751.62
20
219795.0
30
0
11
-52798.38
21
219795.0
31
0
0
LINE
8
electrical
10
-52798.38
20
219795.0
30
0
11
-52775.0
21
219795.0
31
0
0
LINE
8
electrical
10
-52775.0
20
219820.0
30
0
11
-52775.0
21
219795.0
31
0
0
LINE
8
electrical
10
-52775.0
20
219820.0
30
0
11
-52751.62
21
219820.0
31
0
0
LINE
8
electrical
10
-52751.62
20
219820.0
30
0
11
-52798.38
21
219820.0
31
0
0
LINE
8
electrical
10
-52798.38
20
219820.0
30
0
11
-52775.0
21
219820.0
31
0
0
LINE
8
water
10
-49800.0
20
222000.0
30
0
11
-49800.0
21
221925.0
31
0
0
LINE
8
water
10
-49800.0
20
221925.0
30
0
11
-49800.0
21
222000.0
31
0
0
LINE
8
water
10
-49800.0
20
222000.0
30
0
11
-49800.0
21
222075.0
31
0
0
LINE
8
water
10
-49800.0
20
222075.0
30
0
11
-49800.0
21
222000.0
31
0
0
LINE
8
water
10
-50200.0
20
222000.0
30
0
11
-49800.0
21
222000.0
31
0
0
LINE
8
water
10
-50200.0
20
222000.0
30
0
11
-50200.0
21
221925.0
31
0
0
LINE
8
water
10
-50200.0
20
221925.0
30
0
11
-50200.0
21
222000.0
31
0
0
LINE
8
water
10
-50200.0
20
222000.0
30
0
11
-50200.0
21
222075.0
31
0
0
LINE
8
water
10
-50200.0
20
222075.0
30
0
11
-50200.0
21
222000.0
31
0
0
LINE
8
water
10
-49910.0
20
222000.0
30
0
11
-49972.19
21
222085.6
31
0
0
LINE
8
water
10
-49972.19
20
222085.6
30
0
11
-50072.81
21
222052.9
31
0
0
LINE
8
water
10
-50072.81
20
222052.9
30
0
11
-50072.81
21
221947.1
31
0
0
LINE
8
water
10
-50072.81
20
221947.1
30
0
11
-49972.19
21
221914.4
31
0
0
LINE
8
water
10
-49972.19
20
221914.4
30
0
11
-49910.0
21
222000.0
31
0
0
LINE
8
water
10
-50190.0
20
221975.0
30
0
11
-50190.0
21
222025.0
31
0
0
LINE
8
water
10
-49810.0
20
221975.0
30
0
11
-49810.0
21
222025.0
31
0
0
LINE
8
water
10
-50190.0
20
221975.0
30
0
11
-49810.0
21
221975.0
31
0
0
LINE
8
water
10
-50190.0
20
222025.0
30
0
11
-49810.0
21
222025.0
31
0
0
LINE
8
water
10
-50125.0
20
222000.0
30
0
11
-50125.0
21
221895.38
31
0
0
LINE
8
water
10
-50125.0
20
221895.38
30
0
11
-50125.0
21
221935.34
31
0
0
LINE
8
water
10
-50125.0
20
221935.34
30
0
11
-50125.0
21
222064.66
31
0
0
LINE
8
water
10
-50125.0
20
222064.66
30
0
11
-50125.0
21
222104.62
31
0
0
LINE
8
water
10
-50125.0
20
222104.62
30
0
11
-50125.0
21
222000.0
31
0
0
LINE
8
water
10
-50150.0
20
222000.0
30
0
11
-50125.0
21
222000.0
31
0
0
LINE
8
water
10
-50150.0
20
222000.0
30
0
11
-50150.0
21
221895.38
31
0
0
LINE
8
water
10
-50150.0
20
221895.38
30
0
11
-50150.0
21
221935.34
31
0
0
LINE
8
water
10
-50150.0
20
221935.34
30
0
11
-50150.0
21
222064.66
31
0
0
LINE
8
water
10
-50150.0
20
222064.66
30
0
11
-50150.0
21
222104.62
31
0
0
LINE
8
water
10
-50150.0
20
222104.62
30
0
11
-50150.0
21
222000.0
31
0
0
LINE
8
water
10
-49825.0
20
222000.0
30
0
11
-49825.0
21
221895.38
31
0
0
LINE
8
water
10
-49825.0
20
221895.38
30
0
11
-49825.0
21
221935.34
31
0
0
LINE
8
water
10
-49825.0
20
221935.34
30
0
11
-49825.0
21
222064.66
31
0
0
LINE
8
water
10
-49825.0
20
222064.66
30
0
11
-49825.0
21
222104.62
31
0
0
LINE
8
water
10
-49825.0
20
222104.62
30
0
11
-49825.0
21
222000.0
31
0
0
LINE
8
water
10
-49850.0
20
222000.0
30
0
11
-49825.0
21
222000.0
31
0
0
LINE
8
water
10
-49850.0
20
222000.0
30
0
11
-49850.0
21
221895.38
31
0
0
LINE
8
water
10
-49850.0
20
221895.38
30
0
11
-49850.0
21
221935.34
31
0
0
LINE
8
water
10
-49850.0
20
221935.34
30
0
11
-49850.0
21
222064.66
31
0
0
LINE
8
water
10
-49850.0
20
222064.66
30
0
11
-49850.0
21
222104.62
31
0
0
LINE
8
water
10
-49850.0
20
222104.62
30
0
11
-49850.0
21
222000.0
31
0
0
LINE
8
water
10
-49800.0
20
223000.0
30
0
11
-49800.0
21
222925.0
31
0
0
LINE
8
water
10
-49800.0
20
222925.0
30
0
11
-49800.0
21
223000.0
31
0
0
LINE
8
water
10
-49800.0
20
223000.0
30
0
11
-49800.0
21
223075.0
31
0
0
LINE
8
water
10
-49800.0
20
223075.0
30
0
11
-49800.0
21
223000.0
31
0
0
LINE
8
water
10
-50200.0
20
223000.0
30
0
11
-49800.0
21
223000.0
31
0
0
LINE
8
water
10
-50200.0
20
223000.0
30
0
11
-50200.0
21
222925.0
31
0
0
LINE
8
water
10
-50200.0
20
222925.0
30
0
11
-50200.0
21
223000.0
31
0
0
LINE
8
water
10
-50200.0
20
223000.0
30
0
11
-50200.0
21
223075.0
31
0
0
LINE
8
water
10
-50200.0
20
223075.0
30
0
11
-50200.0
21
223000.0
31
0
0
LINE
8
water
10
-49910.0
20
223000.0
30
0
11
-49972.19
21
223085.6
31
0
0
LINE
8
water
10
-49972.19
20
223085.6
30
0
11
-50072.81
21
223052.9
31
0
0
LINE
8
water
10
-50072.81
20
223052.9
30
0
11
-50072.81
21
222947.1
31
0
0
LINE
8
water
10
-50072.81
20
222947.1
30
0
11
-49972.19
21
222914.4
31
0
0
LINE
8
water
10
-49972.19
20
222914.4
30
0
11
-49910.0
21
223000.0
31
0
0
LINE
8
water
10
-50190.0
20
222975.0
30
0
11
-50190.0
21
223025.0
31
0
0
LINE
8
water
10
-49810.0
20
222975.0
30
0
11
-49810.0
21
223025.0
31
0
0
LINE
8
water
10
-50190.0
20
222975.0
30
0
11
-49810.0
21
222975.0
31
0
0
LINE
8
water
10
-50190.0
20
223025.0
30
0
11
-49810.0
21
223025.0
31
0
0
LINE
8
water
10
-50125.0
20
223000.0
30
0
11
-50125.0
21
222895.38
31
0
0
LINE
8
water
10
-50125.0
20
222895.38
30
0
11
-50125.0
21
222935.34
31
0
0
LINE
8
water
10
-50125.0
20
222935.34
30
0
11
-50125.0
21
223064.66
31
0
0
LINE
8
water
10
-50125.0
20
223064.66
30
0
11
-50125.0
21
223104.62
31
0
0
LINE
8
water
10
-50125.0
20
223104.62
30
0
11
-50125.0
21
223000.0
31
0
0
LINE
8
water
10
-50150.0
20
223000.0
30
0
11
-50125.0
21
223000.0
31
0
0
LINE
8
water
10
-50150.0
20
223000.0
30
0
11
-50150.0
21
222895.38
31
0
0
LINE
8
water
10
-50150.0
20
222895.38
30
0
11
-50150.0
21
222935.34
31
0
0
LINE
8
water
10
-50150.0
20
222935.34
30
0
11
-50150.0
21
223064.66
31
0
0
LINE
8
water
10
-50150.0
20
223064.66
30
0
11
-50150.0
21
223104.62
31
0
0
LINE
8
water
10
-50150.0
20
223104.62
30
0
11
-50150.0
21
223000.0
31
0
0
LINE
8
water
10
-49825.0
20
223000.0
30
0
11
-49825.0
21
222895.38
31
0
0
LINE
8
water
10
-49825.0
20
222895.38
30
0
11
-49825.0
21
222935.34
31
0
0
LINE
8
water
10
-49825.0
20
222935.34
30
0
11
-49825.0
21
223064.66
31
0
0
LINE
8
water
10
-49825.0
20
223064.66
30
0
11
-49825.0
21
223104.62
31
0
0
LINE
8
water
10
-49825.0
20
223104.62
30
0
11
-49825.0
21
223000.0
31
0
0
LINE
8
water
10
-49850.0
20
223000.0
30
0
11
-49825.0
21
223000.0
31
0
0
LINE
8
water
10
-49850.0
20
223000.0
30
0
11
-49850.0
21
222895.38
31
0
0
LINE
8
water
10
-49850.0
20
222895.38
30
0
11
-49850.0
21
222935.34
31
0
0
LINE
8
water
10
-49850.0
20
222935.34
30
0
11
-49850.0
21
223064.66
31
0
0
LINE
8
water
10
-49850.0
20
223064.66
30
0
11
-49850.0
21
223104.62
31
0
0
LINE
8
water
10
-49850.0
20
223104.62
30
0
11
-49850.0
21
223000.0
31
0
0
LINE
8
water
10
-48800.0
20
223275.0
30
0
11
-48800.0
21
224125.0
31
0
0
LINE
8
water
10
-47200.0
20
223275.0
30
0
11
-47200.0
21
224125.0
31
0
0
LINE
8
water
10
-48800.0
20
223275.0
30
0
11
-47200.0
21
223275.0
31
0
0
LINE
8
water
10
-48800.0
20
224125.0
30
0
11
-47200.0
21
224125.0
31
0
0
LINE
8
water
10
-47900.0
20
223700.0
30
0
11
-47900.0
21
223528.0
31
0
0
LINE
8
water
10
-47900.0
20
223528.0
30
0
11
-47900.0
21
223485.52
31
0
0
LINE
8
water
10
-47900.0
20
223485.52
30
0
11
-47900.0
21
223604.55
31
0
0
LINE
8
water
10
-47900.0
20
223604.55
30
0
11
-47900.0
21
223795.45
31
0
0
LINE
8
water
10
-47900.0
20
223795.45
30
0
11
-47900.0
21
223914.48
31
0
0
LINE
8
water
10
-47900.0
20
223914.48
30
0
11
-47900.0
21
223872.0
31
0
0
LINE
8
water
10
-47900.0
20
223872.0
30
0
11
-47900.0
21
223700.0
31
0
0
LINE
8
water
10
-48550.0
20
223700.0
30
0
11
-47900.0
21
223700.0
31
0
0
LINE
8
water
10
-48550.0
20
223700.0
30
0
11
-48550.0
21
223528.0
31
0
0
LINE
8
water
10
-48550.0
20
223528.0
30
0
11
-48550.0
21
223485.52
31
0
0
LINE
8
water
10
-48550.0
20
223485.52
30
0
11
-48550.0
21
223604.55
31
0
0
LINE
8
water
10
-48550.0
20
223604.55
30
0
11
-48550.0
21
223795.45
31
0
0
LINE
8
water
10
-48550.0
20
223795.45
30
0
11
-48550.0
21
223914.48
31
0
0
LINE
8
water
10
-48550.0
20
223914.48
30
0
11
-48550.0
21
223872.0
31
0
0
LINE
8
water
10
-48550.0
20
223872.0
30
0
11
-48550.0
21
223700.0
31
0
0
LINE
8
water
10
-47700.0
20
223700.0
30
0
11
-47494.94
21
223700.0
31
0
0
LINE
8
water
10
-47494.94
20
223700.0
30
0
11
-47410.0
21
223700.0
31
0
0
LINE
8
water
10
-47410.0
20
223700.0
30
0
11
-47494.94
21
223700.0
31
0
0
LINE
8
water
10
-47494.94
20
223700.0
30
0
11
-47700.0
21
223700.0
31
0
0
LINE
8
water
10
-47620.0
20
223700.0
30
0
11
-47700.0
21
223780.0
31
0
0
LINE
8
water
10
-47700.0
20
223780.0
30
0
11
-47780.0
21
223700.0
31
0
0
LINE
8
water
10
-47780.0
20
223700.0
30
0
11
-47700.0
21
223620.0
31
0
0
LINE
8
water
10
-47700.0
20
223620.0
30
0
11
-47620.0
21
223700.0
31
0
0
LINE
8
water
10
-48512.0
20
223700.0
30
0
11
-48512.0
21
223516.27
31
0
0
LINE
8
water
10
-48512.0
20
223516.27
30
0
11
-48512.0
21
223470.89
31
0
0
LINE
8
water
10
-48512.0
20
223470.89
30
0
11
-48512.0
21
223598.04
31
0
0
LINE
8
water
10
-48512.0
20
223598.04
30
0
11
-48512.0
21
223801.96
31
0
0
LINE
8
water
10
-48512.0
20
223801.96
30
0
11
-48512.0
21
223929.11
31
0
0
LINE
8
water
10
-48512.0
20
223929.11
30
0
11
-48512.0
21
223883.73
31
0
0
LINE
8
water
10
-48512.0
20
223883.73
30
0
11
-48512.0
21
223700.0
31
0
0
LINE
8
water
10
-48530.0
20
223700.0
30
0
11
-48512.0
21
223700.0
31
0
0
LINE
8
water
10
-48530.0
20
223700.0
30
0
11
-48530.0
21
223516.27
31
0
0
LINE
8
water
10
-48530.0
20
223516.27
30
0
11
-48530.0
21
223470.89
31
0
0
LINE
8
water
10
-48530.0
20
223470.89
30
0
11
-48530.0
21
223598.04
31
0
0
LINE
8
water
10
-48530.0
20
223598.04
30
0
11
-48530.0
21
223801.96
31
0
0
LINE
8
water
10
-48530.0
20
223801.96
30
0
11
-48530.0
21
223929.11
31
0
0
LINE
8
water
10
-48530.0
20
223929.11
30
0
11
-48530.0
21
223883.73
31
0
0
LINE
8
water
10
-48530.0
20
223883.73
30
0
11
-48530.0
21
223700.0
31
0
0
LINE
8
water
10
-48427.0
20
223700.0
30
0
11
-48427.0
21
223516.27
31
0
0
LINE
8
water
10
-48427.0
20
223516.27
30
0
11
-48427.0
21
223470.89
31
0
0
LINE
8
water
10
-48427.0
20
223470.89
30
0
11
-48427.0
21
223598.04
31
0
0
LINE
8
water
10
-48427.0
20
223598.04
30
0
11
-48427.0
21
223801.96
31
0
0
LINE
8
water
10
-48427.0
20
223801.96
30
0
11
-48427.0
21
223929.11
31
0
0
LINE
8
water
10
-48427.0
20
223929.11
30
0
11
-48427.0
21
223883.73
31
0
0
LINE
8
water
10
-48427.0
20
223883.73
30
0
11
-48427.0
21
223700.0
31
0
0
LINE
8
water
10
-48445.0
20
223700.0
30
0
11
-48427.0
21
223700.0
31
0
0
LINE
8
water
10
-48445.0
20
223700.0
30
0
11
-48445.0
21
223516.27
31
0
0
LINE
8
water
10
-48445.0
20
223516.27
30
0
11
-48445.0
21
223470.89
31
0
0
LINE
8
water
10
-48445.0
20
223470.89
30
0
11
-48445.0
21
223598.04
31
0
0
LINE
8
water
10
-48445.0
20
223598.04
30
0
11
-48445.0
21
223801.96
31
0
0
LINE
8
water
10
-48445.0
20
223801.96
30
0
11
-48445.0
21
223929.11
31
0
0
LINE
8
water
10
-48445.0
20
223929.11
30
0
11
-48445.0
21
223883.73
31
0
0
LINE
8
water
10
-48445.0
20
223883.73
30
0
11
-48445.0
21
223700.0
31
0
0
LINE
8
water
10
-48342.0
20
223700.0
30
0
11
-48342.0
21
223516.27
31
0
0
LINE
8
water
10
-48342.0
20
223516.27
30
0
11
-48342.0
21
223470.89
31
0
0
LINE
8
water
10
-48342.0
20
223470.89
30
0
11
-48342.0
21
223598.04
31
0
0
LINE
8
water
10
-48342.0
20
223598.04
30
0
11
-48342.0
21
223801.96
31
0
0
LINE
8
water
10
-48342.0
20
223801.96
30
0
11
-48342.0
21
223929.11
31
0
0
LINE
8
water
10
-48342.0
20
223929.11
30
0
11
-48342.0
21
223883.73
31
0
0
LINE
8
water
10
-48342.0
20
223883.73
30
0
11
-48342.0
21
223700.0
31
0
0
LINE
8
water
10
-48360.0
20
223700.0
30
0
11
-48342.0
21
223700.0
31
0
0
LINE
8
water
10
-48360.0
20
223700.0
30
0
11
-48360.0
21
223516.27
31
0
0
LINE
8
water
10
-48360.0
20
223516.27
30
0
11
-48360.0
21
223470.89
31
0
0
LINE
8
water
10
-48360.0
20
223470.89
30
0
11
-48360.0
21
223598.04
31
0
0
LINE
8
water
10
-48360.0
20
223598.04
30
0
11
-48360.0
21
223801.96
31
0
0
LINE
8
water
10
-48360.0
20
223801.96
30
0
11
-48360.0
21
223929.11
31
0
0
LINE
8
water
10
-48360.0
20
223929.11
30
0
11
-48360.0
21
223883.73
31
0
0
LINE
8
water
10
-48360.0
20
223883.73
30
0
11
-48360.0
21
223700.0
31
0
0
LINE
8
water
10
-48257.0
20
223700.0
30
0
11
-48257.0
21
223516.27
31
0
0
LINE
8
water
10
-48257.0
20
223516.27
30
0
11
-48257.0
21
223470.89
31
0
0
LINE
8
water
10
-48257.0
20
223470.89
30
0
11
-48257.0
21
223598.04
31
0
0
LINE
8
water
10
-48257.0
20
223598.04
30
0
11
-48257.0
21
223801.96
31
0
0
LINE
8
water
10
-48257.0
20
223801.96
30
0
11
-48257.0
21
223929.11
31
0
0
LINE
8
water
10
-48257.0
20
223929.11
30
0
11
-48257.0
21
223883.73
31
0
0
LINE
8
water
10
-48257.0
20
223883.73
30
0
11
-48257.0
21
223700.0
31
0
0
LINE
8
water
10
-48275.0
20
223700.0
30
0
11
-48257.0
21
223700.0
31
0
0
LINE
8
water
10
-48275.0
20
223700.0
30
0
11
-48275.0
21
223516.27
31
0
0
LINE
8
water
10
-48275.0
20
223516.27
30
0
11
-48275.0
21
223470.89
31
0
0
LINE
8
water
10
-48275.0
20
223470.89
30
0
11
-48275.0
21
223598.04
31
0
0
LINE
8
water
10
-48275.0
20
223598.04
30
0
11
-48275.0
21
223801.96
31
0
0
LINE
8
water
10
-48275.0
20
223801.96
30
0
11
-48275.0
21
223929.11
31
0
0
LINE
8
water
10
-48275.0
20
223929.11
30
0
11
-48275.0
21
223883.73
31
0
0
LINE
8
water
10
-48275.0
20
223883.73
30
0
11
-48275.0
21
223700.0
31
0
0
LINE
8
water
10
-48172.0
20
223700.0
30
0
11
-48172.0
21
223516.27
31
0
0
LINE
8
water
10
-48172.0
20
223516.27
30
0
11
-48172.0
21
223470.89
31
0
0
LINE
8
water
10
-48172.0
20
223470.89
30
0
11
-48172.0
21
223598.04
31
0
0
LINE
8
water
10
-48172.0
20
223598.04
30
0
11
-48172.0
21
223801.96
31
0
0
LINE
8
water
10
-48172.0
20
223801.96
30
0
11
-48172.0
21
223929.11
31
0
0
LINE
8
water
10
-48172.0
20
223929.11
30
0
11
-48172.0
21
223883.73
31
0
0
LINE
8
water
10
-48172.0
20
223883.73
30
0
11
-48172.0
21
223700.0
31
0
0
LINE
8
water
10
-48190.0
20
223700.0
30
0
11
-48172.0
21
223700.0
31
0
0
LINE
8
water
10
-48190.0
20
223700.0
30
0
11
-48190.0
21
223516.27
31
0
0
LINE
8
water
10
-48190.0
20
223516.27
30
0
11
-48190.0
21
223470.89
31
0
0
LINE
8
water
10
-48190.0
20
223470.89
30
0
11
-48190.0
21
223598.04
31
0
0
LINE
8
water
10
-48190.0
20
223598.04
30
0
11
-48190.0
21
223801.96
31
0
0
LINE
8
water
10
-48190.0
20
223801.96
30
0
11
-48190.0
21
223929.11
31
0
0
LINE
8
water
10
-48190.0
20
223929.11
30
0
11
-48190.0
21
223883.73
31
0
0
LINE
8
water
10
-48190.0
20
223883.73
30
0
11
-48190.0
21
223700.0
31
0
0
LINE
8
water
10
-48087.0
20
223700.0
30
0
11
-48087.0
21
223516.27
31
0
0
LINE
8
water
10
-48087.0
20
223516.27
30
0
11
-48087.0
21
223470.89
31
0
0
LINE
8
water
10
-48087.0
20
223470.89
30
0
11
-48087.0
21
223598.04
31
0
0
LINE
8
water
10
-48087.0
20
223598.04
30
0
11
-48087.0
21
223801.96
31
0
0
LINE
8
water
10
-48087.0
20
223801.96
30
0
11
-48087.0
21
223929.11
31
0
0
LINE
8
water
10
-48087.0
20
223929.11
30
0
11
-48087.0
21
223883.73
31
0
0
LINE
8
water
10
-48087.0
20
223883.73
30
0
11
-48087.0
21
223700.0
31
0
0
LINE
8
water
10
-48105.0
20
223700.0
30
0
11
-48087.0
21
223700.0
31
0
0
LINE
8
water
10
-48105.0
20
223700.0
30
0
11
-48105.0
21
223516.27
31
0
0
LINE
8
water
10
-48105.0
20
223516.27
30
0
11
-48105.0
21
223470.89
31
0
0
LINE
8
water
10
-48105.0
20
223470.89
30
0
11
-48105.0
21
223598.04
31
0
0
LINE
8
water
10
-48105.0
20
223598.04
30
0
11
-48105.0
21
223801.96
31
0
0
LINE
8
water
10
-48105.0
20
223801.96
30
0
11
-48105.0
21
223929.11
31
0
0
LINE
8
water
10
-48105.0
20
223929.11
30
0
11
-48105.0
21
223883.73
31
0
0
LINE
8
water
10
-48105.0
20
223883.73
30
0
11
-48105.0
21
223700.0
31
0
0
LINE
8
water
10
-48002.0
20
223700.0
30
0
11
-48002.0
21
223516.27
31
0
0
LINE
8
water
10
-48002.0
20
223516.27
30
0
11
-48002.0
21
223470.89
31
0
0
LINE
8
water
10
-48002.0
20
223470.89
30
0
11
-48002.0
21
223598.04
31
0
0
LINE
8
water
10
-48002.0
20
223598.04
30
0
11
-48002.0
21
223801.96
31
0
0
LINE
8
water
10
-48002.0
20
223801.96
30
0
11
-48002.0
21
223929.11
31
0
0
LINE
8
water
10
-48002.0
20
223929.11
30
0
11
-48002.0
21
223883.73
31
0
0
LINE
8
water
10
-48002.0
20
223883.73
30
0
11
-48002.0
21
223700.0
31
0
0
LINE
8
water
10
-48020.0
20
223700.0
30
0
11
-48002.0
21
223700.0
31
0
0
LINE
8
water
10
-48020.0
20
223700.0
30
0
11
-48020.0
21
223516.27
31
0
0
LINE
8
water
10
-48020.0
20
223516.27
30
0
11
-48020.0
21
223470.89
31
0
0
LINE
8
water
10
-48020.0
20
223470.89
30
0
11
-48020.0
21
223598.04
31
0
0
LINE
8
water
10
-48020.0
20
223598.04
30
0
11
-48020.0
21
223801.96
31
0
0
LINE
8
water
10
-48020.0
20
223801.96
30
0
11
-48020.0
21
223929.11
31
0
0
LINE
8
water
10
-48020.0
20
223929.11
30
0
11
-48020.0
21
223883.73
31
0
0
LINE
8
water
10
-48020.0
20
223883.73
30
0
11
-48020.0
21
223700.0
31
0
0
LINE
8
water
10
-45450.0
20
223700.0
30
0
11
-45537.31
21
223997.35
31
0
0
LINE
8
water
10
-45537.31
20
223997.35
30
0
11
-45771.52
21
224200.3
31
0
0
LINE
8
water
10
-45771.52
20
224200.3
30
0
11
-46078.27
21
224244.4
31
0
0
LINE
8
water
10
-46078.27
20
224244.4
30
0
11
-46360.17
21
224115.66
31
0
0
LINE
8
water
10
-46360.17
20
224115.66
30
0
11
-46527.72
21
223854.95
31
0
0
LINE
8
water
10
-46527.72
20
223854.95
30
0
11
-46527.72
21
223545.05
31
0
0
LINE
8
water
10
-46527.72
20
223545.05
30
0
11
-46360.17
21
223284.34
31
0
0
LINE
8
water
10
-46360.17
20
223284.34
30
0
11
-46078.27
21
223155.6
31
0
0
LINE
8
water
10
-46078.27
20
223155.6
30
0
11
-45771.52
21
223199.7
31
0
0
LINE
8
water
10
-45771.52
20
223199.7
30
0
11
-45537.31
21
223402.65
31
0
0
LINE
8
water
10
-45537.31
20
223402.65
30
0
11
-45450.0
21
223700.0
31
0
0
LINE
8
water
10
-46650.0
20
223050.0
30
0
11
-46650.0
21
224350.0
31
0
0
LINE
8
water
10
-45350.0
20
223050.0
30
0
11
-45350.0
21
224350.0
31
0
0
LINE
8
water
10
-46650.0
20
223050.0
30
0
11
-45350.0
21
223050.0
31
0
0
LINE
8
water
10
-46650.0
20
224350.0
30
0
11
-45350.0
21
224350.0
31
0
0
LINE
8
water
10
-47700.0
20
223800.0
30
0
11
-47700.0
21
223735.0
31
0
0
LINE
8
water
10
-47700.0
20
223735.0
30
0
11
-47700.0
21
223800.0
31
0
0
LINE
8
water
10
-47700.0
20
223800.0
30
0
11
-47700.0
21
223865.0
31
0
0
LINE
8
water
10
-47700.0
20
223865.0
30
0
11
-47700.0
21
223800.0
31
0
0
LINE
8
water
10
-50000.0
20
223800.0
30
0
11
-47700.0
21
223800.0
31
0
0
LINE
8
water
10
-50000.0
20
223800.0
30
0
11
-50000.0
21
223735.0
31
0
0
LINE
8
water
10
-50000.0
20
223735.0
30
0
11
-50000.0
21
223800.0
31
0
0
LINE
8
water
10
-50000.0
20
223800.0
30
0
11
-50000.0
21
223865.0
31
0
0
LINE
8
water
10
-50000.0
20
223865.0
30
0
11
-50000.0
21
223800.0
31
0
0
LINE
8
water
10
-47700.0
20
223635.08
30
0
11
-47765.0
21
223700.0
31
0
0
LINE
8
water
10
-47765.0
20
223700.0
30
0
11
-47700.0
21
223764.92
31
0
0
LINE
8
water
10
-47700.0
20
223764.92
30
0
11
-47635.0
21
223700.0
31
0
0
LINE
8
water
10
-47635.0
20
223700.0
30
0
11
-47700.0
21
223635.08
31
0
0
LINE
8
water
10
-47700.0
20
223735.08
30
0
11
-47700.0
21
223635.08
31
0
0
LINE
8
water
10
-47700.0
20
223735.08
30
0
11
-47765.0
21
223800.0
31
0
0
LINE
8
water
10
-47765.0
20
223800.0
30
0
11
-47700.0
21
223864.92
31
0
0
LINE
8
water
10
-47700.0
20
223864.92
30
0
11
-47635.0
21
223800.0
31
0
0
LINE
8
water
10
-47635.0
20
223800.0
30
0
11
-47700.0
21
223735.08
31
0
0
LINE
8
water
10
-47700.0
20
223800.0
30
0
11
-47629.8
21
223800.0
31
0
0
LINE
8
water
10
-47629.8
20
223800.0
30
0
11
-47700.0
21
223800.0
31
0
0
LINE
8
water
10
-46000.0
20
223400.0
30
0
11
-46000.0
21
223335.0
31
0
0
LINE
8
water
10
-46000.0
20
223335.0
30
0
11
-46000.0
21
223400.0
31
0
0
LINE
8
water
10
-46000.0
20
223400.0
30
0
11
-46000.0
21
223465.0
31
0
0
LINE
8
water
10
-46000.0
20
223465.0
30
0
11
-46000.0
21
223400.0
31
0
0
LINE
8
water
10
-47700.0
20
223400.0
30
0
11
-46000.0
21
223400.0
31
0
0
LINE
8
water
10
-47700.0
20
223400.0
30
0
11
-47700.0
21
223335.0
31
0
0
LINE
8
water
10
-47700.0
20
223335.0
30
0
11
-47700.0
21
223400.0
31
0
0
LINE
8
water
10
-47700.0
20
223400.0
30
0
11
-47700.0
21
223465.0
31
0
0
LINE
8
water
10
-47700.0
20
223465.0
30
0
11
-47700.0
21
223400.0
31
0
0
LINE
8
water
10
-46000.0
20
223700.0
30
0
11
-45935.0
21
223700.0
31
0
0
LINE
8
water
10
-45935.0
20
223700.0
30
0
11
-46000.0
21
223700.0
31
0
0
LINE
8
water
10
-46000.0
20
223700.0
30
0
11
-46065.0
21
223700.0
31
0
0
LINE
8
water
10
-46065.0
20
223700.0
30
0
11
-46000.0
21
223700.0
31
0
0
LINE
8
water
10
-46000.0
20
223400.0
30
0
11
-46000.0
21
223700.0
31
0
0
LINE
8
water
10
-46000.0
20
223400.0
30
0
11
-45935.0
21
223400.0
31
0
0
LINE
8
water
10
-45935.0
20
223400.0
30
0
11
-46000.0
21
223400.0
31
0
0
LINE
8
water
10
-46000.0
20
223400.0
30
0
11
-46065.0
21
223400.0
31
0
0
LINE
8
water
10
-46065.0
20
223400.0
30
0
11
-46000.0
21
223400.0
31
0
0
LINE
8
water
10
-46000.0
20
223400.0
30
0
11
-45929.8
21
223400.0
31
0
0
LINE
8
water
10
-45929.8
20
223400.0
30
0
11
-46000.0
21
223400.0
31
0
0
LINE
8
water
10
-46000.0
20
223000.0
30
0
11
-45935.0
21
223000.0
31
0
0
LINE
8
water
10
-45935.0
20
223000.0
30
0
11
-46000.0
21
223000.0
31
0
0
LINE
8
water
10
-46000.0
20
223000.0
30
0
11
-46065.0
21
223000.0
31
0
0
LINE
8
water
10
-46065.0
20
223000.0
30
0
11
-46000.0
21
223000.0
31
0
0
LINE
8
water
10
-46000.0
20
223700.0
30
0
11
-46000.0
21
223000.0
31
0
0
LINE
8
water
10
-45935.0
20
223000.0
30
0
11
-46000.0
21
223065.0
31
0
0
LINE
8
water
10
-46000.0
20
223065.0
30
0
11
-46065.0
21
223000.0
31
0
0
LINE
8
water
10
-46065.0
20
223000.0
30
0
11
-46000.0
21
222935.0
31
0
0
LINE
8
water
10
-46000.0
20
222935.0
30
0
11
-45935.0
21
223000.0
31
0
0
LINE
8
water
10
-46000.0
20
223000.0
30
0
11
-45929.8
21
223000.0
31
0
0
LINE
8
water
10
-45929.8
20
223000.0
30
0
11
-46000.0
21
223000.0
31
0
0
LINE
8
water
10
53000.0
20
222000.0
30
0
11
53000.0
21
221920.0
31
0
0
LINE
8
water
10
53000.0
20
221920.0
30
0
11
53000.0
21
222000.0
31
0
0
LINE
8
water
10
53000.0
20
222000.0
30
0
11
53000.0
21
222080.0
31
0
0
LINE
8
water
10
53000.0
20
222080.0
30
0
11
53000.0
21
222000.0
31
0
0
LINE
8
water
10
-50000.0
20
222000.0
30
0
11
53000.0
21
222000.0
31
0
0
LINE
8
water
10
-50000.0
20
222000.0
30
0
11
-50000.0
21
221920.0
31
0
0
LINE
8
water
10
-50000.0
20
221920.0
30
0
11
-50000.0
21
222000.0
31
0
0
LINE
8
water
10
-50000.0
20
222000.0
30
0
11
-50000.0
21
222080.0
31
0
0
LINE
8
water
10
-50000.0
20
222080.0
30
0
11
-50000.0
21
222000.0
31
0
0
LINE
8
water
10
53000.0
20
223000.0
30
0
11
53000.0
21
222920.0
31
0
0
LINE
8
water
10
53000.0
20
222920.0
30
0
11
53000.0
21
223000.0
31
0
0
LINE
8
water
10
53000.0
20
223000.0
30
0
11
53000.0
21
223080.0
31
0
0
LINE
8
water
10
53000.0
20
223080.0
30
0
11
53000.0
21
223000.0
31
0
0
LINE
8
water
10
-50000.0
20
223000.0
30
0
11
53000.0
21
223000.0
31
0
0
LINE
8
water
10
-50000.0
20
223000.0
30
0
11
-50000.0
21
222920.0
31
0
0
LINE
8
water
10
-50000.0
20
222920.0
30
0
11
-50000.0
21
223000.0
31
0
0
LINE
8
water
10
-50000.0
20
223000.0
30
0
11
-50000.0
21
223080.0
31
0
0
LINE
8
water
10
-50000.0
20
223080.0
30
0
11
-50000.0
21
223000.0
31
0
0
LINE
8
water
10
53000.0
20
223800.0
30
0
11
53000.0
21
223720.0
31
0
0
LINE
8
water
10
53000.0
20
223720.0
30
0
11
53000.0
21
223800.0
31
0
0
LINE
8
water
10
53000.0
20
223800.0
30
0
11
53000.0
21
223880.0
31
0
0
LINE
8
water
10
53000.0
20
223880.0
30
0
11
53000.0
21
223800.0
31
0
0
LINE
8
water
10
-50000.0
20
223800.0
30
0
11
53000.0
21
223800.0
31
0
0
LINE
8
water
10
-50000.0
20
223800.0
30
0
11
-50000.0
21
223720.0
31
0
0
LINE
8
water
10
-50000.0
20
223720.0
30
0
11
-50000.0
21
223800.0
31
0
0
LINE
8
water
10
-50000.0
20
223800.0
30
0
11
-50000.0
21
223880.0
31
0
0
LINE
8
water
10
-50000.0
20
223880.0
30
0
11
-50000.0
21
223800.0
31
0
0
LINE
8
water
10
53000.0
20
223800.0
30
0
11
53080.0
21
223800.0
31
0
0
LINE
8
water
10
53080.0
20
223800.0
30
0
11
53000.0
21
223800.0
31
0
0
LINE
8
water
10
53000.0
20
223800.0
30
0
11
52920.0
21
223800.0
31
0
0
LINE
8
water
10
52920.0
20
223800.0
30
0
11
53000.0
21
223800.0
31
0
0
LINE
8
water
10
53000.0
20
223000.0
30
0
11
53000.0
21
223800.0
31
0
0
LINE
8
water
10
53000.0
20
223000.0
30
0
11
53080.0
21
223000.0
31
0
0
LINE
8
water
10
53080.0
20
223000.0
30
0
11
53000.0
21
223000.0
31
0
0
LINE
8
water
10
53000.0
20
223000.0
30
0
11
52920.0
21
223000.0
31
0
0
LINE
8
water
10
52920.0
20
223000.0
30
0
11
53000.0
21
223000.0
31
0
0
LINE
8
electrical
10
-53000.0
20
220000.0
30
0
11
-53000.0
21
220050.0
31
0
0
LINE
8
electrical
10
-53000.0
20
220350.0
30
0
11
-53000.0
21
220050.0
31
0
0
LINE
8
electrical
10
-53000.0
20
220350.0
30
0
11
-53000.0
21
220400.0
31
0
0
LINE
8
electrical
10
-53000.0
20
220000.0
30
0
11
-53000.0
21
220400.0
31
0
0
LINE
8
electrical
10
53000.0
20
220050.0
30
0
11
-53000.0
21
220050.0
31
0
0
LINE
8
electrical
10
53000.0
20
220000.0
30
0
11
53000.0
21
220050.0
31
0
0
LINE
8
electrical
10
-53000.0
20
220000.0
30
0
11
53000.0
21
220000.0
31
0
0
LINE
8
electrical
10
-53000.0
20
220350.0
30
0
11
53000.0
21
220350.0
31
0
0
LINE
8
electrical
10
53000.0
20
220350.0
30
0
11
53000.0
21
220050.0
31
0
0
LINE
8
electrical
10
-53000.0
20
220400.0
30
0
11
53000.0
21
220400.0
31
0
0
LINE
8
electrical
10
53000.0
20
220350.0
30
0
11
53000.0
21
220400.0
31
0
0
LINE
8
electrical
10
53000.0
20
220000.0
30
0
11
53000.0
21
220400.0
31
0
0
LINE
8
electrical
10
53000.0
20
220200.0
30
0
11
53000.0
21
220184.41
31
0
0
LINE
8
electrical
10
53000.0
20
220184.41
30
0
11
53000.0
21
220215.59
31
0
0
LINE
8
electrical
10
53000.0
20
220215.59
30
0
11
53000.0
21
220200.0
31
0
0
LINE
8
electrical
10
-53000.0
20
220200.0
30
0
11
53000.0
21
220200.0
31
0
0
LINE
8
electrical
10
-53000.0
20
220200.0
30
0
11
-53000.0
21
220184.41
31
0
0
LINE
8
electrical
10
-53000.0
20
220184.41
30
0
11
-53000.0
21
220215.59
31
0
0
LINE
8
electrical
10
-53000.0
20
220215.59
30
0
11
-53000.0
21
220200.0
31
0
0
LINE
8
electrical
10
-53000.0
20
220200.0
30
0
11
-52978.35
21
220200.0
31
0
0
LINE
8
electrical
10
-52978.35
20
220200.0
30
0
11
-53021.65
21
220200.0
31
0
0
LINE
8
electrical
10
-53021.65
20
220200.0
30
0
11
-53000.0
21
220200.0
31
0
0
LINE
8
electrical
10
-53000.0
20
220000.0
30
0
11
-53000.0
21
220200.0
31
0
0
LINE
8
electrical
10
-53000.0
20
220000.0
30
0
11
-52978.35
21
220000.0
31
0
0
LINE
8
electrical
10
-52978.35
20
220000.0
30
0
11
-53021.65
21
220000.0
31
0
0
LINE
8
electrical
10
-53021.65
20
220000.0
30
0
11
-53000.0
21
220000.0
31
0
0
LINE
8
electrical
10
-52975.0
20
220200.0
30
0
11
-53012.5
21
220221.65
31
0
0
LINE
8
electrical
10
-53012.5
20
220221.65
30
0
11
-53012.5
21
220178.35
31
0
0
LINE
8
electrical
10
-53012.5
20
220178.35
30
0
11
-52975.0
21
220200.0
31
0
0
LINE
8
electrical
10
-53000.0
20
220200.0
30
0
11
-52973.0
21
220200.0
31
0
0
LINE
8
electrical
10
-52973.0
20
220200.0
30
0
11
-53000.0
21
220200.0
31
0
0
LINE
8
interiors
10
-49000.0
20
227000.0
30
0
11
-49000.0
21
247000.0
31
0
0
LINE
8
interiors
10
-49000.0
20
227000.0
30
0
11
-45200.0
21
227000.0
31
0
0
LINE
8
interiors
10
-45200.0
20
227000.0
30
0
11
-42800.0
21
227000.0
31
0
0
LINE
8
interiors
10
-42800.0
20
227000.0
30
0
11
-39000.0
21
227000.0
31
0
0
LINE
8
interiors
10
-49000.0
20
227000.0
30
0
11
-39000.0
21
227000.0
31
0
0
LINE
8
interiors
10
-49000.0
20
247000.0
30
0
11
-39000.0
21
247000.0
31
0
0
LINE
8
interiors
10
-39000.0
20
227000.0
30
0
11
-39000.0
21
247000.0
31
0
0
LINE
8
interiors
10
-39120.0
20
227120.0
30
0
11
-48880.0
21
227120.0
31
0
0
LINE
8
interiors
10
-39120.0
20
227120.0
30
0
11
-39120.0
21
246880.0
31
0
0
LINE
8
interiors
10
-39120.0
20
246880.0
30
0
11
-48880.0
21
246880.0
31
0
0
LINE
8
interiors
10
-48880.0
20
227120.0
30
0
11
-48880.0
21
246880.0
31
0
0
LINE
8
interiors
10
-46600.0
20
247000.0
30
0
11
-41400.0
21
247000.0
31
0
0
LINE
8
interiors
10
-42800.0
20
227000.0
30
0
11
-42800.0
21
227120.0
31
0
0
LINE
8
interiors
10
-39120.0
20
227120.0
30
0
11
-42800.0
21
227120.0
31
0
0
LINE
8
interiors
10
-45200.0
20
227120.0
30
0
11
-48880.0
21
227120.0
31
0
0
LINE
8
interiors
10
-45200.0
20
227000.0
30
0
11
-45200.0
21
227120.0
31
0
0
LINE
8
interiors
10
-45200.0
20
227120.0
30
0
11
-42800.0
21
227120.0
31
0
0
LINE
8
interiors
10
-46600.0
20
246880.0
30
0
11
-41400.0
21
246880.0
31
0
0
LINE
8
interiors
10
-46600.0
20
246880.0
30
0
11
-46600.0
21
247000.0
31
0
0
LINE
8
interiors
10
-41400.0
20
246880.0
30
0
11
-41400.0
21
247000.0
31
0
0
LINE
8
interiors
10
-46600.0
20
246977.5
30
0
11
-46600.0
21
247022.5
31
0
0
LINE
8
interiors
10
-41400.0
20
246977.5
30
0
11
-41400.0
21
247022.5
31
0
0
LINE
8
interiors
10
-46600.0
20
246977.5
30
0
11
-41400.0
21
246977.5
31
0
0
LINE
8
interiors
10
-46600.0
20
247022.5
30
0
11
-41400.0
21
247022.5
31
0
0
LINE
8
interiors
10
-48875.0
20
227125.0
30
0
11
-48875.0
21
246875.0
31
0
0
LINE
8
interiors
10
-39125.0
20
227125.0
30
0
11
-39125.0
21
246875.0
31
0
0
LINE
8
interiors
10
-48875.0
20
227125.0
30
0
11
-39125.0
21
227125.0
31
0
0
LINE
8
interiors
10
-48875.0
20
246875.0
30
0
11
-39125.0
21
246875.0
31
0
0
LINE
8
interiors
10
-45155.0
20
226880.0
30
0
11
-45155.0
21
227120.0
31
0
0
LINE
8
interiors
10
-45085.0
20
226880.0
30
0
11
-45085.0
21
227120.0
31
0
0
LINE
8
interiors
10
-45155.0
20
226880.0
30
0
11
-45085.0
21
226880.0
31
0
0
LINE
8
interiors
10
-45155.0
20
227120.0
30
0
11
-45085.0
21
227120.0
31
0
0
LINE
8
interiors
10
-42915.0
20
226880.0
30
0
11
-42915.0
21
227120.0
31
0
0
LINE
8
interiors
10
-42845.0
20
226880.0
30
0
11
-42845.0
21
227120.0
31
0
0
LINE
8
interiors
10
-42915.0
20
226880.0
30
0
11
-42845.0
21
226880.0
31
0
0
LINE
8
interiors
10
-42915.0
20
227120.0
30
0
11
-42845.0
21
227120.0
31
0
0
LINE
8
interiors
10
-45150.0
20
226880.0
30
0
11
-45150.0
21
227120.0
31
0
0
LINE
8
interiors
10
-42850.0
20
226880.0
30
0
11
-42850.0
21
227120.0
31
0
0
LINE
8
interiors
10
-45150.0
20
226880.0
30
0
11
-42850.0
21
226880.0
31
0
0
LINE
8
interiors
10
-45150.0
20
227120.0
30
0
11
-42850.0
21
227120.0
31
0
0
LINE
8
interiors
10
-45069.61
20
227090.49
30
0
11
-45110.39
21
227109.51
31
0
0
LINE
8
interiors
10
-44613.18
20
228069.3
30
0
11
-44653.96
21
228088.32
31
0
0
LINE
8
interiors
10
-45069.61
20
227090.49
30
0
11
-44613.18
21
228069.3
31
0
0
LINE
8
interiors
10
-45110.39
20
227109.51
30
0
11
-44653.96
21
228088.32
31
0
0
LINE
8
interiors
10
-45750.0
20
233400.0
30
0
11
-45750.0
21
234600.0
31
0
0
LINE
8
interiors
10
-42250.0
20
233400.0
30
0
11
-42250.0
21
234600.0
31
0
0
LINE
8
interiors
10
-45750.0
20
233400.0
30
0
11
-42250.0
21
233400.0
31
0
0
LINE
8
interiors
10
-45750.0
20
234600.0
30
0
11
-42250.0
21
234600.0
31
0
0
LINE
8
interiors
10
-44300.0
20
233970.0
30
0
11
-44300.0
21
234030.0
31
0
0
LINE
8
interiors
10
-43700.0
20
233970.0
30
0
11
-43700.0
21
234030.0
31
0
0
LINE
8
interiors
10
-44300.0
20
233970.0
30
0
11
-43700.0
21
233970.0
31
0
0
LINE
8
interiors
10
-44300.0
20
234030.0
30
0
11
-43700.0
21
234030.0
31
0
0
LINE
8
interiors
10
-44030.0
20
233965.0
30
0
11
-44030.0
21
234035.0
31
0
0
LINE
8
interiors
10
-43970.0
20
233965.0
30
0
11
-43970.0
21
234035.0
31
0
0
LINE
8
interiors
10
-44030.0
20
233965.0
30
0
11
-43970.0
21
233965.0
31
0
0
LINE
8
interiors
10
-44030.0
20
234035.0
30
0
11
-43970.0
21
234035.0
31
0
0
LINE
8
interiors
10
-44150.0
20
233890.0
30
0
11
-44150.0
21
234110.0
31
0
0
LINE
8
interiors
10
-43850.0
20
233890.0
30
0
11
-43850.0
21
234110.0
31
0
0
LINE
8
interiors
10
-44150.0
20
233890.0
30
0
11
-43850.0
21
233890.0
31
0
0
LINE
8
interiors
10
-44150.0
20
234110.0
30
0
11
-43850.0
21
234110.0
31
0
0
LINE
8
electrical
10
-39725.0
20
227075.0
30
0
11
-39725.0
21
227325.0
31
0
0
LINE
8
electrical
10
-39175.0
20
227075.0
30
0
11
-39175.0
21
227325.0
31
0
0
LINE
8
electrical
10
-39725.0
20
227075.0
30
0
11
-39175.0
21
227075.0
31
0
0
LINE
8
electrical
10
-39725.0
20
227325.0
30
0
11
-39175.0
21
227325.0
31
0
0
LINE
8
electrical
10
-39685.0
20
227047.5
30
0
11
-39685.0
21
227082.5
31
0
0
LINE
8
electrical
10
-39215.0
20
227047.5
30
0
11
-39215.0
21
227082.5
31
0
0
LINE
8
electrical
10
-39685.0
20
227047.5
30
0
11
-39215.0
21
227047.5
31
0
0
LINE
8
electrical
10
-39685.0
20
227082.5
30
0
11
-39215.0
21
227082.5
31
0
0
LINE
8
electrical
10
-39637.5
20
227010.0
30
0
11
-39637.5
21
227050.0
31
0
0
LINE
8
electrical
10
-39537.5
20
227010.0
30
0
11
-39537.5
21
227050.0
31
0
0
LINE
8
electrical
10
-39637.5
20
227010.0
30
0
11
-39537.5
21
227010.0
31
0
0
LINE
8
electrical
10
-39637.5
20
227050.0
30
0
11
-39537.5
21
227050.0
31
0
0
LINE
8
electrical
10
-39500.0
20
227010.0
30
0
11
-39500.0
21
227050.0
31
0
0
LINE
8
electrical
10
-39400.0
20
227010.0
30
0
11
-39400.0
21
227050.0
31
0
0
LINE
8
electrical
10
-39500.0
20
227010.0
30
0
11
-39400.0
21
227010.0
31
0
0
LINE
8
electrical
10
-39500.0
20
227050.0
30
0
11
-39400.0
21
227050.0
31
0
0
LINE
8
electrical
10
-39362.5
20
227010.0
30
0
11
-39362.5
21
227050.0
31
0
0
LINE
8
electrical
10
-39262.5
20
227010.0
30
0
11
-39262.5
21
227050.0
31
0
0
LINE
8
electrical
10
-39362.5
20
227010.0
30
0
11
-39262.5
21
227010.0
31
0
0
LINE
8
electrical
10
-39362.5
20
227050.0
30
0
11
-39262.5
21
227050.0
31
0
0
LINE
8
electrical
10
-39587.5
20
226995.0
30
0
11
-39564.12
21
226995.0
31
0
0
LINE
8
electrical
10
-39564.12
20
226995.0
30
0
11
-39610.88
21
226995.0
31
0
0
LINE
8
electrical
10
-39610.88
20
226995.0
30
0
11
-39587.5
21
226995.0
31
0
0
LINE
8
electrical
10
-39587.5
20
227020.0
30
0
11
-39587.5
21
226995.0
31
0
0
LINE
8
electrical
10
-39587.5
20
227020.0
30
0
11
-39564.12
21
227020.0
31
0
0
LINE
8
electrical
10
-39564.12
20
227020.0
30
0
11
-39610.88
21
227020.0
31
0
0
LINE
8
electrical
10
-39610.88
20
227020.0
30
0
11
-39587.5
21
227020.0
31
0
0
LINE
8
electrical
10
-39450.0
20
226995.0
30
0
11
-39426.62
21
226995.0
31
0
0
LINE
8
electrical
10
-39426.62
20
226995.0
30
0
11
-39473.38
21
226995.0
31
0
0
LINE
8
electrical
10
-39473.38
20
226995.0
30
0
11
-39450.0
21
226995.0
31
0
0
LINE
8
electrical
10
-39450.0
20
227020.0
30
0
11
-39450.0
21
226995.0
31
0
0
LINE
8
electrical
10
-39450.0
20
227020.0
30
0
11
-39426.62
21
227020.0
31
0
0
LINE
8
electrical
10
-39426.62
20
227020.0
30
0
11
-39473.38
21
227020.0
31
0
0
LINE
8
electrical
10
-39473.38
20
227020.0
30
0
11
-39450.0
21
227020.0
31
0
0
LINE
8
electrical
10
-39312.5
20
226995.0
30
0
11
-39289.12
21
226995.0
31
0
0
LINE
8
electrical
10
-39289.12
20
226995.0
30
0
11
-39335.88
21
226995.0
31
0
0
LINE
8
electrical
10
-39335.88
20
226995.0
30
0
11
-39312.5
21
226995.0
31
0
0
LINE
8
electrical
10
-39312.5
20
227020.0
30
0
11
-39312.5
21
226995.0
31
0
0
LINE
8
electrical
10
-39312.5
20
227020.0
30
0
11
-39289.12
21
227020.0
31
0
0
LINE
8
electrical
10
-39289.12
20
227020.0
30
0
11
-39335.88
21
227020.0
31
0
0
LINE
8
electrical
10
-39335.88
20
227020.0
30
0
11
-39312.5
21
227020.0
31
0
0
LINE
8
electrical
10
-39450.0
20
227200.0
30
0
11
-39434.41
21
227200.0
31
0
0
LINE
8
electrical
10
-39434.41
20
227200.0
30
0
11
-39465.59
21
227200.0
31
0
0
LINE
8
electrical
10
-39465.59
20
227200.0
30
0
11
-39450.0
21
227200.0
31
0
0
LINE
8
electrical
10
-39450.0
20
220200.0
30
0
11
-39450.0
21
227200.0
31
0
0
LINE
8
electrical
10
-39450.0
20
220200.0
30
0
11
-39434.41
21
220200.0
31
0
0
LINE
8
electrical
10
-39434.41
20
220200.0
30
0
11
-39465.59
21
220200.0
31
0
0
LINE
8
electrical
10
-39465.59
20
220200.0
30
0
11
-39450.0
21
220200.0
31
0
0
LINE
8
electrical
10
-39468.0
20
227200.0
30
0
11
-39441.0
21
227215.59
31
0
0
LINE
8
electrical
10
-39441.0
20
227215.59
30
0
11
-39441.0
21
227184.41
31
0
0
LINE
8
electrical
10
-39441.0
20
227184.41
30
0
11
-39468.0
21
227200.0
31
0
0
LINE
8
electrical
10
-39450.0
20
227200.0
30
0
11
-39430.56
21
227200.0
31
0
0
LINE
8
electrical
10
-39430.56
20
227200.0
30
0
11
-39450.0
21
227200.0
31
0
0
LINE
8
lighting
10
-48500.0
20
230172.5
30
0
11
-48500.0
21
230227.5
31
0
0
LINE
8
lighting
10
-46700.0
20
230172.5
30
0
11
-46700.0
21
230227.5
31
0
0
LINE
8
lighting
10
-48500.0
20
230172.5
30
0
11
-46700.0
21
230172.5
31
0
0
LINE
8
lighting
10
-48500.0
20
230227.5
30
0
11
-46700.0
21
230227.5
31
0
0
LINE
8
lighting
10
-48150.0
20
230450.0
30
0
11
-48064.4
21
230450.0
31
0
0
LINE
8
lighting
10
-48064.4
20
230450.0
30
0
11
-48097.1
21
230450.0
31
0
0
LINE
8
lighting
10
-48097.1
20
230450.0
30
0
11
-48202.9
21
230450.0
31
0
0
LINE
8
lighting
10
-48202.9
20
230450.0
30
0
11
-48235.6
21
230450.0
31
0
0
LINE
8
lighting
10
-48235.6
20
230450.0
30
0
11
-48150.0
21
230450.0
31
0
0
LINE
8
lighting
10
-48150.0
20
230200.0
30
0
11
-48150.0
21
230450.0
31
0
0
LINE
8
lighting
10
-48150.0
20
230200.0
30
0
11
-48064.4
21
230200.0
31
0
0
LINE
8
lighting
10
-48064.4
20
230200.0
30
0
11
-48097.1
21
230200.0
31
0
0
LINE
8
lighting
10
-48097.1
20
230200.0
30
0
11
-48202.9
21
230200.0
31
0
0
LINE
8
lighting
10
-48202.9
20
230200.0
30
0
11
-48235.6
21
230200.0
31
0
0
LINE
8
lighting
10
-48235.6
20
230200.0
30
0
11
-48150.0
21
230200.0
31
0
0
LINE
8
lighting
10
-47050.0
20
229950.0
30
0
11
-46964.4
21
229950.0
31
0
0
LINE
8
lighting
10
-46964.4
20
229950.0
30
0
11
-46997.1
21
229950.0
31
0
0
LINE
8
lighting
10
-46997.1
20
229950.0
30
0
11
-47102.9
21
229950.0
31
0
0
LINE
8
lighting
10
-47102.9
20
229950.0
30
0
11
-47135.6
21
229950.0
31
0
0
LINE
8
lighting
10
-47135.6
20
229950.0
30
0
11
-47050.0
21
229950.0
31
0
0
LINE
8
lighting
10
-47050.0
20
230200.0
30
0
11
-47050.0
21
229950.0
31
0
0
LINE
8
lighting
10
-47050.0
20
230200.0
30
0
11
-46964.4
21
230200.0
31
0
0
LINE
8
lighting
10
-46964.4
20
230200.0
30
0
11
-46997.1
21
230200.0
31
0
0
LINE
8
lighting
10
-46997.1
20
230200.0
30
0
11
-47102.9
21
230200.0
31
0
0
LINE
8
lighting
10
-47102.9
20
230200.0
30
0
11
-47135.6
21
230200.0
31
0
0
LINE
8
lighting
10
-47135.6
20
230200.0
30
0
11
-47050.0
21
230200.0
31
0
0
LINE
8
lighting
10
-47591.0
20
230200.0
30
0
11
-47604.5
21
230207.79
31
0
0
LINE
8
lighting
10
-47604.5
20
230207.79
30
0
11
-47604.5
21
230192.21
31
0
0
LINE
8
lighting
10
-47604.5
20
230192.21
30
0
11
-47591.0
21
230200.0
31
0
0
LINE
8
lighting
10
-41300.0
20
230172.5
30
0
11
-41300.0
21
230227.5
31
0
0
LINE
8
lighting
10
-39500.0
20
230172.5
30
0
11
-39500.0
21
230227.5
31
0
0
LINE
8
lighting
10
-41300.0
20
230172.5
30
0
11
-39500.0
21
230172.5
31
0
0
LINE
8
lighting
10
-41300.0
20
230227.5
30
0
11
-39500.0
21
230227.5
31
0
0
LINE
8
lighting
10
-40950.0
20
230450.0
30
0
11
-40864.4
21
230450.0
31
0
0
LINE
8
lighting
10
-40864.4
20
230450.0
30
0
11
-40897.1
21
230450.0
31
0
0
LINE
8
lighting
10
-40897.1
20
230450.0
30
0
11
-41002.9
21
230450.0
31
0
0
LINE
8
lighting
10
-41002.9
20
230450.0
30
0
11
-41035.6
21
230450.0
31
0
0
LINE
8
lighting
10
-41035.6
20
230450.0
30
0
11
-40950.0
21
230450.0
31
0
0
LINE
8
lighting
10
-40950.0
20
230200.0
30
0
11
-40950.0
21
230450.0
31
0
0
LINE
8
lighting
10
-40950.0
20
230200.0
30
0
11
-40864.4
21
230200.0
31
0
0
LINE
8
lighting
10
-40864.4
20
230200.0
30
0
11
-40897.1
21
230200.0
31
0
0
LINE
8
lighting
10
-40897.1
20
230200.0
30
0
11
-41002.9
21
230200.0
31
0
0
LINE
8
lighting
10
-41002.9
20
230200.0
30
0
11
-41035.6
21
230200.0
31
0
0
LINE
8
lighting
10
-41035.6
20
230200.0
30
0
11
-40950.0
21
230200.0
31
0
0
LINE
8
lighting
10
-39850.0
20
229950.0
30
0
11
-39764.4
21
229950.0
31
0
0
LINE
8
lighting
10
-39764.4
20
229950.0
30
0
11
-39797.1
21
229950.0
31
0
0
LINE
8
lighting
10
-39797.1
20
229950.0
30
0
11
-39902.9
21
229950.0
31
0
0
LINE
8
lighting
10
-39902.9
20
229950.0
30
0
11
-39935.6
21
229950.0
31
0
0
LINE
8
lighting
10
-39935.6
20
229950.0
30
0
11
-39850.0
21
229950.0
31
0
0
LINE
8
lighting
10
-39850.0
20
230200.0
30
0
11
-39850.0
21
229950.0
31
0
0
LINE
8
lighting
10
-39850.0
20
230200.0
30
0
11
-39764.4
21
230200.0
31
0
0
LINE
8
lighting
10
-39764.4
20
230200.0
30
0
11
-39797.1
21
230200.0
31
0
0
LINE
8
lighting
10
-39797.1
20
230200.0
30
0
11
-39902.9
21
230200.0
31
0
0
LINE
8
lighting
10
-39902.9
20
230200.0
30
0
11
-39935.6
21
230200.0
31
0
0
LINE
8
lighting
10
-39935.6
20
230200.0
30
0
11
-39850.0
21
230200.0
31
0
0
LINE
8
lighting
10
-40391.0
20
230200.0
30
0
11
-40404.5
21
230207.79
31
0
0
LINE
8
lighting
10
-40404.5
20
230207.79
30
0
11
-40404.5
21
230192.21
31
0
0
LINE
8
lighting
10
-40404.5
20
230192.21
30
0
11
-40391.0
21
230200.0
31
0
0
LINE
8
lighting
10
-48500.0
20
243772.5
30
0
11
-48500.0
21
243827.5
31
0
0
LINE
8
lighting
10
-46700.0
20
243772.5
30
0
11
-46700.0
21
243827.5
31
0
0
LINE
8
lighting
10
-48500.0
20
243772.5
30
0
11
-46700.0
21
243772.5
31
0
0
LINE
8
lighting
10
-48500.0
20
243827.5
30
0
11
-46700.0
21
243827.5
31
0
0
LINE
8
lighting
10
-48150.0
20
244050.0
30
0
11
-48064.4
21
244050.0
31
0
0
LINE
8
lighting
10
-48064.4
20
244050.0
30
0
11
-48097.1
21
244050.0
31
0
0
LINE
8
lighting
10
-48097.1
20
244050.0
30
0
11
-48202.9
21
244050.0
31
0
0
LINE
8
lighting
10
-48202.9
20
244050.0
30
0
11
-48235.6
21
244050.0
31
0
0
LINE
8
lighting
10
-48235.6
20
244050.0
30
0
11
-48150.0
21
244050.0
31
0
0
LINE
8
lighting
10
-48150.0
20
243800.0
30
0
11
-48150.0
21
244050.0
31
0
0
LINE
8
lighting
10
-48150.0
20
243800.0
30
0
11
-48064.4
21
243800.0
31
0
0
LINE
8
lighting
10
-48064.4
20
243800.0
30
0
11
-48097.1
21
243800.0
31
0
0
LINE
8
lighting
10
-48097.1
20
243800.0
30
0
11
-48202.9
21
243800.0
31
0
0
LINE
8
lighting
10
-48202.9
20
243800.0
30
0
11
-48235.6
21
243800.0
31
0
0
LINE
8
lighting
10
-48235.6
20
243800.0
30
0
11
-48150.0
21
243800.0
31
0
0
LINE
8
lighting
10
-47050.0
20
243550.0
30
0
11
-46964.4
21
243550.0
31
0
0
LINE
8
lighting
10
-46964.4
20
243550.0
30
0
11
-46997.1
21
243550.0
31
0
0
LINE
8
lighting
10
-46997.1
20
243550.0
30
0
11
-47102.9
21
243550.0
31
0
0
LINE
8
lighting
10
-47102.9
20
243550.0
30
0
11
-47135.6
21
243550.0
31
0
0
LINE
8
lighting
10
-47135.6
20
243550.0
30
0
11
-47050.0
21
243550.0
31
0
0
LINE
8
lighting
10
-47050.0
20
243800.0
30
0
11
-47050.0
21
243550.0
31
0
0
LINE
8
lighting
10
-47050.0
20
243800.0
30
0
11
-46964.4
21
243800.0
31
0
0
LINE
8
lighting
10
-46964.4
20
243800.0
30
0
11
-46997.1
21
243800.0
31
0
0
LINE
8
lighting
10
-46997.1
20
243800.0
30
0
11
-47102.9
21
243800.0
31
0
0
LINE
8
lighting
10
-47102.9
20
243800.0
30
0
11
-47135.6
21
243800.0
31
0
0
LINE
8
lighting
10
-47135.6
20
243800.0
30
0
11
-47050.0
21
243800.0
31
0
0
LINE
8
lighting
10
-47591.0
20
243800.0
30
0
11
-47604.5
21
243807.79
31
0
0
LINE
8
lighting
10
-47604.5
20
243807.79
30
0
11
-47604.5
21
243792.21
31
0
0
LINE
8
lighting
10
-47604.5
20
243792.21
30
0
11
-47591.0
21
243800.0
31
0
0
LINE
8
lighting
10
-41300.0
20
243772.5
30
0
11
-41300.0
21
243827.5
31
0
0
LINE
8
lighting
10
-39500.0
20
243772.5
30
0
11
-39500.0
21
243827.5
31
0
0
LINE
8
lighting
10
-41300.0
20
243772.5
30
0
11
-39500.0
21
243772.5
31
0
0
LINE
8
lighting
10
-41300.0
20
243827.5
30
0
11
-39500.0
21
243827.5
31
0
0
LINE
8
lighting
10
-40950.0
20
244050.0
30
0
11
-40864.4
21
244050.0
31
0
0
LINE
8
lighting
10
-40864.4
20
244050.0
30
0
11
-40897.1
21
244050.0
31
0
0
LINE
8
lighting
10
-40897.1
20
244050.0
30
0
11
-41002.9
21
244050.0
31
0
0
LINE
8
lighting
10
-41002.9
20
244050.0
30
0
11
-41035.6
21
244050.0
31
0
0
LINE
8
lighting
10
-41035.6
20
244050.0
30
0
11
-40950.0
21
244050.0
31
0
0
LINE
8
lighting
10
-40950.0
20
243800.0
30
0
11
-40950.0
21
244050.0
31
0
0
LINE
8
lighting
10
-40950.0
20
243800.0
30
0
11
-40864.4
21
243800.0
31
0
0
LINE
8
lighting
10
-40864.4
20
243800.0
30
0
11
-40897.1
21
243800.0
31
0
0
LINE
8
lighting
10
-40897.1
20
243800.0
30
0
11
-41002.9
21
243800.0
31
0
0
LINE
8
lighting
10
-41002.9
20
243800.0
30
0
11
-41035.6
21
243800.0
31
0
0
LINE
8
lighting
10
-41035.6
20
243800.0
30
0
11
-40950.0
21
243800.0
31
0
0
LINE
8
lighting
10
-39850.0
20
243550.0
30
0
11
-39764.4
21
243550.0
31
0
0
LINE
8
lighting
10
-39764.4
20
243550.0
30
0
11
-39797.1
21
243550.0
31
0
0
LINE
8
lighting
10
-39797.1
20
243550.0
30
0
11
-39902.9
21
243550.0
31
0
0
LINE
8
lighting
10
-39902.9
20
243550.0
30
0
11
-39935.6
21
243550.0
31
0
0
LINE
8
lighting
10
-39935.6
20
243550.0
30
0
11
-39850.0
21
243550.0
31
0
0
LINE
8
lighting
10
-39850.0
20
243800.0
30
0
11
-39850.0
21
243550.0
31
0
0
LINE
8
lighting
10
-39850.0
20
243800.0
30
0
11
-39764.4
21
243800.0
31
0
0
LINE
8
lighting
10
-39764.4
20
243800.0
30
0
11
-39797.1
21
243800.0
31
0
0
LINE
8
lighting
10
-39797.1
20
243800.0
30
0
11
-39902.9
21
243800.0
31
0
0
LINE
8
lighting
10
-39902.9
20
243800.0
30
0
11
-39935.6
21
243800.0
31
0
0
LINE
8
lighting
10
-39935.6
20
243800.0
30
0
11
-39850.0
21
243800.0
31
0
0
LINE
8
lighting
10
-40391.0
20
243800.0
30
0
11
-40404.5
21
243807.79
31
0
0
LINE
8
lighting
10
-40404.5
20
243807.79
30
0
11
-40404.5
21
243792.21
31
0
0
LINE
8
lighting
10
-40404.5
20
243792.21
30
0
11
-40391.0
21
243800.0
31
0
0
LINE
8
electrical
10
-47600.0
20
229880.0
30
0
11
-47600.0
21
229872.21
31
0
0
LINE
8
electrical
10
-47600.0
20
229872.21
30
0
11
-47600.0
21
229887.79
31
0
0
LINE
8
electrical
10
-47600.0
20
229887.79
30
0
11
-47600.0
21
229880.0
31
0
0
LINE
8
electrical
10
-39450.0
20
229880.0
30
0
11
-47600.0
21
229880.0
31
0
0
LINE
8
electrical
10
-39450.0
20
229880.0
30
0
11
-39450.0
21
229872.21
31
0
0
LINE
8
electrical
10
-39450.0
20
229872.21
30
0
11
-39450.0
21
229887.79
31
0
0
LINE
8
electrical
10
-39450.0
20
229887.79
30
0
11
-39450.0
21
229880.0
31
0
0
LINE
8
electrical
10
-47600.0
20
243800.0
30
0
11
-47592.21
21
243800.0
31
0
0
LINE
8
electrical
10
-47592.21
20
243800.0
30
0
11
-47607.79
21
243800.0
31
0
0
LINE
8
electrical
10
-47607.79
20
243800.0
30
0
11
-47600.0
21
243800.0
31
0
0
LINE
8
electrical
10
-47600.0
20
229880.0
30
0
11
-47600.0
21
243800.0
31
0
0
LINE
8
electrical
10
-47600.0
20
229880.0
30
0
11
-47592.21
21
229880.0
31
0
0
LINE
8
electrical
10
-47592.21
20
229880.0
30
0
11
-47607.79
21
229880.0
31
0
0
LINE
8
electrical
10
-47607.79
20
229880.0
30
0
11
-47600.0
21
229880.0
31
0
0
LINE
8
electrical
10
-40400.0
20
243800.0
30
0
11
-40392.21
21
243800.0
31
0
0
LINE
8
electrical
10
-40392.21
20
243800.0
30
0
11
-40407.79
21
243800.0
31
0
0
LINE
8
electrical
10
-40407.79
20
243800.0
30
0
11
-40400.0
21
243800.0
31
0
0
LINE
8
electrical
10
-40400.0
20
229880.0
30
0
11
-40400.0
21
243800.0
31
0
0
LINE
8
electrical
10
-40400.0
20
229880.0
30
0
11
-40392.21
21
229880.0
31
0
0
LINE
8
electrical
10
-40392.21
20
229880.0
30
0
11
-40407.79
21
229880.0
31
0
0
LINE
8
electrical
10
-40407.79
20
229880.0
30
0
11
-40400.0
21
229880.0
31
0
0
LINE
8
electrical
10
-39437.0
20
227200.0
30
0
11
-39456.5
21
227211.26
31
0
0
LINE
8
electrical
10
-39456.5
20
227211.26
30
0
11
-39456.5
21
227188.74
31
0
0
LINE
8
electrical
10
-39456.5
20
227188.74
30
0
11
-39437.0
21
227200.0
31
0
0
LINE
8
electrical
10
-40487.9
20
229884.74
30
0
11
-40506.05
21
229877.63
31
0
0
LINE
8
electrical
10
-40506.05
20
229877.63
30
0
11
-40506.05
21
229877.63
31
0
0
LINE
8
electrical
10
-40506.05
20
229877.63
30
0
11
-40487.9
21
229884.74
31
0
0
LINE
8
electrical
10
-39437.9
20
227204.74
30
0
11
-40487.9
21
229884.74
31
0
0
LINE
8
electrical
10
-39437.9
20
227204.74
30
0
11
-39456.05
21
227197.63
31
0
0
LINE
8
electrical
10
-39456.05
20
227197.63
30
0
11
-39456.05
21
227197.63
31
0
0
LINE
8
electrical
10
-39456.05
20
227197.63
30
0
11
-39437.9
21
227204.74
31
0
0
LINE
8
electrical
10
-47500.0
20
229880.0
30
0
11
-47500.0
21
229868.74
31
0
0
LINE
8
electrical
10
-47500.0
20
229868.74
30
0
11
-47500.0
21
229891.26
31
0
0
LINE
8
electrical
10
-47500.0
20
229891.26
30
0
11
-47500.0
21
229880.0
31
0
0
LINE
8
electrical
10
-40500.0
20
229880.0
30
0
11
-47500.0
21
229880.0
31
0
0
LINE
8
electrical
10
-40500.0
20
229880.0
30
0
11
-40500.0
21
229868.74
31
0
0
LINE
8
electrical
10
-40500.0
20
229868.74
30
0
11
-40500.0
21
229891.26
31
0
0
LINE
8
electrical
10
-40500.0
20
229891.26
30
0
11
-40500.0
21
229880.0
31
0
0
LINE
8
electrical
10
-39450.0
20
227200.0
30
0
11
-39435.96
21
227200.0
31
0
0
LINE
8
electrical
10
-39435.96
20
227200.0
30
0
11
-39450.0
21
227200.0
31
0
0
LINE
8
electrical
10
-40500.0
20
229880.0
30
0
11
-40485.96
21
229880.0
31
0
0
LINE
8
electrical
10
-40485.96
20
229880.0
30
0
11
-40500.0
21
229880.0
31
0
0
LINE
8
electrical
10
-39437.0
20
227200.0
30
0
11
-39456.5
21
227211.26
31
0
0
LINE
8
electrical
10
-39456.5
20
227211.26
30
0
11
-39456.5
21
227188.74
31
0
0
LINE
8
electrical
10
-39456.5
20
227188.74
30
0
11
-39437.0
21
227200.0
31
0
0
LINE
8
electrical
10
-40487.83
20
230004.56
30
0
11
-40506.09
21
229997.72
31
0
0
LINE
8
electrical
10
-40506.09
20
229997.72
30
0
11
-40506.09
21
229997.72
31
0
0
LINE
8
electrical
10
-40506.09
20
229997.72
30
0
11
-40487.83
21
230004.56
31
0
0
LINE
8
electrical
10
-39437.83
20
227204.56
30
0
11
-40487.83
21
230004.56
31
0
0
LINE
8
electrical
10
-39437.83
20
227204.56
30
0
11
-39456.09
21
227197.72
31
0
0
LINE
8
electrical
10
-39456.09
20
227197.72
30
0
11
-39456.09
21
227197.72
31
0
0
LINE
8
electrical
10
-39456.09
20
227197.72
30
0
11
-39437.83
21
227204.56
31
0
0
LINE
8
electrical
10
-47500.0
20
230000.0
30
0
11
-47500.0
21
229988.74
31
0
0
LINE
8
electrical
10
-47500.0
20
229988.74
30
0
11
-47500.0
21
230011.26
31
0
0
LINE
8
electrical
10
-47500.0
20
230011.26
30
0
11
-47500.0
21
230000.0
31
0
0
LINE
8
electrical
10
-40500.0
20
230000.0
30
0
11
-47500.0
21
230000.0
31
0
0
LINE
8
electrical
10
-40500.0
20
230000.0
30
0
11
-40500.0
21
229988.74
31
0
0
LINE
8
electrical
10
-40500.0
20
229988.74
30
0
11
-40500.0
21
230011.26
31
0
0
LINE
8
electrical
10
-40500.0
20
230011.26
30
0
11
-40500.0
21
230000.0
31
0
0
LINE
8
electrical
10
-39450.0
20
227200.0
30
0
11
-39435.96
21
227200.0
31
0
0
LINE
8
electrical
10
-39435.96
20
227200.0
30
0
11
-39450.0
21
227200.0
31
0
0
LINE
8
electrical
10
-40500.0
20
230000.0
30
0
11
-40485.96
21
230000.0
31
0
0
LINE
8
electrical
10
-40485.96
20
230000.0
30
0
11
-40500.0
21
230000.0
31
0
0
LINE
8
electrical
10
-39437.0
20
227200.0
30
0
11
-39456.5
21
227211.26
31
0
0
LINE
8
electrical
10
-39456.5
20
227211.26
30
0
11
-39456.5
21
227188.74
31
0
0
LINE
8
electrical
10
-39456.5
20
227188.74
30
0
11
-39437.0
21
227200.0
31
0
0
LINE
8
electrical
10
-40487.77
20
230124.4
30
0
11
-40506.12
21
230117.8
31
0
0
LINE
8
electrical
10
-40506.12
20
230117.8
30
0
11
-40506.12
21
230117.8
31
0
0
LINE
8
electrical
10
-40506.12
20
230117.8
30
0
11
-40487.77
21
230124.4
31
0
0
LINE
8
electrical
10
-39437.77
20
227204.4
30
0
11
-40487.77
21
230124.4
31
0
0
LINE
8
electrical
10
-39437.77
20
227204.4
30
0
11
-39456.12
21
227197.8
31
0
0
LINE
8
electrical
10
-39456.12
20
227197.8
30
0
11
-39456.12
21
227197.8
31
0
0
LINE
8
electrical
10
-39456.12
20
227197.8
30
0
11
-39437.77
21
227204.4
31
0
0
LINE
8
electrical
10
-47500.0
20
230120.0
30
0
11
-47500.0
21
230108.74
31
0
0
LINE
8
electrical
10
-47500.0
20
230108.74
30
0
11
-47500.0
21
230131.26
31
0
0
LINE
8
electrical
10
-47500.0
20
230131.26
30
0
11
-47500.0
21
230120.0
31
0
0
LINE
8
electrical
10
-40500.0
20
230120.0
30
0
11
-47500.0
21
230120.0
31
0
0
LINE
8
electrical
10
-40500.0
20
230120.0
30
0
11
-40500.0
21
230108.74
31
0
0
LINE
8
electrical
10
-40500.0
20
230108.74
30
0
11
-40500.0
21
230131.26
31
0
0
LINE
8
electrical
10
-40500.0
20
230131.26
30
0
11
-40500.0
21
230120.0
31
0
0
LINE
8
electrical
10
-39450.0
20
227200.0
30
0
11
-39435.96
21
227200.0
31
0
0
LINE
8
electrical
10
-39435.96
20
227200.0
30
0
11
-39450.0
21
227200.0
31
0
0
LINE
8
electrical
10
-40500.0
20
230120.0
30
0
11
-40485.96
21
230120.0
31
0
0
LINE
8
electrical
10
-40485.96
20
230120.0
30
0
11
-40500.0
21
230120.0
31
0
0
LINE
8
electrical
10
-47065.0
20
227150.0
30
0
11
-47065.0
21
227210.0
31
0
0
LINE
8
electrical
10
-46935.0
20
227150.0
30
0
11
-46935.0
21
227210.0
31
0
0
LINE
8
electrical
10
-47065.0
20
227150.0
30
0
11
-46935.0
21
227150.0
31
0
0
LINE
8
electrical
10
-47065.0
20
227210.0
30
0
11
-46935.0
21
227210.0
31
0
0
LINE
8
electrical
10
-46991.0
20
227180.0
30
0
11
-47004.5
21
227187.79
31
0
0
LINE
8
electrical
10
-47004.5
20
227187.79
30
0
11
-47004.5
21
227172.21
31
0
0
LINE
8
electrical
10
-47004.5
20
227172.21
30
0
11
-46991.0
21
227180.0
31
0
0
LINE
8
electrical
10
-39450.0
20
227180.0
30
0
11
-39450.0
21
227172.21
31
0
0
LINE
8
electrical
10
-39450.0
20
227172.21
30
0
11
-39450.0
21
227187.79
31
0
0
LINE
8
electrical
10
-39450.0
20
227187.79
30
0
11
-39450.0
21
227180.0
31
0
0
LINE
8
electrical
10
-47000.0
20
227180.0
30
0
11
-39450.0
21
227180.0
31
0
0
LINE
8
electrical
10
-47000.0
20
227180.0
30
0
11
-47000.0
21
227172.21
31
0
0
LINE
8
electrical
10
-47000.0
20
227172.21
30
0
11
-47000.0
21
227187.79
31
0
0
LINE
8
electrical
10
-47000.0
20
227187.79
30
0
11
-47000.0
21
227180.0
31
0
0
LINE
8
electrical
10
-47000.0
20
227180.0
30
0
11
-46990.28
21
227180.0
31
0
0
LINE
8
electrical
10
-46990.28
20
227180.0
30
0
11
-47000.0
21
227180.0
31
0
0
LINE
8
electrical
10
-41065.0
20
227150.0
30
0
11
-41065.0
21
227210.0
31
0
0
LINE
8
electrical
10
-40935.0
20
227150.0
30
0
11
-40935.0
21
227210.0
31
0
0
LINE
8
electrical
10
-41065.0
20
227150.0
30
0
11
-40935.0
21
227150.0
31
0
0
LINE
8
electrical
10
-41065.0
20
227210.0
30
0
11
-40935.0
21
227210.0
31
0
0
LINE
8
electrical
10
-40991.0
20
227180.0
30
0
11
-41004.5
21
227187.79
31
0
0
LINE
8
electrical
10
-41004.5
20
227187.79
30
0
11
-41004.5
21
227172.21
31
0
0
LINE
8
electrical
10
-41004.5
20
227172.21
30
0
11
-40991.0
21
227180.0
31
0
0
LINE
8
electrical
10
-39450.0
20
227180.0
30
0
11
-39450.0
21
227172.21
31
0
0
LINE
8
electrical
10
-39450.0
20
227172.21
30
0
11
-39450.0
21
227187.79
31
0
0
LINE
8
electrical
10
-39450.0
20
227187.79
30
0
11
-39450.0
21
227180.0
31
0
0
LINE
8
electrical
10
-41000.0
20
227180.0
30
0
11
-39450.0
21
227180.0
31
0
0
LINE
8
electrical
10
-41000.0
20
227180.0
30
0
11
-41000.0
21
227172.21
31
0
0
LINE
8
electrical
10
-41000.0
20
227172.21
30
0
11
-41000.0
21
227187.79
31
0
0
LINE
8
electrical
10
-41000.0
20
227187.79
30
0
11
-41000.0
21
227180.0
31
0
0
LINE
8
electrical
10
-41000.0
20
227180.0
30
0
11
-40990.28
21
227180.0
31
0
0
LINE
8
electrical
10
-40990.28
20
227180.0
30
0
11
-41000.0
21
227180.0
31
0
0
LINE
8
hvac
10
-48525.0
20
227725.0
30
0
11
-48525.0
21
228475.0
31
0
0
LINE
8
hvac
10
-46875.0
20
227725.0
30
0
11
-46875.0
21
228475.0
31
0
0
LINE
8
hvac
10
-48525.0
20
227725.0
30
0
11
-46875.0
21
227725.0
31
0
0
LINE
8
hvac
10
-48525.0
20
228475.0
30
0
11
-46875.0
21
228475.0
31
0
0
LINE
8
hvac
10
-48425.0
20
227680.0
30
0
11
-48425.0
21
227720.0
31
0
0
LINE
8
hvac
10
-46975.0
20
227680.0
30
0
11
-46975.0
21
227720.0
31
0
0
LINE
8
hvac
10
-48425.0
20
227680.0
30
0
11
-46975.0
21
227680.0
31
0
0
LINE
8
hvac
10
-48425.0
20
227720.0
30
0
11
-46975.0
21
227720.0
31
0
0
LINE
8
hvac
10
-48360.0
20
227640.0
30
0
11
-48360.0
21
227700.0
31
0
0
LINE
8
hvac
10
-48320.0
20
227640.0
30
0
11
-48320.0
21
227700.0
31
0
0
LINE
8
hvac
10
-48360.0
20
227640.0
30
0
11
-48320.0
21
227640.0
31
0
0
LINE
8
hvac
10
-48360.0
20
227700.0
30
0
11
-48320.0
21
227700.0
31
0
0
LINE
8
hvac
10
-48200.0
20
227640.0
30
0
11
-48200.0
21
227700.0
31
0
0
LINE
8
hvac
10
-48160.0
20
227640.0
30
0
11
-48160.0
21
227700.0
31
0
0
LINE
8
hvac
10
-48200.0
20
227640.0
30
0
11
-48160.0
21
227640.0
31
0
0
LINE
8
hvac
10
-48200.0
20
227700.0
30
0
11
-48160.0
21
227700.0
31
0
0
LINE
8
hvac
10
-48040.0
20
227640.0
30
0
11
-48040.0
21
227700.0
31
0
0
LINE
8
hvac
10
-48000.0
20
227640.0
30
0
11
-48000.0
21
227700.0
31
0
0
LINE
8
hvac
10
-48040.0
20
227640.0
30
0
11
-48000.0
21
227640.0
31
0
0
LINE
8
hvac
10
-48040.0
20
227700.0
30
0
11
-48000.0
21
227700.0
31
0
0
LINE
8
hvac
10
-47880.0
20
227640.0
30
0
11
-47880.0
21
227700.0
31
0
0
LINE
8
hvac
10
-47840.0
20
227640.0
30
0
11
-47840.0
21
227700.0
31
0
0
LINE
8
hvac
10
-47880.0
20
227640.0
30
0
11
-47840.0
21
227640.0
31
0
0
LINE
8
hvac
10
-47880.0
20
227700.0
30
0
11
-47840.0
21
227700.0
31
0
0
LINE
8
hvac
10
-47720.0
20
227640.0
30
0
11
-47720.0
21
227700.0
31
0
0
LINE
8
hvac
10
-47680.0
20
227640.0
30
0
11
-47680.0
21
227700.0
31
0
0
LINE
8
hvac
10
-47720.0
20
227640.0
30
0
11
-47680.0
21
227640.0
31
0
0
LINE
8
hvac
10
-47720.0
20
227700.0
30
0
11
-47680.0
21
227700.0
31
0
0
LINE
8
hvac
10
-47560.0
20
227640.0
30
0
11
-47560.0
21
227700.0
31
0
0
LINE
8
hvac
10
-47520.0
20
227640.0
30
0
11
-47520.0
21
227700.0
31
0
0
LINE
8
hvac
10
-47560.0
20
227640.0
30
0
11
-47520.0
21
227640.0
31
0
0
LINE
8
hvac
10
-47560.0
20
227700.0
30
0
11
-47520.0
21
227700.0
31
0
0
LINE
8
hvac
10
-47400.0
20
227640.0
30
0
11
-47400.0
21
227700.0
31
0
0
LINE
8
hvac
10
-47360.0
20
227640.0
30
0
11
-47360.0
21
227700.0
31
0
0
LINE
8
hvac
10
-47400.0
20
227640.0
30
0
11
-47360.0
21
227640.0
31
0
0
LINE
8
hvac
10
-47400.0
20
227700.0
30
0
11
-47360.0
21
227700.0
31
0
0
LINE
8
hvac
10
-47240.0
20
227640.0
30
0
11
-47240.0
21
227700.0
31
0
0
LINE
8
hvac
10
-47200.0
20
227640.0
30
0
11
-47200.0
21
227700.0
31
0
0
LINE
8
hvac
10
-47240.0
20
227640.0
30
0
11
-47200.0
21
227640.0
31
0
0
LINE
8
hvac
10
-47240.0
20
227700.0
30
0
11
-47200.0
21
227700.0
31
0
0
LINE
8
hvac
10
-47080.0
20
227640.0
30
0
11
-47080.0
21
227700.0
31
0
0
LINE
8
hvac
10
-47040.0
20
227640.0
30
0
11
-47040.0
21
227700.0
31
0
0
LINE
8
hvac
10
-47080.0
20
227640.0
30
0
11
-47040.0
21
227640.0
31
0
0
LINE
8
hvac
10
-47080.0
20
227700.0
30
0
11
-47040.0
21
227700.0
31
0
0
LINE
8
hvac
10
-47925.0
20
227875.0
30
0
11
-47925.0
21
228325.0
31
0
0
LINE
8
hvac
10
-47475.0
20
227875.0
30
0
11
-47475.0
21
228325.0
31
0
0
LINE
8
hvac
10
-47925.0
20
227875.0
30
0
11
-47475.0
21
227875.0
31
0
0
LINE
8
hvac
10
-47925.0
20
228325.0
30
0
11
-47475.0
21
228325.0
31
0
0
LINE
8
hvac
10
-47500.0
20
236825.0
30
0
11
-47500.0
21
237175.0
31
0
0
LINE
8
hvac
10
-40500.0
20
236825.0
30
0
11
-40500.0
21
237175.0
31
0
0
LINE
8
hvac
10
-47500.0
20
236825.0
30
0
11
-40500.0
21
236825.0
31
0
0
LINE
8
hvac
10
-47500.0
20
237175.0
30
0
11
-40500.0
21
237175.0
31
0
0
LINE
8
hvac
10
-47875.0
20
227925.0
30
0
11
-47875.0
21
228275.0
31
0
0
LINE
8
hvac
10
-43825.0
20
227925.0
30
0
11
-43825.0
21
228275.0
31
0
0
LINE
8
hvac
10
-47875.0
20
227925.0
30
0
11
-43825.0
21
227925.0
31
0
0
LINE
8
hvac
10
-47875.0
20
228275.0
30
0
11
-43825.0
21
228275.0
31
0
0
LINE
8
hvac
10
-44175.0
20
227925.0
30
0
11
-44175.0
21
237175.0
31
0
0
LINE
8
hvac
10
-43825.0
20
227925.0
30
0
11
-43825.0
21
237175.0
31
0
0
LINE
8
hvac
10
-44175.0
20
227925.0
30
0
11
-43825.0
21
227925.0
31
0
0
LINE
8
hvac
10
-44175.0
20
237175.0
30
0
11
-43825.0
21
237175.0
31
0
0
LINE
8
hvac
10
-46350.0
20
236650.0
30
0
11
-46350.0
21
237350.0
31
0
0
LINE
8
hvac
10
-45650.0
20
236650.0
30
0
11
-45650.0
21
237350.0
31
0
0
LINE
8
hvac
10
-46350.0
20
236650.0
30
0
11
-45650.0
21
236650.0
31
0
0
LINE
8
hvac
10
-46350.0
20
237350.0
30
0
11
-45650.0
21
237350.0
31
0
0
LINE
8
hvac
10
-42350.0
20
236650.0
30
0
11
-42350.0
21
237350.0
31
0
0
LINE
8
hvac
10
-41650.0
20
236650.0
30
0
11
-41650.0
21
237350.0
31
0
0
LINE
8
hvac
10
-42350.0
20
236650.0
30
0
11
-41650.0
21
236650.0
31
0
0
LINE
8
hvac
10
-42350.0
20
237350.0
30
0
11
-41650.0
21
237350.0
31
0
0
LINE
8
sensors
10
-48960.0
20
231320.0
30
0
11
-48960.0
21
231480.0
31
0
0
LINE
8
sensors
10
-48860.0
20
231320.0
30
0
11
-48860.0
21
231480.0
31
0
0
LINE
8
sensors
10
-48960.0
20
231320.0
30
0
11
-48860.0
21
231320.0
31
0
0
LINE
8
sensors
10
-48960.0
20
231480.0
30
0
11
-48860.0
21
231480.0
31
0
0
LINE
8
sensors
10
-48855.0
20
231345.0
30
0
11
-48855.0
21
231455.0
31
0
0
LINE
8
sensors
10
-48835.0
20
231345.0
30
0
11
-48835.0
21
231455.0
31
0
0
LINE
8
sensors
10
-48855.0
20
231345.0
30
0
11
-48835.0
21
231345.0
31
0
0
LINE
8
sensors
10
-48855.0
20
231455.0
30
0
11
-48835.0
21
231455.0
31
0
0
LINE
8
sensors
10
-48960.0
20
231620.0
30
0
11
-48960.0
21
231780.0
31
0
0
LINE
8
sensors
10
-48860.0
20
231620.0
30
0
11
-48860.0
21
231780.0
31
0
0
LINE
8
sensors
10
-48960.0
20
231620.0
30
0
11
-48860.0
21
231620.0
31
0
0
LINE
8
sensors
10
-48960.0
20
231780.0
30
0
11
-48860.0
21
231780.0
31
0
0
LINE
8
sensors
10
-48855.0
20
231645.0
30
0
11
-48855.0
21
231755.0
31
0
0
LINE
8
sensors
10
-48835.0
20
231645.0
30
0
11
-48835.0
21
231755.0
31
0
0
LINE
8
sensors
10
-48855.0
20
231645.0
30
0
11
-48835.0
21
231645.0
31
0
0
LINE
8
sensors
10
-48855.0
20
231755.0
30
0
11
-48835.0
21
231755.0
31
0
0
LINE
8
sensors
10
-48960.0
20
231920.0
30
0
11
-48960.0
21
232080.0
31
0
0
LINE
8
sensors
10
-48860.0
20
231920.0
30
0
11
-48860.0
21
232080.0
31
0
0
LINE
8
sensors
10
-48960.0
20
231920.0
30
0
11
-48860.0
21
231920.0
31
0
0
LINE
8
sensors
10
-48960.0
20
232080.0
30
0
11
-48860.0
21
232080.0
31
0
0
LINE
8
sensors
10
-48855.0
20
231945.0
30
0
11
-48855.0
21
232055.0
31
0
0
LINE
8
sensors
10
-48835.0
20
231945.0
30
0
11
-48835.0
21
232055.0
31
0
0
LINE
8
sensors
10
-48855.0
20
231945.0
30
0
11
-48835.0
21
231945.0
31
0
0
LINE
8
sensors
10
-48855.0
20
232055.0
30
0
11
-48835.0
21
232055.0
31
0
0
LINE
8
sensors
10
-43920.0
20
237000.0
30
0
11
-44000.0
21
237080.0
31
0
0
LINE
8
sensors
10
-44000.0
20
237080.0
30
0
11
-44080.0
21
237000.0
31
0
0
LINE
8
sensors
10
-44080.0
20
237000.0
30
0
11
-44000.0
21
236920.0
31
0
0
LINE
8
sensors
10
-44000.0
20
236920.0
30
0
11
-43920.0
21
237000.0
31
0
0
LINE
8
sensors
10
-44000.0
20
237000.0
30
0
11
-43935.0
21
237000.0
31
0
0
LINE
8
sensors
10
-43935.0
20
237000.0
30
0
11
-44000.0
21
237000.0
31
0
0
LINE
8
sensors
10
-48960.0
20
232520.0
30
0
11
-48960.0
21
232680.0
31
0
0
LINE
8
sensors
10
-48860.0
20
232520.0
30
0
11
-48860.0
21
232680.0
31
0
0
LINE
8
sensors
10
-48960.0
20
232520.0
30
0
11
-48860.0
21
232520.0
31
0
0
LINE
8
sensors
10
-48960.0
20
232680.0
30
0
11
-48860.0
21
232680.0
31
0
0
LINE
8
sensors
10
-48855.0
20
232545.0
30
0
11
-48855.0
21
232655.0
31
0
0
LINE
8
sensors
10
-48835.0
20
232545.0
30
0
11
-48835.0
21
232655.0
31
0
0
LINE
8
sensors
10
-48855.0
20
232545.0
30
0
11
-48835.0
21
232545.0
31
0
0
LINE
8
sensors
10
-48855.0
20
232655.0
30
0
11
-48835.0
21
232655.0
31
0
0
LINE
8
interiors
10
-10000.0
20
225000.0
30
0
11
-10000.0
21
249000.0
31
0
0
LINE
8
interiors
10
-10000.0
20
225000.0
30
0
11
-1200.0
21
225000.0
31
0
0
LINE
8
interiors
10
-1200.0
20
225000.0
30
0
11
1200.0
21
225000.0
31
0
0
LINE
8
interiors
10
1200.0
20
225000.0
30
0
11
10000.0
21
225000.0
31
0
0
LINE
8
interiors
10
-10000.0
20
225000.0
30
0
11
10000.0
21
225000.0
31
0
0
LINE
8
interiors
10
-10000.0
20
249000.0
30
0
11
10000.0
21
249000.0
31
0
0
LINE
8
interiors
10
10000.0
20
225000.0
30
0
11
10000.0
21
249000.0
31
0
0
LINE
8
interiors
10
9880.0
20
225120.0
30
0
11
-9880.0
21
225120.0
31
0
0
LINE
8
interiors
10
9880.0
20
225120.0
30
0
11
9880.0
21
248880.0
31
0
0
LINE
8
interiors
10
9880.0
20
248880.0
30
0
11
-9880.0
21
248880.0
31
0
0
LINE
8
interiors
10
-9880.0
20
225120.0
30
0
11
-9880.0
21
248880.0
31
0
0
LINE
8
interiors
10
-5200.0
20
249000.0
30
0
11
5200.0
21
249000.0
31
0
0
LINE
8
interiors
10
1200.0
20
225000.0
30
0
11
1200.0
21
225120.0
31
0
0
LINE
8
interiors
10
9880.0
20
225120.0
30
0
11
1200.0
21
225120.0
31
0
0
LINE
8
interiors
10
-1200.0
20
225120.0
30
0
11
-9880.0
21
225120.0
31
0
0
LINE
8
interiors
10
-1200.0
20
225000.0
30
0
11
-1200.0
21
225120.0
31
0
0
LINE
8
interiors
10
-1200.0
20
225120.0
30
0
11
1200.0
21
225120.0
31
0
0
LINE
8
interiors
10
-5200.0
20
248880.0
30
0
11
5200.0
21
248880.0
31
0
0
LINE
8
interiors
10
-5200.0
20
248880.0
30
0
11
-5200.0
21
249000.0
31
0
0
LINE
8
interiors
10
5200.0
20
248880.0
30
0
11
5200.0
21
249000.0
31
0
0
LINE
8
interiors
10
-5200.0
20
248977.5
30
0
11
-5200.0
21
249022.5
31
0
0
LINE
8
interiors
10
5200.0
20
248977.5
30
0
11
5200.0
21
249022.5
31
0
0
LINE
8
interiors
10
-5200.0
20
248977.5
30
0
11
5200.0
21
248977.5
31
0
0
LINE
8
interiors
10
-5200.0
20
249022.5
30
0
11
5200.0
21
249022.5
31
0
0
LINE
8
interiors
10
-9875.0
20
225125.0
30
0
11
-9875.0
21
248875.0
31
0
0
LINE
8
interiors
10
9875.0
20
225125.0
30
0
11
9875.0
21
248875.0
31
0
0
LINE
8
interiors
10
-9875.0
20
225125.0
30
0
11
9875.0
21
225125.0
31
0
0
LINE
8
interiors
10
-9875.0
20
248875.0
30
0
11
9875.0
21
248875.0
31
0
0
LINE
8
interiors
10
-1155.0
20
224880.0
30
0
11
-1155.0
21
225120.0
31
0
0
LINE
8
interiors
10
-1085.0
20
224880.0
30
0
11
-1085.0
21
225120.0
31
0
0
LINE
8
interiors
10
-1155.0
20
224880.0
30
0
11
-1085.0
21
224880.0
31
0
0
LINE
8
interiors
10
-1155.0
20
225120.0
30
0
11
-1085.0
21
225120.0
31
0
0
LINE
8
interiors
10
1085.0
20
224880.0
30
0
11
1085.0
21
225120.0
31
0
0
LINE
8
interiors
10
1155.0
20
224880.0
30
0
11
1155.0
21
225120.0
31
0
0
LINE
8
interiors
10
1085.0
20
224880.0
30
0
11
1155.0
21
224880.0
31
0
0
LINE
8
interiors
10
1085.0
20
225120.0
30
0
11
1155.0
21
225120.0
31
0
0
LINE
8
interiors
10
-1150.0
20
224880.0
30
0
11
-1150.0
21
225120.0
31
0
0
LINE
8
interiors
10
1150.0
20
224880.0
30
0
11
1150.0
21
225120.0
31
0
0
LINE
8
interiors
10
-1150.0
20
224880.0
30
0
11
1150.0
21
224880.0
31
0
0
LINE
8
interiors
10
-1150.0
20
225120.0
30
0
11
1150.0
21
225120.0
31
0
0
LINE
8
interiors
10
-1069.61
20
225090.49
30
0
11
-1110.39
21
225109.51
31
0
0
LINE
8
interiors
10
-613.18
20
226069.3
30
0
11
-653.96
21
226088.32
31
0
0
LINE
8
interiors
10
-1069.61
20
225090.49
30
0
11
-613.18
21
226069.3
31
0
0
LINE
8
interiors
10
-1110.39
20
225109.51
30
0
11
-653.96
21
226088.32
31
0
0
LINE
8
interiors
10
-5200.0
20
230440.0
30
0
11
-5200.0
21
232040.0
31
0
0
LINE
8
interiors
10
-3600.0
20
230440.0
30
0
11
-3600.0
21
232040.0
31
0
0
LINE
8
interiors
10
-5200.0
20
230440.0
30
0
11
-3600.0
21
230440.0
31
0
0
LINE
8
interiors
10
-5200.0
20
232040.0
30
0
11
-3600.0
21
232040.0
31
0
0
LINE
8
interiors
10
-3980.0
20
231240.0
30
0
11
-4060.21
21
231486.87
31
0
0
LINE
8
interiors
10
-4060.21
20
231486.87
30
0
11
-4270.21
21
231639.44
31
0
0
LINE
8
interiors
10
-4270.21
20
231639.44
30
0
11
-4529.79
21
231639.44
31
0
0
LINE
8
interiors
10
-4529.79
20
231639.44
30
0
11
-4739.79
21
231486.87
31
0
0
LINE
8
interiors
10
-4739.79
20
231486.87
30
0
11
-4820.0
21
231240.0
31
0
0
LINE
8
interiors
10
-4820.0
20
231240.0
30
0
11
-4739.79
21
230993.13
31
0
0
LINE
8
interiors
10
-4739.79
20
230993.13
30
0
11
-4529.79
21
230840.56
31
0
0
LINE
8
interiors
10
-4529.79
20
230840.56
30
0
11
-4270.21
21
230840.56
31
0
0
LINE
8
interiors
10
-4270.21
20
230840.56
30
0
11
-4060.21
21
230993.13
31
0
0
LINE
8
interiors
10
-4060.21
20
230993.13
30
0
11
-3980.0
21
231240.0
31
0
0
LINE
8
interiors
10
3600.0
20
230440.0
30
0
11
3600.0
21
232040.0
31
0
0
LINE
8
interiors
10
5200.0
20
230440.0
30
0
11
5200.0
21
232040.0
31
0
0
LINE
8
interiors
10
3600.0
20
230440.0
30
0
11
5200.0
21
230440.0
31
0
0
LINE
8
interiors
10
3600.0
20
232040.0
30
0
11
5200.0
21
232040.0
31
0
0
LINE
8
interiors
10
4820.0
20
231240.0
30
0
11
4739.79
21
231486.87
31
0
0
LINE
8
interiors
10
4739.79
20
231486.87
30
0
11
4529.79
21
231639.44
31
0
0
LINE
8
interiors
10
4529.79
20
231639.44
30
0
11
4270.21
21
231639.44
31
0
0
LINE
8
interiors
10
4270.21
20
231639.44
30
0
11
4060.21
21
231486.87
31
0
0
LINE
8
interiors
10
4060.21
20
231486.87
30
0
11
3980.0
21
231240.0
31
0
0
LINE
8
interiors
10
3980.0
20
231240.0
30
0
11
4060.21
21
230993.13
31
0
0
LINE
8
interiors
10
4060.21
20
230993.13
30
0
11
4270.21
21
230840.56
31
0
0
LINE
8
interiors
10
4270.21
20
230840.56
30
0
11
4529.79
21
230840.56
31
0
0
LINE
8
interiors
10
4529.79
20
230840.56
30
0
11
4739.79
21
230993.13
31
0
0
LINE
8
interiors
10
4739.79
20
230993.13
30
0
11
4820.0
21
231240.0
31
0
0
LINE
8
interiors
10
-5200.0
20
241960.0
30
0
11
-5200.0
21
243560.0
31
0
0
LINE
8
interiors
10
-3600.0
20
241960.0
30
0
11
-3600.0
21
243560.0
31
0
0
LINE
8
interiors
10
-5200.0
20
241960.0
30
0
11
-3600.0
21
241960.0
31
0
0
LINE
8
interiors
10
-5200.0
20
243560.0
30
0
11
-3600.0
21
243560.0
31
0
0
LINE
8
interiors
10
-3980.0
20
242760.0
30
0
11
-4060.21
21
243006.87
31
0
0
LINE
8
interiors
10
-4060.21
20
243006.87
30
0
11
-4270.21
21
243159.44
31
0
0
LINE
8
interiors
10
-4270.21
20
243159.44
30
0
11
-4529.79
21
243159.44
31
0
0
LINE
8
interiors
10
-4529.79
20
243159.44
30
0
11
-4739.79
21
243006.87
31
0
0
LINE
8
interiors
10
-4739.79
20
243006.87
30
0
11
-4820.0
21
242760.0
31
0
0
LINE
8
interiors
10
-4820.0
20
242760.0
30
0
11
-4739.79
21
242513.13
31
0
0
LINE
8
interiors
10
-4739.79
20
242513.13
30
0
11
-4529.79
21
242360.56
31
0
0
LINE
8
interiors
10
-4529.79
20
242360.56
30
0
11
-4270.21
21
242360.56
31
0
0
LINE
8
interiors
10
-4270.21
20
242360.56
30
0
11
-4060.21
21
242513.13
31
0
0
LINE
8
interiors
10
-4060.21
20
242513.13
30
0
11
-3980.0
21
242760.0
31
0
0
LINE
8
interiors
10
3600.0
20
241960.0
30
0
11
3600.0
21
243560.0
31
0
0
LINE
8
interiors
10
5200.0
20
241960.0
30
0
11
5200.0
21
243560.0
31
0
0
LINE
8
interiors
10
3600.0
20
241960.0
30
0
11
5200.0
21
241960.0
31
0
0
LINE
8
interiors
10
3600.0
20
243560.0
30
0
11
5200.0
21
243560.0
31
0
0
LINE
8
interiors
10
4820.0
20
242760.0
30
0
11
4739.79
21
243006.87
31
0
0
LINE
8
interiors
10
4739.79
20
243006.87
30
0
11
4529.79
21
243159.44
31
0
0
LINE
8
interiors
10
4529.79
20
243159.44
30
0
11
4270.21
21
243159.44
31
0
0
LINE
8
interiors
10
4270.21
20
243159.44
30
0
11
4060.21
21
243006.87
31
0
0
LINE
8
interiors
10
4060.21
20
243006.87
30
0
11
3980.0
21
242760.0
31
0
0
LINE
8
interiors
10
3980.0
20
242760.0
30
0
11
4060.21
21
242513.13
31
0
0
LINE
8
interiors
10
4060.21
20
242513.13
30
0
11
4270.21
21
242360.56
31
0
0
LINE
8
interiors
10
4270.21
20
242360.56
30
0
11
4529.79
21
242360.56
31
0
0
LINE
8
interiors
10
4529.79
20
242360.56
30
0
11
4739.79
21
242513.13
31
0
0
LINE
8
interiors
10
4739.79
20
242513.13
30
0
11
4820.0
21
242760.0
31
0
0
LINE
8
electrical
10
9275.0
20
225075.0
30
0
11
9275.0
21
225325.0
31
0
0
LINE
8
electrical
10
9825.0
20
225075.0
30
0
11
9825.0
21
225325.0
31
0
0
LINE
8
electrical
10
9275.0
20
225075.0
30
0
11
9825.0
21
225075.0
31
0
0
LINE
8
electrical
10
9275.0
20
225325.0
30
0
11
9825.0
21
225325.0
31
0
0
LINE
8
electrical
10
9315.0
20
225047.5
30
0
11
9315.0
21
225082.5
31
0
0
LINE
8
electrical
10
9785.0
20
225047.5
30
0
11
9785.0
21
225082.5
31
0
0
LINE
8
electrical
10
9315.0
20
225047.5
30
0
11
9785.0
21
225047.5
31
0
0
LINE
8
electrical
10
9315.0
20
225082.5
30
0
11
9785.0
21
225082.5
31
0
0
LINE
8
electrical
10
9362.5
20
225010.0
30
0
11
9362.5
21
225050.0
31
0
0
LINE
8
electrical
10
9462.5
20
225010.0
30
0
11
9462.5
21
225050.0
31
0
0
LINE
8
electrical
10
9362.5
20
225010.0
30
0
11
9462.5
21
225010.0
31
0
0
LINE
8
electrical
10
9362.5
20
225050.0
30
0
11
9462.5
21
225050.0
31
0
0
LINE
8
electrical
10
9500.0
20
225010.0
30
0
11
9500.0
21
225050.0
31
0
0
LINE
8
electrical
10
9600.0
20
225010.0
30
0
11
9600.0
21
225050.0
31
0
0
LINE
8
electrical
10
9500.0
20
225010.0
30
0
11
9600.0
21
225010.0
31
0
0
LINE
8
electrical
10
9500.0
20
225050.0
30
0
11
9600.0
21
225050.0
31
0
0
LINE
8
electrical
10
9637.5
20
225010.0
30
0
11
9637.5
21
225050.0
31
0
0
LINE
8
electrical
10
9737.5
20
225010.0
30
0
11
9737.5
21
225050.0
31
0
0
LINE
8
electrical
10
9637.5
20
225010.0
30
0
11
9737.5
21
225010.0
31
0
0
LINE
8
electrical
10
9637.5
20
225050.0
30
0
11
9737.5
21
225050.0
31
0
0
LINE
8
electrical
10
9412.5
20
224995.0
30
0
11
9435.88
21
224995.0
31
0
0
LINE
8
electrical
10
9435.88
20
224995.0
30
0
11
9389.12
21
224995.0
31
0
0
LINE
8
electrical
10
9389.12
20
224995.0
30
0
11
9412.5
21
224995.0
31
0
0
LINE
8
electrical
10
9412.5
20
225020.0
30
0
11
9412.5
21
224995.0
31
0
0
LINE
8
electrical
10
9412.5
20
225020.0
30
0
11
9435.88
21
225020.0
31
0
0
LINE
8
electrical
10
9435.88
20
225020.0
30
0
11
9389.12
21
225020.0
31
0
0
LINE
8
electrical
10
9389.12
20
225020.0
30
0
11
9412.5
21
225020.0
31
0
0
LINE
8
electrical
10
9550.0
20
224995.0
30
0
11
9573.38
21
224995.0
31
0
0
LINE
8
electrical
10
9573.38
20
224995.0
30
0
11
9526.62
21
224995.0
31
0
0
LINE
8
electrical
10
9526.62
20
224995.0
30
0
11
9550.0
21
224995.0
31
0
0
LINE
8
electrical
10
9550.0
20
225020.0
30
0
11
9550.0
21
224995.0
31
0
0
LINE
8
electrical
10
9550.0
20
225020.0
30
0
11
9573.38
21
225020.0
31
0
0
LINE
8
electrical
10
9573.38
20
225020.0
30
0
11
9526.62
21
225020.0
31
0
0
LINE
8
electrical
10
9526.62
20
225020.0
30
0
11
9550.0
21
225020.0
31
0
0
LINE
8
electrical
10
9687.5
20
224995.0
30
0
11
9710.88
21
224995.0
31
0
0
LINE
8
electrical
10
9710.88
20
224995.0
30
0
11
9664.12
21
224995.0
31
0
0
LINE
8
electrical
10
9664.12
20
224995.0
30
0
11
9687.5
21
224995.0
31
0
0
LINE
8
electrical
10
9687.5
20
225020.0
30
0
11
9687.5
21
224995.0
31
0
0
LINE
8
electrical
10
9687.5
20
225020.0
30
0
11
9710.88
21
225020.0
31
0
0
LINE
8
electrical
10
9710.88
20
225020.0
30
0
11
9664.12
21
225020.0
31
0
0
LINE
8
electrical
10
9664.12
20
225020.0
30
0
11
9687.5
21
225020.0
31
0
0
LINE
8
electrical
10
9550.0
20
225200.0
30
0
11
9565.59
21
225200.0
31
0
0
LINE
8
electrical
10
9565.59
20
225200.0
30
0
11
9534.41
21
225200.0
31
0
0
LINE
8
electrical
10
9534.41
20
225200.0
30
0
11
9550.0
21
225200.0
31
0
0
LINE
8
electrical
10
9550.0
20
220200.0
30
0
11
9550.0
21
225200.0
31
0
0
LINE
8
electrical
10
9550.0
20
220200.0
30
0
11
9565.59
21
220200.0
31
0
0
LINE
8
electrical
10
9565.59
20
220200.0
30
0
11
9534.41
21
220200.0
31
0
0
LINE
8
electrical
10
9534.41
20
220200.0
30
0
11
9550.0
21
220200.0
31
0
0
LINE
8
electrical
10
9532.0
20
225200.0
30
0
11
9559.0
21
225215.59
31
0
0
LINE
8
electrical
10
9559.0
20
225215.59
30
0
11
9559.0
21
225184.41
31
0
0
LINE
8
electrical
10
9559.0
20
225184.41
30
0
11
9532.0
21
225200.0
31
0
0
LINE
8
electrical
10
9550.0
20
225200.0
30
0
11
9569.44
21
225200.0
31
0
0
LINE
8
electrical
10
9569.44
20
225200.0
30
0
11
9550.0
21
225200.0
31
0
0
LINE
8
lighting
10
-8100.0
20
228812.5
30
0
11
-8100.0
21
228867.5
31
0
0
LINE
8
lighting
10
-6300.0
20
228812.5
30
0
11
-6300.0
21
228867.5
31
0
0
LINE
8
lighting
10
-8100.0
20
228812.5
30
0
11
-6300.0
21
228812.5
31
0
0
LINE
8
lighting
10
-8100.0
20
228867.5
30
0
11
-6300.0
21
228867.5
31
0
0
LINE
8
lighting
10
-7750.0
20
229090.0
30
0
11
-7664.4
21
229090.0
31
0
0
LINE
8
lighting
10
-7664.4
20
229090.0
30
0
11
-7697.1
21
229090.0
31
0
0
LINE
8
lighting
10
-7697.1
20
229090.0
30
0
11
-7802.9
21
229090.0
31
0
0
LINE
8
lighting
10
-7802.9
20
229090.0
30
0
11
-7835.6
21
229090.0
31
0
0
LINE
8
lighting
10
-7835.6
20
229090.0
30
0
11
-7750.0
21
229090.0
31
0
0
LINE
8
lighting
10
-7750.0
20
228840.0
30
0
11
-7750.0
21
229090.0
31
0
0
LINE
8
lighting
10
-7750.0
20
228840.0
30
0
11
-7664.4
21
228840.0
31
0
0
LINE
8
lighting
10
-7664.4
20
228840.0
30
0
11
-7697.1
21
228840.0
31
0
0
LINE
8
lighting
10
-7697.1
20
228840.0
30
0
11
-7802.9
21
228840.0
31
0
0
LINE
8
lighting
10
-7802.9
20
228840.0
30
0
11
-7835.6
21
228840.0
31
0
0
LINE
8
lighting
10
-7835.6
20
228840.0
30
0
11
-7750.0
21
228840.0
31
0
0
LINE
8
lighting
10
-6650.0
20
228590.0
30
0
11
-6564.4
21
228590.0
31
0
0
LINE
8
lighting
10
-6564.4
20
228590.0
30
0
11
-6597.1
21
228590.0
31
0
0
LINE
8
lighting
10
-6597.1
20
228590.0
30
0
11
-6702.9
21
228590.0
31
0
0
LINE
8
lighting
10
-6702.9
20
228590.0
30
0
11
-6735.6
21
228590.0
31
0
0
LINE
8
lighting
10
-6735.6
20
228590.0
30
0
11
-6650.0
21
228590.0
31
0
0
LINE
8
lighting
10
-6650.0
20
228840.0
30
0
11
-6650.0
21
228590.0
31
0
0
LINE
8
lighting
10
-6650.0
20
228840.0
30
0
11
-6564.4
21
228840.0
31
0
0
LINE
8
lighting
10
-6564.4
20
228840.0
30
0
11
-6597.1
21
228840.0
31
0
0
LINE
8
lighting
10
-6597.1
20
228840.0
30
0
11
-6702.9
21
228840.0
31
0
0
LINE
8
lighting
10
-6702.9
20
228840.0
30
0
11
-6735.6
21
228840.0
31
0
0
LINE
8
lighting
10
-6735.6
20
228840.0
30
0
11
-6650.0
21
228840.0
31
0
0
LINE
8
lighting
10
-7191.0
20
228840.0
30
0
11
-7204.5
21
228847.79
31
0
0
LINE
8
lighting
10
-7204.5
20
228847.79
30
0
11
-7204.5
21
228832.21
31
0
0
LINE
8
lighting
10
-7204.5
20
228832.21
30
0
11
-7191.0
21
228840.0
31
0
0
LINE
8
lighting
10
-8100.0
20
245132.5
30
0
11
-8100.0
21
245187.5
31
0
0
LINE
8
lighting
10
-6300.0
20
245132.5
30
0
11
-6300.0
21
245187.5
31
0
0
LINE
8
lighting
10
-8100.0
20
245132.5
30
0
11
-6300.0
21
245132.5
31
0
0
LINE
8
lighting
10
-8100.0
20
245187.5
30
0
11
-6300.0
21
245187.5
31
0
0
LINE
8
lighting
10
-7750.0
20
245410.0
30
0
11
-7664.4
21
245410.0
31
0
0
LINE
8
lighting
10
-7664.4
20
245410.0
30
0
11
-7697.1
21
245410.0
31
0
0
LINE
8
lighting
10
-7697.1
20
245410.0
30
0
11
-7802.9
21
245410.0
31
0
0
LINE
8
lighting
10
-7802.9
20
245410.0
30
0
11
-7835.6
21
245410.0
31
0
0
LINE
8
lighting
10
-7835.6
20
245410.0
30
0
11
-7750.0
21
245410.0
31
0
0
LINE
8
lighting
10
-7750.0
20
245160.0
30
0
11
-7750.0
21
245410.0
31
0
0
LINE
8
lighting
10
-7750.0
20
245160.0
30
0
11
-7664.4
21
245160.0
31
0
0
LINE
8
lighting
10
-7664.4
20
245160.0
30
0
11
-7697.1
21
245160.0
31
0
0
LINE
8
lighting
10
-7697.1
20
245160.0
30
0
11
-7802.9
21
245160.0
31
0
0
LINE
8
lighting
10
-7802.9
20
245160.0
30
0
11
-7835.6
21
245160.0
31
0
0
LINE
8
lighting
10
-7835.6
20
245160.0
30
0
11
-7750.0
21
245160.0
31
0
0
LINE
8
lighting
10
-6650.0
20
244910.0
30
0
11
-6564.4
21
244910.0
31
0
0
LINE
8
lighting
10
-6564.4
20
244910.0
30
0
11
-6597.1
21
244910.0
31
0
0
LINE
8
lighting
10
-6597.1
20
244910.0
30
0
11
-6702.9
21
244910.0
31
0
0
LINE
8
lighting
10
-6702.9
20
244910.0
30
0
11
-6735.6
21
244910.0
31
0
0
LINE
8
lighting
10
-6735.6
20
244910.0
30
0
11
-6650.0
21
244910.0
31
0
0
LINE
8
lighting
10
-6650.0
20
245160.0
30
0
11
-6650.0
21
244910.0
31
0
0
LINE
8
lighting
10
-6650.0
20
245160.0
30
0
11
-6564.4
21
245160.0
31
0
0
LINE
8
lighting
10
-6564.4
20
245160.0
30
0
11
-6597.1
21
245160.0
31
0
0
LINE
8
lighting
10
-6597.1
20
245160.0
30
0
11
-6702.9
21
245160.0
31
0
0
LINE
8
lighting
10
-6702.9
20
245160.0
30
0
11
-6735.6
21
245160.0
31
0
0
LINE
8
lighting
10
-6735.6
20
245160.0
30
0
11
-6650.0
21
245160.0
31
0
0
LINE
8
lighting
10
-7191.0
20
245160.0
30
0
11
-7204.5
21
245167.79
31
0
0
LINE
8
lighting
10
-7204.5
20
245167.79
30
0
11
-7204.5
21
245152.21
31
0
0
LINE
8
lighting
10
-7204.5
20
245152.21
30
0
11
-7191.0
21
245160.0
31
0
0
LINE
8
lighting
10
6300.0
20
228812.5
30
0
11
6300.0
21
228867.5
31
0
0
LINE
8
lighting
10
8100.0
20
228812.5
30
0
11
8100.0
21
228867.5
31
0
0
LINE
8
lighting
10
6300.0
20
228812.5
30
0
11
8100.0
21
228812.5
31
0
0
LINE
8
lighting
10
6300.0
20
228867.5
30
0
11
8100.0
21
228867.5
31
0
0
LINE
8
lighting
10
6650.0
20
229090.0
30
0
11
6735.6
21
229090.0
31
0
0
LINE
8
lighting
10
6735.6
20
229090.0
30
0
11
6702.9
21
229090.0
31
0
0
LINE
8
lighting
10
6702.9
20
229090.0
30
0
11
6597.1
21
229090.0
31
0
0
LINE
8
lighting
10
6597.1
20
229090.0
30
0
11
6564.4
21
229090.0
31
0
0
LINE
8
lighting
10
6564.4
20
229090.0
30
0
11
6650.0
21
229090.0
31
0
0
LINE
8
lighting
10
6650.0
20
228840.0
30
0
11
6650.0
21
229090.0
31
0
0
LINE
8
lighting
10
6650.0
20
228840.0
30
0
11
6735.6
21
228840.0
31
0
0
LINE
8
lighting
10
6735.6
20
228840.0
30
0
11
6702.9
21
228840.0
31
0
0
LINE
8
lighting
10
6702.9
20
228840.0
30
0
11
6597.1
21
228840.0
31
0
0
LINE
8
lighting
10
6597.1
20
228840.0
30
0
11
6564.4
21
228840.0
31
0
0
LINE
8
lighting
10
6564.4
20
228840.0
30
0
11
6650.0
21
228840.0
31
0
0
LINE
8
lighting
10
7750.0
20
228590.0
30
0
11
7835.6
21
228590.0
31
0
0
LINE
8
lighting
10
7835.6
20
228590.0
30
0
11
7802.9
21
228590.0
31
0
0
LINE
8
lighting
10
7802.9
20
228590.0
30
0
11
7697.1
21
228590.0
31
0
0
LINE
8
lighting
10
7697.1
20
228590.0
30
0
11
7664.4
21
228590.0
31
0
0
LINE
8
lighting
10
7664.4
20
228590.0
30
0
11
7750.0
21
228590.0
31
0
0
LINE
8
lighting
10
7750.0
20
228840.0
30
0
11
7750.0
21
228590.0
31
0
0
LINE
8
lighting
10
7750.0
20
228840.0
30
0
11
7835.6
21
228840.0
31
0
0
LINE
8
lighting
10
7835.6
20
228840.0
30
0
11
7802.9
21
228840.0
31
0
0
LINE
8
lighting
10
7802.9
20
228840.0
30
0
11
7697.1
21
228840.0
31
0
0
LINE
8
lighting
10
7697.1
20
228840.0
30
0
11
7664.4
21
228840.0
31
0
0
LINE
8
lighting
10
7664.4
20
228840.0
30
0
11
7750.0
21
228840.0
31
0
0
LINE
8
lighting
10
7209.0
20
228840.0
30
0
11
7195.5
21
228847.79
31
0
0
LINE
8
lighting
10
7195.5
20
228847.79
30
0
11
7195.5
21
228832.21
31
0
0
LINE
8
lighting
10
7195.5
20
228832.21
30
0
11
7209.0
21
228840.0
31
0
0
LINE
8
lighting
10
6300.0
20
245132.5
30
0
11
6300.0
21
245187.5
31
0
0
LINE
8
lighting
10
8100.0
20
245132.5
30
0
11
8100.0
21
245187.5
31
0
0
LINE
8
lighting
10
6300.0
20
245132.5
30
0
11
8100.0
21
245132.5
31
0
0
LINE
8
lighting
10
6300.0
20
245187.5
30
0
11
8100.0
21
245187.5
31
0
0
LINE
8
lighting
10
6650.0
20
245410.0
30
0
11
6735.6
21
245410.0
31
0
0
LINE
8
lighting
10
6735.6
20
245410.0
30
0
11
6702.9
21
245410.0
31
0
0
LINE
8
lighting
10
6702.9
20
245410.0
30
0
11
6597.1
21
245410.0
31
0
0
LINE
8
lighting
10
6597.1
20
245410.0
30
0
11
6564.4
21
245410.0
31
0
0
LINE
8
lighting
10
6564.4
20
245410.0
30
0
11
6650.0
21
245410.0
31
0
0
LINE
8
lighting
10
6650.0
20
245160.0
30
0
11
6650.0
21
245410.0
31
0
0
LINE
8
lighting
10
6650.0
20
245160.0
30
0
11
6735.6
21
245160.0
31
0
0
LINE
8
lighting
10
6735.6
20
245160.0
30
0
11
6702.9
21
245160.0
31
0
0
LINE
8
lighting
10
6702.9
20
245160.0
30
0
11
6597.1
21
245160.0
31
0
0
LINE
8
lighting
10
6597.1
20
245160.0
30
0
11
6564.4
21
245160.0
31
0
0
LINE
8
lighting
10
6564.4
20
245160.0
30
0
11
6650.0
21
245160.0
31
0
0
LINE
8
lighting
10
7750.0
20
244910.0
30
0
11
7835.6
21
244910.0
31
0
0
LINE
8
lighting
10
7835.6
20
244910.0
30
0
11
7802.9
21
244910.0
31
0
0
LINE
8
lighting
10
7802.9
20
244910.0
30
0
11
7697.1
21
244910.0
31
0
0
LINE
8
lighting
10
7697.1
20
244910.0
30
0
11
7664.4
21
244910.0
31
0
0
LINE
8
lighting
10
7664.4
20
244910.0
30
0
11
7750.0
21
244910.0
31
0
0
LINE
8
lighting
10
7750.0
20
245160.0
30
0
11
7750.0
21
244910.0
31
0
0
LINE
8
lighting
10
7750.0
20
245160.0
30
0
11
7835.6
21
245160.0
31
0
0
LINE
8
lighting
10
7835.6
20
245160.0
30
0
11
7802.9
21
245160.0
31
0
0
LINE
8
lighting
10
7802.9
20
245160.0
30
0
11
7697.1
21
245160.0
31
0
0
LINE
8
lighting
10
7697.1
20
245160.0
30
0
11
7664.4
21
245160.0
31
0
0
LINE
8
lighting
10
7664.4
20
245160.0
30
0
11
7750.0
21
245160.0
31
0
0
LINE
8
lighting
10
7209.0
20
245160.0
30
0
11
7195.5
21
245167.79
31
0
0
LINE
8
lighting
10
7195.5
20
245167.79
30
0
11
7195.5
21
245152.21
31
0
0
LINE
8
lighting
10
7195.5
20
245152.21
30
0
11
7209.0
21
245160.0
31
0
0
LINE
8
lighting
10
-8100.0
20
236972.5
30
0
11
-8100.0
21
237027.5
31
0
0
LINE
8
lighting
10
-6300.0
20
236972.5
30
0
11
-6300.0
21
237027.5
31
0
0
LINE
8
lighting
10
-8100.0
20
236972.5
30
0
11
-6300.0
21
236972.5
31
0
0
LINE
8
lighting
10
-8100.0
20
237027.5
30
0
11
-6300.0
21
237027.5
31
0
0
LINE
8
lighting
10
-7750.0
20
237250.0
30
0
11
-7664.4
21
237250.0
31
0
0
LINE
8
lighting
10
-7664.4
20
237250.0
30
0
11
-7697.1
21
237250.0
31
0
0
LINE
8
lighting
10
-7697.1
20
237250.0
30
0
11
-7802.9
21
237250.0
31
0
0
LINE
8
lighting
10
-7802.9
20
237250.0
30
0
11
-7835.6
21
237250.0
31
0
0
LINE
8
lighting
10
-7835.6
20
237250.0
30
0
11
-7750.0
21
237250.0
31
0
0
LINE
8
lighting
10
-7750.0
20
237000.0
30
0
11
-7750.0
21
237250.0
31
0
0
LINE
8
lighting
10
-7750.0
20
237000.0
30
0
11
-7664.4
21
237000.0
31
0
0
LINE
8
lighting
10
-7664.4
20
237000.0
30
0
11
-7697.1
21
237000.0
31
0
0
LINE
8
lighting
10
-7697.1
20
237000.0
30
0
11
-7802.9
21
237000.0
31
0
0
LINE
8
lighting
10
-7802.9
20
237000.0
30
0
11
-7835.6
21
237000.0
31
0
0
LINE
8
lighting
10
-7835.6
20
237000.0
30
0
11
-7750.0
21
237000.0
31
0
0
LINE
8
lighting
10
-6650.0
20
236750.0
30
0
11
-6564.4
21
236750.0
31
0
0
LINE
8
lighting
10
-6564.4
20
236750.0
30
0
11
-6597.1
21
236750.0
31
0
0
LINE
8
lighting
10
-6597.1
20
236750.0
30
0
11
-6702.9
21
236750.0
31
0
0
LINE
8
lighting
10
-6702.9
20
236750.0
30
0
11
-6735.6
21
236750.0
31
0
0
LINE
8
lighting
10
-6735.6
20
236750.0
30
0
11
-6650.0
21
236750.0
31
0
0
LINE
8
lighting
10
-6650.0
20
237000.0
30
0
11
-6650.0
21
236750.0
31
0
0
LINE
8
lighting
10
-6650.0
20
237000.0
30
0
11
-6564.4
21
237000.0
31
0
0
LINE
8
lighting
10
-6564.4
20
237000.0
30
0
11
-6597.1
21
237000.0
31
0
0
LINE
8
lighting
10
-6597.1
20
237000.0
30
0
11
-6702.9
21
237000.0
31
0
0
LINE
8
lighting
10
-6702.9
20
237000.0
30
0
11
-6735.6
21
237000.0
31
0
0
LINE
8
lighting
10
-6735.6
20
237000.0
30
0
11
-6650.0
21
237000.0
31
0
0
LINE
8
lighting
10
-7191.0
20
237000.0
30
0
11
-7204.5
21
237007.79
31
0
0
LINE
8
lighting
10
-7204.5
20
237007.79
30
0
11
-7204.5
21
236992.21
31
0
0
LINE
8
lighting
10
-7204.5
20
236992.21
30
0
11
-7191.0
21
237000.0
31
0
0
LINE
8
lighting
10
6300.0
20
236972.5
30
0
11
6300.0
21
237027.5
31
0
0
LINE
8
lighting
10
8100.0
20
236972.5
30
0
11
8100.0
21
237027.5
31
0
0
LINE
8
lighting
10
6300.0
20
236972.5
30
0
11
8100.0
21
236972.5
31
0
0
LINE
8
lighting
10
6300.0
20
237027.5
30
0
11
8100.0
21
237027.5
31
0
0
LINE
8
lighting
10
6650.0
20
237250.0
30
0
11
6735.6
21
237250.0
31
0
0
LINE
8
lighting
10
6735.6
20
237250.0
30
0
11
6702.9
21
237250.0
31
0
0
LINE
8
lighting
10
6702.9
20
237250.0
30
0
11
6597.1
21
237250.0
31
0
0
LINE
8
lighting
10
6597.1
20
237250.0
30
0
11
6564.4
21
237250.0
31
0
0
LINE
8
lighting
10
6564.4
20
237250.0
30
0
11
6650.0
21
237250.0
31
0
0
LINE
8
lighting
10
6650.0
20
237000.0
30
0
11
6650.0
21
237250.0
31
0
0
LINE
8
lighting
10
6650.0
20
237000.0
30
0
11
6735.6
21
237000.0
31
0
0
LINE
8
lighting
10
6735.6
20
237000.0
30
0
11
6702.9
21
237000.0
31
0
0
LINE
8
lighting
10
6702.9
20
237000.0
30
0
11
6597.1
21
237000.0
31
0
0
LINE
8
lighting
10
6597.1
20
237000.0
30
0
11
6564.4
21
237000.0
31
0
0
LINE
8
lighting
10
6564.4
20
237000.0
30
0
11
6650.0
21
237000.0
31
0
0
LINE
8
lighting
10
7750.0
20
236750.0
30
0
11
7835.6
21
236750.0
31
0
0
LINE
8
lighting
10
7835.6
20
236750.0
30
0
11
7802.9
21
236750.0
31
0
0
LINE
8
lighting
10
7802.9
20
236750.0
30
0
11
7697.1
21
236750.0
31
0
0
LINE
8
lighting
10
7697.1
20
236750.0
30
0
11
7664.4
21
236750.0
31
0
0
LINE
8
lighting
10
7664.4
20
236750.0
30
0
11
7750.0
21
236750.0
31
0
0
LINE
8
lighting
10
7750.0
20
237000.0
30
0
11
7750.0
21
236750.0
31
0
0
LINE
8
lighting
10
7750.0
20
237000.0
30
0
11
7835.6
21
237000.0
31
0
0
LINE
8
lighting
10
7835.6
20
237000.0
30
0
11
7802.9
21
237000.0
31
0
0
LINE
8
lighting
10
7802.9
20
237000.0
30
0
11
7697.1
21
237000.0
31
0
0
LINE
8
lighting
10
7697.1
20
237000.0
30
0
11
7664.4
21
237000.0
31
0
0
LINE
8
lighting
10
7664.4
20
237000.0
30
0
11
7750.0
21
237000.0
31
0
0
LINE
8
lighting
10
7209.0
20
237000.0
30
0
11
7195.5
21
237007.79
31
0
0
LINE
8
lighting
10
7195.5
20
237007.79
30
0
11
7195.5
21
236992.21
31
0
0
LINE
8
lighting
10
7195.5
20
236992.21
30
0
11
7209.0
21
237000.0
31
0
0
LINE
8
electrical
10
-7200.0
20
228480.0
30
0
11
-7200.0
21
228472.21
31
0
0
LINE
8
electrical
10
-7200.0
20
228472.21
30
0
11
-7200.0
21
228487.79
31
0
0
LINE
8
electrical
10
-7200.0
20
228487.79
30
0
11
-7200.0
21
228480.0
31
0
0
LINE
8
electrical
10
9550.0
20
228480.0
30
0
11
-7200.0
21
228480.0
31
0
0
LINE
8
electrical
10
9550.0
20
228480.0
30
0
11
9550.0
21
228472.21
31
0
0
LINE
8
electrical
10
9550.0
20
228472.21
30
0
11
9550.0
21
228487.79
31
0
0
LINE
8
electrical
10
9550.0
20
228487.79
30
0
11
9550.0
21
228480.0
31
0
0
LINE
8
electrical
10
-7200.0
20
245160.0
30
0
11
-7192.21
21
245160.0
31
0
0
LINE
8
electrical
10
-7192.21
20
245160.0
30
0
11
-7207.79
21
245160.0
31
0
0
LINE
8
electrical
10
-7207.79
20
245160.0
30
0
11
-7200.0
21
245160.0
31
0
0
LINE
8
electrical
10
-7200.0
20
228480.0
30
0
11
-7200.0
21
245160.0
31
0
0
LINE
8
electrical
10
-7200.0
20
228480.0
30
0
11
-7192.21
21
228480.0
31
0
0
LINE
8
electrical
10
-7192.21
20
228480.0
30
0
11
-7207.79
21
228480.0
31
0
0
LINE
8
electrical
10
-7207.79
20
228480.0
30
0
11
-7200.0
21
228480.0
31
0
0
LINE
8
electrical
10
7200.0
20
245160.0
30
0
11
7207.79
21
245160.0
31
0
0
LINE
8
electrical
10
7207.79
20
245160.0
30
0
11
7192.21
21
245160.0
31
0
0
LINE
8
electrical
10
7192.21
20
245160.0
30
0
11
7200.0
21
245160.0
31
0
0
LINE
8
electrical
10
7200.0
20
228480.0
30
0
11
7200.0
21
245160.0
31
0
0
LINE
8
electrical
10
7200.0
20
228480.0
30
0
11
7207.79
21
228480.0
31
0
0
LINE
8
electrical
10
7207.79
20
228480.0
30
0
11
7192.21
21
228480.0
31
0
0
LINE
8
electrical
10
7192.21
20
228480.0
30
0
11
7200.0
21
228480.0
31
0
0
LINE
8
electrical
10
9563.0
20
225200.0
30
0
11
9543.5
21
225211.26
31
0
0
LINE
8
electrical
10
9543.5
20
225211.26
30
0
11
9543.5
21
225188.74
31
0
0
LINE
8
electrical
10
9543.5
20
225188.74
30
0
11
9563.0
21
225200.0
31
0
0
LINE
8
electrical
10
7010.26
20
228487.98
30
0
11
6994.87
21
228476.01
31
0
0
LINE
8
electrical
10
6994.87
20
228476.01
30
0
11
6994.87
21
228476.01
31
0
0
LINE
8
electrical
10
6994.87
20
228476.01
30
0
11
7010.26
21
228487.98
31
0
0
LINE
8
electrical
10
9560.26
20
225207.98
30
0
11
7010.26
21
228487.98
31
0
0
LINE
8
electrical
10
9560.26
20
225207.98
30
0
11
9544.87
21
225196.01
31
0
0
LINE
8
electrical
10
9544.87
20
225196.01
30
0
11
9544.87
21
225196.01
31
0
0
LINE
8
electrical
10
9544.87
20
225196.01
30
0
11
9560.26
21
225207.98
31
0
0
LINE
8
electrical
10
-7000.0
20
228480.0
30
0
11
-7000.0
21
228468.74
31
0
0
LINE
8
electrical
10
-7000.0
20
228468.74
30
0
11
-7000.0
21
228491.26
31
0
0
LINE
8
electrical
10
-7000.0
20
228491.26
30
0
11
-7000.0
21
228480.0
31
0
0
LINE
8
electrical
10
7000.0
20
228480.0
30
0
11
-7000.0
21
228480.0
31
0
0
LINE
8
electrical
10
7000.0
20
228480.0
30
0
11
7000.0
21
228468.74
31
0
0
LINE
8
electrical
10
7000.0
20
228468.74
30
0
11
7000.0
21
228491.26
31
0
0
LINE
8
electrical
10
7000.0
20
228491.26
30
0
11
7000.0
21
228480.0
31
0
0
LINE
8
electrical
10
9550.0
20
225200.0
30
0
11
9564.04
21
225200.0
31
0
0
LINE
8
electrical
10
9564.04
20
225200.0
30
0
11
9550.0
21
225200.0
31
0
0
LINE
8
electrical
10
7000.0
20
228480.0
30
0
11
7014.04
21
228480.0
31
0
0
LINE
8
electrical
10
7014.04
20
228480.0
30
0
11
7000.0
21
228480.0
31
0
0
LINE
8
electrical
10
9563.0
20
225200.0
30
0
11
9543.5
21
225211.26
31
0
0
LINE
8
electrical
10
9543.5
20
225211.26
30
0
11
9543.5
21
225188.74
31
0
0
LINE
8
electrical
10
9543.5
20
225188.74
30
0
11
9563.0
21
225200.0
31
0
0
LINE
8
electrical
10
7010.4
20
228607.8
30
0
11
6994.8
21
228596.1
31
0
0
LINE
8
electrical
10
6994.8
20
228596.1
30
0
11
6994.8
21
228596.1
31
0
0
LINE
8
electrical
10
6994.8
20
228596.1
30
0
11
7010.4
21
228607.8
31
0
0
LINE
8
electrical
10
9560.4
20
225207.8
30
0
11
7010.4
21
228607.8
31
0
0
LINE
8
electrical
10
9560.4
20
225207.8
30
0
11
9544.8
21
225196.1
31
0
0
LINE
8
electrical
10
9544.8
20
225196.1
30
0
11
9544.8
21
225196.1
31
0
0
LINE
8
electrical
10
9544.8
20
225196.1
30
0
11
9560.4
21
225207.8
31
0
0
LINE
8
electrical
10
-7000.0
20
228600.0
30
0
11
-7000.0
21
228588.74
31
0
0
LINE
8
electrical
10
-7000.0
20
228588.74
30
0
11
-7000.0
21
228611.26
31
0
0
LINE
8
electrical
10
-7000.0
20
228611.26
30
0
11
-7000.0
21
228600.0
31
0
0
LINE
8
electrical
10
7000.0
20
228600.0
30
0
11
-7000.0
21
228600.0
31
0
0
LINE
8
electrical
10
7000.0
20
228600.0
30
0
11
7000.0
21
228588.74
31
0
0
LINE
8
electrical
10
7000.0
20
228588.74
30
0
11
7000.0
21
228611.26
31
0
0
LINE
8
electrical
10
7000.0
20
228611.26
30
0
11
7000.0
21
228600.0
31
0
0
LINE
8
electrical
10
9550.0
20
225200.0
30
0
11
9564.04
21
225200.0
31
0
0
LINE
8
electrical
10
9564.04
20
225200.0
30
0
11
9550.0
21
225200.0
31
0
0
LINE
8
electrical
10
7000.0
20
228600.0
30
0
11
7014.04
21
228600.0
31
0
0
LINE
8
electrical
10
7014.04
20
228600.0
30
0
11
7000.0
21
228600.0
31
0
0
LINE
8
electrical
10
9563.0
20
225200.0
30
0
11
9543.5
21
225211.26
31
0
0
LINE
8
electrical
10
9543.5
20
225211.26
30
0
11
9543.5
21
225188.74
31
0
0
LINE
8
electrical
10
9543.5
20
225188.74
30
0
11
9563.0
21
225200.0
31
0
0
LINE
8
electrical
10
7010.53
20
228727.63
30
0
11
6994.74
21
228716.19
31
0
0
LINE
8
electrical
10
6994.74
20
228716.19
30
0
11
6994.74
21
228716.19
31
0
0
LINE
8
electrical
10
6994.74
20
228716.19
30
0
11
7010.53
21
228727.63
31
0
0
LINE
8
electrical
10
9560.53
20
225207.63
30
0
11
7010.53
21
228727.63
31
0
0
LINE
8
electrical
10
9560.53
20
225207.63
30
0
11
9544.74
21
225196.19
31
0
0
LINE
8
electrical
10
9544.74
20
225196.19
30
0
11
9544.74
21
225196.19
31
0
0
LINE
8
electrical
10
9544.74
20
225196.19
30
0
11
9560.53
21
225207.63
31
0
0
LINE
8
electrical
10
-7000.0
20
228720.0
30
0
11
-7000.0
21
228708.74
31
0
0
LINE
8
electrical
10
-7000.0
20
228708.74
30
0
11
-7000.0
21
228731.26
31
0
0
LINE
8
electrical
10
-7000.0
20
228731.26
30
0
11
-7000.0
21
228720.0
31
0
0
LINE
8
electrical
10
7000.0
20
228720.0
30
0
11
-7000.0
21
228720.0
31
0
0
LINE
8
electrical
10
7000.0
20
228720.0
30
0
11
7000.0
21
228708.74
31
0
0
LINE
8
electrical
10
7000.0
20
228708.74
30
0
11
7000.0
21
228731.26
31
0
0
LINE
8
electrical
10
7000.0
20
228731.26
30
0
11
7000.0
21
228720.0
31
0
0
LINE
8
electrical
10
9550.0
20
225200.0
30
0
11
9564.04
21
225200.0
31
0
0
LINE
8
electrical
10
9564.04
20
225200.0
30
0
11
9550.0
21
225200.0
31
0
0
LINE
8
electrical
10
7000.0
20
228720.0
30
0
11
7014.04
21
228720.0
31
0
0
LINE
8
electrical
10
7014.04
20
228720.0
30
0
11
7000.0
21
228720.0
31
0
0
LINE
8
electrical
10
-6065.0
20
225150.0
30
0
11
-6065.0
21
225210.0
31
0
0
LINE
8
electrical
10
-5935.0
20
225150.0
30
0
11
-5935.0
21
225210.0
31
0
0
LINE
8
electrical
10
-6065.0
20
225150.0
30
0
11
-5935.0
21
225150.0
31
0
0
LINE
8
electrical
10
-6065.0
20
225210.0
30
0
11
-5935.0
21
225210.0
31
0
0
LINE
8
electrical
10
-5991.0
20
225180.0
30
0
11
-6004.5
21
225187.79
31
0
0
LINE
8
electrical
10
-6004.5
20
225187.79
30
0
11
-6004.5
21
225172.21
31
0
0
LINE
8
electrical
10
-6004.5
20
225172.21
30
0
11
-5991.0
21
225180.0
31
0
0
LINE
8
electrical
10
9550.0
20
225180.0
30
0
11
9550.0
21
225172.21
31
0
0
LINE
8
electrical
10
9550.0
20
225172.21
30
0
11
9550.0
21
225187.79
31
0
0
LINE
8
electrical
10
9550.0
20
225187.79
30
0
11
9550.0
21
225180.0
31
0
0
LINE
8
electrical
10
-6000.0
20
225180.0
30
0
11
9550.0
21
225180.0
31
0
0
LINE
8
electrical
10
-6000.0
20
225180.0
30
0
11
-6000.0
21
225172.21
31
0
0
LINE
8
electrical
10
-6000.0
20
225172.21
30
0
11
-6000.0
21
225187.79
31
0
0
LINE
8
electrical
10
-6000.0
20
225187.79
30
0
11
-6000.0
21
225180.0
31
0
0
LINE
8
electrical
10
-6000.0
20
225180.0
30
0
11
-5990.28
21
225180.0
31
0
0
LINE
8
electrical
10
-5990.28
20
225180.0
30
0
11
-6000.0
21
225180.0
31
0
0
LINE
8
electrical
10
5935.0
20
225150.0
30
0
11
5935.0
21
225210.0
31
0
0
LINE
8
electrical
10
6065.0
20
225150.0
30
0
11
6065.0
21
225210.0
31
0
0
LINE
8
electrical
10
5935.0
20
225150.0
30
0
11
6065.0
21
225150.0
31
0
0
LINE
8
electrical
10
5935.0
20
225210.0
30
0
11
6065.0
21
225210.0
31
0
0
LINE
8
electrical
10
6009.0
20
225180.0
30
0
11
5995.5
21
225187.79
31
0
0
LINE
8
electrical
10
5995.5
20
225187.79
30
0
11
5995.5
21
225172.21
31
0
0
LINE
8
electrical
10
5995.5
20
225172.21
30
0
11
6009.0
21
225180.0
31
0
0
LINE
8
electrical
10
9550.0
20
225180.0
30
0
11
9550.0
21
225172.21
31
0
0
LINE
8
electrical
10
9550.0
20
225172.21
30
0
11
9550.0
21
225187.79
31
0
0
LINE
8
electrical
10
9550.0
20
225187.79
30
0
11
9550.0
21
225180.0
31
0
0
LINE
8
electrical
10
6000.0
20
225180.0
30
0
11
9550.0
21
225180.0
31
0
0
LINE
8
electrical
10
6000.0
20
225180.0
30
0
11
6000.0
21
225172.21
31
0
0
LINE
8
electrical
10
6000.0
20
225172.21
30
0
11
6000.0
21
225187.79
31
0
0
LINE
8
electrical
10
6000.0
20
225187.79
30
0
11
6000.0
21
225180.0
31
0
0
LINE
8
electrical
10
6000.0
20
225180.0
30
0
11
6009.72
21
225180.0
31
0
0
LINE
8
electrical
10
6009.72
20
225180.0
30
0
11
6000.0
21
225180.0
31
0
0
LINE
8
hvac
10
-9525.0
20
225725.0
30
0
11
-9525.0
21
226475.0
31
0
0
LINE
8
hvac
10
-7875.0
20
225725.0
30
0
11
-7875.0
21
226475.0
31
0
0
LINE
8
hvac
10
-9525.0
20
225725.0
30
0
11
-7875.0
21
225725.0
31
0
0
LINE
8
hvac
10
-9525.0
20
226475.0
30
0
11
-7875.0
21
226475.0
31
0
0
LINE
8
hvac
10
-9425.0
20
225680.0
30
0
11
-9425.0
21
225720.0
31
0
0
LINE
8
hvac
10
-7975.0
20
225680.0
30
0
11
-7975.0
21
225720.0
31
0
0
LINE
8
hvac
10
-9425.0
20
225680.0
30
0
11
-7975.0
21
225680.0
31
0
0
LINE
8
hvac
10
-9425.0
20
225720.0
30
0
11
-7975.0
21
225720.0
31
0
0
LINE
8
hvac
10
-9360.0
20
225640.0
30
0
11
-9360.0
21
225700.0
31
0
0
LINE
8
hvac
10
-9320.0
20
225640.0
30
0
11
-9320.0
21
225700.0
31
0
0
LINE
8
hvac
10
-9360.0
20
225640.0
30
0
11
-9320.0
21
225640.0
31
0
0
LINE
8
hvac
10
-9360.0
20
225700.0
30
0
11
-9320.0
21
225700.0
31
0
0
LINE
8
hvac
10
-9200.0
20
225640.0
30
0
11
-9200.0
21
225700.0
31
0
0
LINE
8
hvac
10
-9160.0
20
225640.0
30
0
11
-9160.0
21
225700.0
31
0
0
LINE
8
hvac
10
-9200.0
20
225640.0
30
0
11
-9160.0
21
225640.0
31
0
0
LINE
8
hvac
10
-9200.0
20
225700.0
30
0
11
-9160.0
21
225700.0
31
0
0
LINE
8
hvac
10
-9040.0
20
225640.0
30
0
11
-9040.0
21
225700.0
31
0
0
LINE
8
hvac
10
-9000.0
20
225640.0
30
0
11
-9000.0
21
225700.0
31
0
0
LINE
8
hvac
10
-9040.0
20
225640.0
30
0
11
-9000.0
21
225640.0
31
0
0
LINE
8
hvac
10
-9040.0
20
225700.0
30
0
11
-9000.0
21
225700.0
31
0
0
LINE
8
hvac
10
-8880.0
20
225640.0
30
0
11
-8880.0
21
225700.0
31
0
0
LINE
8
hvac
10
-8840.0
20
225640.0
30
0
11
-8840.0
21
225700.0
31
0
0
LINE
8
hvac
10
-8880.0
20
225640.0
30
0
11
-8840.0
21
225640.0
31
0
0
LINE
8
hvac
10
-8880.0
20
225700.0
30
0
11
-8840.0
21
225700.0
31
0
0
LINE
8
hvac
10
-8720.0
20
225640.0
30
0
11
-8720.0
21
225700.0
31
0
0
LINE
8
hvac
10
-8680.0
20
225640.0
30
0
11
-8680.0
21
225700.0
31
0
0
LINE
8
hvac
10
-8720.0
20
225640.0
30
0
11
-8680.0
21
225640.0
31
0
0
LINE
8
hvac
10
-8720.0
20
225700.0
30
0
11
-8680.0
21
225700.0
31
0
0
LINE
8
hvac
10
-8560.0
20
225640.0
30
0
11
-8560.0
21
225700.0
31
0
0
LINE
8
hvac
10
-8520.0
20
225640.0
30
0
11
-8520.0
21
225700.0
31
0
0
LINE
8
hvac
10
-8560.0
20
225640.0
30
0
11
-8520.0
21
225640.0
31
0
0
LINE
8
hvac
10
-8560.0
20
225700.0
30
0
11
-8520.0
21
225700.0
31
0
0
LINE
8
hvac
10
-8400.0
20
225640.0
30
0
11
-8400.0
21
225700.0
31
0
0
LINE
8
hvac
10
-8360.0
20
225640.0
30
0
11
-8360.0
21
225700.0
31
0
0
LINE
8
hvac
10
-8400.0
20
225640.0
30
0
11
-8360.0
21
225640.0
31
0
0
LINE
8
hvac
10
-8400.0
20
225700.0
30
0
11
-8360.0
21
225700.0
31
0
0
LINE
8
hvac
10
-8240.0
20
225640.0
30
0
11
-8240.0
21
225700.0
31
0
0
LINE
8
hvac
10
-8200.0
20
225640.0
30
0
11
-8200.0
21
225700.0
31
0
0
LINE
8
hvac
10
-8240.0
20
225640.0
30
0
11
-8200.0
21
225640.0
31
0
0
LINE
8
hvac
10
-8240.0
20
225700.0
30
0
11
-8200.0
21
225700.0
31
0
0
LINE
8
hvac
10
-8080.0
20
225640.0
30
0
11
-8080.0
21
225700.0
31
0
0
LINE
8
hvac
10
-8040.0
20
225640.0
30
0
11
-8040.0
21
225700.0
31
0
0
LINE
8
hvac
10
-8080.0
20
225640.0
30
0
11
-8040.0
21
225640.0
31
0
0
LINE
8
hvac
10
-8080.0
20
225700.0
30
0
11
-8040.0
21
225700.0
31
0
0
LINE
8
hvac
10
-8925.0
20
225875.0
30
0
11
-8925.0
21
226325.0
31
0
0
LINE
8
hvac
10
-8475.0
20
225875.0
30
0
11
-8475.0
21
226325.0
31
0
0
LINE
8
hvac
10
-8925.0
20
225875.0
30
0
11
-8475.0
21
225875.0
31
0
0
LINE
8
hvac
10
-8925.0
20
226325.0
30
0
11
-8475.0
21
226325.0
31
0
0
LINE
8
hvac
10
-7000.0
20
236825.0
30
0
11
-7000.0
21
237175.0
31
0
0
LINE
8
hvac
10
7000.0
20
236825.0
30
0
11
7000.0
21
237175.0
31
0
0
LINE
8
hvac
10
-7000.0
20
236825.0
30
0
11
7000.0
21
236825.0
31
0
0
LINE
8
hvac
10
-7000.0
20
237175.0
30
0
11
7000.0
21
237175.0
31
0
0
LINE
8
hvac
10
-8875.0
20
225925.0
30
0
11
-8875.0
21
226275.0
31
0
0
LINE
8
hvac
10
175.0
20
225925.0
30
0
11
175.0
21
226275.0
31
0
0
LINE
8
hvac
10
-8875.0
20
225925.0
30
0
11
175.0
21
225925.0
31
0
0
LINE
8
hvac
10
-8875.0
20
226275.0
30
0
11
175.0
21
226275.0
31
0
0
LINE
8
hvac
10
-175.0
20
225925.0
30
0
11
-175.0
21
237175.0
31
0
0
LINE
8
hvac
10
175.0
20
225925.0
30
0
11
175.0
21
237175.0
31
0
0
LINE
8
hvac
10
-175.0
20
225925.0
30
0
11
175.0
21
225925.0
31
0
0
LINE
8
hvac
10
-175.0
20
237175.0
30
0
11
175.0
21
237175.0
31
0
0
LINE
8
hvac
10
-4350.0
20
236650.0
30
0
11
-4350.0
21
237350.0
31
0
0
LINE
8
hvac
10
-3650.0
20
236650.0
30
0
11
-3650.0
21
237350.0
31
0
0
LINE
8
hvac
10
-4350.0
20
236650.0
30
0
11
-3650.0
21
236650.0
31
0
0
LINE
8
hvac
10
-4350.0
20
237350.0
30
0
11
-3650.0
21
237350.0
31
0
0
LINE
8
hvac
10
3650.0
20
236650.0
30
0
11
3650.0
21
237350.0
31
0
0
LINE
8
hvac
10
4350.0
20
236650.0
30
0
11
4350.0
21
237350.0
31
0
0
LINE
8
hvac
10
3650.0
20
236650.0
30
0
11
4350.0
21
236650.0
31
0
0
LINE
8
hvac
10
3650.0
20
237350.0
30
0
11
4350.0
21
237350.0
31
0
0
LINE
8
sensors
10
-9960.0
20
230200.0
30
0
11
-9960.0
21
230360.0
31
0
0
LINE
8
sensors
10
-9860.0
20
230200.0
30
0
11
-9860.0
21
230360.0
31
0
0
LINE
8
sensors
10
-9960.0
20
230200.0
30
0
11
-9860.0
21
230200.0
31
0
0
LINE
8
sensors
10
-9960.0
20
230360.0
30
0
11
-9860.0
21
230360.0
31
0
0
LINE
8
sensors
10
-9855.0
20
230225.0
30
0
11
-9855.0
21
230335.0
31
0
0
LINE
8
sensors
10
-9835.0
20
230225.0
30
0
11
-9835.0
21
230335.0
31
0
0
LINE
8
sensors
10
-9855.0
20
230225.0
30
0
11
-9835.0
21
230225.0
31
0
0
LINE
8
sensors
10
-9855.0
20
230335.0
30
0
11
-9835.0
21
230335.0
31
0
0
LINE
8
sensors
10
-9960.0
20
230500.0
30
0
11
-9960.0
21
230660.0
31
0
0
LINE
8
sensors
10
-9860.0
20
230500.0
30
0
11
-9860.0
21
230660.0
31
0
0
LINE
8
sensors
10
-9960.0
20
230500.0
30
0
11
-9860.0
21
230500.0
31
0
0
LINE
8
sensors
10
-9960.0
20
230660.0
30
0
11
-9860.0
21
230660.0
31
0
0
LINE
8
sensors
10
-9855.0
20
230525.0
30
0
11
-9855.0
21
230635.0
31
0
0
LINE
8
sensors
10
-9835.0
20
230525.0
30
0
11
-9835.0
21
230635.0
31
0
0
LINE
8
sensors
10
-9855.0
20
230525.0
30
0
11
-9835.0
21
230525.0
31
0
0
LINE
8
sensors
10
-9855.0
20
230635.0
30
0
11
-9835.0
21
230635.0
31
0
0
LINE
8
sensors
10
-9960.0
20
230800.0
30
0
11
-9960.0
21
230960.0
31
0
0
LINE
8
sensors
10
-9860.0
20
230800.0
30
0
11
-9860.0
21
230960.0
31
0
0
LINE
8
sensors
10
-9960.0
20
230800.0
30
0
11
-9860.0
21
230800.0
31
0
0
LINE
8
sensors
10
-9960.0
20
230960.0
30
0
11
-9860.0
21
230960.0
31
0
0
LINE
8
sensors
10
-9855.0
20
230825.0
30
0
11
-9855.0
21
230935.0
31
0
0
LINE
8
sensors
10
-9835.0
20
230825.0
30
0
11
-9835.0
21
230935.0
31
0
0
LINE
8
sensors
10
-9855.0
20
230825.0
30
0
11
-9835.0
21
230825.0
31
0
0
LINE
8
sensors
10
-9855.0
20
230935.0
30
0
11
-9835.0
21
230935.0
31
0
0
LINE
8
sensors
10
80.0
20
237000.0
30
0
11
0.0
21
237080.0
31
0
0
LINE
8
sensors
10
0.0
20
237080.0
30
0
11
-80.0
21
237000.0
31
0
0
LINE
8
sensors
10
-80.0
20
237000.0
30
0
11
-0.0
21
236920.0
31
0
0
LINE
8
sensors
10
-0.0
20
236920.0
30
0
11
80.0
21
237000.0
31
0
0
LINE
8
sensors
10
-0.0
20
237000.0
30
0
11
65.0
21
237000.0
31
0
0
LINE
8
sensors
10
65.0
20
237000.0
30
0
11
0.0
21
237000.0
31
0
0
LINE
8
sensors
10
-9960.0
20
231400.0
30
0
11
-9960.0
21
231560.0
31
0
0
LINE
8
sensors
10
-9860.0
20
231400.0
30
0
11
-9860.0
21
231560.0
31
0
0
LINE
8
sensors
10
-9960.0
20
231400.0
30
0
11
-9860.0
21
231400.0
31
0
0
LINE
8
sensors
10
-9960.0
20
231560.0
30
0
11
-9860.0
21
231560.0
31
0
0
LINE
8
sensors
10
-9855.0
20
231425.0
30
0
11
-9855.0
21
231535.0
31
0
0
LINE
8
sensors
10
-9835.0
20
231425.0
30
0
11
-9835.0
21
231535.0
31
0
0
LINE
8
sensors
10
-9855.0
20
231425.0
30
0
11
-9835.0
21
231425.0
31
0
0
LINE
8
sensors
10
-9855.0
20
231535.0
30
0
11
-9835.0
21
231535.0
31
0
0
LINE
8
interiors
10
39000.0
20
227000.0
30
0
11
39000.0
21
247000.0
31
0
0
LINE
8
interiors
10
39000.0
20
227000.0
30
0
11
42800.0
21
227000.0
31
0
0
LINE
8
interiors
10
42800.0
20
227000.0
30
0
11
45200.0
21
227000.0
31
0
0
LINE
8
interiors
10
45200.0
20
227000.0
30
0
11
49000.0
21
227000.0
31
0
0
LINE
8
interiors
10
39000.0
20
227000.0
30
0
11
49000.0
21
227000.0
31
0
0
LINE
8
interiors
10
39000.0
20
247000.0
30
0
11
49000.0
21
247000.0
31
0
0
LINE
8
interiors
10
49000.0
20
227000.0
30
0
11
49000.0
21
247000.0
31
0
0
LINE
8
interiors
10
48880.0
20
227120.0
30
0
11
39120.0
21
227120.0
31
0
0
LINE
8
interiors
10
48880.0
20
227120.0
30
0
11
48880.0
21
246880.0
31
0
0
LINE
8
interiors
10
48880.0
20
246880.0
30
0
11
39120.0
21
246880.0
31
0
0
LINE
8
interiors
10
39120.0
20
227120.0
30
0
11
39120.0
21
246880.0
31
0
0
LINE
8
interiors
10
41400.0
20
247000.0
30
0
11
46600.0
21
247000.0
31
0
0
LINE
8
interiors
10
45200.0
20
227000.0
30
0
11
45200.0
21
227120.0
31
0
0
LINE
8
interiors
10
48880.0
20
227120.0
30
0
11
45200.0
21
227120.0
31
0
0
LINE
8
interiors
10
42800.0
20
227120.0
30
0
11
39120.0
21
227120.0
31
0
0
LINE
8
interiors
10
42800.0
20
227000.0
30
0
11
42800.0
21
227120.0
31
0
0
LINE
8
interiors
10
42800.0
20
227120.0
30
0
11
45200.0
21
227120.0
31
0
0
LINE
8
interiors
10
41400.0
20
246880.0
30
0
11
46600.0
21
246880.0
31
0
0
LINE
8
interiors
10
41400.0
20
246880.0
30
0
11
41400.0
21
247000.0
31
0
0
LINE
8
interiors
10
46600.0
20
246880.0
30
0
11
46600.0
21
247000.0
31
0
0
LINE
8
interiors
10
41400.0
20
246977.5
30
0
11
41400.0
21
247022.5
31
0
0
LINE
8
interiors
10
46600.0
20
246977.5
30
0
11
46600.0
21
247022.5
31
0
0
LINE
8
interiors
10
41400.0
20
246977.5
30
0
11
46600.0
21
246977.5
31
0
0
LINE
8
interiors
10
41400.0
20
247022.5
30
0
11
46600.0
21
247022.5
31
0
0
LINE
8
interiors
10
39125.0
20
227125.0
30
0
11
39125.0
21
246875.0
31
0
0
LINE
8
interiors
10
48875.0
20
227125.0
30
0
11
48875.0
21
246875.0
31
0
0
LINE
8
interiors
10
39125.0
20
227125.0
30
0
11
48875.0
21
227125.0
31
0
0
LINE
8
interiors
10
39125.0
20
246875.0
30
0
11
48875.0
21
246875.0
31
0
0
LINE
8
interiors
10
42845.0
20
226880.0
30
0
11
42845.0
21
227120.0
31
0
0
LINE
8
interiors
10
42915.0
20
226880.0
30
0
11
42915.0
21
227120.0
31
0
0
LINE
8
interiors
10
42845.0
20
226880.0
30
0
11
42915.0
21
226880.0
31
0
0
LINE
8
interiors
10
42845.0
20
227120.0
30
0
11
42915.0
21
227120.0
31
0
0
LINE
8
interiors
10
45085.0
20
226880.0
30
0
11
45085.0
21
227120.0
31
0
0
LINE
8
interiors
10
45155.0
20
226880.0
30
0
11
45155.0
21
227120.0
31
0
0
LINE
8
interiors
10
45085.0
20
226880.0
30
0
11
45155.0
21
226880.0
31
0
0
LINE
8
interiors
10
45085.0
20
227120.0
30
0
11
45155.0
21
227120.0
31
0
0
LINE
8
interiors
10
42850.0
20
226880.0
30
0
11
42850.0
21
227120.0
31
0
0
LINE
8
interiors
10
45150.0
20
226880.0
30
0
11
45150.0
21
227120.0
31
0
0
LINE
8
interiors
10
42850.0
20
226880.0
30
0
11
45150.0
21
226880.0
31
0
0
LINE
8
interiors
10
42850.0
20
227120.0
30
0
11
45150.0
21
227120.0
31
0
0
LINE
8
interiors
10
42930.39
20
227090.49
30
0
11
42889.61
21
227109.51
31
0
0
LINE
8
interiors
10
43386.82
20
228069.3
30
0
11
43346.04
21
228088.32
31
0
0
LINE
8
interiors
10
42930.39
20
227090.49
30
0
11
43386.82
21
228069.3
31
0
0
LINE
8
interiors
10
42889.61
20
227109.51
30
0
11
43346.04
21
228088.32
31
0
0
LINE
8
interiors
10
41000.0
20
231400.0
30
0
11
41000.0
21
233000.0
31
0
0
LINE
8
interiors
10
42600.0
20
231400.0
30
0
11
42600.0
21
233000.0
31
0
0
LINE
8
interiors
10
41000.0
20
231400.0
30
0
11
42600.0
21
231400.0
31
0
0
LINE
8
interiors
10
41000.0
20
233000.0
30
0
11
42600.0
21
233000.0
31
0
0
LINE
8
interiors
10
42220.0
20
232200.0
30
0
11
42139.79
21
232446.87
31
0
0
LINE
8
interiors
10
42139.79
20
232446.87
30
0
11
41929.79
21
232599.44
31
0
0
LINE
8
interiors
10
41929.79
20
232599.44
30
0
11
41670.21
21
232599.44
31
0
0
LINE
8
interiors
10
41670.21
20
232599.44
30
0
11
41460.21
21
232446.87
31
0
0
LINE
8
interiors
10
41460.21
20
232446.87
30
0
11
41380.0
21
232200.0
31
0
0
LINE
8
interiors
10
41380.0
20
232200.0
30
0
11
41460.21
21
231953.13
31
0
0
LINE
8
interiors
10
41460.21
20
231953.13
30
0
11
41670.21
21
231800.56
31
0
0
LINE
8
interiors
10
41670.21
20
231800.56
30
0
11
41929.79
21
231800.56
31
0
0
LINE
8
interiors
10
41929.79
20
231800.56
30
0
11
42139.79
21
231953.13
31
0
0
LINE
8
interiors
10
42139.79
20
231953.13
30
0
11
42220.0
21
232200.0
31
0
0
LINE
8
interiors
10
41400.0
20
231570.0
30
0
11
41400.0
21
231630.0
31
0
0
LINE
8
interiors
10
42200.0
20
231570.0
30
0
11
42200.0
21
231630.0
31
0
0
LINE
8
interiors
10
41400.0
20
231570.0
30
0
11
42200.0
21
231570.0
31
0
0
LINE
8
interiors
10
41400.0
20
231630.0
30
0
11
42200.0
21
231630.0
31
0
0
LINE
8
interiors
10
41770.0
20
231565.0
30
0
11
41770.0
21
231635.0
31
0
0
LINE
8
interiors
10
41830.0
20
231565.0
30
0
11
41830.0
21
231635.0
31
0
0
LINE
8
interiors
10
41770.0
20
231565.0
30
0
11
41830.0
21
231565.0
31
0
0
LINE
8
interiors
10
41770.0
20
231635.0
30
0
11
41830.0
21
231635.0
31
0
0
LINE
8
interiors
10
41650.0
20
231490.0
30
0
11
41650.0
21
231710.0
31
0
0
LINE
8
interiors
10
41950.0
20
231490.0
30
0
11
41950.0
21
231710.0
31
0
0
LINE
8
interiors
10
41650.0
20
231490.0
30
0
11
41950.0
21
231490.0
31
0
0
LINE
8
interiors
10
41650.0
20
231710.0
30
0
11
41950.0
21
231710.0
31
0
0
LINE
8
interiors
10
45400.0
20
231400.0
30
0
11
45400.0
21
233000.0
31
0
0
LINE
8
interiors
10
47000.0
20
231400.0
30
0
11
47000.0
21
233000.0
31
0
0
LINE
8
interiors
10
45400.0
20
231400.0
30
0
11
47000.0
21
231400.0
31
0
0
LINE
8
interiors
10
45400.0
20
233000.0
30
0
11
47000.0
21
233000.0
31
0
0
LINE
8
interiors
10
46620.0
20
232200.0
30
0
11
46539.79
21
232446.87
31
0
0
LINE
8
interiors
10
46539.79
20
232446.87
30
0
11
46329.79
21
232599.44
31
0
0
LINE
8
interiors
10
46329.79
20
232599.44
30
0
11
46070.21
21
232599.44
31
0
0
LINE
8
interiors
10
46070.21
20
232599.44
30
0
11
45860.21
21
232446.87
31
0
0
LINE
8
interiors
10
45860.21
20
232446.87
30
0
11
45780.0
21
232200.0
31
0
0
LINE
8
interiors
10
45780.0
20
232200.0
30
0
11
45860.21
21
231953.13
31
0
0
LINE
8
interiors
10
45860.21
20
231953.13
30
0
11
46070.21
21
231800.56
31
0
0
LINE
8
interiors
10
46070.21
20
231800.56
30
0
11
46329.79
21
231800.56
31
0
0
LINE
8
interiors
10
46329.79
20
231800.56
30
0
11
46539.79
21
231953.13
31
0
0
LINE
8
interiors
10
46539.79
20
231953.13
30
0
11
46620.0
21
232200.0
31
0
0
LINE
8
interiors
10
45800.0
20
231570.0
30
0
11
45800.0
21
231630.0
31
0
0
LINE
8
interiors
10
46600.0
20
231570.0
30
0
11
46600.0
21
231630.0
31
0
0
LINE
8
interiors
10
45800.0
20
231570.0
30
0
11
46600.0
21
231570.0
31
0
0
LINE
8
interiors
10
45800.0
20
231630.0
30
0
11
46600.0
21
231630.0
31
0
0
LINE
8
interiors
10
46170.0
20
231565.0
30
0
11
46170.0
21
231635.0
31
0
0
LINE
8
interiors
10
46230.0
20
231565.0
30
0
11
46230.0
21
231635.0
31
0
0
LINE
8
interiors
10
46170.0
20
231565.0
30
0
11
46230.0
21
231565.0
31
0
0
LINE
8
interiors
10
46170.0
20
231635.0
30
0
11
46230.0
21
231635.0
31
0
0
LINE
8
interiors
10
46050.0
20
231490.0
30
0
11
46050.0
21
231710.0
31
0
0
LINE
8
interiors
10
46350.0
20
231490.0
30
0
11
46350.0
21
231710.0
31
0
0
LINE
8
interiors
10
46050.0
20
231490.0
30
0
11
46350.0
21
231490.0
31
0
0
LINE
8
interiors
10
46050.0
20
231710.0
30
0
11
46350.0
21
231710.0
31
0
0
LINE
8
interiors
10
41000.0
20
241000.0
30
0
11
41000.0
21
242600.0
31
0
0
LINE
8
interiors
10
42600.0
20
241000.0
30
0
11
42600.0
21
242600.0
31
0
0
LINE
8
interiors
10
41000.0
20
241000.0
30
0
11
42600.0
21
241000.0
31
0
0
LINE
8
interiors
10
41000.0
20
242600.0
30
0
11
42600.0
21
242600.0
31
0
0
LINE
8
interiors
10
42220.0
20
241800.0
30
0
11
42139.79
21
242046.87
31
0
0
LINE
8
interiors
10
42139.79
20
242046.87
30
0
11
41929.79
21
242199.44
31
0
0
LINE
8
interiors
10
41929.79
20
242199.44
30
0
11
41670.21
21
242199.44
31
0
0
LINE
8
interiors
10
41670.21
20
242199.44
30
0
11
41460.21
21
242046.87
31
0
0
LINE
8
interiors
10
41460.21
20
242046.87
30
0
11
41380.0
21
241800.0
31
0
0
LINE
8
interiors
10
41380.0
20
241800.0
30
0
11
41460.21
21
241553.13
31
0
0
LINE
8
interiors
10
41460.21
20
241553.13
30
0
11
41670.21
21
241400.56
31
0
0
LINE
8
interiors
10
41670.21
20
241400.56
30
0
11
41929.79
21
241400.56
31
0
0
LINE
8
interiors
10
41929.79
20
241400.56
30
0
11
42139.79
21
241553.13
31
0
0
LINE
8
interiors
10
42139.79
20
241553.13
30
0
11
42220.0
21
241800.0
31
0
0
LINE
8
interiors
10
41400.0
20
241170.0
30
0
11
41400.0
21
241230.0
31
0
0
LINE
8
interiors
10
42200.0
20
241170.0
30
0
11
42200.0
21
241230.0
31
0
0
LINE
8
interiors
10
41400.0
20
241170.0
30
0
11
42200.0
21
241170.0
31
0
0
LINE
8
interiors
10
41400.0
20
241230.0
30
0
11
42200.0
21
241230.0
31
0
0
LINE
8
interiors
10
41770.0
20
241165.0
30
0
11
41770.0
21
241235.0
31
0
0
LINE
8
interiors
10
41830.0
20
241165.0
30
0
11
41830.0
21
241235.0
31
0
0
LINE
8
interiors
10
41770.0
20
241165.0
30
0
11
41830.0
21
241165.0
31
0
0
LINE
8
interiors
10
41770.0
20
241235.0
30
0
11
41830.0
21
241235.0
31
0
0
LINE
8
interiors
10
41650.0
20
241090.0
30
0
11
41650.0
21
241310.0
31
0
0
LINE
8
interiors
10
41950.0
20
241090.0
30
0
11
41950.0
21
241310.0
31
0
0
LINE
8
interiors
10
41650.0
20
241090.0
30
0
11
41950.0
21
241090.0
31
0
0
LINE
8
interiors
10
41650.0
20
241310.0
30
0
11
41950.0
21
241310.0
31
0
0
LINE
8
interiors
10
45400.0
20
241000.0
30
0
11
45400.0
21
242600.0
31
0
0
LINE
8
interiors
10
47000.0
20
241000.0
30
0
11
47000.0
21
242600.0
31
0
0
LINE
8
interiors
10
45400.0
20
241000.0
30
0
11
47000.0
21
241000.0
31
0
0
LINE
8
interiors
10
45400.0
20
242600.0
30
0
11
47000.0
21
242600.0
31
0
0
LINE
8
interiors
10
46620.0
20
241800.0
30
0
11
46539.79
21
242046.87
31
0
0
LINE
8
interiors
10
46539.79
20
242046.87
30
0
11
46329.79
21
242199.44
31
0
0
LINE
8
interiors
10
46329.79
20
242199.44
30
0
11
46070.21
21
242199.44
31
0
0
LINE
8
interiors
10
46070.21
20
242199.44
30
0
11
45860.21
21
242046.87
31
0
0
LINE
8
interiors
10
45860.21
20
242046.87
30
0
11
45780.0
21
241800.0
31
0
0
LINE
8
interiors
10
45780.0
20
241800.0
30
0
11
45860.21
21
241553.13
31
0
0
LINE
8
interiors
10
45860.21
20
241553.13
30
0
11
46070.21
21
241400.56
31
0
0
LINE
8
interiors
10
46070.21
20
241400.56
30
0
11
46329.79
21
241400.56
31
0
0
LINE
8
interiors
10
46329.79
20
241400.56
30
0
11
46539.79
21
241553.13
31
0
0
LINE
8
interiors
10
46539.79
20
241553.13
30
0
11
46620.0
21
241800.0
31
0
0
LINE
8
interiors
10
45800.0
20
241170.0
30
0
11
45800.0
21
241230.0
31
0
0
LINE
8
interiors
10
46600.0
20
241170.0
30
0
11
46600.0
21
241230.0
31
0
0
LINE
8
interiors
10
45800.0
20
241170.0
30
0
11
46600.0
21
241170.0
31
0
0
LINE
8
interiors
10
45800.0
20
241230.0
30
0
11
46600.0
21
241230.0
31
0
0
LINE
8
interiors
10
46170.0
20
241165.0
30
0
11
46170.0
21
241235.0
31
0
0
LINE
8
interiors
10
46230.0
20
241165.0
30
0
11
46230.0
21
241235.0
31
0
0
LINE
8
interiors
10
46170.0
20
241165.0
30
0
11
46230.0
21
241165.0
31
0
0
LINE
8
interiors
10
46170.0
20
241235.0
30
0
11
46230.0
21
241235.0
31
0
0
LINE
8
interiors
10
46050.0
20
241090.0
30
0
11
46050.0
21
241310.0
31
0
0
LINE
8
interiors
10
46350.0
20
241090.0
30
0
11
46350.0
21
241310.0
31
0
0
LINE
8
interiors
10
46050.0
20
241090.0
30
0
11
46350.0
21
241090.0
31
0
0
LINE
8
interiors
10
46050.0
20
241310.0
30
0
11
46350.0
21
241310.0
31
0
0
LINE
8
electrical
10
48275.0
20
227075.0
30
0
11
48275.0
21
227325.0
31
0
0
LINE
8
electrical
10
48825.0
20
227075.0
30
0
11
48825.0
21
227325.0
31
0
0
LINE
8
electrical
10
48275.0
20
227075.0
30
0
11
48825.0
21
227075.0
31
0
0
LINE
8
electrical
10
48275.0
20
227325.0
30
0
11
48825.0
21
227325.0
31
0
0
LINE
8
electrical
10
48315.0
20
227047.5
30
0
11
48315.0
21
227082.5
31
0
0
LINE
8
electrical
10
48785.0
20
227047.5
30
0
11
48785.0
21
227082.5
31
0
0
LINE
8
electrical
10
48315.0
20
227047.5
30
0
11
48785.0
21
227047.5
31
0
0
LINE
8
electrical
10
48315.0
20
227082.5
30
0
11
48785.0
21
227082.5
31
0
0
LINE
8
electrical
10
48362.5
20
227010.0
30
0
11
48362.5
21
227050.0
31
0
0
LINE
8
electrical
10
48462.5
20
227010.0
30
0
11
48462.5
21
227050.0
31
0
0
LINE
8
electrical
10
48362.5
20
227010.0
30
0
11
48462.5
21
227010.0
31
0
0
LINE
8
electrical
10
48362.5
20
227050.0
30
0
11
48462.5
21
227050.0
31
0
0
LINE
8
electrical
10
48500.0
20
227010.0
30
0
11
48500.0
21
227050.0
31
0
0
LINE
8
electrical
10
48600.0
20
227010.0
30
0
11
48600.0
21
227050.0
31
0
0
LINE
8
electrical
10
48500.0
20
227010.0
30
0
11
48600.0
21
227010.0
31
0
0
LINE
8
electrical
10
48500.0
20
227050.0
30
0
11
48600.0
21
227050.0
31
0
0
LINE
8
electrical
10
48637.5
20
227010.0
30
0
11
48637.5
21
227050.0
31
0
0
LINE
8
electrical
10
48737.5
20
227010.0
30
0
11
48737.5
21
227050.0
31
0
0
LINE
8
electrical
10
48637.5
20
227010.0
30
0
11
48737.5
21
227010.0
31
0
0
LINE
8
electrical
10
48637.5
20
227050.0
30
0
11
48737.5
21
227050.0
31
0
0
LINE
8
electrical
10
48412.5
20
226995.0
30
0
11
48435.88
21
226995.0
31
0
0
LINE
8
electrical
10
48435.88
20
226995.0
30
0
11
48389.12
21
226995.0
31
0
0
LINE
8
electrical
10
48389.12
20
226995.0
30
0
11
48412.5
21
226995.0
31
0
0
LINE
8
electrical
10
48412.5
20
227020.0
30
0
11
48412.5
21
226995.0
31
0
0
LINE
8
electrical
10
48412.5
20
227020.0
30
0
11
48435.88
21
227020.0
31
0
0
LINE
8
electrical
10
48435.88
20
227020.0
30
0
11
48389.12
21
227020.0
31
0
0
LINE
8
electrical
10
48389.12
20
227020.0
30
0
11
48412.5
21
227020.0
31
0
0
LINE
8
electrical
10
48550.0
20
226995.0
30
0
11
48573.38
21
226995.0
31
0
0
LINE
8
electrical
10
48573.38
20
226995.0
30
0
11
48526.62
21
226995.0
31
0
0
LINE
8
electrical
10
48526.62
20
226995.0
30
0
11
48550.0
21
226995.0
31
0
0
LINE
8
electrical
10
48550.0
20
227020.0
30
0
11
48550.0
21
226995.0
31
0
0
LINE
8
electrical
10
48550.0
20
227020.0
30
0
11
48573.38
21
227020.0
31
0
0
LINE
8
electrical
10
48573.38
20
227020.0
30
0
11
48526.62
21
227020.0
31
0
0
LINE
8
electrical
10
48526.62
20
227020.0
30
0
11
48550.0
21
227020.0
31
0
0
LINE
8
electrical
10
48687.5
20
226995.0
30
0
11
48710.88
21
226995.0
31
0
0
LINE
8
electrical
10
48710.88
20
226995.0
30
0
11
48664.12
21
226995.0
31
0
0
LINE
8
electrical
10
48664.12
20
226995.0
30
0
11
48687.5
21
226995.0
31
0
0
LINE
8
electrical
10
48687.5
20
227020.0
30
0
11
48687.5
21
226995.0
31
0
0
LINE
8
electrical
10
48687.5
20
227020.0
30
0
11
48710.88
21
227020.0
31
0
0
LINE
8
electrical
10
48710.88
20
227020.0
30
0
11
48664.12
21
227020.0
31
0
0
LINE
8
electrical
10
48664.12
20
227020.0
30
0
11
48687.5
21
227020.0
31
0
0
LINE
8
electrical
10
48550.0
20
227200.0
30
0
11
48565.59
21
227200.0
31
0
0
LINE
8
electrical
10
48565.59
20
227200.0
30
0
11
48534.41
21
227200.0
31
0
0
LINE
8
electrical
10
48534.41
20
227200.0
30
0
11
48550.0
21
227200.0
31
0
0
LINE
8
electrical
10
48550.0
20
220200.0
30
0
11
48550.0
21
227200.0
31
0
0
LINE
8
electrical
10
48550.0
20
220200.0
30
0
11
48565.59
21
220200.0
31
0
0
LINE
8
electrical
10
48565.59
20
220200.0
30
0
11
48534.41
21
220200.0
31
0
0
LINE
8
electrical
10
48534.41
20
220200.0
30
0
11
48550.0
21
220200.0
31
0
0
LINE
8
electrical
10
48532.0
20
227200.0
30
0
11
48559.0
21
227215.59
31
0
0
LINE
8
electrical
10
48559.0
20
227215.59
30
0
11
48559.0
21
227184.41
31
0
0
LINE
8
electrical
10
48559.0
20
227184.41
30
0
11
48532.0
21
227200.0
31
0
0
LINE
8
electrical
10
48550.0
20
227200.0
30
0
11
48569.44
21
227200.0
31
0
0
LINE
8
electrical
10
48569.44
20
227200.0
30
0
11
48550.0
21
227200.0
31
0
0
LINE
8
lighting
10
39500.0
20
230172.5
30
0
11
39500.0
21
230227.5
31
0
0
LINE
8
lighting
10
41300.0
20
230172.5
30
0
11
41300.0
21
230227.5
31
0
0
LINE
8
lighting
10
39500.0
20
230172.5
30
0
11
41300.0
21
230172.5
31
0
0
LINE
8
lighting
10
39500.0
20
230227.5
30
0
11
41300.0
21
230227.5
31
0
0
LINE
8
lighting
10
39850.0
20
230450.0
30
0
11
39935.6
21
230450.0
31
0
0
LINE
8
lighting
10
39935.6
20
230450.0
30
0
11
39902.9
21
230450.0
31
0
0
LINE
8
lighting
10
39902.9
20
230450.0
30
0
11
39797.1
21
230450.0
31
0
0
LINE
8
lighting
10
39797.1
20
230450.0
30
0
11
39764.4
21
230450.0
31
0
0
LINE
8
lighting
10
39764.4
20
230450.0
30
0
11
39850.0
21
230450.0
31
0
0
LINE
8
lighting
10
39850.0
20
230200.0
30
0
11
39850.0
21
230450.0
31
0
0
LINE
8
lighting
10
39850.0
20
230200.0
30
0
11
39935.6
21
230200.0
31
0
0
LINE
8
lighting
10
39935.6
20
230200.0
30
0
11
39902.9
21
230200.0
31
0
0
LINE
8
lighting
10
39902.9
20
230200.0
30
0
11
39797.1
21
230200.0
31
0
0
LINE
8
lighting
10
39797.1
20
230200.0
30
0
11
39764.4
21
230200.0
31
0
0
LINE
8
lighting
10
39764.4
20
230200.0
30
0
11
39850.0
21
230200.0
31
0
0
LINE
8
lighting
10
40950.0
20
229950.0
30
0
11
41035.6
21
229950.0
31
0
0
LINE
8
lighting
10
41035.6
20
229950.0
30
0
11
41002.9
21
229950.0
31
0
0
LINE
8
lighting
10
41002.9
20
229950.0
30
0
11
40897.1
21
229950.0
31
0
0
LINE
8
lighting
10
40897.1
20
229950.0
30
0
11
40864.4
21
229950.0
31
0
0
LINE
8
lighting
10
40864.4
20
229950.0
30
0
11
40950.0
21
229950.0
31
0
0
LINE
8
lighting
10
40950.0
20
230200.0
30
0
11
40950.0
21
229950.0
31
0
0
LINE
8
lighting
10
40950.0
20
230200.0
30
0
11
41035.6
21
230200.0
31
0
0
LINE
8
lighting
10
41035.6
20
230200.0
30
0
11
41002.9
21
230200.0
31
0
0
LINE
8
lighting
10
41002.9
20
230200.0
30
0
11
40897.1
21
230200.0
31
0
0
LINE
8
lighting
10
40897.1
20
230200.0
30
0
11
40864.4
21
230200.0
31
0
0
LINE
8
lighting
10
40864.4
20
230200.0
30
0
11
40950.0
21
230200.0
31
0
0
LINE
8
lighting
10
40409.0
20
230200.0
30
0
11
40395.5
21
230207.79
31
0
0
LINE
8
lighting
10
40395.5
20
230207.79
30
0
11
40395.5
21
230192.21
31
0
0
LINE
8
lighting
10
40395.5
20
230192.21
30
0
11
40409.0
21
230200.0
31
0
0
LINE
8
lighting
10
46700.0
20
230172.5
30
0
11
46700.0
21
230227.5
31
0
0
LINE
8
lighting
10
48500.0
20
230172.5
30
0
11
48500.0
21
230227.5
31
0
0
LINE
8
lighting
10
46700.0
20
230172.5
30
0
11
48500.0
21
230172.5
31
0
0
LINE
8
lighting
10
46700.0
20
230227.5
30
0
11
48500.0
21
230227.5
31
0
0
LINE
8
lighting
10
47050.0
20
230450.0
30
0
11
47135.6
21
230450.0
31
0
0
LINE
8
lighting
10
47135.6
20
230450.0
30
0
11
47102.9
21
230450.0
31
0
0
LINE
8
lighting
10
47102.9
20
230450.0
30
0
11
46997.1
21
230450.0
31
0
0
LINE
8
lighting
10
46997.1
20
230450.0
30
0
11
46964.4
21
230450.0
31
0
0
LINE
8
lighting
10
46964.4
20
230450.0
30
0
11
47050.0
21
230450.0
31
0
0
LINE
8
lighting
10
47050.0
20
230200.0
30
0
11
47050.0
21
230450.0
31
0
0
LINE
8
lighting
10
47050.0
20
230200.0
30
0
11
47135.6
21
230200.0
31
0
0
LINE
8
lighting
10
47135.6
20
230200.0
30
0
11
47102.9
21
230200.0
31
0
0
LINE
8
lighting
10
47102.9
20
230200.0
30
0
11
46997.1
21
230200.0
31
0
0
LINE
8
lighting
10
46997.1
20
230200.0
30
0
11
46964.4
21
230200.0
31
0
0
LINE
8
lighting
10
46964.4
20
230200.0
30
0
11
47050.0
21
230200.0
31
0
0
LINE
8
lighting
10
48150.0
20
229950.0
30
0
11
48235.6
21
229950.0
31
0
0
LINE
8
lighting
10
48235.6
20
229950.0
30
0
11
48202.9
21
229950.0
31
0
0
LINE
8
lighting
10
48202.9
20
229950.0
30
0
11
48097.1
21
229950.0
31
0
0
LINE
8
lighting
10
48097.1
20
229950.0
30
0
11
48064.4
21
229950.0
31
0
0
LINE
8
lighting
10
48064.4
20
229950.0
30
0
11
48150.0
21
229950.0
31
0
0
LINE
8
lighting
10
48150.0
20
230200.0
30
0
11
48150.0
21
229950.0
31
0
0
LINE
8
lighting
10
48150.0
20
230200.0
30
0
11
48235.6
21
230200.0
31
0
0
LINE
8
lighting
10
48235.6
20
230200.0
30
0
11
48202.9
21
230200.0
31
0
0
LINE
8
lighting
10
48202.9
20
230200.0
30
0
11
48097.1
21
230200.0
31
0
0
LINE
8
lighting
10
48097.1
20
230200.0
30
0
11
48064.4
21
230200.0
31
0
0
LINE
8
lighting
10
48064.4
20
230200.0
30
0
11
48150.0
21
230200.0
31
0
0
LINE
8
lighting
10
47609.0
20
230200.0
30
0
11
47595.5
21
230207.79
31
0
0
LINE
8
lighting
10
47595.5
20
230207.79
30
0
11
47595.5
21
230192.21
31
0
0
LINE
8
lighting
10
47595.5
20
230192.21
30
0
11
47609.0
21
230200.0
31
0
0
LINE
8
lighting
10
39500.0
20
243772.5
30
0
11
39500.0
21
243827.5
31
0
0
LINE
8
lighting
10
41300.0
20
243772.5
30
0
11
41300.0
21
243827.5
31
0
0
LINE
8
lighting
10
39500.0
20
243772.5
30
0
11
41300.0
21
243772.5
31
0
0
LINE
8
lighting
10
39500.0
20
243827.5
30
0
11
41300.0
21
243827.5
31
0
0
LINE
8
lighting
10
39850.0
20
244050.0
30
0
11
39935.6
21
244050.0
31
0
0
LINE
8
lighting
10
39935.6
20
244050.0
30
0
11
39902.9
21
244050.0
31
0
0
LINE
8
lighting
10
39902.9
20
244050.0
30
0
11
39797.1
21
244050.0
31
0
0
LINE
8
lighting
10
39797.1
20
244050.0
30
0
11
39764.4
21
244050.0
31
0
0
LINE
8
lighting
10
39764.4
20
244050.0
30
0
11
39850.0
21
244050.0
31
0
0
LINE
8
lighting
10
39850.0
20
243800.0
30
0
11
39850.0
21
244050.0
31
0
0
LINE
8
lighting
10
39850.0
20
243800.0
30
0
11
39935.6
21
243800.0
31
0
0
LINE
8
lighting
10
39935.6
20
243800.0
30
0
11
39902.9
21
243800.0
31
0
0
LINE
8
lighting
10
39902.9
20
243800.0
30
0
11
39797.1
21
243800.0
31
0
0
LINE
8
lighting
10
39797.1
20
243800.0
30
0
11
39764.4
21
243800.0
31
0
0
LINE
8
lighting
10
39764.4
20
243800.0
30
0
11
39850.0
21
243800.0
31
0
0
LINE
8
lighting
10
40950.0
20
243550.0
30
0
11
41035.6
21
243550.0
31
0
0
LINE
8
lighting
10
41035.6
20
243550.0
30
0
11
41002.9
21
243550.0
31
0
0
LINE
8
lighting
10
41002.9
20
243550.0
30
0
11
40897.1
21
243550.0
31
0
0
LINE
8
lighting
10
40897.1
20
243550.0
30
0
11
40864.4
21
243550.0
31
0
0
LINE
8
lighting
10
40864.4
20
243550.0
30
0
11
40950.0
21
243550.0
31
0
0
LINE
8
lighting
10
40950.0
20
243800.0
30
0
11
40950.0
21
243550.0
31
0
0
LINE
8
lighting
10
40950.0
20
243800.0
30
0
11
41035.6
21
243800.0
31
0
0
LINE
8
lighting
10
41035.6
20
243800.0
30
0
11
41002.9
21
243800.0
31
0
0
LINE
8
lighting
10
41002.9
20
243800.0
30
0
11
40897.1
21
243800.0
31
0
0
LINE
8
lighting
10
40897.1
20
243800.0
30
0
11
40864.4
21
243800.0
31
0
0
LINE
8
lighting
10
40864.4
20
243800.0
30
0
11
40950.0
21
243800.0
31
0
0
LINE
8
lighting
10
40409.0
20
243800.0
30
0
11
40395.5
21
243807.79
31
0
0
LINE
8
lighting
10
40395.5
20
243807.79
30
0
11
40395.5
21
243792.21
31
0
0
LINE
8
lighting
10
40395.5
20
243792.21
30
0
11
40409.0
21
243800.0
31
0
0
LINE
8
lighting
10
46700.0
20
243772.5
30
0
11
46700.0
21
243827.5
31
0
0
LINE
8
lighting
10
48500.0
20
243772.5
30
0
11
48500.0
21
243827.5
31
0
0
LINE
8
lighting
10
46700.0
20
243772.5
30
0
11
48500.0
21
243772.5
31
0
0
LINE
8
lighting
10
46700.0
20
243827.5
30
0
11
48500.0
21
243827.5
31
0
0
LINE
8
lighting
10
47050.0
20
244050.0
30
0
11
47135.6
21
244050.0
31
0
0
LINE
8
lighting
10
47135.6
20
244050.0
30
0
11
47102.9
21
244050.0
31
0
0
LINE
8
lighting
10
47102.9
20
244050.0
30
0
11
46997.1
21
244050.0
31
0
0
LINE
8
lighting
10
46997.1
20
244050.0
30
0
11
46964.4
21
244050.0
31
0
0
LINE
8
lighting
10
46964.4
20
244050.0
30
0
11
47050.0
21
244050.0
31
0
0
LINE
8
lighting
10
47050.0
20
243800.0
30
0
11
47050.0
21
244050.0
31
0
0
LINE
8
lighting
10
47050.0
20
243800.0
30
0
11
47135.6
21
243800.0
31
0
0
LINE
8
lighting
10
47135.6
20
243800.0
30
0
11
47102.9
21
243800.0
31
0
0
LINE
8
lighting
10
47102.9
20
243800.0
30
0
11
46997.1
21
243800.0
31
0
0
LINE
8
lighting
10
46997.1
20
243800.0
30
0
11
46964.4
21
243800.0
31
0
0
LINE
8
lighting
10
46964.4
20
243800.0
30
0
11
47050.0
21
243800.0
31
0
0
LINE
8
lighting
10
48150.0
20
243550.0
30
0
11
48235.6
21
243550.0
31
0
0
LINE
8
lighting
10
48235.6
20
243550.0
30
0
11
48202.9
21
243550.0
31
0
0
LINE
8
lighting
10
48202.9
20
243550.0
30
0
11
48097.1
21
243550.0
31
0
0
LINE
8
lighting
10
48097.1
20
243550.0
30
0
11
48064.4
21
243550.0
31
0
0
LINE
8
lighting
10
48064.4
20
243550.0
30
0
11
48150.0
21
243550.0
31
0
0
LINE
8
lighting
10
48150.0
20
243800.0
30
0
11
48150.0
21
243550.0
31
0
0
LINE
8
lighting
10
48150.0
20
243800.0
30
0
11
48235.6
21
243800.0
31
0
0
LINE
8
lighting
10
48235.6
20
243800.0
30
0
11
48202.9
21
243800.0
31
0
0
LINE
8
lighting
10
48202.9
20
243800.0
30
0
11
48097.1
21
243800.0
31
0
0
LINE
8
lighting
10
48097.1
20
243800.0
30
0
11
48064.4
21
243800.0
31
0
0
LINE
8
lighting
10
48064.4
20
243800.0
30
0
11
48150.0
21
243800.0
31
0
0
LINE
8
lighting
10
47609.0
20
243800.0
30
0
11
47595.5
21
243807.79
31
0
0
LINE
8
lighting
10
47595.5
20
243807.79
30
0
11
47595.5
21
243792.21
31
0
0
LINE
8
lighting
10
47595.5
20
243792.21
30
0
11
47609.0
21
243800.0
31
0
0
LINE
8
electrical
10
40400.0
20
229880.0
30
0
11
40400.0
21
229872.21
31
0
0
LINE
8
electrical
10
40400.0
20
229872.21
30
0
11
40400.0
21
229887.79
31
0
0
LINE
8
electrical
10
40400.0
20
229887.79
30
0
11
40400.0
21
229880.0
31
0
0
LINE
8
electrical
10
48550.0
20
229880.0
30
0
11
40400.0
21
229880.0
31
0
0
LINE
8
electrical
10
48550.0
20
229880.0
30
0
11
48550.0
21
229872.21
31
0
0
LINE
8
electrical
10
48550.0
20
229872.21
30
0
11
48550.0
21
229887.79
31
0
0
LINE
8
electrical
10
48550.0
20
229887.79
30
0
11
48550.0
21
229880.0
31
0
0
LINE
8
electrical
10
40400.0
20
243800.0
30
0
11
40407.79
21
243800.0
31
0
0
LINE
8
electrical
10
40407.79
20
243800.0
30
0
11
40392.21
21
243800.0
31
0
0
LINE
8
electrical
10
40392.21
20
243800.0
30
0
11
40400.0
21
243800.0
31
0
0
LINE
8
electrical
10
40400.0
20
229880.0
30
0
11
40400.0
21
243800.0
31
0
0
LINE
8
electrical
10
40400.0
20
229880.0
30
0
11
40407.79
21
229880.0
31
0
0
LINE
8
electrical
10
40407.79
20
229880.0
30
0
11
40392.21
21
229880.0
31
0
0
LINE
8
electrical
10
40392.21
20
229880.0
30
0
11
40400.0
21
229880.0
31
0
0
LINE
8
electrical
10
47600.0
20
243800.0
30
0
11
47607.79
21
243800.0
31
0
0
LINE
8
electrical
10
47607.79
20
243800.0
30
0
11
47592.21
21
243800.0
31
0
0
LINE
8
electrical
10
47592.21
20
243800.0
30
0
11
47600.0
21
243800.0
31
0
0
LINE
8
electrical
10
47600.0
20
229880.0
30
0
11
47600.0
21
243800.0
31
0
0
LINE
8
electrical
10
47600.0
20
229880.0
30
0
11
47607.79
21
229880.0
31
0
0
LINE
8
electrical
10
47607.79
20
229880.0
30
0
11
47592.21
21
229880.0
31
0
0
LINE
8
electrical
10
47592.21
20
229880.0
30
0
11
47600.0
21
229880.0
31
0
0
LINE
8
electrical
10
48563.0
20
227200.0
30
0
11
48543.5
21
227211.26
31
0
0
LINE
8
electrical
10
48543.5
20
227211.26
30
0
11
48543.5
21
227188.74
31
0
0
LINE
8
electrical
10
48543.5
20
227188.74
30
0
11
48563.0
21
227200.0
31
0
0
LINE
8
electrical
10
47512.1
20
229884.74
30
0
11
47493.95
21
229877.63
31
0
0
LINE
8
electrical
10
47493.95
20
229877.63
30
0
11
47493.95
21
229877.63
31
0
0
LINE
8
electrical
10
47493.95
20
229877.63
30
0
11
47512.1
21
229884.74
31
0
0
LINE
8
electrical
10
48562.1
20
227204.74
30
0
11
47512.1
21
229884.74
31
0
0
LINE
8
electrical
10
48562.1
20
227204.74
30
0
11
48543.95
21
227197.63
31
0
0
LINE
8
electrical
10
48543.95
20
227197.63
30
0
11
48543.95
21
227197.63
31
0
0
LINE
8
electrical
10
48543.95
20
227197.63
30
0
11
48562.1
21
227204.74
31
0
0
LINE
8
electrical
10
40500.0
20
229880.0
30
0
11
40500.0
21
229868.74
31
0
0
LINE
8
electrical
10
40500.0
20
229868.74
30
0
11
40500.0
21
229891.26
31
0
0
LINE
8
electrical
10
40500.0
20
229891.26
30
0
11
40500.0
21
229880.0
31
0
0
LINE
8
electrical
10
47500.0
20
229880.0
30
0
11
40500.0
21
229880.0
31
0
0
LINE
8
electrical
10
47500.0
20
229880.0
30
0
11
47500.0
21
229868.74
31
0
0
LINE
8
electrical
10
47500.0
20
229868.74
30
0
11
47500.0
21
229891.26
31
0
0
LINE
8
electrical
10
47500.0
20
229891.26
30
0
11
47500.0
21
229880.0
31
0
0
LINE
8
electrical
10
48550.0
20
227200.0
30
0
11
48564.04
21
227200.0
31
0
0
LINE
8
electrical
10
48564.04
20
227200.0
30
0
11
48550.0
21
227200.0
31
0
0
LINE
8
electrical
10
47500.0
20
229880.0
30
0
11
47514.04
21
229880.0
31
0
0
LINE
8
electrical
10
47514.04
20
229880.0
30
0
11
47500.0
21
229880.0
31
0
0
LINE
8
electrical
10
48563.0
20
227200.0
30
0
11
48543.5
21
227211.26
31
0
0
LINE
8
electrical
10
48543.5
20
227211.26
30
0
11
48543.5
21
227188.74
31
0
0
LINE
8
electrical
10
48543.5
20
227188.74
30
0
11
48563.0
21
227200.0
31
0
0
LINE
8
electrical
10
47512.17
20
230004.56
30
0
11
47493.91
21
229997.72
31
0
0
LINE
8
electrical
10
47493.91
20
229997.72
30
0
11
47493.91
21
229997.72
31
0
0
LINE
8
electrical
10
47493.91
20
229997.72
30
0
11
47512.17
21
230004.56
31
0
0
LINE
8
electrical
10
48562.17
20
227204.56
30
0
11
47512.17
21
230004.56
31
0
0
LINE
8
electrical
10
48562.17
20
227204.56
30
0
11
48543.91
21
227197.72
31
0
0
LINE
8
electrical
10
48543.91
20
227197.72
30
0
11
48543.91
21
227197.72
31
0
0
LINE
8
electrical
10
48543.91
20
227197.72
30
0
11
48562.17
21
227204.56
31
0
0
LINE
8
electrical
10
40500.0
20
230000.0
30
0
11
40500.0
21
229988.74
31
0
0
LINE
8
electrical
10
40500.0
20
229988.74
30
0
11
40500.0
21
230011.26
31
0
0
LINE
8
electrical
10
40500.0
20
230011.26
30
0
11
40500.0
21
230000.0
31
0
0
LINE
8
electrical
10
47500.0
20
230000.0
30
0
11
40500.0
21
230000.0
31
0
0
LINE
8
electrical
10
47500.0
20
230000.0
30
0
11
47500.0
21
229988.74
31
0
0
LINE
8
electrical
10
47500.0
20
229988.74
30
0
11
47500.0
21
230011.26
31
0
0
LINE
8
electrical
10
47500.0
20
230011.26
30
0
11
47500.0
21
230000.0
31
0
0
LINE
8
electrical
10
48550.0
20
227200.0
30
0
11
48564.04
21
227200.0
31
0
0
LINE
8
electrical
10
48564.04
20
227200.0
30
0
11
48550.0
21
227200.0
31
0
0
LINE
8
electrical
10
47500.0
20
230000.0
30
0
11
47514.04
21
230000.0
31
0
0
LINE
8
electrical
10
47514.04
20
230000.0
30
0
11
47500.0
21
230000.0
31
0
0
LINE
8
electrical
10
48563.0
20
227200.0
30
0
11
48543.5
21
227211.26
31
0
0
LINE
8
electrical
10
48543.5
20
227211.26
30
0
11
48543.5
21
227188.74
31
0
0
LINE
8
electrical
10
48543.5
20
227188.74
30
0
11
48563.0
21
227200.0
31
0
0
LINE
8
electrical
10
47512.23
20
230124.4
30
0
11
47493.88
21
230117.8
31
0
0
LINE
8
electrical
10
47493.88
20
230117.8
30
0
11
47493.88
21
230117.8
31
0
0
LINE
8
electrical
10
47493.88
20
230117.8
30
0
11
47512.23
21
230124.4
31
0
0
LINE
8
electrical
10
48562.23
20
227204.4
30
0
11
47512.23
21
230124.4
31
0
0
LINE
8
electrical
10
48562.23
20
227204.4
30
0
11
48543.88
21
227197.8
31
0
0
LINE
8
electrical
10
48543.88
20
227197.8
30
0
11
48543.88
21
227197.8
31
0
0
LINE
8
electrical
10
48543.88
20
227197.8
30
0
11
48562.23
21
227204.4
31
0
0
LINE
8
electrical
10
40500.0
20
230120.0
30
0
11
40500.0
21
230108.74
31
0
0
LINE
8
electrical
10
40500.0
20
230108.74
30
0
11
40500.0
21
230131.26
31
0
0
LINE
8
electrical
10
40500.0
20
230131.26
30
0
11
40500.0
21
230120.0
31
0
0
LINE
8
electrical
10
47500.0
20
230120.0
30
0
11
40500.0
21
230120.0
31
0
0
LINE
8
electrical
10
47500.0
20
230120.0
30
0
11
47500.0
21
230108.74
31
0
0
LINE
8
electrical
10
47500.0
20
230108.74
30
0
11
47500.0
21
230131.26
31
0
0
LINE
8
electrical
10
47500.0
20
230131.26
30
0
11
47500.0
21
230120.0
31
0
0
LINE
8
electrical
10
48550.0
20
227200.0
30
0
11
48564.04
21
227200.0
31
0
0
LINE
8
electrical
10
48564.04
20
227200.0
30
0
11
48550.0
21
227200.0
31
0
0
LINE
8
electrical
10
47500.0
20
230120.0
30
0
11
47514.04
21
230120.0
31
0
0
LINE
8
electrical
10
47514.04
20
230120.0
30
0
11
47500.0
21
230120.0
31
0
0
LINE
8
electrical
10
40935.0
20
227150.0
30
0
11
40935.0
21
227210.0
31
0
0
LINE
8
electrical
10
41065.0
20
227150.0
30
0
11
41065.0
21
227210.0
31
0
0
LINE
8
electrical
10
40935.0
20
227150.0
30
0
11
41065.0
21
227150.0
31
0
0
LINE
8
electrical
10
40935.0
20
227210.0
30
0
11
41065.0
21
227210.0
31
0
0
LINE
8
electrical
10
41009.0
20
227180.0
30
0
11
40995.5
21
227187.79
31
0
0
LINE
8
electrical
10
40995.5
20
227187.79
30
0
11
40995.5
21
227172.21
31
0
0
LINE
8
electrical
10
40995.5
20
227172.21
30
0
11
41009.0
21
227180.0
31
0
0
LINE
8
electrical
10
48550.0
20
227180.0
30
0
11
48550.0
21
227172.21
31
0
0
LINE
8
electrical
10
48550.0
20
227172.21
30
0
11
48550.0
21
227187.79
31
0
0
LINE
8
electrical
10
48550.0
20
227187.79
30
0
11
48550.0
21
227180.0
31
0
0
LINE
8
electrical
10
41000.0
20
227180.0
30
0
11
48550.0
21
227180.0
31
0
0
LINE
8
electrical
10
41000.0
20
227180.0
30
0
11
41000.0
21
227172.21
31
0
0
LINE
8
electrical
10
41000.0
20
227172.21
30
0
11
41000.0
21
227187.79
31
0
0
LINE
8
electrical
10
41000.0
20
227187.79
30
0
11
41000.0
21
227180.0
31
0
0
LINE
8
electrical
10
41000.0
20
227180.0
30
0
11
41009.72
21
227180.0
31
0
0
LINE
8
electrical
10
41009.72
20
227180.0
30
0
11
41000.0
21
227180.0
31
0
0
LINE
8
electrical
10
46935.0
20
227150.0
30
0
11
46935.0
21
227210.0
31
0
0
LINE
8
electrical
10
47065.0
20
227150.0
30
0
11
47065.0
21
227210.0
31
0
0
LINE
8
electrical
10
46935.0
20
227150.0
30
0
11
47065.0
21
227150.0
31
0
0
LINE
8
electrical
10
46935.0
20
227210.0
30
0
11
47065.0
21
227210.0
31
0
0
LINE
8
electrical
10
47009.0
20
227180.0
30
0
11
46995.5
21
227187.79
31
0
0
LINE
8
electrical
10
46995.5
20
227187.79
30
0
11
46995.5
21
227172.21
31
0
0
LINE
8
electrical
10
46995.5
20
227172.21
30
0
11
47009.0
21
227180.0
31
0
0
LINE
8
electrical
10
48550.0
20
227180.0
30
0
11
48550.0
21
227172.21
31
0
0
LINE
8
electrical
10
48550.0
20
227172.21
30
0
11
48550.0
21
227187.79
31
0
0
LINE
8
electrical
10
48550.0
20
227187.79
30
0
11
48550.0
21
227180.0
31
0
0
LINE
8
electrical
10
47000.0
20
227180.0
30
0
11
48550.0
21
227180.0
31
0
0
LINE
8
electrical
10
47000.0
20
227180.0
30
0
11
47000.0
21
227172.21
31
0
0
LINE
8
electrical
10
47000.0
20
227172.21
30
0
11
47000.0
21
227187.79
31
0
0
LINE
8
electrical
10
47000.0
20
227187.79
30
0
11
47000.0
21
227180.0
31
0
0
LINE
8
electrical
10
47000.0
20
227180.0
30
0
11
47009.72
21
227180.0
31
0
0
LINE
8
electrical
10
47009.72
20
227180.0
30
0
11
47000.0
21
227180.0
31
0
0
LINE
8
hvac
10
39475.0
20
227725.0
30
0
11
39475.0
21
228475.0
31
0
0
LINE
8
hvac
10
41125.0
20
227725.0
30
0
11
41125.0
21
228475.0
31
0
0
LINE
8
hvac
10
39475.0
20
227725.0
30
0
11
41125.0
21
227725.0
31
0
0
LINE
8
hvac
10
39475.0
20
228475.0
30
0
11
41125.0
21
228475.0
31
0
0
LINE
8
hvac
10
39575.0
20
227680.0
30
0
11
39575.0
21
227720.0
31
0
0
LINE
8
hvac
10
41025.0
20
227680.0
30
0
11
41025.0
21
227720.0
31
0
0
LINE
8
hvac
10
39575.0
20
227680.0
30
0
11
41025.0
21
227680.0
31
0
0
LINE
8
hvac
10
39575.0
20
227720.0
30
0
11
41025.0
21
227720.0
31
0
0
LINE
8
hvac
10
39640.0
20
227640.0
30
0
11
39640.0
21
227700.0
31
0
0
LINE
8
hvac
10
39680.0
20
227640.0
30
0
11
39680.0
21
227700.0
31
0
0
LINE
8
hvac
10
39640.0
20
227640.0
30
0
11
39680.0
21
227640.0
31
0
0
LINE
8
hvac
10
39640.0
20
227700.0
30
0
11
39680.0
21
227700.0
31
0
0
LINE
8
hvac
10
39800.0
20
227640.0
30
0
11
39800.0
21
227700.0
31
0
0
LINE
8
hvac
10
39840.0
20
227640.0
30
0
11
39840.0
21
227700.0
31
0
0
LINE
8
hvac
10
39800.0
20
227640.0
30
0
11
39840.0
21
227640.0
31
0
0
LINE
8
hvac
10
39800.0
20
227700.0
30
0
11
39840.0
21
227700.0
31
0
0
LINE
8
hvac
10
39960.0
20
227640.0
30
0
11
39960.0
21
227700.0
31
0
0
LINE
8
hvac
10
40000.0
20
227640.0
30
0
11
40000.0
21
227700.0
31
0
0
LINE
8
hvac
10
39960.0
20
227640.0
30
0
11
40000.0
21
227640.0
31
0
0
LINE
8
hvac
10
39960.0
20
227700.0
30
0
11
40000.0
21
227700.0
31
0
0
LINE
8
hvac
10
40120.0
20
227640.0
30
0
11
40120.0
21
227700.0
31
0
0
LINE
8
hvac
10
40160.0
20
227640.0
30
0
11
40160.0
21
227700.0
31
0
0
LINE
8
hvac
10
40120.0
20
227640.0
30
0
11
40160.0
21
227640.0
31
0
0
LINE
8
hvac
10
40120.0
20
227700.0
30
0
11
40160.0
21
227700.0
31
0
0
LINE
8
hvac
10
40280.0
20
227640.0
30
0
11
40280.0
21
227700.0
31
0
0
LINE
8
hvac
10
40320.0
20
227640.0
30
0
11
40320.0
21
227700.0
31
0
0
LINE
8
hvac
10
40280.0
20
227640.0
30
0
11
40320.0
21
227640.0
31
0
0
LINE
8
hvac
10
40280.0
20
227700.0
30
0
11
40320.0
21
227700.0
31
0
0
LINE
8
hvac
10
40440.0
20
227640.0
30
0
11
40440.0
21
227700.0
31
0
0
LINE
8
hvac
10
40480.0
20
227640.0
30
0
11
40480.0
21
227700.0
31
0
0
LINE
8
hvac
10
40440.0
20
227640.0
30
0
11
40480.0
21
227640.0
31
0
0
LINE
8
hvac
10
40440.0
20
227700.0
30
0
11
40480.0
21
227700.0
31
0
0
LINE
8
hvac
10
40600.0
20
227640.0
30
0
11
40600.0
21
227700.0
31
0
0
LINE
8
hvac
10
40640.0
20
227640.0
30
0
11
40640.0
21
227700.0
31
0
0
LINE
8
hvac
10
40600.0
20
227640.0
30
0
11
40640.0
21
227640.0
31
0
0
LINE
8
hvac
10
40600.0
20
227700.0
30
0
11
40640.0
21
227700.0
31
0
0
LINE
8
hvac
10
40760.0
20
227640.0
30
0
11
40760.0
21
227700.0
31
0
0
LINE
8
hvac
10
40800.0
20
227640.0
30
0
11
40800.0
21
227700.0
31
0
0
LINE
8
hvac
10
40760.0
20
227640.0
30
0
11
40800.0
21
227640.0
31
0
0
LINE
8
hvac
10
40760.0
20
227700.0
30
0
11
40800.0
21
227700.0
31
0
0
LINE
8
hvac
10
40920.0
20
227640.0
30
0
11
40920.0
21
227700.0
31
0
0
LINE
8
hvac
10
40960.0
20
227640.0
30
0
11
40960.0
21
227700.0
31
0
0
LINE
8
hvac
10
40920.0
20
227640.0
30
0
11
40960.0
21
227640.0
31
0
0
LINE
8
hvac
10
40920.0
20
227700.0
30
0
11
40960.0
21
227700.0
31
0
0
LINE
8
hvac
10
40075.0
20
227875.0
30
0
11
40075.0
21
228325.0
31
0
0
LINE
8
hvac
10
40525.0
20
227875.0
30
0
11
40525.0
21
228325.0
31
0
0
LINE
8
hvac
10
40075.0
20
227875.0
30
0
11
40525.0
21
227875.0
31
0
0
LINE
8
hvac
10
40075.0
20
228325.0
30
0
11
40525.0
21
228325.0
31
0
0
LINE
8
hvac
10
40500.0
20
236825.0
30
0
11
40500.0
21
237175.0
31
0
0
LINE
8
hvac
10
47500.0
20
236825.0
30
0
11
47500.0
21
237175.0
31
0
0
LINE
8
hvac
10
40500.0
20
236825.0
30
0
11
47500.0
21
236825.0
31
0
0
LINE
8
hvac
10
40500.0
20
237175.0
30
0
11
47500.0
21
237175.0
31
0
0
LINE
8
hvac
10
40125.0
20
227925.0
30
0
11
40125.0
21
228275.0
31
0
0
LINE
8
hvac
10
44175.0
20
227925.0
30
0
11
44175.0
21
228275.0
31
0
0
LINE
8
hvac
10
40125.0
20
227925.0
30
0
11
44175.0
21
227925.0
31
0
0
LINE
8
hvac
10
40125.0
20
228275.0
30
0
11
44175.0
21
228275.0
31
0
0
LINE
8
hvac
10
43825.0
20
227925.0
30
0
11
43825.0
21
237175.0
31
0
0
LINE
8
hvac
10
44175.0
20
227925.0
30
0
11
44175.0
21
237175.0
31
0
0
LINE
8
hvac
10
43825.0
20
227925.0
30
0
11
44175.0
21
227925.0
31
0
0
LINE
8
hvac
10
43825.0
20
237175.0
30
0
11
44175.0
21
237175.0
31
0
0
LINE
8
hvac
10
41650.0
20
236650.0
30
0
11
41650.0
21
237350.0
31
0
0
LINE
8
hvac
10
42350.0
20
236650.0
30
0
11
42350.0
21
237350.0
31
0
0
LINE
8
hvac
10
41650.0
20
236650.0
30
0
11
42350.0
21
236650.0
31
0
0
LINE
8
hvac
10
41650.0
20
237350.0
30
0
11
42350.0
21
237350.0
31
0
0
LINE
8
hvac
10
45650.0
20
236650.0
30
0
11
45650.0
21
237350.0
31
0
0
LINE
8
hvac
10
46350.0
20
236650.0
30
0
11
46350.0
21
237350.0
31
0
0
LINE
8
hvac
10
45650.0
20
236650.0
30
0
11
46350.0
21
236650.0
31
0
0
LINE
8
hvac
10
45650.0
20
237350.0
30
0
11
46350.0
21
237350.0
31
0
0
LINE
8
sensors
10
39040.0
20
231320.0
30
0
11
39040.0
21
231480.0
31
0
0
LINE
8
sensors
10
39140.0
20
231320.0
30
0
11
39140.0
21
231480.0
31
0
0
LINE
8
sensors
10
39040.0
20
231320.0
30
0
11
39140.0
21
231320.0
31
0
0
LINE
8
sensors
10
39040.0
20
231480.0
30
0
11
39140.0
21
231480.0
31
0
0
LINE
8
sensors
10
39145.0
20
231345.0
30
0
11
39145.0
21
231455.0
31
0
0
LINE
8
sensors
10
39165.0
20
231345.0
30
0
11
39165.0
21
231455.0
31
0
0
LINE
8
sensors
10
39145.0
20
231345.0
30
0
11
39165.0
21
231345.0
31
0
0
LINE
8
sensors
10
39145.0
20
231455.0
30
0
11
39165.0
21
231455.0
31
0
0
LINE
8
sensors
10
39040.0
20
231620.0
30
0
11
39040.0
21
231780.0
31
0
0
LINE
8
sensors
10
39140.0
20
231620.0
30
0
11
39140.0
21
231780.0
31
0
0
LINE
8
sensors
10
39040.0
20
231620.0
30
0
11
39140.0
21
231620.0
31
0
0
LINE
8
sensors
10
39040.0
20
231780.0
30
0
11
39140.0
21
231780.0
31
0
0
LINE
8
sensors
10
39145.0
20
231645.0
30
0
11
39145.0
21
231755.0
31
0
0
LINE
8
sensors
10
39165.0
20
231645.0
30
0
11
39165.0
21
231755.0
31
0
0
LINE
8
sensors
10
39145.0
20
231645.0
30
0
11
39165.0
21
231645.0
31
0
0
LINE
8
sensors
10
39145.0
20
231755.0
30
0
11
39165.0
21
231755.0
31
0
0
LINE
8
sensors
10
39040.0
20
231920.0
30
0
11
39040.0
21
232080.0
31
0
0
LINE
8
sensors
10
39140.0
20
231920.0
30
0
11
39140.0
21
232080.0
31
0
0
LINE
8
sensors
10
39040.0
20
231920.0
30
0
11
39140.0
21
231920.0
31
0
0
LINE
8
sensors
10
39040.0
20
232080.0
30
0
11
39140.0
21
232080.0
31
0
0
LINE
8
sensors
10
39145.0
20
231945.0
30
0
11
39145.0
21
232055.0
31
0
0
LINE
8
sensors
10
39165.0
20
231945.0
30
0
11
39165.0
21
232055.0
31
0
0
LINE
8
sensors
10
39145.0
20
231945.0
30
0
11
39165.0
21
231945.0
31
0
0
LINE
8
sensors
10
39145.0
20
232055.0
30
0
11
39165.0
21
232055.0
31
0
0
LINE
8
sensors
10
44080.0
20
237000.0
30
0
11
44000.0
21
237080.0
31
0
0
LINE
8
sensors
10
44000.0
20
237080.0
30
0
11
43920.0
21
237000.0
31
0
0
LINE
8
sensors
10
43920.0
20
237000.0
30
0
11
44000.0
21
236920.0
31
0
0
LINE
8
sensors
10
44000.0
20
236920.0
30
0
11
44080.0
21
237000.0
31
0
0
LINE
8
sensors
10
44000.0
20
237000.0
30
0
11
44065.0
21
237000.0
31
0
0
LINE
8
sensors
10
44065.0
20
237000.0
30
0
11
44000.0
21
237000.0
31
0
0
LINE
8
sensors
10
39040.0
20
232520.0
30
0
11
39040.0
21
232680.0
31
0
0
LINE
8
sensors
10
39140.0
20
232520.0
30
0
11
39140.0
21
232680.0
31
0
0
LINE
8
sensors
10
39040.0
20
232520.0
30
0
11
39140.0
21
232520.0
31
0
0
LINE
8
sensors
10
39040.0
20
232680.0
30
0
11
39140.0
21
232680.0
31
0
0
LINE
8
sensors
10
39145.0
20
232545.0
30
0
11
39145.0
21
232655.0
31
0
0
LINE
8
sensors
10
39165.0
20
232545.0
30
0
11
39165.0
21
232655.0
31
0
0
LINE
8
sensors
10
39145.0
20
232545.0
30
0
11
39165.0
21
232545.0
31
0
0
LINE
8
sensors
10
39145.0
20
232655.0
30
0
11
39165.0
21
232655.0
31
0
0
LINE
8
interiors
10
-58250.0
20
232000.0
30
0
11
-58250.0
21
242000.0
31
0
0
LINE
8
interiors
10
-58250.0
20
232000.0
30
0
11
-55700.0
21
232000.0
31
0
0
LINE
8
interiors
10
-55700.0
20
232000.0
30
0
11
-53300.0
21
232000.0
31
0
0
LINE
8
interiors
10
-53300.0
20
232000.0
30
0
11
-50750.0
21
232000.0
31
0
0
LINE
8
interiors
10
-58250.0
20
232000.0
30
0
11
-50750.0
21
232000.0
31
0
0
LINE
8
interiors
10
-58250.0
20
242000.0
30
0
11
-50750.0
21
242000.0
31
0
0
LINE
8
interiors
10
-50750.0
20
232000.0
30
0
11
-50750.0
21
242000.0
31
0
0
LINE
8
interiors
10
-50870.0
20
232120.0
30
0
11
-58130.0
21
232120.0
31
0
0
LINE
8
interiors
10
-50870.0
20
232120.0
30
0
11
-50870.0
21
241880.0
31
0
0
LINE
8
interiors
10
-50870.0
20
241880.0
30
0
11
-58130.0
21
241880.0
31
0
0
LINE
8
interiors
10
-58130.0
20
232120.0
30
0
11
-58130.0
21
241880.0
31
0
0
LINE
8
interiors
10
-56450.0
20
242000.0
30
0
11
-52550.0
21
242000.0
31
0
0
LINE
8
interiors
10
-53300.0
20
232000.0
30
0
11
-53300.0
21
232120.0
31
0
0
LINE
8
interiors
10
-50870.0
20
232120.0
30
0
11
-53300.0
21
232120.0
31
0
0
LINE
8
interiors
10
-55700.0
20
232120.0
30
0
11
-58130.0
21
232120.0
31
0
0
LINE
8
interiors
10
-55700.0
20
232000.0
30
0
11
-55700.0
21
232120.0
31
0
0
LINE
8
interiors
10
-55700.0
20
232120.0
30
0
11
-53300.0
21
232120.0
31
0
0
LINE
8
interiors
10
-56450.0
20
241880.0
30
0
11
-52550.0
21
241880.0
31
0
0
LINE
8
interiors
10
-56450.0
20
241880.0
30
0
11
-56450.0
21
242000.0
31
0
0
LINE
8
interiors
10
-52550.0
20
241880.0
30
0
11
-52550.0
21
242000.0
31
0
0
LINE
8
interiors
10
-56450.0
20
241977.5
30
0
11
-56450.0
21
242022.5
31
0
0
LINE
8
interiors
10
-52550.0
20
241977.5
30
0
11
-52550.0
21
242022.5
31
0
0
LINE
8
interiors
10
-56450.0
20
241977.5
30
0
11
-52550.0
21
241977.5
31
0
0
LINE
8
interiors
10
-56450.0
20
242022.5
30
0
11
-52550.0
21
242022.5
31
0
0
LINE
8
interiors
10
-58125.0
20
232125.0
30
0
11
-58125.0
21
241875.0
31
0
0
LINE
8
interiors
10
-50875.0
20
232125.0
30
0
11
-50875.0
21
241875.0
31
0
0
LINE
8
interiors
10
-58125.0
20
232125.0
30
0
11
-50875.0
21
232125.0
31
0
0
LINE
8
interiors
10
-58125.0
20
241875.0
30
0
11
-50875.0
21
241875.0
31
0
0
LINE
8
interiors
10
-55655.0
20
231880.0
30
0
11
-55655.0
21
232120.0
31
0
0
LINE
8
interiors
10
-55585.0
20
231880.0
30
0
11
-55585.0
21
232120.0
31
0
0
LINE
8
interiors
10
-55655.0
20
231880.0
30
0
11
-55585.0
21
231880.0
31
0
0
LINE
8
interiors
10
-55655.0
20
232120.0
30
0
11
-55585.0
21
232120.0
31
0
0
LINE
8
interiors
10
-53415.0
20
231880.0
30
0
11
-53415.0
21
232120.0
31
0
0
LINE
8
interiors
10
-53345.0
20
231880.0
30
0
11
-53345.0
21
232120.0
31
0
0
LINE
8
interiors
10
-53415.0
20
231880.0
30
0
11
-53345.0
21
231880.0
31
0
0
LINE
8
interiors
10
-53415.0
20
232120.0
30
0
11
-53345.0
21
232120.0
31
0
0
LINE
8
interiors
10
-55650.0
20
231880.0
30
0
11
-55650.0
21
232120.0
31
0
0
LINE
8
interiors
10
-53350.0
20
231880.0
30
0
11
-53350.0
21
232120.0
31
0
0
LINE
8
interiors
10
-55650.0
20
231880.0
30
0
11
-53350.0
21
231880.0
31
0
0
LINE
8
interiors
10
-55650.0
20
232120.0
30
0
11
-53350.0
21
232120.0
31
0
0
LINE
8
interiors
10
-55569.61
20
232090.49
30
0
11
-55610.39
21
232109.51
31
0
0
LINE
8
interiors
10
-55113.18
20
233069.3
30
0
11
-55153.96
21
233088.32
31
0
0
LINE
8
interiors
10
-55569.61
20
232090.49
30
0
11
-55113.18
21
233069.3
31
0
0
LINE
8
interiors
10
-55610.39
20
232109.51
30
0
11
-55153.96
21
233088.32
31
0
0
LINE
8
interiors
10
-57050.0
20
234350.0
30
0
11
-57050.0
21
235250.0
31
0
0
LINE
8
interiors
10
-55250.0
20
234350.0
30
0
11
-55250.0
21
235250.0
31
0
0
LINE
8
interiors
10
-57050.0
20
234350.0
30
0
11
-55250.0
21
234350.0
31
0
0
LINE
8
interiors
10
-57050.0
20
235250.0
30
0
11
-55250.0
21
235250.0
31
0
0
LINE
8
interiors
10
-56985.0
20
234415.0
30
0
11
-56985.0
21
234485.0
31
0
0
LINE
8
interiors
10
-56915.0
20
234415.0
30
0
11
-56915.0
21
234485.0
31
0
0
LINE
8
interiors
10
-56985.0
20
234415.0
30
0
11
-56915.0
21
234415.0
31
0
0
LINE
8
interiors
10
-56985.0
20
234485.0
30
0
11
-56915.0
21
234485.0
31
0
0
LINE
8
interiors
10
-56985.0
20
235115.0
30
0
11
-56985.0
21
235185.0
31
0
0
LINE
8
interiors
10
-56915.0
20
235115.0
30
0
11
-56915.0
21
235185.0
31
0
0
LINE
8
interiors
10
-56985.0
20
235115.0
30
0
11
-56915.0
21
235115.0
31
0
0
LINE
8
interiors
10
-56985.0
20
235185.0
30
0
11
-56915.0
21
235185.0
31
0
0
LINE
8
interiors
10
-55385.0
20
234415.0
30
0
11
-55385.0
21
234485.0
31
0
0
LINE
8
interiors
10
-55315.0
20
234415.0
30
0
11
-55315.0
21
234485.0
31
0
0
LINE
8
interiors
10
-55385.0
20
234415.0
30
0
11
-55315.0
21
234415.0
31
0
0
LINE
8
interiors
10
-55385.0
20
234485.0
30
0
11
-55315.0
21
234485.0
31
0
0
LINE
8
interiors
10
-55385.0
20
235115.0
30
0
11
-55385.0
21
235185.0
31
0
0
LINE
8
interiors
10
-55315.0
20
235115.0
30
0
11
-55315.0
21
235185.0
31
0
0
LINE
8
interiors
10
-55385.0
20
235115.0
30
0
11
-55315.0
21
235115.0
31
0
0
LINE
8
interiors
10
-55385.0
20
235185.0
30
0
11
-55315.0
21
235185.0
31
0
0
LINE
8
interiors
10
-56390.0
20
233810.0
30
0
11
-56390.0
21
234290.0
31
0
0
LINE
8
interiors
10
-55910.0
20
233810.0
30
0
11
-55910.0
21
234290.0
31
0
0
LINE
8
interiors
10
-56390.0
20
233810.0
30
0
11
-55910.0
21
233810.0
31
0
0
LINE
8
interiors
10
-56390.0
20
234290.0
30
0
11
-55910.0
21
234290.0
31
0
0
LINE
8
interiors
10
-56390.0
20
234227.5
30
0
11
-56390.0
21
234292.5
31
0
0
LINE
8
interiors
10
-55910.0
20
234227.5
30
0
11
-55910.0
21
234292.5
31
0
0
LINE
8
interiors
10
-56390.0
20
234227.5
30
0
11
-55910.0
21
234227.5
31
0
0
LINE
8
interiors
10
-56390.0
20
234292.5
30
0
11
-55910.0
21
234292.5
31
0
0
LINE
8
interiors
10
-56357.5
20
233842.5
30
0
11
-56357.5
21
233877.5
31
0
0
LINE
8
interiors
10
-56322.5
20
233842.5
30
0
11
-56322.5
21
233877.5
31
0
0
LINE
8
interiors
10
-56357.5
20
233842.5
30
0
11
-56322.5
21
233842.5
31
0
0
LINE
8
interiors
10
-56357.5
20
233877.5
30
0
11
-56322.5
21
233877.5
31
0
0
LINE
8
interiors
10
-56357.5
20
234222.5
30
0
11
-56357.5
21
234257.5
31
0
0
LINE
8
interiors
10
-56322.5
20
234222.5
30
0
11
-56322.5
21
234257.5
31
0
0
LINE
8
interiors
10
-56357.5
20
234222.5
30
0
11
-56322.5
21
234222.5
31
0
0
LINE
8
interiors
10
-56357.5
20
234257.5
30
0
11
-56322.5
21
234257.5
31
0
0
LINE
8
interiors
10
-55977.5
20
233842.5
30
0
11
-55977.5
21
233877.5
31
0
0
LINE
8
interiors
10
-55942.5
20
233842.5
30
0
11
-55942.5
21
233877.5
31
0
0
LINE
8
interiors
10
-55977.5
20
233842.5
30
0
11
-55942.5
21
233842.5
31
0
0
LINE
8
interiors
10
-55977.5
20
233877.5
30
0
11
-55942.5
21
233877.5
31
0
0
LINE
8
interiors
10
-55977.5
20
234222.5
30
0
11
-55977.5
21
234257.5
31
0
0
LINE
8
interiors
10
-55942.5
20
234222.5
30
0
11
-55942.5
21
234257.5
31
0
0
LINE
8
interiors
10
-55977.5
20
234222.5
30
0
11
-55942.5
21
234222.5
31
0
0
LINE
8
interiors
10
-55977.5
20
234257.5
30
0
11
-55942.5
21
234257.5
31
0
0
LINE
8
interiors
10
-56450.0
20
234990.0
30
0
11
-56450.0
21
235050.0
31
0
0
LINE
8
interiors
10
-55850.0
20
234990.0
30
0
11
-55850.0
21
235050.0
31
0
0
LINE
8
interiors
10
-56450.0
20
234990.0
30
0
11
-55850.0
21
234990.0
31
0
0
LINE
8
interiors
10
-56450.0
20
235050.0
30
0
11
-55850.0
21
235050.0
31
0
0
LINE
8
interiors
10
-56180.0
20
234985.0
30
0
11
-56180.0
21
235055.0
31
0
0
LINE
8
interiors
10
-56120.0
20
234985.0
30
0
11
-56120.0
21
235055.0
31
0
0
LINE
8
interiors
10
-56180.0
20
234985.0
30
0
11
-56120.0
21
234985.0
31
0
0
LINE
8
interiors
10
-56180.0
20
235055.0
30
0
11
-56120.0
21
235055.0
31
0
0
LINE
8
interiors
10
-56300.0
20
234910.0
30
0
11
-56300.0
21
235130.0
31
0
0
LINE
8
interiors
10
-56000.0
20
234910.0
30
0
11
-56000.0
21
235130.0
31
0
0
LINE
8
interiors
10
-56300.0
20
234910.0
30
0
11
-56000.0
21
234910.0
31
0
0
LINE
8
interiors
10
-56300.0
20
235130.0
30
0
11
-56000.0
21
235130.0
31
0
0
LINE
8
interiors
10
-53750.0
20
234350.0
30
0
11
-53750.0
21
235250.0
31
0
0
LINE
8
interiors
10
-51950.0
20
234350.0
30
0
11
-51950.0
21
235250.0
31
0
0
LINE
8
interiors
10
-53750.0
20
234350.0
30
0
11
-51950.0
21
234350.0
31
0
0
LINE
8
interiors
10
-53750.0
20
235250.0
30
0
11
-51950.0
21
235250.0
31
0
0
LINE
8
interiors
10
-53685.0
20
234415.0
30
0
11
-53685.0
21
234485.0
31
0
0
LINE
8
interiors
10
-53615.0
20
234415.0
30
0
11
-53615.0
21
234485.0
31
0
0
LINE
8
interiors
10
-53685.0
20
234415.0
30
0
11
-53615.0
21
234415.0
31
0
0
LINE
8
interiors
10
-53685.0
20
234485.0
30
0
11
-53615.0
21
234485.0
31
0
0
LINE
8
interiors
10
-53685.0
20
235115.0
30
0
11
-53685.0
21
235185.0
31
0
0
LINE
8
interiors
10
-53615.0
20
235115.0
30
0
11
-53615.0
21
235185.0
31
0
0
LINE
8
interiors
10
-53685.0
20
235115.0
30
0
11
-53615.0
21
235115.0
31
0
0
LINE
8
interiors
10
-53685.0
20
235185.0
30
0
11
-53615.0
21
235185.0
31
0
0
LINE
8
interiors
10
-52085.0
20
234415.0
30
0
11
-52085.0
21
234485.0
31
0
0
LINE
8
interiors
10
-52015.0
20
234415.0
30
0
11
-52015.0
21
234485.0
31
0
0
LINE
8
interiors
10
-52085.0
20
234415.0
30
0
11
-52015.0
21
234415.0
31
0
0
LINE
8
interiors
10
-52085.0
20
234485.0
30
0
11
-52015.0
21
234485.0
31
0
0
LINE
8
interiors
10
-52085.0
20
235115.0
30
0
11
-52085.0
21
235185.0
31
0
0
LINE
8
interiors
10
-52015.0
20
235115.0
30
0
11
-52015.0
21
235185.0
31
0
0
LINE
8
interiors
10
-52085.0
20
235115.0
30
0
11
-52015.0
21
235115.0
31
0
0
LINE
8
interiors
10
-52085.0
20
235185.0
30
0
11
-52015.0
21
235185.0
31
0
0
LINE
8
interiors
10
-53090.0
20
233810.0
30
0
11
-53090.0
21
234290.0
31
0
0
LINE
8
interiors
10
-52610.0
20
233810.0
30
0
11
-52610.0
21
234290.0
31
0
0
LINE
8
interiors
10
-53090.0
20
233810.0
30
0
11
-52610.0
21
233810.0
31
0
0
LINE
8
interiors
10
-53090.0
20
234290.0
30
0
11
-52610.0
21
234290.0
31
0
0
LINE
8
interiors
10
-53090.0
20
234227.5
30
0
11
-53090.0
21
234292.5
31
0
0
LINE
8
interiors
10
-52610.0
20
234227.5
30
0
11
-52610.0
21
234292.5
31
0
0
LINE
8
interiors
10
-53090.0
20
234227.5
30
0
11
-52610.0
21
234227.5
31
0
0
LINE
8
interiors
10
-53090.0
20
234292.5
30
0
11
-52610.0
21
234292.5
31
0
0
LINE
8
interiors
10
-53057.5
20
233842.5
30
0
11
-53057.5
21
233877.5
31
0
0
LINE
8
interiors
10
-53022.5
20
233842.5
30
0
11
-53022.5
21
233877.5
31
0
0
LINE
8
interiors
10
-53057.5
20
233842.5
30
0
11
-53022.5
21
233842.5
31
0
0
LINE
8
interiors
10
-53057.5
20
233877.5
30
0
11
-53022.5
21
233877.5
31
0
0
LINE
8
interiors
10
-53057.5
20
234222.5
30
0
11
-53057.5
21
234257.5
31
0
0
LINE
8
interiors
10
-53022.5
20
234222.5
30
0
11
-53022.5
21
234257.5
31
0
0
LINE
8
interiors
10
-53057.5
20
234222.5
30
0
11
-53022.5
21
234222.5
31
0
0
LINE
8
interiors
10
-53057.5
20
234257.5
30
0
11
-53022.5
21
234257.5
31
0
0
LINE
8
interiors
10
-52677.5
20
233842.5
30
0
11
-52677.5
21
233877.5
31
0
0
LINE
8
interiors
10
-52642.5
20
233842.5
30
0
11
-52642.5
21
233877.5
31
0
0
LINE
8
interiors
10
-52677.5
20
233842.5
30
0
11
-52642.5
21
233842.5
31
0
0
LINE
8
interiors
10
-52677.5
20
233877.5
30
0
11
-52642.5
21
233877.5
31
0
0
LINE
8
interiors
10
-52677.5
20
234222.5
30
0
11
-52677.5
21
234257.5
31
0
0
LINE
8
interiors
10
-52642.5
20
234222.5
30
0
11
-52642.5
21
234257.5
31
0
0
LINE
8
interiors
10
-52677.5
20
234222.5
30
0
11
-52642.5
21
234222.5
31
0
0
LINE
8
interiors
10
-52677.5
20
234257.5
30
0
11
-52642.5
21
234257.5
31
0
0
LINE
8
interiors
10
-53150.0
20
234990.0
30
0
11
-53150.0
21
235050.0
31
0
0
LINE
8
interiors
10
-52550.0
20
234990.0
30
0
11
-52550.0
21
235050.0
31
0
0
LINE
8
interiors
10
-53150.0
20
234990.0
30
0
11
-52550.0
21
234990.0
31
0
0
LINE
8
interiors
10
-53150.0
20
235050.0
30
0
11
-52550.0
21
235050.0
31
0
0
LINE
8
interiors
10
-52880.0
20
234985.0
30
0
11
-52880.0
21
235055.0
31
0
0
LINE
8
interiors
10
-52820.0
20
234985.0
30
0
11
-52820.0
21
235055.0
31
0
0
LINE
8
interiors
10
-52880.0
20
234985.0
30
0
11
-52820.0
21
234985.0
31
0
0
LINE
8
interiors
10
-52880.0
20
235055.0
30
0
11
-52820.0
21
235055.0
31
0
0
LINE
8
interiors
10
-53000.0
20
234910.0
30
0
11
-53000.0
21
235130.0
31
0
0
LINE
8
interiors
10
-52700.0
20
234910.0
30
0
11
-52700.0
21
235130.0
31
0
0
LINE
8
interiors
10
-53000.0
20
234910.0
30
0
11
-52700.0
21
234910.0
31
0
0
LINE
8
interiors
10
-53000.0
20
235130.0
30
0
11
-52700.0
21
235130.0
31
0
0
LINE
8
interiors
10
-57050.0
20
238750.0
30
0
11
-57050.0
21
239650.0
31
0
0
LINE
8
interiors
10
-55250.0
20
238750.0
30
0
11
-55250.0
21
239650.0
31
0
0
LINE
8
interiors
10
-57050.0
20
238750.0
30
0
11
-55250.0
21
238750.0
31
0
0
LINE
8
interiors
10
-57050.0
20
239650.0
30
0
11
-55250.0
21
239650.0
31
0
0
LINE
8
interiors
10
-56985.0
20
238815.0
30
0
11
-56985.0
21
238885.0
31
0
0
LINE
8
interiors
10
-56915.0
20
238815.0
30
0
11
-56915.0
21
238885.0
31
0
0
LINE
8
interiors
10
-56985.0
20
238815.0
30
0
11
-56915.0
21
238815.0
31
0
0
LINE
8
interiors
10
-56985.0
20
238885.0
30
0
11
-56915.0
21
238885.0
31
0
0
LINE
8
interiors
10
-56985.0
20
239515.0
30
0
11
-56985.0
21
239585.0
31
0
0
LINE
8
interiors
10
-56915.0
20
239515.0
30
0
11
-56915.0
21
239585.0
31
0
0
LINE
8
interiors
10
-56985.0
20
239515.0
30
0
11
-56915.0
21
239515.0
31
0
0
LINE
8
interiors
10
-56985.0
20
239585.0
30
0
11
-56915.0
21
239585.0
31
0
0
LINE
8
interiors
10
-55385.0
20
238815.0
30
0
11
-55385.0
21
238885.0
31
0
0
LINE
8
interiors
10
-55315.0
20
238815.0
30
0
11
-55315.0
21
238885.0
31
0
0
LINE
8
interiors
10
-55385.0
20
238815.0
30
0
11
-55315.0
21
238815.0
31
0
0
LINE
8
interiors
10
-55385.0
20
238885.0
30
0
11
-55315.0
21
238885.0
31
0
0
LINE
8
interiors
10
-55385.0
20
239515.0
30
0
11
-55385.0
21
239585.0
31
0
0
LINE
8
interiors
10
-55315.0
20
239515.0
30
0
11
-55315.0
21
239585.0
31
0
0
LINE
8
interiors
10
-55385.0
20
239515.0
30
0
11
-55315.0
21
239515.0
31
0
0
LINE
8
interiors
10
-55385.0
20
239585.0
30
0
11
-55315.0
21
239585.0
31
0
0
LINE
8
interiors
10
-56390.0
20
238210.0
30
0
11
-56390.0
21
238690.0
31
0
0
LINE
8
interiors
10
-55910.0
20
238210.0
30
0
11
-55910.0
21
238690.0
31
0
0
LINE
8
interiors
10
-56390.0
20
238210.0
30
0
11
-55910.0
21
238210.0
31
0
0
LINE
8
interiors
10
-56390.0
20
238690.0
30
0
11
-55910.0
21
238690.0
31
0
0
LINE
8
interiors
10
-56390.0
20
238627.5
30
0
11
-56390.0
21
238692.5
31
0
0
LINE
8
interiors
10
-55910.0
20
238627.5
30
0
11
-55910.0
21
238692.5
31
0
0
LINE
8
interiors
10
-56390.0
20
238627.5
30
0
11
-55910.0
21
238627.5
31
0
0
LINE
8
interiors
10
-56390.0
20
238692.5
30
0
11
-55910.0
21
238692.5
31
0
0
LINE
8
interiors
10
-56357.5
20
238242.5
30
0
11
-56357.5
21
238277.5
31
0
0
LINE
8
interiors
10
-56322.5
20
238242.5
30
0
11
-56322.5
21
238277.5
31
0
0
LINE
8
interiors
10
-56357.5
20
238242.5
30
0
11
-56322.5
21
238242.5
31
0
0
LINE
8
interiors
10
-56357.5
20
238277.5
30
0
11
-56322.5
21
238277.5
31
0
0
LINE
8
interiors
10
-56357.5
20
238622.5
30
0
11
-56357.5
21
238657.5
31
0
0
LINE
8
interiors
10
-56322.5
20
238622.5
30
0
11
-56322.5
21
238657.5
31
0
0
LINE
8
interiors
10
-56357.5
20
238622.5
30
0
11
-56322.5
21
238622.5
31
0
0
LINE
8
interiors
10
-56357.5
20
238657.5
30
0
11
-56322.5
21
238657.5
31
0
0
LINE
8
interiors
10
-55977.5
20
238242.5
30
0
11
-55977.5
21
238277.5
31
0
0
LINE
8
interiors
10
-55942.5
20
238242.5
30
0
11
-55942.5
21
238277.5
31
0
0
LINE
8
interiors
10
-55977.5
20
238242.5
30
0
11
-55942.5
21
238242.5
31
0
0
LINE
8
interiors
10
-55977.5
20
238277.5
30
0
11
-55942.5
21
238277.5
31
0
0
LINE
8
interiors
10
-55977.5
20
238622.5
30
0
11
-55977.5
21
238657.5
31
0
0
LINE
8
interiors
10
-55942.5
20
238622.5
30
0
11
-55942.5
21
238657.5
31
0
0
LINE
8
interiors
10
-55977.5
20
238622.5
30
0
11
-55942.5
21
238622.5
31
0
0
LINE
8
interiors
10
-55977.5
20
238657.5
30
0
11
-55942.5
21
238657.5
31
0
0
LINE
8
interiors
10
-56450.0
20
239390.0
30
0
11
-56450.0
21
239450.0
31
0
0
LINE
8
interiors
10
-55850.0
20
239390.0
30
0
11
-55850.0
21
239450.0
31
0
0
LINE
8
interiors
10
-56450.0
20
239390.0
30
0
11
-55850.0
21
239390.0
31
0
0
LINE
8
interiors
10
-56450.0
20
239450.0
30
0
11
-55850.0
21
239450.0
31
0
0
LINE
8
interiors
10
-56180.0
20
239385.0
30
0
11
-56180.0
21
239455.0
31
0
0
LINE
8
interiors
10
-56120.0
20
239385.0
30
0
11
-56120.0
21
239455.0
31
0
0
LINE
8
interiors
10
-56180.0
20
239385.0
30
0
11
-56120.0
21
239385.0
31
0
0
LINE
8
interiors
10
-56180.0
20
239455.0
30
0
11
-56120.0
21
239455.0
31
0
0
LINE
8
interiors
10
-56300.0
20
239310.0
30
0
11
-56300.0
21
239530.0
31
0
0
LINE
8
interiors
10
-56000.0
20
239310.0
30
0
11
-56000.0
21
239530.0
31
0
0
LINE
8
interiors
10
-56300.0
20
239310.0
30
0
11
-56000.0
21
239310.0
31
0
0
LINE
8
interiors
10
-56300.0
20
239530.0
30
0
11
-56000.0
21
239530.0
31
0
0
LINE
8
interiors
10
-53750.0
20
238750.0
30
0
11
-53750.0
21
239650.0
31
0
0
LINE
8
interiors
10
-51950.0
20
238750.0
30
0
11
-51950.0
21
239650.0
31
0
0
LINE
8
interiors
10
-53750.0
20
238750.0
30
0
11
-51950.0
21
238750.0
31
0
0
LINE
8
interiors
10
-53750.0
20
239650.0
30
0
11
-51950.0
21
239650.0
31
0
0
LINE
8
interiors
10
-53685.0
20
238815.0
30
0
11
-53685.0
21
238885.0
31
0
0
LINE
8
interiors
10
-53615.0
20
238815.0
30
0
11
-53615.0
21
238885.0
31
0
0
LINE
8
interiors
10
-53685.0
20
238815.0
30
0
11
-53615.0
21
238815.0
31
0
0
LINE
8
interiors
10
-53685.0
20
238885.0
30
0
11
-53615.0
21
238885.0
31
0
0
LINE
8
interiors
10
-53685.0
20
239515.0
30
0
11
-53685.0
21
239585.0
31
0
0
LINE
8
interiors
10
-53615.0
20
239515.0
30
0
11
-53615.0
21
239585.0
31
0
0
LINE
8
interiors
10
-53685.0
20
239515.0
30
0
11
-53615.0
21
239515.0
31
0
0
LINE
8
interiors
10
-53685.0
20
239585.0
30
0
11
-53615.0
21
239585.0
31
0
0
LINE
8
interiors
10
-52085.0
20
238815.0
30
0
11
-52085.0
21
238885.0
31
0
0
LINE
8
interiors
10
-52015.0
20
238815.0
30
0
11
-52015.0
21
238885.0
31
0
0
LINE
8
interiors
10
-52085.0
20
238815.0
30
0
11
-52015.0
21
238815.0
31
0
0
LINE
8
interiors
10
-52085.0
20
238885.0
30
0
11
-52015.0
21
238885.0
31
0
0
LINE
8
interiors
10
-52085.0
20
239515.0
30
0
11
-52085.0
21
239585.0
31
0
0
LINE
8
interiors
10
-52015.0
20
239515.0
30
0
11
-52015.0
21
239585.0
31
0
0
LINE
8
interiors
10
-52085.0
20
239515.0
30
0
11
-52015.0
21
239515.0
31
0
0
LINE
8
interiors
10
-52085.0
20
239585.0
30
0
11
-52015.0
21
239585.0
31
0
0
LINE
8
interiors
10
-53090.0
20
238210.0
30
0
11
-53090.0
21
238690.0
31
0
0
LINE
8
interiors
10
-52610.0
20
238210.0
30
0
11
-52610.0
21
238690.0
31
0
0
LINE
8
interiors
10
-53090.0
20
238210.0
30
0
11
-52610.0
21
238210.0
31
0
0
LINE
8
interiors
10
-53090.0
20
238690.0
30
0
11
-52610.0
21
238690.0
31
0
0
LINE
8
interiors
10
-53090.0
20
238627.5
30
0
11
-53090.0
21
238692.5
31
0
0
LINE
8
interiors
10
-52610.0
20
238627.5
30
0
11
-52610.0
21
238692.5
31
0
0
LINE
8
interiors
10
-53090.0
20
238627.5
30
0
11
-52610.0
21
238627.5
31
0
0
LINE
8
interiors
10
-53090.0
20
238692.5
30
0
11
-52610.0
21
238692.5
31
0
0
LINE
8
interiors
10
-53057.5
20
238242.5
30
0
11
-53057.5
21
238277.5
31
0
0
LINE
8
interiors
10
-53022.5
20
238242.5
30
0
11
-53022.5
21
238277.5
31
0
0
LINE
8
interiors
10
-53057.5
20
238242.5
30
0
11
-53022.5
21
238242.5
31
0
0
LINE
8
interiors
10
-53057.5
20
238277.5
30
0
11
-53022.5
21
238277.5
31
0
0
LINE
8
interiors
10
-53057.5
20
238622.5
30
0
11
-53057.5
21
238657.5
31
0
0
LINE
8
interiors
10
-53022.5
20
238622.5
30
0
11
-53022.5
21
238657.5
31
0
0
LINE
8
interiors
10
-53057.5
20
238622.5
30
0
11
-53022.5
21
238622.5
31
0
0
LINE
8
interiors
10
-53057.5
20
238657.5
30
0
11
-53022.5
21
238657.5
31
0
0
LINE
8
interiors
10
-52677.5
20
238242.5
30
0
11
-52677.5
21
238277.5
31
0
0
LINE
8
interiors
10
-52642.5
20
238242.5
30
0
11
-52642.5
21
238277.5
31
0
0
LINE
8
interiors
10
-52677.5
20
238242.5
30
0
11
-52642.5
21
238242.5
31
0
0
LINE
8
interiors
10
-52677.5
20
238277.5
30
0
11
-52642.5
21
238277.5
31
0
0
LINE
8
interiors
10
-52677.5
20
238622.5
30
0
11
-52677.5
21
238657.5
31
0
0
LINE
8
interiors
10
-52642.5
20
238622.5
30
0
11
-52642.5
21
238657.5
31
0
0
LINE
8
interiors
10
-52677.5
20
238622.5
30
0
11
-52642.5
21
238622.5
31
0
0
LINE
8
interiors
10
-52677.5
20
238657.5
30
0
11
-52642.5
21
238657.5
31
0
0
LINE
8
interiors
10
-53150.0
20
239390.0
30
0
11
-53150.0
21
239450.0
31
0
0
LINE
8
interiors
10
-52550.0
20
239390.0
30
0
11
-52550.0
21
239450.0
31
0
0
LINE
8
interiors
10
-53150.0
20
239390.0
30
0
11
-52550.0
21
239390.0
31
0
0
LINE
8
interiors
10
-53150.0
20
239450.0
30
0
11
-52550.0
21
239450.0
31
0
0
LINE
8
interiors
10
-52880.0
20
239385.0
30
0
11
-52880.0
21
239455.0
31
0
0
LINE
8
interiors
10
-52820.0
20
239385.0
30
0
11
-52820.0
21
239455.0
31
0
0
LINE
8
interiors
10
-52880.0
20
239385.0
30
0
11
-52820.0
21
239385.0
31
0
0
LINE
8
interiors
10
-52880.0
20
239455.0
30
0
11
-52820.0
21
239455.0
31
0
0
LINE
8
interiors
10
-53000.0
20
239310.0
30
0
11
-53000.0
21
239530.0
31
0
0
LINE
8
interiors
10
-52700.0
20
239310.0
30
0
11
-52700.0
21
239530.0
31
0
0
LINE
8
interiors
10
-53000.0
20
239310.0
30
0
11
-52700.0
21
239310.0
31
0
0
LINE
8
interiors
10
-53000.0
20
239530.0
30
0
11
-52700.0
21
239530.0
31
0
0
LINE
8
electrical
10
-51475.0
20
232075.0
30
0
11
-51475.0
21
232325.0
31
0
0
LINE
8
electrical
10
-50925.0
20
232075.0
30
0
11
-50925.0
21
232325.0
31
0
0
LINE
8
electrical
10
-51475.0
20
232075.0
30
0
11
-50925.0
21
232075.0
31
0
0
LINE
8
electrical
10
-51475.0
20
232325.0
30
0
11
-50925.0
21
232325.0
31
0
0
LINE
8
electrical
10
-51435.0
20
232047.5
30
0
11
-51435.0
21
232082.5
31
0
0
LINE
8
electrical
10
-50965.0
20
232047.5
30
0
11
-50965.0
21
232082.5
31
0
0
LINE
8
electrical
10
-51435.0
20
232047.5
30
0
11
-50965.0
21
232047.5
31
0
0
LINE
8
electrical
10
-51435.0
20
232082.5
30
0
11
-50965.0
21
232082.5
31
0
0
LINE
8
electrical
10
-51387.5
20
232010.0
30
0
11
-51387.5
21
232050.0
31
0
0
LINE
8
electrical
10
-51287.5
20
232010.0
30
0
11
-51287.5
21
232050.0
31
0
0
LINE
8
electrical
10
-51387.5
20
232010.0
30
0
11
-51287.5
21
232010.0
31
0
0
LINE
8
electrical
10
-51387.5
20
232050.0
30
0
11
-51287.5
21
232050.0
31
0
0
LINE
8
electrical
10
-51250.0
20
232010.0
30
0
11
-51250.0
21
232050.0
31
0
0
LINE
8
electrical
10
-51150.0
20
232010.0
30
0
11
-51150.0
21
232050.0
31
0
0
LINE
8
electrical
10
-51250.0
20
232010.0
30
0
11
-51150.0
21
232010.0
31
0
0
LINE
8
electrical
10
-51250.0
20
232050.0
30
0
11
-51150.0
21
232050.0
31
0
0
LINE
8
electrical
10
-51112.5
20
232010.0
30
0
11
-51112.5
21
232050.0
31
0
0
LINE
8
electrical
10
-51012.5
20
232010.0
30
0
11
-51012.5
21
232050.0
31
0
0
LINE
8
electrical
10
-51112.5
20
232010.0
30
0
11
-51012.5
21
232010.0
31
0
0
LINE
8
electrical
10
-51112.5
20
232050.0
30
0
11
-51012.5
21
232050.0
31
0
0
LINE
8
electrical
10
-51337.5
20
231995.0
30
0
11
-51314.12
21
231995.0
31
0
0
LINE
8
electrical
10
-51314.12
20
231995.0
30
0
11
-51360.88
21
231995.0
31
0
0
LINE
8
electrical
10
-51360.88
20
231995.0
30
0
11
-51337.5
21
231995.0
31
0
0
LINE
8
electrical
10
-51337.5
20
232020.0
30
0
11
-51337.5
21
231995.0
31
0
0
LINE
8
electrical
10
-51337.5
20
232020.0
30
0
11
-51314.12
21
232020.0
31
0
0
LINE
8
electrical
10
-51314.12
20
232020.0
30
0
11
-51360.88
21
232020.0
31
0
0
LINE
8
electrical
10
-51360.88
20
232020.0
30
0
11
-51337.5
21
232020.0
31
0
0
LINE
8
electrical
10
-51200.0
20
231995.0
30
0
11
-51176.62
21
231995.0
31
0
0
LINE
8
electrical
10
-51176.62
20
231995.0
30
0
11
-51223.38
21
231995.0
31
0
0
LINE
8
electrical
10
-51223.38
20
231995.0
30
0
11
-51200.0
21
231995.0
31
0
0
LINE
8
electrical
10
-51200.0
20
232020.0
30
0
11
-51200.0
21
231995.0
31
0
0
LINE
8
electrical
10
-51200.0
20
232020.0
30
0
11
-51176.62
21
232020.0
31
0
0
LINE
8
electrical
10
-51176.62
20
232020.0
30
0
11
-51223.38
21
232020.0
31
0
0
LINE
8
electrical
10
-51223.38
20
232020.0
30
0
11
-51200.0
21
232020.0
31
0
0
LINE
8
electrical
10
-51062.5
20
231995.0
30
0
11
-51039.12
21
231995.0
31
0
0
LINE
8
electrical
10
-51039.12
20
231995.0
30
0
11
-51085.88
21
231995.0
31
0
0
LINE
8
electrical
10
-51085.88
20
231995.0
30
0
11
-51062.5
21
231995.0
31
0
0
LINE
8
electrical
10
-51062.5
20
232020.0
30
0
11
-51062.5
21
231995.0
31
0
0
LINE
8
electrical
10
-51062.5
20
232020.0
30
0
11
-51039.12
21
232020.0
31
0
0
LINE
8
electrical
10
-51039.12
20
232020.0
30
0
11
-51085.88
21
232020.0
31
0
0
LINE
8
electrical
10
-51085.88
20
232020.0
30
0
11
-51062.5
21
232020.0
31
0
0
LINE
8
electrical
10
-51200.0
20
232200.0
30
0
11
-51184.41
21
232200.0
31
0
0
LINE
8
electrical
10
-51184.41
20
232200.0
30
0
11
-51215.59
21
232200.0
31
0
0
LINE
8
electrical
10
-51215.59
20
232200.0
30
0
11
-51200.0
21
232200.0
31
0
0
LINE
8
electrical
10
-51200.0
20
220200.0
30
0
11
-51200.0
21
232200.0
31
0
0
LINE
8
electrical
10
-51200.0
20
220200.0
30
0
11
-51184.41
21
220200.0
31
0
0
LINE
8
electrical
10
-51184.41
20
220200.0
30
0
11
-51215.59
21
220200.0
31
0
0
LINE
8
electrical
10
-51215.59
20
220200.0
30
0
11
-51200.0
21
220200.0
31
0
0
LINE
8
electrical
10
-51218.0
20
232200.0
30
0
11
-51191.0
21
232215.59
31
0
0
LINE
8
electrical
10
-51191.0
20
232215.59
30
0
11
-51191.0
21
232184.41
31
0
0
LINE
8
electrical
10
-51191.0
20
232184.41
30
0
11
-51218.0
21
232200.0
31
0
0
LINE
8
electrical
10
-51200.0
20
232200.0
30
0
11
-51180.56
21
232200.0
31
0
0
LINE
8
electrical
10
-51180.56
20
232200.0
30
0
11
-51200.0
21
232200.0
31
0
0
LINE
8
lighting
10
-57520.0
20
233280.0
30
0
11
-57520.0
21
233920.0
31
0
0
LINE
8
lighting
10
-56880.0
20
233280.0
30
0
11
-56880.0
21
233920.0
31
0
0
LINE
8
lighting
10
-57520.0
20
233280.0
30
0
11
-56880.0
21
233280.0
31
0
0
LINE
8
lighting
10
-57520.0
20
233920.0
30
0
11
-56880.0
21
233920.0
31
0
0
LINE
8
lighting
10
-57480.0
20
233320.0
30
0
11
-57480.0
21
233880.0
31
0
0
LINE
8
lighting
10
-56920.0
20
233320.0
30
0
11
-56920.0
21
233880.0
31
0
0
LINE
8
lighting
10
-57480.0
20
233320.0
30
0
11
-56920.0
21
233320.0
31
0
0
LINE
8
lighting
10
-57480.0
20
233880.0
30
0
11
-56920.0
21
233880.0
31
0
0
LINE
8
lighting
10
-57446.0
20
233330.0
30
0
11
-57446.0
21
233870.0
31
0
0
LINE
8
lighting
10
-57434.0
20
233330.0
30
0
11
-57434.0
21
233870.0
31
0
0
LINE
8
lighting
10
-57446.0
20
233330.0
30
0
11
-57434.0
21
233330.0
31
0
0
LINE
8
lighting
10
-57446.0
20
233870.0
30
0
11
-57434.0
21
233870.0
31
0
0
LINE
8
lighting
10
-57366.0
20
233330.0
30
0
11
-57366.0
21
233870.0
31
0
0
LINE
8
lighting
10
-57354.0
20
233330.0
30
0
11
-57354.0
21
233870.0
31
0
0
LINE
8
lighting
10
-57366.0
20
233330.0
30
0
11
-57354.0
21
233330.0
31
0
0
LINE
8
lighting
10
-57366.0
20
233870.0
30
0
11
-57354.0
21
233870.0
31
0
0
LINE
8
lighting
10
-57286.0
20
233330.0
30
0
11
-57286.0
21
233870.0
31
0
0
LINE
8
lighting
10
-57274.0
20
233330.0
30
0
11
-57274.0
21
233870.0
31
0
0
LINE
8
lighting
10
-57286.0
20
233330.0
30
0
11
-57274.0
21
233330.0
31
0
0
LINE
8
lighting
10
-57286.0
20
233870.0
30
0
11
-57274.0
21
233870.0
31
0
0
LINE
8
lighting
10
-57206.0
20
233330.0
30
0
11
-57206.0
21
233870.0
31
0
0
LINE
8
lighting
10
-57194.0
20
233330.0
30
0
11
-57194.0
21
233870.0
31
0
0
LINE
8
lighting
10
-57206.0
20
233330.0
30
0
11
-57194.0
21
233330.0
31
0
0
LINE
8
lighting
10
-57206.0
20
233870.0
30
0
11
-57194.0
21
233870.0
31
0
0
LINE
8
lighting
10
-57126.0
20
233330.0
30
0
11
-57126.0
21
233870.0
31
0
0
LINE
8
lighting
10
-57114.0
20
233330.0
30
0
11
-57114.0
21
233870.0
31
0
0
LINE
8
lighting
10
-57126.0
20
233330.0
30
0
11
-57114.0
21
233330.0
31
0
0
LINE
8
lighting
10
-57126.0
20
233870.0
30
0
11
-57114.0
21
233870.0
31
0
0
LINE
8
lighting
10
-57046.0
20
233330.0
30
0
11
-57046.0
21
233870.0
31
0
0
LINE
8
lighting
10
-57034.0
20
233330.0
30
0
11
-57034.0
21
233870.0
31
0
0
LINE
8
lighting
10
-57046.0
20
233330.0
30
0
11
-57034.0
21
233330.0
31
0
0
LINE
8
lighting
10
-57046.0
20
233870.0
30
0
11
-57034.0
21
233870.0
31
0
0
LINE
8
lighting
10
-56966.0
20
233330.0
30
0
11
-56966.0
21
233870.0
31
0
0
LINE
8
lighting
10
-56954.0
20
233330.0
30
0
11
-56954.0
21
233870.0
31
0
0
LINE
8
lighting
10
-56966.0
20
233330.0
30
0
11
-56954.0
21
233330.0
31
0
0
LINE
8
lighting
10
-56966.0
20
233870.0
30
0
11
-56954.0
21
233870.0
31
0
0
LINE
8
lighting
10
-57191.0
20
233600.0
30
0
11
-57204.5
21
233607.79
31
0
0
LINE
8
lighting
10
-57204.5
20
233607.79
30
0
11
-57204.5
21
233592.21
31
0
0
LINE
8
lighting
10
-57204.5
20
233592.21
30
0
11
-57191.0
21
233600.0
31
0
0
LINE
8
lighting
10
-52120.0
20
233280.0
30
0
11
-52120.0
21
233920.0
31
0
0
LINE
8
lighting
10
-51480.0
20
233280.0
30
0
11
-51480.0
21
233920.0
31
0
0
LINE
8
lighting
10
-52120.0
20
233280.0
30
0
11
-51480.0
21
233280.0
31
0
0
LINE
8
lighting
10
-52120.0
20
233920.0
30
0
11
-51480.0
21
233920.0
31
0
0
LINE
8
lighting
10
-52080.0
20
233320.0
30
0
11
-52080.0
21
233880.0
31
0
0
LINE
8
lighting
10
-51520.0
20
233320.0
30
0
11
-51520.0
21
233880.0
31
0
0
LINE
8
lighting
10
-52080.0
20
233320.0
30
0
11
-51520.0
21
233320.0
31
0
0
LINE
8
lighting
10
-52080.0
20
233880.0
30
0
11
-51520.0
21
233880.0
31
0
0
LINE
8
lighting
10
-52046.0
20
233330.0
30
0
11
-52046.0
21
233870.0
31
0
0
LINE
8
lighting
10
-52034.0
20
233330.0
30
0
11
-52034.0
21
233870.0
31
0
0
LINE
8
lighting
10
-52046.0
20
233330.0
30
0
11
-52034.0
21
233330.0
31
0
0
LINE
8
lighting
10
-52046.0
20
233870.0
30
0
11
-52034.0
21
233870.0
31
0
0
LINE
8
lighting
10
-51966.0
20
233330.0
30
0
11
-51966.0
21
233870.0
31
0
0
LINE
8
lighting
10
-51954.0
20
233330.0
30
0
11
-51954.0
21
233870.0
31
0
0
LINE
8
lighting
10
-51966.0
20
233330.0
30
0
11
-51954.0
21
233330.0
31
0
0
LINE
8
lighting
10
-51966.0
20
233870.0
30
0
11
-51954.0
21
233870.0
31
0
0
LINE
8
lighting
10
-51886.0
20
233330.0
30
0
11
-51886.0
21
233870.0
31
0
0
LINE
8
lighting
10
-51874.0
20
233330.0
30
0
11
-51874.0
21
233870.0
31
0
0
LINE
8
lighting
10
-51886.0
20
233330.0
30
0
11
-51874.0
21
233330.0
31
0
0
LINE
8
lighting
10
-51886.0
20
233870.0
30
0
11
-51874.0
21
233870.0
31
0
0
LINE
8
lighting
10
-51806.0
20
233330.0
30
0
11
-51806.0
21
233870.0
31
0
0
LINE
8
lighting
10
-51794.0
20
233330.0
30
0
11
-51794.0
21
233870.0
31
0
0
LINE
8
lighting
10
-51806.0
20
233330.0
30
0
11
-51794.0
21
233330.0
31
0
0
LINE
8
lighting
10
-51806.0
20
233870.0
30
0
11
-51794.0
21
233870.0
31
0
0
LINE
8
lighting
10
-51726.0
20
233330.0
30
0
11
-51726.0
21
233870.0
31
0
0
LINE
8
lighting
10
-51714.0
20
233330.0
30
0
11
-51714.0
21
233870.0
31
0
0
LINE
8
lighting
10
-51726.0
20
233330.0
30
0
11
-51714.0
21
233330.0
31
0
0
LINE
8
lighting
10
-51726.0
20
233870.0
30
0
11
-51714.0
21
233870.0
31
0
0
LINE
8
lighting
10
-51646.0
20
233330.0
30
0
11
-51646.0
21
233870.0
31
0
0
LINE
8
lighting
10
-51634.0
20
233330.0
30
0
11
-51634.0
21
233870.0
31
0
0
LINE
8
lighting
10
-51646.0
20
233330.0
30
0
11
-51634.0
21
233330.0
31
0
0
LINE
8
lighting
10
-51646.0
20
233870.0
30
0
11
-51634.0
21
233870.0
31
0
0
LINE
8
lighting
10
-51566.0
20
233330.0
30
0
11
-51566.0
21
233870.0
31
0
0
LINE
8
lighting
10
-51554.0
20
233330.0
30
0
11
-51554.0
21
233870.0
31
0
0
LINE
8
lighting
10
-51566.0
20
233330.0
30
0
11
-51554.0
21
233330.0
31
0
0
LINE
8
lighting
10
-51566.0
20
233870.0
30
0
11
-51554.0
21
233870.0
31
0
0
LINE
8
lighting
10
-51791.0
20
233600.0
30
0
11
-51804.5
21
233607.79
31
0
0
LINE
8
lighting
10
-51804.5
20
233607.79
30
0
11
-51804.5
21
233592.21
31
0
0
LINE
8
lighting
10
-51804.5
20
233592.21
30
0
11
-51791.0
21
233600.0
31
0
0
LINE
8
lighting
10
-57520.0
20
240080.0
30
0
11
-57520.0
21
240720.0
31
0
0
LINE
8
lighting
10
-56880.0
20
240080.0
30
0
11
-56880.0
21
240720.0
31
0
0
LINE
8
lighting
10
-57520.0
20
240080.0
30
0
11
-56880.0
21
240080.0
31
0
0
LINE
8
lighting
10
-57520.0
20
240720.0
30
0
11
-56880.0
21
240720.0
31
0
0
LINE
8
lighting
10
-57480.0
20
240120.0
30
0
11
-57480.0
21
240680.0
31
0
0
LINE
8
lighting
10
-56920.0
20
240120.0
30
0
11
-56920.0
21
240680.0
31
0
0
LINE
8
lighting
10
-57480.0
20
240120.0
30
0
11
-56920.0
21
240120.0
31
0
0
LINE
8
lighting
10
-57480.0
20
240680.0
30
0
11
-56920.0
21
240680.0
31
0
0
LINE
8
lighting
10
-57446.0
20
240130.0
30
0
11
-57446.0
21
240670.0
31
0
0
LINE
8
lighting
10
-57434.0
20
240130.0
30
0
11
-57434.0
21
240670.0
31
0
0
LINE
8
lighting
10
-57446.0
20
240130.0
30
0
11
-57434.0
21
240130.0
31
0
0
LINE
8
lighting
10
-57446.0
20
240670.0
30
0
11
-57434.0
21
240670.0
31
0
0
LINE
8
lighting
10
-57366.0
20
240130.0
30
0
11
-57366.0
21
240670.0
31
0
0
LINE
8
lighting
10
-57354.0
20
240130.0
30
0
11
-57354.0
21
240670.0
31
0
0
LINE
8
lighting
10
-57366.0
20
240130.0
30
0
11
-57354.0
21
240130.0
31
0
0
LINE
8
lighting
10
-57366.0
20
240670.0
30
0
11
-57354.0
21
240670.0
31
0
0
LINE
8
lighting
10
-57286.0
20
240130.0
30
0
11
-57286.0
21
240670.0
31
0
0
LINE
8
lighting
10
-57274.0
20
240130.0
30
0
11
-57274.0
21
240670.0
31
0
0
LINE
8
lighting
10
-57286.0
20
240130.0
30
0
11
-57274.0
21
240130.0
31
0
0
LINE
8
lighting
10
-57286.0
20
240670.0
30
0
11
-57274.0
21
240670.0
31
0
0
LINE
8
lighting
10
-57206.0
20
240130.0
30
0
11
-57206.0
21
240670.0
31
0
0
LINE
8
lighting
10
-57194.0
20
240130.0
30
0
11
-57194.0
21
240670.0
31
0
0
LINE
8
lighting
10
-57206.0
20
240130.0
30
0
11
-57194.0
21
240130.0
31
0
0
LINE
8
lighting
10
-57206.0
20
240670.0
30
0
11
-57194.0
21
240670.0
31
0
0
LINE
8
lighting
10
-57126.0
20
240130.0
30
0
11
-57126.0
21
240670.0
31
0
0
LINE
8
lighting
10
-57114.0
20
240130.0
30
0
11
-57114.0
21
240670.0
31
0
0
LINE
8
lighting
10
-57126.0
20
240130.0
30
0
11
-57114.0
21
240130.0
31
0
0
LINE
8
lighting
10
-57126.0
20
240670.0
30
0
11
-57114.0
21
240670.0
31
0
0
LINE
8
lighting
10
-57046.0
20
240130.0
30
0
11
-57046.0
21
240670.0
31
0
0
LINE
8
lighting
10
-57034.0
20
240130.0
30
0
11
-57034.0
21
240670.0
31
0
0
LINE
8
lighting
10
-57046.0
20
240130.0
30
0
11
-57034.0
21
240130.0
31
0
0
LINE
8
lighting
10
-57046.0
20
240670.0
30
0
11
-57034.0
21
240670.0
31
0
0
LINE
8
lighting
10
-56966.0
20
240130.0
30
0
11
-56966.0
21
240670.0
31
0
0
LINE
8
lighting
10
-56954.0
20
240130.0
30
0
11
-56954.0
21
240670.0
31
0
0
LINE
8
lighting
10
-56966.0
20
240130.0
30
0
11
-56954.0
21
240130.0
31
0
0
LINE
8
lighting
10
-56966.0
20
240670.0
30
0
11
-56954.0
21
240670.0
31
0
0
LINE
8
lighting
10
-57191.0
20
240400.0
30
0
11
-57204.5
21
240407.79
31
0
0
LINE
8
lighting
10
-57204.5
20
240407.79
30
0
11
-57204.5
21
240392.21
31
0
0
LINE
8
lighting
10
-57204.5
20
240392.21
30
0
11
-57191.0
21
240400.0
31
0
0
LINE
8
lighting
10
-52120.0
20
240080.0
30
0
11
-52120.0
21
240720.0
31
0
0
LINE
8
lighting
10
-51480.0
20
240080.0
30
0
11
-51480.0
21
240720.0
31
0
0
LINE
8
lighting
10
-52120.0
20
240080.0
30
0
11
-51480.0
21
240080.0
31
0
0
LINE
8
lighting
10
-52120.0
20
240720.0
30
0
11
-51480.0
21
240720.0
31
0
0
LINE
8
lighting
10
-52080.0
20
240120.0
30
0
11
-52080.0
21
240680.0
31
0
0
LINE
8
lighting
10
-51520.0
20
240120.0
30
0
11
-51520.0
21
240680.0
31
0
0
LINE
8
lighting
10
-52080.0
20
240120.0
30
0
11
-51520.0
21
240120.0
31
0
0
LINE
8
lighting
10
-52080.0
20
240680.0
30
0
11
-51520.0
21
240680.0
31
0
0
LINE
8
lighting
10
-52046.0
20
240130.0
30
0
11
-52046.0
21
240670.0
31
0
0
LINE
8
lighting
10
-52034.0
20
240130.0
30
0
11
-52034.0
21
240670.0
31
0
0
LINE
8
lighting
10
-52046.0
20
240130.0
30
0
11
-52034.0
21
240130.0
31
0
0
LINE
8
lighting
10
-52046.0
20
240670.0
30
0
11
-52034.0
21
240670.0
31
0
0
LINE
8
lighting
10
-51966.0
20
240130.0
30
0
11
-51966.0
21
240670.0
31
0
0
LINE
8
lighting
10
-51954.0
20
240130.0
30
0
11
-51954.0
21
240670.0
31
0
0
LINE
8
lighting
10
-51966.0
20
240130.0
30
0
11
-51954.0
21
240130.0
31
0
0
LINE
8
lighting
10
-51966.0
20
240670.0
30
0
11
-51954.0
21
240670.0
31
0
0
LINE
8
lighting
10
-51886.0
20
240130.0
30
0
11
-51886.0
21
240670.0
31
0
0
LINE
8
lighting
10
-51874.0
20
240130.0
30
0
11
-51874.0
21
240670.0
31
0
0
LINE
8
lighting
10
-51886.0
20
240130.0
30
0
11
-51874.0
21
240130.0
31
0
0
LINE
8
lighting
10
-51886.0
20
240670.0
30
0
11
-51874.0
21
240670.0
31
0
0
LINE
8
lighting
10
-51806.0
20
240130.0
30
0
11
-51806.0
21
240670.0
31
0
0
LINE
8
lighting
10
-51794.0
20
240130.0
30
0
11
-51794.0
21
240670.0
31
0
0
LINE
8
lighting
10
-51806.0
20
240130.0
30
0
11
-51794.0
21
240130.0
31
0
0
LINE
8
lighting
10
-51806.0
20
240670.0
30
0
11
-51794.0
21
240670.0
31
0
0
LINE
8
lighting
10
-51726.0
20
240130.0
30
0
11
-51726.0
21
240670.0
31
0
0
LINE
8
lighting
10
-51714.0
20
240130.0
30
0
11
-51714.0
21
240670.0
31
0
0
LINE
8
lighting
10
-51726.0
20
240130.0
30
0
11
-51714.0
21
240130.0
31
0
0
LINE
8
lighting
10
-51726.0
20
240670.0
30
0
11
-51714.0
21
240670.0
31
0
0
LINE
8
lighting
10
-51646.0
20
240130.0
30
0
11
-51646.0
21
240670.0
31
0
0
LINE
8
lighting
10
-51634.0
20
240130.0
30
0
11
-51634.0
21
240670.0
31
0
0
LINE
8
lighting
10
-51646.0
20
240130.0
30
0
11
-51634.0
21
240130.0
31
0
0
LINE
8
lighting
10
-51646.0
20
240670.0
30
0
11
-51634.0
21
240670.0
31
0
0
LINE
8
lighting
10
-51566.0
20
240130.0
30
0
11
-51566.0
21
240670.0
31
0
0
LINE
8
lighting
10
-51554.0
20
240130.0
30
0
11
-51554.0
21
240670.0
31
0
0
LINE
8
lighting
10
-51566.0
20
240130.0
30
0
11
-51554.0
21
240130.0
31
0
0
LINE
8
lighting
10
-51566.0
20
240670.0
30
0
11
-51554.0
21
240670.0
31
0
0
LINE
8
lighting
10
-51791.0
20
240400.0
30
0
11
-51804.5
21
240407.79
31
0
0
LINE
8
lighting
10
-51804.5
20
240407.79
30
0
11
-51804.5
21
240392.21
31
0
0
LINE
8
lighting
10
-51804.5
20
240392.21
30
0
11
-51791.0
21
240400.0
31
0
0
LINE
8
electrical
10
-57200.0
20
233380.0
30
0
11
-57200.0
21
233372.21
31
0
0
LINE
8
electrical
10
-57200.0
20
233372.21
30
0
11
-57200.0
21
233387.79
31
0
0
LINE
8
electrical
10
-57200.0
20
233387.79
30
0
11
-57200.0
21
233380.0
31
0
0
LINE
8
electrical
10
-51200.0
20
233380.0
30
0
11
-57200.0
21
233380.0
31
0
0
LINE
8
electrical
10
-51200.0
20
233380.0
30
0
11
-51200.0
21
233372.21
31
0
0
LINE
8
electrical
10
-51200.0
20
233372.21
30
0
11
-51200.0
21
233387.79
31
0
0
LINE
8
electrical
10
-51200.0
20
233387.79
30
0
11
-51200.0
21
233380.0
31
0
0
LINE
8
electrical
10
-57200.0
20
240400.0
30
0
11
-57192.21
21
240400.0
31
0
0
LINE
8
electrical
10
-57192.21
20
240400.0
30
0
11
-57207.79
21
240400.0
31
0
0
LINE
8
electrical
10
-57207.79
20
240400.0
30
0
11
-57200.0
21
240400.0
31
0
0
LINE
8
electrical
10
-57200.0
20
233380.0
30
0
11
-57200.0
21
240400.0
31
0
0
LINE
8
electrical
10
-57200.0
20
233380.0
30
0
11
-57192.21
21
233380.0
31
0
0
LINE
8
electrical
10
-57192.21
20
233380.0
30
0
11
-57207.79
21
233380.0
31
0
0
LINE
8
electrical
10
-57207.79
20
233380.0
30
0
11
-57200.0
21
233380.0
31
0
0
LINE
8
electrical
10
-51800.0
20
240400.0
30
0
11
-51792.21
21
240400.0
31
0
0
LINE
8
electrical
10
-51792.21
20
240400.0
30
0
11
-51807.79
21
240400.0
31
0
0
LINE
8
electrical
10
-51807.79
20
240400.0
30
0
11
-51800.0
21
240400.0
31
0
0
LINE
8
electrical
10
-51800.0
20
233380.0
30
0
11
-51800.0
21
240400.0
31
0
0
LINE
8
electrical
10
-51800.0
20
233380.0
30
0
11
-51792.21
21
233380.0
31
0
0
LINE
8
electrical
10
-51792.21
20
233380.0
30
0
11
-51807.79
21
233380.0
31
0
0
LINE
8
electrical
10
-51807.79
20
233380.0
30
0
11
-51800.0
21
233380.0
31
0
0
LINE
8
electrical
10
-51187.0
20
232200.0
30
0
11
-51206.5
21
232211.26
31
0
0
LINE
8
electrical
10
-51206.5
20
232211.26
30
0
11
-51206.5
21
232188.74
31
0
0
LINE
8
electrical
10
-51206.5
20
232188.74
30
0
11
-51187.0
21
232200.0
31
0
0
LINE
8
electrical
10
-51863.72
20
233386.45
30
0
11
-51880.64
21
233376.77
31
0
0
LINE
8
electrical
10
-51880.64
20
233376.77
30
0
11
-51880.64
21
233376.77
31
0
0
LINE
8
electrical
10
-51880.64
20
233376.77
30
0
11
-51863.72
21
233386.45
31
0
0
LINE
8
electrical
10
-51188.72
20
232206.45
30
0
11
-51863.72
21
233386.45
31
0
0
LINE
8
electrical
10
-51188.72
20
232206.45
30
0
11
-51205.64
21
232196.77
31
0
0
LINE
8
electrical
10
-51205.64
20
232196.77
30
0
11
-51205.64
21
232196.77
31
0
0
LINE
8
electrical
10
-51205.64
20
232196.77
30
0
11
-51188.72
21
232206.45
31
0
0
LINE
8
electrical
10
-57125.0
20
233380.0
30
0
11
-57125.0
21
233368.74
31
0
0
LINE
8
electrical
10
-57125.0
20
233368.74
30
0
11
-57125.0
21
233391.26
31
0
0
LINE
8
electrical
10
-57125.0
20
233391.26
30
0
11
-57125.0
21
233380.0
31
0
0
LINE
8
electrical
10
-51875.0
20
233380.0
30
0
11
-57125.0
21
233380.0
31
0
0
LINE
8
electrical
10
-51875.0
20
233380.0
30
0
11
-51875.0
21
233368.74
31
0
0
LINE
8
electrical
10
-51875.0
20
233368.74
30
0
11
-51875.0
21
233391.26
31
0
0
LINE
8
electrical
10
-51875.0
20
233391.26
30
0
11
-51875.0
21
233380.0
31
0
0
LINE
8
electrical
10
-51200.0
20
232200.0
30
0
11
-51185.96
21
232200.0
31
0
0
LINE
8
electrical
10
-51185.96
20
232200.0
30
0
11
-51200.0
21
232200.0
31
0
0
LINE
8
electrical
10
-51875.0
20
233380.0
30
0
11
-51860.96
21
233380.0
31
0
0
LINE
8
electrical
10
-51860.96
20
233380.0
30
0
11
-51875.0
21
233380.0
31
0
0
LINE
8
electrical
10
-51187.0
20
232200.0
30
0
11
-51206.5
21
232211.26
31
0
0
LINE
8
electrical
10
-51206.5
20
232211.26
30
0
11
-51206.5
21
232188.74
31
0
0
LINE
8
electrical
10
-51206.5
20
232188.74
30
0
11
-51187.0
21
232200.0
31
0
0
LINE
8
electrical
10
-51863.46
20
233505.99
30
0
11
-51880.77
21
233497.0
31
0
0
LINE
8
electrical
10
-51880.77
20
233497.0
30
0
11
-51880.77
21
233497.0
31
0
0
LINE
8
electrical
10
-51880.77
20
233497.0
30
0
11
-51863.46
21
233505.99
31
0
0
LINE
8
electrical
10
-51188.46
20
232205.99
30
0
11
-51863.46
21
233505.99
31
0
0
LINE
8
electrical
10
-51188.46
20
232205.99
30
0
11
-51205.77
21
232197.0
31
0
0
LINE
8
electrical
10
-51205.77
20
232197.0
30
0
11
-51205.77
21
232197.0
31
0
0
LINE
8
electrical
10
-51205.77
20
232197.0
30
0
11
-51188.46
21
232205.99
31
0
0
LINE
8
electrical
10
-57125.0
20
233500.0
30
0
11
-57125.0
21
233488.74
31
0
0
LINE
8
electrical
10
-57125.0
20
233488.74
30
0
11
-57125.0
21
233511.26
31
0
0
LINE
8
electrical
10
-57125.0
20
233511.26
30
0
11
-57125.0
21
233500.0
31
0
0
LINE
8
electrical
10
-51875.0
20
233500.0
30
0
11
-57125.0
21
233500.0
31
0
0
LINE
8
electrical
10
-51875.0
20
233500.0
30
0
11
-51875.0
21
233488.74
31
0
0
LINE
8
electrical
10
-51875.0
20
233488.74
30
0
11
-51875.0
21
233511.26
31
0
0
LINE
8
electrical
10
-51875.0
20
233511.26
30
0
11
-51875.0
21
233500.0
31
0
0
LINE
8
electrical
10
-51200.0
20
232200.0
30
0
11
-51185.96
21
232200.0
31
0
0
LINE
8
electrical
10
-51185.96
20
232200.0
30
0
11
-51200.0
21
232200.0
31
0
0
LINE
8
electrical
10
-51875.0
20
233500.0
30
0
11
-51860.96
21
233500.0
31
0
0
LINE
8
electrical
10
-51860.96
20
233500.0
30
0
11
-51875.0
21
233500.0
31
0
0
LINE
8
electrical
10
-51187.0
20
232200.0
30
0
11
-51206.5
21
232211.26
31
0
0
LINE
8
electrical
10
-51206.5
20
232211.26
30
0
11
-51206.5
21
232188.74
31
0
0
LINE
8
electrical
10
-51206.5
20
232188.74
30
0
11
-51187.0
21
232200.0
31
0
0
LINE
8
electrical
10
-51863.26
20
233625.58
30
0
11
-51880.87
21
233617.21
31
0
0
LINE
8
electrical
10
-51880.87
20
233617.21
30
0
11
-51880.87
21
233617.21
31
0
0
LINE
8
electrical
10
-51880.87
20
233617.21
30
0
11
-51863.26
21
233625.58
31
0
0
LINE
8
electrical
10
-51188.26
20
232205.58
30
0
11
-51863.26
21
233625.58
31
0
0
LINE
8
electrical
10
-51188.26
20
232205.58
30
0
11
-51205.87
21
232197.21
31
0
0
LINE
8
electrical
10
-51205.87
20
232197.21
30
0
11
-51205.87
21
232197.21
31
0
0
LINE
8
electrical
10
-51205.87
20
232197.21
30
0
11
-51188.26
21
232205.58
31
0
0
LINE
8
electrical
10
-57125.0
20
233620.0
30
0
11
-57125.0
21
233608.74
31
0
0
LINE
8
electrical
10
-57125.0
20
233608.74
30
0
11
-57125.0
21
233631.26
31
0
0
LINE
8
electrical
10
-57125.0
20
233631.26
30
0
11
-57125.0
21
233620.0
31
0
0
LINE
8
electrical
10
-51875.0
20
233620.0
30
0
11
-57125.0
21
233620.0
31
0
0
LINE
8
electrical
10
-51875.0
20
233620.0
30
0
11
-51875.0
21
233608.74
31
0
0
LINE
8
electrical
10
-51875.0
20
233608.74
30
0
11
-51875.0
21
233631.26
31
0
0
LINE
8
electrical
10
-51875.0
20
233631.26
30
0
11
-51875.0
21
233620.0
31
0
0
LINE
8
electrical
10
-51200.0
20
232200.0
30
0
11
-51185.96
21
232200.0
31
0
0
LINE
8
electrical
10
-51185.96
20
232200.0
30
0
11
-51200.0
21
232200.0
31
0
0
LINE
8
electrical
10
-51875.0
20
233620.0
30
0
11
-51860.96
21
233620.0
31
0
0
LINE
8
electrical
10
-51860.96
20
233620.0
30
0
11
-51875.0
21
233620.0
31
0
0
LINE
8
electrical
10
-56815.0
20
232150.0
30
0
11
-56815.0
21
232210.0
31
0
0
LINE
8
electrical
10
-56685.0
20
232150.0
30
0
11
-56685.0
21
232210.0
31
0
0
LINE
8
electrical
10
-56815.0
20
232150.0
30
0
11
-56685.0
21
232150.0
31
0
0
LINE
8
electrical
10
-56815.0
20
232210.0
30
0
11
-56685.0
21
232210.0
31
0
0
LINE
8
electrical
10
-56741.0
20
232180.0
30
0
11
-56754.5
21
232187.79
31
0
0
LINE
8
electrical
10
-56754.5
20
232187.79
30
0
11
-56754.5
21
232172.21
31
0
0
LINE
8
electrical
10
-56754.5
20
232172.21
30
0
11
-56741.0
21
232180.0
31
0
0
LINE
8
electrical
10
-51200.0
20
232180.0
30
0
11
-51200.0
21
232172.21
31
0
0
LINE
8
electrical
10
-51200.0
20
232172.21
30
0
11
-51200.0
21
232187.79
31
0
0
LINE
8
electrical
10
-51200.0
20
232187.79
30
0
11
-51200.0
21
232180.0
31
0
0
LINE
8
electrical
10
-56750.0
20
232180.0
30
0
11
-51200.0
21
232180.0
31
0
0
LINE
8
electrical
10
-56750.0
20
232180.0
30
0
11
-56750.0
21
232172.21
31
0
0
LINE
8
electrical
10
-56750.0
20
232172.21
30
0
11
-56750.0
21
232187.79
31
0
0
LINE
8
electrical
10
-56750.0
20
232187.79
30
0
11
-56750.0
21
232180.0
31
0
0
LINE
8
electrical
10
-56750.0
20
232180.0
30
0
11
-56740.28
21
232180.0
31
0
0
LINE
8
electrical
10
-56740.28
20
232180.0
30
0
11
-56750.0
21
232180.0
31
0
0
LINE
8
electrical
10
-52315.0
20
232150.0
30
0
11
-52315.0
21
232210.0
31
0
0
LINE
8
electrical
10
-52185.0
20
232150.0
30
0
11
-52185.0
21
232210.0
31
0
0
LINE
8
electrical
10
-52315.0
20
232150.0
30
0
11
-52185.0
21
232150.0
31
0
0
LINE
8
electrical
10
-52315.0
20
232210.0
30
0
11
-52185.0
21
232210.0
31
0
0
LINE
8
electrical
10
-52241.0
20
232180.0
30
0
11
-52254.5
21
232187.79
31
0
0
LINE
8
electrical
10
-52254.5
20
232187.79
30
0
11
-52254.5
21
232172.21
31
0
0
LINE
8
electrical
10
-52254.5
20
232172.21
30
0
11
-52241.0
21
232180.0
31
0
0
LINE
8
electrical
10
-51200.0
20
232180.0
30
0
11
-51200.0
21
232172.21
31
0
0
LINE
8
electrical
10
-51200.0
20
232172.21
30
0
11
-51200.0
21
232187.79
31
0
0
LINE
8
electrical
10
-51200.0
20
232187.79
30
0
11
-51200.0
21
232180.0
31
0
0
LINE
8
electrical
10
-52250.0
20
232180.0
30
0
11
-51200.0
21
232180.0
31
0
0
LINE
8
electrical
10
-52250.0
20
232180.0
30
0
11
-52250.0
21
232172.21
31
0
0
LINE
8
electrical
10
-52250.0
20
232172.21
30
0
11
-52250.0
21
232187.79
31
0
0
LINE
8
electrical
10
-52250.0
20
232187.79
30
0
11
-52250.0
21
232180.0
31
0
0
LINE
8
electrical
10
-52250.0
20
232180.0
30
0
11
-52240.28
21
232180.0
31
0
0
LINE
8
electrical
10
-52240.28
20
232180.0
30
0
11
-52250.0
21
232180.0
31
0
0
LINE
8
hvac
10
-57775.0
20
232725.0
30
0
11
-57775.0
21
233475.0
31
0
0
LINE
8
hvac
10
-56125.0
20
232725.0
30
0
11
-56125.0
21
233475.0
31
0
0
LINE
8
hvac
10
-57775.0
20
232725.0
30
0
11
-56125.0
21
232725.0
31
0
0
LINE
8
hvac
10
-57775.0
20
233475.0
30
0
11
-56125.0
21
233475.0
31
0
0
LINE
8
hvac
10
-57675.0
20
232680.0
30
0
11
-57675.0
21
232720.0
31
0
0
LINE
8
hvac
10
-56225.0
20
232680.0
30
0
11
-56225.0
21
232720.0
31
0
0
LINE
8
hvac
10
-57675.0
20
232680.0
30
0
11
-56225.0
21
232680.0
31
0
0
LINE
8
hvac
10
-57675.0
20
232720.0
30
0
11
-56225.0
21
232720.0
31
0
0
LINE
8
hvac
10
-57610.0
20
232640.0
30
0
11
-57610.0
21
232700.0
31
0
0
LINE
8
hvac
10
-57570.0
20
232640.0
30
0
11
-57570.0
21
232700.0
31
0
0
LINE
8
hvac
10
-57610.0
20
232640.0
30
0
11
-57570.0
21
232640.0
31
0
0
LINE
8
hvac
10
-57610.0
20
232700.0
30
0
11
-57570.0
21
232700.0
31
0
0
LINE
8
hvac
10
-57450.0
20
232640.0
30
0
11
-57450.0
21
232700.0
31
0
0
LINE
8
hvac
10
-57410.0
20
232640.0
30
0
11
-57410.0
21
232700.0
31
0
0
LINE
8
hvac
10
-57450.0
20
232640.0
30
0
11
-57410.0
21
232640.0
31
0
0
LINE
8
hvac
10
-57450.0
20
232700.0
30
0
11
-57410.0
21
232700.0
31
0
0
LINE
8
hvac
10
-57290.0
20
232640.0
30
0
11
-57290.0
21
232700.0
31
0
0
LINE
8
hvac
10
-57250.0
20
232640.0
30
0
11
-57250.0
21
232700.0
31
0
0
LINE
8
hvac
10
-57290.0
20
232640.0
30
0
11
-57250.0
21
232640.0
31
0
0
LINE
8
hvac
10
-57290.0
20
232700.0
30
0
11
-57250.0
21
232700.0
31
0
0
LINE
8
hvac
10
-57130.0
20
232640.0
30
0
11
-57130.0
21
232700.0
31
0
0
LINE
8
hvac
10
-57090.0
20
232640.0
30
0
11
-57090.0
21
232700.0
31
0
0
LINE
8
hvac
10
-57130.0
20
232640.0
30
0
11
-57090.0
21
232640.0
31
0
0
LINE
8
hvac
10
-57130.0
20
232700.0
30
0
11
-57090.0
21
232700.0
31
0
0
LINE
8
hvac
10
-56970.0
20
232640.0
30
0
11
-56970.0
21
232700.0
31
0
0
LINE
8
hvac
10
-56930.0
20
232640.0
30
0
11
-56930.0
21
232700.0
31
0
0
LINE
8
hvac
10
-56970.0
20
232640.0
30
0
11
-56930.0
21
232640.0
31
0
0
LINE
8
hvac
10
-56970.0
20
232700.0
30
0
11
-56930.0
21
232700.0
31
0
0
LINE
8
hvac
10
-56810.0
20
232640.0
30
0
11
-56810.0
21
232700.0
31
0
0
LINE
8
hvac
10
-56770.0
20
232640.0
30
0
11
-56770.0
21
232700.0
31
0
0
LINE
8
hvac
10
-56810.0
20
232640.0
30
0
11
-56770.0
21
232640.0
31
0
0
LINE
8
hvac
10
-56810.0
20
232700.0
30
0
11
-56770.0
21
232700.0
31
0
0
LINE
8
hvac
10
-56650.0
20
232640.0
30
0
11
-56650.0
21
232700.0
31
0
0
LINE
8
hvac
10
-56610.0
20
232640.0
30
0
11
-56610.0
21
232700.0
31
0
0
LINE
8
hvac
10
-56650.0
20
232640.0
30
0
11
-56610.0
21
232640.0
31
0
0
LINE
8
hvac
10
-56650.0
20
232700.0
30
0
11
-56610.0
21
232700.0
31
0
0
LINE
8
hvac
10
-56490.0
20
232640.0
30
0
11
-56490.0
21
232700.0
31
0
0
LINE
8
hvac
10
-56450.0
20
232640.0
30
0
11
-56450.0
21
232700.0
31
0
0
LINE
8
hvac
10
-56490.0
20
232640.0
30
0
11
-56450.0
21
232640.0
31
0
0
LINE
8
hvac
10
-56490.0
20
232700.0
30
0
11
-56450.0
21
232700.0
31
0
0
LINE
8
hvac
10
-56330.0
20
232640.0
30
0
11
-56330.0
21
232700.0
31
0
0
LINE
8
hvac
10
-56290.0
20
232640.0
30
0
11
-56290.0
21
232700.0
31
0
0
LINE
8
hvac
10
-56330.0
20
232640.0
30
0
11
-56290.0
21
232640.0
31
0
0
LINE
8
hvac
10
-56330.0
20
232700.0
30
0
11
-56290.0
21
232700.0
31
0
0
LINE
8
hvac
10
-57175.0
20
232875.0
30
0
11
-57175.0
21
233325.0
31
0
0
LINE
8
hvac
10
-56725.0
20
232875.0
30
0
11
-56725.0
21
233325.0
31
0
0
LINE
8
hvac
10
-57175.0
20
232875.0
30
0
11
-56725.0
21
232875.0
31
0
0
LINE
8
hvac
10
-57175.0
20
233325.0
30
0
11
-56725.0
21
233325.0
31
0
0
LINE
8
hvac
10
-57125.0
20
236825.0
30
0
11
-57125.0
21
237175.0
31
0
0
LINE
8
hvac
10
-51875.0
20
236825.0
30
0
11
-51875.0
21
237175.0
31
0
0
LINE
8
hvac
10
-57125.0
20
236825.0
30
0
11
-51875.0
21
236825.0
31
0
0
LINE
8
hvac
10
-57125.0
20
237175.0
30
0
11
-51875.0
21
237175.0
31
0
0
LINE
8
hvac
10
-57125.0
20
232925.0
30
0
11
-57125.0
21
233275.0
31
0
0
LINE
8
hvac
10
-54325.0
20
232925.0
30
0
11
-54325.0
21
233275.0
31
0
0
LINE
8
hvac
10
-57125.0
20
232925.0
30
0
11
-54325.0
21
232925.0
31
0
0
LINE
8
hvac
10
-57125.0
20
233275.0
30
0
11
-54325.0
21
233275.0
31
0
0
LINE
8
hvac
10
-54675.0
20
232925.0
30
0
11
-54675.0
21
237175.0
31
0
0
LINE
8
hvac
10
-54325.0
20
232925.0
30
0
11
-54325.0
21
237175.0
31
0
0
LINE
8
hvac
10
-54675.0
20
232925.0
30
0
11
-54325.0
21
232925.0
31
0
0
LINE
8
hvac
10
-54675.0
20
237175.0
30
0
11
-54325.0
21
237175.0
31
0
0
LINE
8
hvac
10
-56350.0
20
236650.0
30
0
11
-56350.0
21
237350.0
31
0
0
LINE
8
hvac
10
-55650.0
20
236650.0
30
0
11
-55650.0
21
237350.0
31
0
0
LINE
8
hvac
10
-56350.0
20
236650.0
30
0
11
-55650.0
21
236650.0
31
0
0
LINE
8
hvac
10
-56350.0
20
237350.0
30
0
11
-55650.0
21
237350.0
31
0
0
LINE
8
hvac
10
-53350.0
20
236650.0
30
0
11
-53350.0
21
237350.0
31
0
0
LINE
8
hvac
10
-52650.0
20
236650.0
30
0
11
-52650.0
21
237350.0
31
0
0
LINE
8
hvac
10
-53350.0
20
236650.0
30
0
11
-52650.0
21
236650.0
31
0
0
LINE
8
hvac
10
-53350.0
20
237350.0
30
0
11
-52650.0
21
237350.0
31
0
0
LINE
8
sensors
10
-58210.0
20
234120.0
30
0
11
-58210.0
21
234280.0
31
0
0
LINE
8
sensors
10
-58110.0
20
234120.0
30
0
11
-58110.0
21
234280.0
31
0
0
LINE
8
sensors
10
-58210.0
20
234120.0
30
0
11
-58110.0
21
234120.0
31
0
0
LINE
8
sensors
10
-58210.0
20
234280.0
30
0
11
-58110.0
21
234280.0
31
0
0
LINE
8
sensors
10
-58105.0
20
234145.0
30
0
11
-58105.0
21
234255.0
31
0
0
LINE
8
sensors
10
-58085.0
20
234145.0
30
0
11
-58085.0
21
234255.0
31
0
0
LINE
8
sensors
10
-58105.0
20
234145.0
30
0
11
-58085.0
21
234145.0
31
0
0
LINE
8
sensors
10
-58105.0
20
234255.0
30
0
11
-58085.0
21
234255.0
31
0
0
LINE
8
sensors
10
-58210.0
20
234420.0
30
0
11
-58210.0
21
234580.0
31
0
0
LINE
8
sensors
10
-58110.0
20
234420.0
30
0
11
-58110.0
21
234580.0
31
0
0
LINE
8
sensors
10
-58210.0
20
234420.0
30
0
11
-58110.0
21
234420.0
31
0
0
LINE
8
sensors
10
-58210.0
20
234580.0
30
0
11
-58110.0
21
234580.0
31
0
0
LINE
8
sensors
10
-58105.0
20
234445.0
30
0
11
-58105.0
21
234555.0
31
0
0
LINE
8
sensors
10
-58085.0
20
234445.0
30
0
11
-58085.0
21
234555.0
31
0
0
LINE
8
sensors
10
-58105.0
20
234445.0
30
0
11
-58085.0
21
234445.0
31
0
0
LINE
8
sensors
10
-58105.0
20
234555.0
30
0
11
-58085.0
21
234555.0
31
0
0
LINE
8
sensors
10
-58210.0
20
234720.0
30
0
11
-58210.0
21
234880.0
31
0
0
LINE
8
sensors
10
-58110.0
20
234720.0
30
0
11
-58110.0
21
234880.0
31
0
0
LINE
8
sensors
10
-58210.0
20
234720.0
30
0
11
-58110.0
21
234720.0
31
0
0
LINE
8
sensors
10
-58210.0
20
234880.0
30
0
11
-58110.0
21
234880.0
31
0
0
LINE
8
sensors
10
-58105.0
20
234745.0
30
0
11
-58105.0
21
234855.0
31
0
0
LINE
8
sensors
10
-58085.0
20
234745.0
30
0
11
-58085.0
21
234855.0
31
0
0
LINE
8
sensors
10
-58105.0
20
234745.0
30
0
11
-58085.0
21
234745.0
31
0
0
LINE
8
sensors
10
-58105.0
20
234855.0
30
0
11
-58085.0
21
234855.0
31
0
0
LINE
8
sensors
10
-54420.0
20
237000.0
30
0
11
-54500.0
21
237080.0
31
0
0
LINE
8
sensors
10
-54500.0
20
237080.0
30
0
11
-54580.0
21
237000.0
31
0
0
LINE
8
sensors
10
-54580.0
20
237000.0
30
0
11
-54500.0
21
236920.0
31
0
0
LINE
8
sensors
10
-54500.0
20
236920.0
30
0
11
-54420.0
21
237000.0
31
0
0
LINE
8
sensors
10
-54500.0
20
237000.0
30
0
11
-54435.0
21
237000.0
31
0
0
LINE
8
sensors
10
-54435.0
20
237000.0
30
0
11
-54500.0
21
237000.0
31
0
0
LINE
8
sensors
10
-58210.0
20
235320.0
30
0
11
-58210.0
21
235480.0
31
0
0
LINE
8
sensors
10
-58110.0
20
235320.0
30
0
11
-58110.0
21
235480.0
31
0
0
LINE
8
sensors
10
-58210.0
20
235320.0
30
0
11
-58110.0
21
235320.0
31
0
0
LINE
8
sensors
10
-58210.0
20
235480.0
30
0
11
-58110.0
21
235480.0
31
0
0
LINE
8
sensors
10
-58105.0
20
235345.0
30
0
11
-58105.0
21
235455.0
31
0
0
LINE
8
sensors
10
-58085.0
20
235345.0
30
0
11
-58085.0
21
235455.0
31
0
0
LINE
8
sensors
10
-58105.0
20
235345.0
30
0
11
-58085.0
21
235345.0
31
0
0
LINE
8
sensors
10
-58105.0
20
235455.0
30
0
11
-58085.0
21
235455.0
31
0
0
LINE
8
interiors
10
50750.0
20
232000.0
30
0
11
50750.0
21
242000.0
31
0
0
LINE
8
interiors
10
50750.0
20
232000.0
30
0
11
53300.0
21
232000.0
31
0
0
LINE
8
interiors
10
53300.0
20
232000.0
30
0
11
55700.0
21
232000.0
31
0
0
LINE
8
interiors
10
55700.0
20
232000.0
30
0
11
58250.0
21
232000.0
31
0
0
LINE
8
interiors
10
50750.0
20
232000.0
30
0
11
58250.0
21
232000.0
31
0
0
LINE
8
interiors
10
50750.0
20
242000.0
30
0
11
58250.0
21
242000.0
31
0
0
LINE
8
interiors
10
58250.0
20
232000.0
30
0
11
58250.0
21
242000.0
31
0
0
LINE
8
interiors
10
58130.0
20
232120.0
30
0
11
50870.0
21
232120.0
31
0
0
LINE
8
interiors
10
58130.0
20
232120.0
30
0
11
58130.0
21
241880.0
31
0
0
LINE
8
interiors
10
58130.0
20
241880.0
30
0
11
50870.0
21
241880.0
31
0
0
LINE
8
interiors
10
50870.0
20
232120.0
30
0
11
50870.0
21
241880.0
31
0
0
LINE
8
interiors
10
52550.0
20
242000.0
30
0
11
56450.0
21
242000.0
31
0
0
LINE
8
interiors
10
55700.0
20
232000.0
30
0
11
55700.0
21
232120.0
31
0
0
LINE
8
interiors
10
58130.0
20
232120.0
30
0
11
55700.0
21
232120.0
31
0
0
LINE
8
interiors
10
53300.0
20
232120.0
30
0
11
50870.0
21
232120.0
31
0
0
LINE
8
interiors
10
53300.0
20
232000.0
30
0
11
53300.0
21
232120.0
31
0
0
LINE
8
interiors
10
53300.0
20
232120.0
30
0
11
55700.0
21
232120.0
31
0
0
LINE
8
interiors
10
52550.0
20
241880.0
30
0
11
56450.0
21
241880.0
31
0
0
LINE
8
interiors
10
52550.0
20
241880.0
30
0
11
52550.0
21
242000.0
31
0
0
LINE
8
interiors
10
56450.0
20
241880.0
30
0
11
56450.0
21
242000.0
31
0
0
LINE
8
interiors
10
52550.0
20
241977.5
30
0
11
52550.0
21
242022.5
31
0
0
LINE
8
interiors
10
56450.0
20
241977.5
30
0
11
56450.0
21
242022.5
31
0
0
LINE
8
interiors
10
52550.0
20
241977.5
30
0
11
56450.0
21
241977.5
31
0
0
LINE
8
interiors
10
52550.0
20
242022.5
30
0
11
56450.0
21
242022.5
31
0
0
LINE
8
interiors
10
50875.0
20
232125.0
30
0
11
50875.0
21
241875.0
31
0
0
LINE
8
interiors
10
58125.0
20
232125.0
30
0
11
58125.0
21
241875.0
31
0
0
LINE
8
interiors
10
50875.0
20
232125.0
30
0
11
58125.0
21
232125.0
31
0
0
LINE
8
interiors
10
50875.0
20
241875.0
30
0
11
58125.0
21
241875.0
31
0
0
LINE
8
interiors
10
53345.0
20
231880.0
30
0
11
53345.0
21
232120.0
31
0
0
LINE
8
interiors
10
53415.0
20
231880.0
30
0
11
53415.0
21
232120.0
31
0
0
LINE
8
interiors
10
53345.0
20
231880.0
30
0
11
53415.0
21
231880.0
31
0
0
LINE
8
interiors
10
53345.0
20
232120.0
30
0
11
53415.0
21
232120.0
31
0
0
LINE
8
interiors
10
55585.0
20
231880.0
30
0
11
55585.0
21
232120.0
31
0
0
LINE
8
interiors
10
55655.0
20
231880.0
30
0
11
55655.0
21
232120.0
31
0
0
LINE
8
interiors
10
55585.0
20
231880.0
30
0
11
55655.0
21
231880.0
31
0
0
LINE
8
interiors
10
55585.0
20
232120.0
30
0
11
55655.0
21
232120.0
31
0
0
LINE
8
interiors
10
53350.0
20
231880.0
30
0
11
53350.0
21
232120.0
31
0
0
LINE
8
interiors
10
55650.0
20
231880.0
30
0
11
55650.0
21
232120.0
31
0
0
LINE
8
interiors
10
53350.0
20
231880.0
30
0
11
55650.0
21
231880.0
31
0
0
LINE
8
interiors
10
53350.0
20
232120.0
30
0
11
55650.0
21
232120.0
31
0
0
LINE
8
interiors
10
53430.39
20
232090.49
30
0
11
53389.61
21
232109.51
31
0
0
LINE
8
interiors
10
53886.82
20
233069.3
30
0
11
53846.04
21
233088.32
31
0
0
LINE
8
interiors
10
53430.39
20
232090.49
30
0
11
53886.82
21
233069.3
31
0
0
LINE
8
interiors
10
53389.61
20
232109.51
30
0
11
53846.04
21
233088.32
31
0
0
LINE
8
electrical
10
57525.0
20
232075.0
30
0
11
57525.0
21
232325.0
31
0
0
LINE
8
electrical
10
58075.0
20
232075.0
30
0
11
58075.0
21
232325.0
31
0
0
LINE
8
electrical
10
57525.0
20
232075.0
30
0
11
58075.0
21
232075.0
31
0
0
LINE
8
electrical
10
57525.0
20
232325.0
30
0
11
58075.0
21
232325.0
31
0
0
LINE
8
electrical
10
57565.0
20
232047.5
30
0
11
57565.0
21
232082.5
31
0
0
LINE
8
electrical
10
58035.0
20
232047.5
30
0
11
58035.0
21
232082.5
31
0
0
LINE
8
electrical
10
57565.0
20
232047.5
30
0
11
58035.0
21
232047.5
31
0
0
LINE
8
electrical
10
57565.0
20
232082.5
30
0
11
58035.0
21
232082.5
31
0
0
LINE
8
electrical
10
57612.5
20
232010.0
30
0
11
57612.5
21
232050.0
31
0
0
LINE
8
electrical
10
57712.5
20
232010.0
30
0
11
57712.5
21
232050.0
31
0
0
LINE
8
electrical
10
57612.5
20
232010.0
30
0
11
57712.5
21
232010.0
31
0
0
LINE
8
electrical
10
57612.5
20
232050.0
30
0
11
57712.5
21
232050.0
31
0
0
LINE
8
electrical
10
57750.0
20
232010.0
30
0
11
57750.0
21
232050.0
31
0
0
LINE
8
electrical
10
57850.0
20
232010.0
30
0
11
57850.0
21
232050.0
31
0
0
LINE
8
electrical
10
57750.0
20
232010.0
30
0
11
57850.0
21
232010.0
31
0
0
LINE
8
electrical
10
57750.0
20
232050.0
30
0
11
57850.0
21
232050.0
31
0
0
LINE
8
electrical
10
57887.5
20
232010.0
30
0
11
57887.5
21
232050.0
31
0
0
LINE
8
electrical
10
57987.5
20
232010.0
30
0
11
57987.5
21
232050.0
31
0
0
LINE
8
electrical
10
57887.5
20
232010.0
30
0
11
57987.5
21
232010.0
31
0
0
LINE
8
electrical
10
57887.5
20
232050.0
30
0
11
57987.5
21
232050.0
31
0
0
LINE
8
electrical
10
57662.5
20
231995.0
30
0
11
57685.88
21
231995.0
31
0
0
LINE
8
electrical
10
57685.88
20
231995.0
30
0
11
57639.12
21
231995.0
31
0
0
LINE
8
electrical
10
57639.12
20
231995.0
30
0
11
57662.5
21
231995.0
31
0
0
LINE
8
electrical
10
57662.5
20
232020.0
30
0
11
57662.5
21
231995.0
31
0
0
LINE
8
electrical
10
57662.5
20
232020.0
30
0
11
57685.88
21
232020.0
31
0
0
LINE
8
electrical
10
57685.88
20
232020.0
30
0
11
57639.12
21
232020.0
31
0
0
LINE
8
electrical
10
57639.12
20
232020.0
30
0
11
57662.5
21
232020.0
31
0
0
LINE
8
electrical
10
57800.0
20
231995.0
30
0
11
57823.38
21
231995.0
31
0
0
LINE
8
electrical
10
57823.38
20
231995.0
30
0
11
57776.62
21
231995.0
31
0
0
LINE
8
electrical
10
57776.62
20
231995.0
30
0
11
57800.0
21
231995.0
31
0
0
LINE
8
electrical
10
57800.0
20
232020.0
30
0
11
57800.0
21
231995.0
31
0
0
LINE
8
electrical
10
57800.0
20
232020.0
30
0
11
57823.38
21
232020.0
31
0
0
LINE
8
electrical
10
57823.38
20
232020.0
30
0
11
57776.62
21
232020.0
31
0
0
LINE
8
electrical
10
57776.62
20
232020.0
30
0
11
57800.0
21
232020.0
31
0
0
LINE
8
electrical
10
57937.5
20
231995.0
30
0
11
57960.88
21
231995.0
31
0
0
LINE
8
electrical
10
57960.88
20
231995.0
30
0
11
57914.12
21
231995.0
31
0
0
LINE
8
electrical
10
57914.12
20
231995.0
30
0
11
57937.5
21
231995.0
31
0
0
LINE
8
electrical
10
57937.5
20
232020.0
30
0
11
57937.5
21
231995.0
31
0
0
LINE
8
electrical
10
57937.5
20
232020.0
30
0
11
57960.88
21
232020.0
31
0
0
LINE
8
electrical
10
57960.88
20
232020.0
30
0
11
57914.12
21
232020.0
31
0
0
LINE
8
electrical
10
57914.12
20
232020.0
30
0
11
57937.5
21
232020.0
31
0
0
LINE
8
electrical
10
57800.0
20
232200.0
30
0
11
57815.59
21
232200.0
31
0
0
LINE
8
electrical
10
57815.59
20
232200.0
30
0
11
57784.41
21
232200.0
31
0
0
LINE
8
electrical
10
57784.41
20
232200.0
30
0
11
57800.0
21
232200.0
31
0
0
LINE
8
electrical
10
57800.0
20
220200.0
30
0
11
57800.0
21
232200.0
31
0
0
LINE
8
electrical
10
57800.0
20
220200.0
30
0
11
57815.59
21
220200.0
31
0
0
LINE
8
electrical
10
57815.59
20
220200.0
30
0
11
57784.41
21
220200.0
31
0
0
LINE
8
electrical
10
57784.41
20
220200.0
30
0
11
57800.0
21
220200.0
31
0
0
LINE
8
electrical
10
57782.0
20
232200.0
30
0
11
57809.0
21
232215.59
31
0
0
LINE
8
electrical
10
57809.0
20
232215.59
30
0
11
57809.0
21
232184.41
31
0
0
LINE
8
electrical
10
57809.0
20
232184.41
30
0
11
57782.0
21
232200.0
31
0
0
LINE
8
electrical
10
57800.0
20
232200.0
30
0
11
57819.44
21
232200.0
31
0
0
LINE
8
electrical
10
57819.44
20
232200.0
30
0
11
57800.0
21
232200.0
31
0
0
LINE
8
lighting
10
51480.0
20
233280.0
30
0
11
51480.0
21
233920.0
31
0
0
LINE
8
lighting
10
52120.0
20
233280.0
30
0
11
52120.0
21
233920.0
31
0
0
LINE
8
lighting
10
51480.0
20
233280.0
30
0
11
52120.0
21
233280.0
31
0
0
LINE
8
lighting
10
51480.0
20
233920.0
30
0
11
52120.0
21
233920.0
31
0
0
LINE
8
lighting
10
51520.0
20
233320.0
30
0
11
51520.0
21
233880.0
31
0
0
LINE
8
lighting
10
52080.0
20
233320.0
30
0
11
52080.0
21
233880.0
31
0
0
LINE
8
lighting
10
51520.0
20
233320.0
30
0
11
52080.0
21
233320.0
31
0
0
LINE
8
lighting
10
51520.0
20
233880.0
30
0
11
52080.0
21
233880.0
31
0
0
LINE
8
lighting
10
51554.0
20
233330.0
30
0
11
51554.0
21
233870.0
31
0
0
LINE
8
lighting
10
51566.0
20
233330.0
30
0
11
51566.0
21
233870.0
31
0
0
LINE
8
lighting
10
51554.0
20
233330.0
30
0
11
51566.0
21
233330.0
31
0
0
LINE
8
lighting
10
51554.0
20
233870.0
30
0
11
51566.0
21
233870.0
31
0
0
LINE
8
lighting
10
51634.0
20
233330.0
30
0
11
51634.0
21
233870.0
31
0
0
LINE
8
lighting
10
51646.0
20
233330.0
30
0
11
51646.0
21
233870.0
31
0
0
LINE
8
lighting
10
51634.0
20
233330.0
30
0
11
51646.0
21
233330.0
31
0
0
LINE
8
lighting
10
51634.0
20
233870.0
30
0
11
51646.0
21
233870.0
31
0
0
LINE
8
lighting
10
51714.0
20
233330.0
30
0
11
51714.0
21
233870.0
31
0
0
LINE
8
lighting
10
51726.0
20
233330.0
30
0
11
51726.0
21
233870.0
31
0
0
LINE
8
lighting
10
51714.0
20
233330.0
30
0
11
51726.0
21
233330.0
31
0
0
LINE
8
lighting
10
51714.0
20
233870.0
30
0
11
51726.0
21
233870.0
31
0
0
LINE
8
lighting
10
51794.0
20
233330.0
30
0
11
51794.0
21
233870.0
31
0
0
LINE
8
lighting
10
51806.0
20
233330.0
30
0
11
51806.0
21
233870.0
31
0
0
LINE
8
lighting
10
51794.0
20
233330.0
30
0
11
51806.0
21
233330.0
31
0
0
LINE
8
lighting
10
51794.0
20
233870.0
30
0
11
51806.0
21
233870.0
31
0
0
LINE
8
lighting
10
51874.0
20
233330.0
30
0
11
51874.0
21
233870.0
31
0
0
LINE
8
lighting
10
51886.0
20
233330.0
30
0
11
51886.0
21
233870.0
31
0
0
LINE
8
lighting
10
51874.0
20
233330.0
30
0
11
51886.0
21
233330.0
31
0
0
LINE
8
lighting
10
51874.0
20
233870.0
30
0
11
51886.0
21
233870.0
31
0
0
LINE
8
lighting
10
51954.0
20
233330.0
30
0
11
51954.0
21
233870.0
31
0
0
LINE
8
lighting
10
51966.0
20
233330.0
30
0
11
51966.0
21
233870.0
31
0
0
LINE
8
lighting
10
51954.0
20
233330.0
30
0
11
51966.0
21
233330.0
31
0
0
LINE
8
lighting
10
51954.0
20
233870.0
30
0
11
51966.0
21
233870.0
31
0
0
LINE
8
lighting
10
52034.0
20
233330.0
30
0
11
52034.0
21
233870.0
31
0
0
LINE
8
lighting
10
52046.0
20
233330.0
30
0
11
52046.0
21
233870.0
31
0
0
LINE
8
lighting
10
52034.0
20
233330.0
30
0
11
52046.0
21
233330.0
31
0
0
LINE
8
lighting
10
52034.0
20
233870.0
30
0
11
52046.0
21
233870.0
31
0
0
LINE
8
lighting
10
51809.0
20
233600.0
30
0
11
51795.5
21
233607.79
31
0
0
LINE
8
lighting
10
51795.5
20
233607.79
30
0
11
51795.5
21
233592.21
31
0
0
LINE
8
lighting
10
51795.5
20
233592.21
30
0
11
51809.0
21
233600.0
31
0
0
LINE
8
lighting
10
56880.0
20
233280.0
30
0
11
56880.0
21
233920.0
31
0
0
LINE
8
lighting
10
57520.0
20
233280.0
30
0
11
57520.0
21
233920.0
31
0
0
LINE
8
lighting
10
56880.0
20
233280.0
30
0
11
57520.0
21
233280.0
31
0
0
LINE
8
lighting
10
56880.0
20
233920.0
30
0
11
57520.0
21
233920.0
31
0
0
LINE
8
lighting
10
56920.0
20
233320.0
30
0
11
56920.0
21
233880.0
31
0
0
LINE
8
lighting
10
57480.0
20
233320.0
30
0
11
57480.0
21
233880.0
31
0
0
LINE
8
lighting
10
56920.0
20
233320.0
30
0
11
57480.0
21
233320.0
31
0
0
LINE
8
lighting
10
56920.0
20
233880.0
30
0
11
57480.0
21
233880.0
31
0
0
LINE
8
lighting
10
56954.0
20
233330.0
30
0
11
56954.0
21
233870.0
31
0
0
LINE
8
lighting
10
56966.0
20
233330.0
30
0
11
56966.0
21
233870.0
31
0
0
LINE
8
lighting
10
56954.0
20
233330.0
30
0
11
56966.0
21
233330.0
31
0
0
LINE
8
lighting
10
56954.0
20
233870.0
30
0
11
56966.0
21
233870.0
31
0
0
LINE
8
lighting
10
57034.0
20
233330.0
30
0
11
57034.0
21
233870.0
31
0
0
LINE
8
lighting
10
57046.0
20
233330.0
30
0
11
57046.0
21
233870.0
31
0
0
LINE
8
lighting
10
57034.0
20
233330.0
30
0
11
57046.0
21
233330.0
31
0
0
LINE
8
lighting
10
57034.0
20
233870.0
30
0
11
57046.0
21
233870.0
31
0
0
LINE
8
lighting
10
57114.0
20
233330.0
30
0
11
57114.0
21
233870.0
31
0
0
LINE
8
lighting
10
57126.0
20
233330.0
30
0
11
57126.0
21
233870.0
31
0
0
LINE
8
lighting
10
57114.0
20
233330.0
30
0
11
57126.0
21
233330.0
31
0
0
LINE
8
lighting
10
57114.0
20
233870.0
30
0
11
57126.0
21
233870.0
31
0
0
LINE
8
lighting
10
57194.0
20
233330.0
30
0
11
57194.0
21
233870.0
31
0
0
LINE
8
lighting
10
57206.0
20
233330.0
30
0
11
57206.0
21
233870.0
31
0
0
LINE
8
lighting
10
57194.0
20
233330.0
30
0
11
57206.0
21
233330.0
31
0
0
LINE
8
lighting
10
57194.0
20
233870.0
30
0
11
57206.0
21
233870.0
31
0
0
LINE
8
lighting
10
57274.0
20
233330.0
30
0
11
57274.0
21
233870.0
31
0
0
LINE
8
lighting
10
57286.0
20
233330.0
30
0
11
57286.0
21
233870.0
31
0
0
LINE
8
lighting
10
57274.0
20
233330.0
30
0
11
57286.0
21
233330.0
31
0
0
LINE
8
lighting
10
57274.0
20
233870.0
30
0
11
57286.0
21
233870.0
31
0
0
LINE
8
lighting
10
57354.0
20
233330.0
30
0
11
57354.0
21
233870.0
31
0
0
LINE
8
lighting
10
57366.0
20
233330.0
30
0
11
57366.0
21
233870.0
31
0
0
LINE
8
lighting
10
57354.0
20
233330.0
30
0
11
57366.0
21
233330.0
31
0
0
LINE
8
lighting
10
57354.0
20
233870.0
30
0
11
57366.0
21
233870.0
31
0
0
LINE
8
lighting
10
57434.0
20
233330.0
30
0
11
57434.0
21
233870.0
31
0
0
LINE
8
lighting
10
57446.0
20
233330.0
30
0
11
57446.0
21
233870.0
31
0
0
LINE
8
lighting
10
57434.0
20
233330.0
30
0
11
57446.0
21
233330.0
31
0
0
LINE
8
lighting
10
57434.0
20
233870.0
30
0
11
57446.0
21
233870.0
31
0
0
LINE
8
lighting
10
57209.0
20
233600.0
30
0
11
57195.5
21
233607.79
31
0
0
LINE
8
lighting
10
57195.5
20
233607.79
30
0
11
57195.5
21
233592.21
31
0
0
LINE
8
lighting
10
57195.5
20
233592.21
30
0
11
57209.0
21
233600.0
31
0
0
LINE
8
lighting
10
51480.0
20
240080.0
30
0
11
51480.0
21
240720.0
31
0
0
LINE
8
lighting
10
52120.0
20
240080.0
30
0
11
52120.0
21
240720.0
31
0
0
LINE
8
lighting
10
51480.0
20
240080.0
30
0
11
52120.0
21
240080.0
31
0
0
LINE
8
lighting
10
51480.0
20
240720.0
30
0
11
52120.0
21
240720.0
31
0
0
LINE
8
lighting
10
51520.0
20
240120.0
30
0
11
51520.0
21
240680.0
31
0
0
LINE
8
lighting
10
52080.0
20
240120.0
30
0
11
52080.0
21
240680.0
31
0
0
LINE
8
lighting
10
51520.0
20
240120.0
30
0
11
52080.0
21
240120.0
31
0
0
LINE
8
lighting
10
51520.0
20
240680.0
30
0
11
52080.0
21
240680.0
31
0
0
LINE
8
lighting
10
51554.0
20
240130.0
30
0
11
51554.0
21
240670.0
31
0
0
LINE
8
lighting
10
51566.0
20
240130.0
30
0
11
51566.0
21
240670.0
31
0
0
LINE
8
lighting
10
51554.0
20
240130.0
30
0
11
51566.0
21
240130.0
31
0
0
LINE
8
lighting
10
51554.0
20
240670.0
30
0
11
51566.0
21
240670.0
31
0
0
LINE
8
lighting
10
51634.0
20
240130.0
30
0
11
51634.0
21
240670.0
31
0
0
LINE
8
lighting
10
51646.0
20
240130.0
30
0
11
51646.0
21
240670.0
31
0
0
LINE
8
lighting
10
51634.0
20
240130.0
30
0
11
51646.0
21
240130.0
31
0
0
LINE
8
lighting
10
51634.0
20
240670.0
30
0
11
51646.0
21
240670.0
31
0
0
LINE
8
lighting
10
51714.0
20
240130.0
30
0
11
51714.0
21
240670.0
31
0
0
LINE
8
lighting
10
51726.0
20
240130.0
30
0
11
51726.0
21
240670.0
31
0
0
LINE
8
lighting
10
51714.0
20
240130.0
30
0
11
51726.0
21
240130.0
31
0
0
LINE
8
lighting
10
51714.0
20
240670.0
30
0
11
51726.0
21
240670.0
31
0
0
LINE
8
lighting
10
51794.0
20
240130.0
30
0
11
51794.0
21
240670.0
31
0
0
LINE
8
lighting
10
51806.0
20
240130.0
30
0
11
51806.0
21
240670.0
31
0
0
LINE
8
lighting
10
51794.0
20
240130.0
30
0
11
51806.0
21
240130.0
31
0
0
LINE
8
lighting
10
51794.0
20
240670.0
30
0
11
51806.0
21
240670.0
31
0
0
LINE
8
lighting
10
51874.0
20
240130.0
30
0
11
51874.0
21
240670.0
31
0
0
LINE
8
lighting
10
51886.0
20
240130.0
30
0
11
51886.0
21
240670.0
31
0
0
LINE
8
lighting
10
51874.0
20
240130.0
30
0
11
51886.0
21
240130.0
31
0
0
LINE
8
lighting
10
51874.0
20
240670.0
30
0
11
51886.0
21
240670.0
31
0
0
LINE
8
lighting
10
51954.0
20
240130.0
30
0
11
51954.0
21
240670.0
31
0
0
LINE
8
lighting
10
51966.0
20
240130.0
30
0
11
51966.0
21
240670.0
31
0
0
LINE
8
lighting
10
51954.0
20
240130.0
30
0
11
51966.0
21
240130.0
31
0
0
LINE
8
lighting
10
51954.0
20
240670.0
30
0
11
51966.0
21
240670.0
31
0
0
LINE
8
lighting
10
52034.0
20
240130.0
30
0
11
52034.0
21
240670.0
31
0
0
LINE
8
lighting
10
52046.0
20
240130.0
30
0
11
52046.0
21
240670.0
31
0
0
LINE
8
lighting
10
52034.0
20
240130.0
30
0
11
52046.0
21
240130.0
31
0
0
LINE
8
lighting
10
52034.0
20
240670.0
30
0
11
52046.0
21
240670.0
31
0
0
LINE
8
lighting
10
51809.0
20
240400.0
30
0
11
51795.5
21
240407.79
31
0
0
LINE
8
lighting
10
51795.5
20
240407.79
30
0
11
51795.5
21
240392.21
31
0
0
LINE
8
lighting
10
51795.5
20
240392.21
30
0
11
51809.0
21
240400.0
31
0
0
LINE
8
lighting
10
56880.0
20
240080.0
30
0
11
56880.0
21
240720.0
31
0
0
LINE
8
lighting
10
57520.0
20
240080.0
30
0
11
57520.0
21
240720.0
31
0
0
LINE
8
lighting
10
56880.0
20
240080.0
30
0
11
57520.0
21
240080.0
31
0
0
LINE
8
lighting
10
56880.0
20
240720.0
30
0
11
57520.0
21
240720.0
31
0
0
LINE
8
lighting
10
56920.0
20
240120.0
30
0
11
56920.0
21
240680.0
31
0
0
LINE
8
lighting
10
57480.0
20
240120.0
30
0
11
57480.0
21
240680.0
31
0
0
LINE
8
lighting
10
56920.0
20
240120.0
30
0
11
57480.0
21
240120.0
31
0
0
LINE
8
lighting
10
56920.0
20
240680.0
30
0
11
57480.0
21
240680.0
31
0
0
LINE
8
lighting
10
56954.0
20
240130.0
30
0
11
56954.0
21
240670.0
31
0
0
LINE
8
lighting
10
56966.0
20
240130.0
30
0
11
56966.0
21
240670.0
31
0
0
LINE
8
lighting
10
56954.0
20
240130.0
30
0
11
56966.0
21
240130.0
31
0
0
LINE
8
lighting
10
56954.0
20
240670.0
30
0
11
56966.0
21
240670.0
31
0
0
LINE
8
lighting
10
57034.0
20
240130.0
30
0
11
57034.0
21
240670.0
31
0
0
LINE
8
lighting
10
57046.0
20
240130.0
30
0
11
57046.0
21
240670.0
31
0
0
LINE
8
lighting
10
57034.0
20
240130.0
30
0
11
57046.0
21
240130.0
31
0
0
LINE
8
lighting
10
57034.0
20
240670.0
30
0
11
57046.0
21
240670.0
31
0
0
LINE
8
lighting
10
57114.0
20
240130.0
30
0
11
57114.0
21
240670.0
31
0
0
LINE
8
lighting
10
57126.0
20
240130.0
30
0
11
57126.0
21
240670.0
31
0
0
LINE
8
lighting
10
57114.0
20
240130.0
30
0
11
57126.0
21
240130.0
31
0
0
LINE
8
lighting
10
57114.0
20
240670.0
30
0
11
57126.0
21
240670.0
31
0
0
LINE
8
lighting
10
57194.0
20
240130.0
30
0
11
57194.0
21
240670.0
31
0
0
LINE
8
lighting
10
57206.0
20
240130.0
30
0
11
57206.0
21
240670.0
31
0
0
LINE
8
lighting
10
57194.0
20
240130.0
30
0
11
57206.0
21
240130.0
31
0
0
LINE
8
lighting
10
57194.0
20
240670.0
30
0
11
57206.0
21
240670.0
31
0
0
LINE
8
lighting
10
57274.0
20
240130.0
30
0
11
57274.0
21
240670.0
31
0
0
LINE
8
lighting
10
57286.0
20
240130.0
30
0
11
57286.0
21
240670.0
31
0
0
LINE
8
lighting
10
57274.0
20
240130.0
30
0
11
57286.0
21
240130.0
31
0
0
LINE
8
lighting
10
57274.0
20
240670.0
30
0
11
57286.0
21
240670.0
31
0
0
LINE
8
lighting
10
57354.0
20
240130.0
30
0
11
57354.0
21
240670.0
31
0
0
LINE
8
lighting
10
57366.0
20
240130.0
30
0
11
57366.0
21
240670.0
31
0
0
LINE
8
lighting
10
57354.0
20
240130.0
30
0
11
57366.0
21
240130.0
31
0
0
LINE
8
lighting
10
57354.0
20
240670.0
30
0
11
57366.0
21
240670.0
31
0
0
LINE
8
lighting
10
57434.0
20
240130.0
30
0
11
57434.0
21
240670.0
31
0
0
LINE
8
lighting
10
57446.0
20
240130.0
30
0
11
57446.0
21
240670.0
31
0
0
LINE
8
lighting
10
57434.0
20
240130.0
30
0
11
57446.0
21
240130.0
31
0
0
LINE
8
lighting
10
57434.0
20
240670.0
30
0
11
57446.0
21
240670.0
31
0
0
LINE
8
lighting
10
57209.0
20
240400.0
30
0
11
57195.5
21
240407.79
31
0
0
LINE
8
lighting
10
57195.5
20
240407.79
30
0
11
57195.5
21
240392.21
31
0
0
LINE
8
lighting
10
57195.5
20
240392.21
30
0
11
57209.0
21
240400.0
31
0
0
LINE
8
electrical
10
51800.0
20
233380.0
30
0
11
51800.0
21
233372.21
31
0
0
LINE
8
electrical
10
51800.0
20
233372.21
30
0
11
51800.0
21
233387.79
31
0
0
LINE
8
electrical
10
51800.0
20
233387.79
30
0
11
51800.0
21
233380.0
31
0
0
LINE
8
electrical
10
57800.0
20
233380.0
30
0
11
51800.0
21
233380.0
31
0
0
LINE
8
electrical
10
57800.0
20
233380.0
30
0
11
57800.0
21
233372.21
31
0
0
LINE
8
electrical
10
57800.0
20
233372.21
30
0
11
57800.0
21
233387.79
31
0
0
LINE
8
electrical
10
57800.0
20
233387.79
30
0
11
57800.0
21
233380.0
31
0
0
LINE
8
electrical
10
51800.0
20
240400.0
30
0
11
51807.79
21
240400.0
31
0
0
LINE
8
electrical
10
51807.79
20
240400.0
30
0
11
51792.21
21
240400.0
31
0
0
LINE
8
electrical
10
51792.21
20
240400.0
30
0
11
51800.0
21
240400.0
31
0
0
LINE
8
electrical
10
51800.0
20
233380.0
30
0
11
51800.0
21
240400.0
31
0
0
LINE
8
electrical
10
51800.0
20
233380.0
30
0
11
51807.79
21
233380.0
31
0
0
LINE
8
electrical
10
51807.79
20
233380.0
30
0
11
51792.21
21
233380.0
31
0
0
LINE
8
electrical
10
51792.21
20
233380.0
30
0
11
51800.0
21
233380.0
31
0
0
LINE
8
electrical
10
57200.0
20
240400.0
30
0
11
57207.79
21
240400.0
31
0
0
LINE
8
electrical
10
57207.79
20
240400.0
30
0
11
57192.21
21
240400.0
31
0
0
LINE
8
electrical
10
57192.21
20
240400.0
30
0
11
57200.0
21
240400.0
31
0
0
LINE
8
electrical
10
57200.0
20
233380.0
30
0
11
57200.0
21
240400.0
31
0
0
LINE
8
electrical
10
57200.0
20
233380.0
30
0
11
57207.79
21
233380.0
31
0
0
LINE
8
electrical
10
57207.79
20
233380.0
30
0
11
57192.21
21
233380.0
31
0
0
LINE
8
electrical
10
57192.21
20
233380.0
30
0
11
57200.0
21
233380.0
31
0
0
LINE
8
electrical
10
57813.0
20
232200.0
30
0
11
57793.5
21
232211.26
31
0
0
LINE
8
electrical
10
57793.5
20
232211.26
30
0
11
57793.5
21
232188.74
31
0
0
LINE
8
electrical
10
57793.5
20
232188.74
30
0
11
57813.0
21
232200.0
31
0
0
LINE
8
electrical
10
57136.28
20
233386.45
30
0
11
57119.36
21
233376.77
31
0
0
LINE
8
electrical
10
57119.36
20
233376.77
30
0
11
57119.36
21
233376.77
31
0
0
LINE
8
electrical
10
57119.36
20
233376.77
30
0
11
57136.28
21
233386.45
31
0
0
LINE
8
electrical
10
57811.28
20
232206.45
30
0
11
57136.28
21
233386.45
31
0
0
LINE
8
electrical
10
57811.28
20
232206.45
30
0
11
57794.36
21
232196.77
31
0
0
LINE
8
electrical
10
57794.36
20
232196.77
30
0
11
57794.36
21
232196.77
31
0
0
LINE
8
electrical
10
57794.36
20
232196.77
30
0
11
57811.28
21
232206.45
31
0
0
LINE
8
electrical
10
51875.0
20
233380.0
30
0
11
51875.0
21
233368.74
31
0
0
LINE
8
electrical
10
51875.0
20
233368.74
30
0
11
51875.0
21
233391.26
31
0
0
LINE
8
electrical
10
51875.0
20
233391.26
30
0
11
51875.0
21
233380.0
31
0
0
LINE
8
electrical
10
57125.0
20
233380.0
30
0
11
51875.0
21
233380.0
31
0
0
LINE
8
electrical
10
57125.0
20
233380.0
30
0
11
57125.0
21
233368.74
31
0
0
LINE
8
electrical
10
57125.0
20
233368.74
30
0
11
57125.0
21
233391.26
31
0
0
LINE
8
electrical
10
57125.0
20
233391.26
30
0
11
57125.0
21
233380.0
31
0
0
LINE
8
electrical
10
57800.0
20
232200.0
30
0
11
57814.04
21
232200.0
31
0
0
LINE
8
electrical
10
57814.04
20
232200.0
30
0
11
57800.0
21
232200.0
31
0
0
LINE
8
electrical
10
57125.0
20
233380.0
30
0
11
57139.04
21
233380.0
31
0
0
LINE
8
electrical
10
57139.04
20
233380.0
30
0
11
57125.0
21
233380.0
31
0
0
LINE
8
electrical
10
57813.0
20
232200.0
30
0
11
57793.5
21
232211.26
31
0
0
LINE
8
electrical
10
57793.5
20
232211.26
30
0
11
57793.5
21
232188.74
31
0
0
LINE
8
electrical
10
57793.5
20
232188.74
30
0
11
57813.0
21
232200.0
31
0
0
LINE
8
electrical
10
57136.54
20
233505.99
30
0
11
57119.23
21
233497.0
31
0
0
LINE
8
electrical
10
57119.23
20
233497.0
30
0
11
57119.23
21
233497.0
31
0
0
LINE
8
electrical
10
57119.23
20
233497.0
30
0
11
57136.54
21
233505.99
31
0
0
LINE
8
electrical
10
57811.54
20
232205.99
30
0
11
57136.54
21
233505.99
31
0
0
LINE
8
electrical
10
57811.54
20
232205.99
30
0
11
57794.23
21
232197.0
31
0
0
LINE
8
electrical
10
57794.23
20
232197.0
30
0
11
57794.23
21
232197.0
31
0
0
LINE
8
electrical
10
57794.23
20
232197.0
30
0
11
57811.54
21
232205.99
31
0
0
LINE
8
electrical
10
51875.0
20
233500.0
30
0
11
51875.0
21
233488.74
31
0
0
LINE
8
electrical
10
51875.0
20
233488.74
30
0
11
51875.0
21
233511.26
31
0
0
LINE
8
electrical
10
51875.0
20
233511.26
30
0
11
51875.0
21
233500.0
31
0
0
LINE
8
electrical
10
57125.0
20
233500.0
30
0
11
51875.0
21
233500.0
31
0
0
LINE
8
electrical
10
57125.0
20
233500.0
30
0
11
57125.0
21
233488.74
31
0
0
LINE
8
electrical
10
57125.0
20
233488.74
30
0
11
57125.0
21
233511.26
31
0
0
LINE
8
electrical
10
57125.0
20
233511.26
30
0
11
57125.0
21
233500.0
31
0
0
LINE
8
electrical
10
57800.0
20
232200.0
30
0
11
57814.04
21
232200.0
31
0
0
LINE
8
electrical
10
57814.04
20
232200.0
30
0
11
57800.0
21
232200.0
31
0
0
LINE
8
electrical
10
57125.0
20
233500.0
30
0
11
57139.04
21
233500.0
31
0
0
LINE
8
electrical
10
57139.04
20
233500.0
30
0
11
57125.0
21
233500.0
31
0
0
LINE
8
electrical
10
57813.0
20
232200.0
30
0
11
57793.5
21
232211.26
31
0
0
LINE
8
electrical
10
57793.5
20
232211.26
30
0
11
57793.5
21
232188.74
31
0
0
LINE
8
electrical
10
57793.5
20
232188.74
30
0
11
57813.0
21
232200.0
31
0
0
LINE
8
electrical
10
57136.74
20
233625.58
30
0
11
57119.13
21
233617.21
31
0
0
LINE
8
electrical
10
57119.13
20
233617.21
30
0
11
57119.13
21
233617.21
31
0
0
LINE
8
electrical
10
57119.13
20
233617.21
30
0
11
57136.74
21
233625.58
31
0
0
LINE
8
electrical
10
57811.74
20
232205.58
30
0
11
57136.74
21
233625.58
31
0
0
LINE
8
electrical
10
57811.74
20
232205.58
30
0
11
57794.13
21
232197.21
31
0
0
LINE
8
electrical
10
57794.13
20
232197.21
30
0
11
57794.13
21
232197.21
31
0
0
LINE
8
electrical
10
57794.13
20
232197.21
30
0
11
57811.74
21
232205.58
31
0
0
LINE
8
electrical
10
51875.0
20
233620.0
30
0
11
51875.0
21
233608.74
31
0
0
LINE
8
electrical
10
51875.0
20
233608.74
30
0
11
51875.0
21
233631.26
31
0
0
LINE
8
electrical
10
51875.0
20
233631.26
30
0
11
51875.0
21
233620.0
31
0
0
LINE
8
electrical
10
57125.0
20
233620.0
30
0
11
51875.0
21
233620.0
31
0
0
LINE
8
electrical
10
57125.0
20
233620.0
30
0
11
57125.0
21
233608.74
31
0
0
LINE
8
electrical
10
57125.0
20
233608.74
30
0
11
57125.0
21
233631.26
31
0
0
LINE
8
electrical
10
57125.0
20
233631.26
30
0
11
57125.0
21
233620.0
31
0
0
LINE
8
electrical
10
57800.0
20
232200.0
30
0
11
57814.04
21
232200.0
31
0
0
LINE
8
electrical
10
57814.04
20
232200.0
30
0
11
57800.0
21
232200.0
31
0
0
LINE
8
electrical
10
57125.0
20
233620.0
30
0
11
57139.04
21
233620.0
31
0
0
LINE
8
electrical
10
57139.04
20
233620.0
30
0
11
57125.0
21
233620.0
31
0
0
LINE
8
electrical
10
52185.0
20
232150.0
30
0
11
52185.0
21
232210.0
31
0
0
LINE
8
electrical
10
52315.0
20
232150.0
30
0
11
52315.0
21
232210.0
31
0
0
LINE
8
electrical
10
52185.0
20
232150.0
30
0
11
52315.0
21
232150.0
31
0
0
LINE
8
electrical
10
52185.0
20
232210.0
30
0
11
52315.0
21
232210.0
31
0
0
LINE
8
electrical
10
52259.0
20
232180.0
30
0
11
52245.5
21
232187.79
31
0
0
LINE
8
electrical
10
52245.5
20
232187.79
30
0
11
52245.5
21
232172.21
31
0
0
LINE
8
electrical
10
52245.5
20
232172.21
30
0
11
52259.0
21
232180.0
31
0
0
LINE
8
electrical
10
57800.0
20
232180.0
30
0
11
57800.0
21
232172.21
31
0
0
LINE
8
electrical
10
57800.0
20
232172.21
30
0
11
57800.0
21
232187.79
31
0
0
LINE
8
electrical
10
57800.0
20
232187.79
30
0
11
57800.0
21
232180.0
31
0
0
LINE
8
electrical
10
52250.0
20
232180.0
30
0
11
57800.0
21
232180.0
31
0
0
LINE
8
electrical
10
52250.0
20
232180.0
30
0
11
52250.0
21
232172.21
31
0
0
LINE
8
electrical
10
52250.0
20
232172.21
30
0
11
52250.0
21
232187.79
31
0
0
LINE
8
electrical
10
52250.0
20
232187.79
30
0
11
52250.0
21
232180.0
31
0
0
LINE
8
electrical
10
52250.0
20
232180.0
30
0
11
52259.72
21
232180.0
31
0
0
LINE
8
electrical
10
52259.72
20
232180.0
30
0
11
52250.0
21
232180.0
31
0
0
LINE
8
electrical
10
56685.0
20
232150.0
30
0
11
56685.0
21
232210.0
31
0
0
LINE
8
electrical
10
56815.0
20
232150.0
30
0
11
56815.0
21
232210.0
31
0
0
LINE
8
electrical
10
56685.0
20
232150.0
30
0
11
56815.0
21
232150.0
31
0
0
LINE
8
electrical
10
56685.0
20
232210.0
30
0
11
56815.0
21
232210.0
31
0
0
LINE
8
electrical
10
56759.0
20
232180.0
30
0
11
56745.5
21
232187.79
31
0
0
LINE
8
electrical
10
56745.5
20
232187.79
30
0
11
56745.5
21
232172.21
31
0
0
LINE
8
electrical
10
56745.5
20
232172.21
30
0
11
56759.0
21
232180.0
31
0
0
LINE
8
electrical
10
57800.0
20
232180.0
30
0
11
57800.0
21
232172.21
31
0
0
LINE
8
electrical
10
57800.0
20
232172.21
30
0
11
57800.0
21
232187.79
31
0
0
LINE
8
electrical
10
57800.0
20
232187.79
30
0
11
57800.0
21
232180.0
31
0
0
LINE
8
electrical
10
56750.0
20
232180.0
30
0
11
57800.0
21
232180.0
31
0
0
LINE
8
electrical
10
56750.0
20
232180.0
30
0
11
56750.0
21
232172.21
31
0
0
LINE
8
electrical
10
56750.0
20
232172.21
30
0
11
56750.0
21
232187.79
31
0
0
LINE
8
electrical
10
56750.0
20
232187.79
30
0
11
56750.0
21
232180.0
31
0
0
LINE
8
electrical
10
56750.0
20
232180.0
30
0
11
56759.72
21
232180.0
31
0
0
LINE
8
electrical
10
56759.72
20
232180.0
30
0
11
56750.0
21
232180.0
31
0
0
LINE
8
hvac
10
51225.0
20
232725.0
30
0
11
51225.0
21
233475.0
31
0
0
LINE
8
hvac
10
52875.0
20
232725.0
30
0
11
52875.0
21
233475.0
31
0
0
LINE
8
hvac
10
51225.0
20
232725.0
30
0
11
52875.0
21
232725.0
31
0
0
LINE
8
hvac
10
51225.0
20
233475.0
30
0
11
52875.0
21
233475.0
31
0
0
LINE
8
hvac
10
51325.0
20
232680.0
30
0
11
51325.0
21
232720.0
31
0
0
LINE
8
hvac
10
52775.0
20
232680.0
30
0
11
52775.0
21
232720.0
31
0
0
LINE
8
hvac
10
51325.0
20
232680.0
30
0
11
52775.0
21
232680.0
31
0
0
LINE
8
hvac
10
51325.0
20
232720.0
30
0
11
52775.0
21
232720.0
31
0
0
LINE
8
hvac
10
51390.0
20
232640.0
30
0
11
51390.0
21
232700.0
31
0
0
LINE
8
hvac
10
51430.0
20
232640.0
30
0
11
51430.0
21
232700.0
31
0
0
LINE
8
hvac
10
51390.0
20
232640.0
30
0
11
51430.0
21
232640.0
31
0
0
LINE
8
hvac
10
51390.0
20
232700.0
30
0
11
51430.0
21
232700.0
31
0
0
LINE
8
hvac
10
51550.0
20
232640.0
30
0
11
51550.0
21
232700.0
31
0
0
LINE
8
hvac
10
51590.0
20
232640.0
30
0
11
51590.0
21
232700.0
31
0
0
LINE
8
hvac
10
51550.0
20
232640.0
30
0
11
51590.0
21
232640.0
31
0
0
LINE
8
hvac
10
51550.0
20
232700.0
30
0
11
51590.0
21
232700.0
31
0
0
LINE
8
hvac
10
51710.0
20
232640.0
30
0
11
51710.0
21
232700.0
31
0
0
LINE
8
hvac
10
51750.0
20
232640.0
30
0
11
51750.0
21
232700.0
31
0
0
LINE
8
hvac
10
51710.0
20
232640.0
30
0
11
51750.0
21
232640.0
31
0
0
LINE
8
hvac
10
51710.0
20
232700.0
30
0
11
51750.0
21
232700.0
31
0
0
LINE
8
hvac
10
51870.0
20
232640.0
30
0
11
51870.0
21
232700.0
31
0
0
LINE
8
hvac
10
51910.0
20
232640.0
30
0
11
51910.0
21
232700.0
31
0
0
LINE
8
hvac
10
51870.0
20
232640.0
30
0
11
51910.0
21
232640.0
31
0
0
LINE
8
hvac
10
51870.0
20
232700.0
30
0
11
51910.0
21
232700.0
31
0
0
LINE
8
hvac
10
52030.0
20
232640.0
30
0
11
52030.0
21
232700.0
31
0
0
LINE
8
hvac
10
52070.0
20
232640.0
30
0
11
52070.0
21
232700.0
31
0
0
LINE
8
hvac
10
52030.0
20
232640.0
30
0
11
52070.0
21
232640.0
31
0
0
LINE
8
hvac
10
52030.0
20
232700.0
30
0
11
52070.0
21
232700.0
31
0
0
LINE
8
hvac
10
52190.0
20
232640.0
30
0
11
52190.0
21
232700.0
31
0
0
LINE
8
hvac
10
52230.0
20
232640.0
30
0
11
52230.0
21
232700.0
31
0
0
LINE
8
hvac
10
52190.0
20
232640.0
30
0
11
52230.0
21
232640.0
31
0
0
LINE
8
hvac
10
52190.0
20
232700.0
30
0
11
52230.0
21
232700.0
31
0
0
LINE
8
hvac
10
52350.0
20
232640.0
30
0
11
52350.0
21
232700.0
31
0
0
LINE
8
hvac
10
52390.0
20
232640.0
30
0
11
52390.0
21
232700.0
31
0
0
LINE
8
hvac
10
52350.0
20
232640.0
30
0
11
52390.0
21
232640.0
31
0
0
LINE
8
hvac
10
52350.0
20
232700.0
30
0
11
52390.0
21
232700.0
31
0
0
LINE
8
hvac
10
52510.0
20
232640.0
30
0
11
52510.0
21
232700.0
31
0
0
LINE
8
hvac
10
52550.0
20
232640.0
30
0
11
52550.0
21
232700.0
31
0
0
LINE
8
hvac
10
52510.0
20
232640.0
30
0
11
52550.0
21
232640.0
31
0
0
LINE
8
hvac
10
52510.0
20
232700.0
30
0
11
52550.0
21
232700.0
31
0
0
LINE
8
hvac
10
52670.0
20
232640.0
30
0
11
52670.0
21
232700.0
31
0
0
LINE
8
hvac
10
52710.0
20
232640.0
30
0
11
52710.0
21
232700.0
31
0
0
LINE
8
hvac
10
52670.0
20
232640.0
30
0
11
52710.0
21
232640.0
31
0
0
LINE
8
hvac
10
52670.0
20
232700.0
30
0
11
52710.0
21
232700.0
31
0
0
LINE
8
hvac
10
51825.0
20
232875.0
30
0
11
51825.0
21
233325.0
31
0
0
LINE
8
hvac
10
52275.0
20
232875.0
30
0
11
52275.0
21
233325.0
31
0
0
LINE
8
hvac
10
51825.0
20
232875.0
30
0
11
52275.0
21
232875.0
31
0
0
LINE
8
hvac
10
51825.0
20
233325.0
30
0
11
52275.0
21
233325.0
31
0
0
LINE
8
hvac
10
51875.0
20
236825.0
30
0
11
51875.0
21
237175.0
31
0
0
LINE
8
hvac
10
57125.0
20
236825.0
30
0
11
57125.0
21
237175.0
31
0
0
LINE
8
hvac
10
51875.0
20
236825.0
30
0
11
57125.0
21
236825.0
31
0
0
LINE
8
hvac
10
51875.0
20
237175.0
30
0
11
57125.0
21
237175.0
31
0
0
LINE
8
hvac
10
51875.0
20
232925.0
30
0
11
51875.0
21
233275.0
31
0
0
LINE
8
hvac
10
54675.0
20
232925.0
30
0
11
54675.0
21
233275.0
31
0
0
LINE
8
hvac
10
51875.0
20
232925.0
30
0
11
54675.0
21
232925.0
31
0
0
LINE
8
hvac
10
51875.0
20
233275.0
30
0
11
54675.0
21
233275.0
31
0
0
LINE
8
hvac
10
54325.0
20
232925.0
30
0
11
54325.0
21
237175.0
31
0
0
LINE
8
hvac
10
54675.0
20
232925.0
30
0
11
54675.0
21
237175.0
31
0
0
LINE
8
hvac
10
54325.0
20
232925.0
30
0
11
54675.0
21
232925.0
31
0
0
LINE
8
hvac
10
54325.0
20
237175.0
30
0
11
54675.0
21
237175.0
31
0
0
LINE
8
hvac
10
52650.0
20
236650.0
30
0
11
52650.0
21
237350.0
31
0
0
LINE
8
hvac
10
53350.0
20
236650.0
30
0
11
53350.0
21
237350.0
31
0
0
LINE
8
hvac
10
52650.0
20
236650.0
30
0
11
53350.0
21
236650.0
31
0
0
LINE
8
hvac
10
52650.0
20
237350.0
30
0
11
53350.0
21
237350.0
31
0
0
LINE
8
hvac
10
55650.0
20
236650.0
30
0
11
55650.0
21
237350.0
31
0
0
LINE
8
hvac
10
56350.0
20
236650.0
30
0
11
56350.0
21
237350.0
31
0
0
LINE
8
hvac
10
55650.0
20
236650.0
30
0
11
56350.0
21
236650.0
31
0
0
LINE
8
hvac
10
55650.0
20
237350.0
30
0
11
56350.0
21
237350.0
31
0
0
LINE
8
water
10
56740.0
20
238180.0
30
0
11
56740.0
21
238820.0
31
0
0
LINE
8
water
10
57660.0
20
238180.0
30
0
11
57660.0
21
238820.0
31
0
0
LINE
8
water
10
56740.0
20
238180.0
30
0
11
57660.0
21
238180.0
31
0
0
LINE
8
water
10
56740.0
20
238820.0
30
0
11
57660.0
21
238820.0
31
0
0
LINE
8
water
10
56750.0
20
238190.0
30
0
11
56750.0
21
238810.0
31
0
0
LINE
8
water
10
56750.0
20
238190.0
30
0
11
57650.0
21
238190.0
31
0
0
LINE
8
water
10
56750.0
20
238810.0
30
0
11
57650.0
21
238810.0
31
0
0
LINE
8
water
10
57650.0
20
238190.0
30
0
11
57650.0
21
238810.0
31
0
0
LINE
8
water
10
57525.0
20
238285.0
30
0
11
56875.0
21
238285.0
31
0
0
LINE
8
water
10
57525.0
20
238285.0
30
0
11
57525.0
21
238715.0
31
0
0
LINE
8
water
10
57525.0
20
238715.0
30
0
11
56875.0
21
238715.0
31
0
0
LINE
8
water
10
56875.0
20
238285.0
30
0
11
56875.0
21
238715.0
31
0
0
LINE
8
water
10
57218.0
20
238720.0
30
0
11
57191.0
21
238735.59
31
0
0
LINE
8
water
10
57191.0
20
238735.59
30
0
11
57191.0
21
238704.41
31
0
0
LINE
8
water
10
57191.0
20
238704.41
30
0
11
57218.0
21
238720.0
31
0
0
LINE
8
water
10
57200.0
20
238500.0
30
0
11
57215.59
21
238500.0
31
0
0
LINE
8
water
10
57215.59
20
238500.0
30
0
11
57184.41
21
238500.0
31
0
0
LINE
8
water
10
57184.41
20
238500.0
30
0
11
57200.0
21
238500.0
31
0
0
LINE
8
water
10
57200.0
20
238720.0
30
0
11
57200.0
21
238500.0
31
0
0
LINE
8
water
10
57200.0
20
238720.0
30
0
11
57215.59
21
238720.0
31
0
0
LINE
8
water
10
57215.59
20
238720.0
30
0
11
57184.41
21
238720.0
31
0
0
LINE
8
water
10
57184.41
20
238720.0
30
0
11
57200.0
21
238720.0
31
0
0
LINE
8
water
10
57200.0
20
238720.0
30
0
11
57219.44
21
238720.0
31
0
0
LINE
8
water
10
57219.44
20
238720.0
30
0
11
57200.0
21
238720.0
31
0
0
LINE
8
water
10
52450.0
20
238575.0
30
0
11
52450.0
21
239425.0
31
0
0
LINE
8
water
10
53100.0
20
238575.0
30
0
11
53100.0
21
239425.0
31
0
0
LINE
8
water
10
52450.0
20
238575.0
30
0
11
53100.0
21
238575.0
31
0
0
LINE
8
water
10
52450.0
20
239425.0
30
0
11
53100.0
21
239425.0
31
0
0
LINE
8
water
10
53025.0
20
239000.0
30
0
11
52930.87
21
239195.46
31
0
0
LINE
8
water
10
52930.87
20
239195.46
30
0
11
52719.37
21
239243.73
31
0
0
LINE
8
water
10
52719.37
20
239243.73
30
0
11
52549.76
21
239108.47
31
0
0
LINE
8
water
10
52549.76
20
239108.47
30
0
11
52549.76
21
238891.53
31
0
0
LINE
8
water
10
52549.76
20
238891.53
30
0
11
52719.37
21
238756.27
31
0
0
LINE
8
water
10
52719.37
20
238756.27
30
0
11
52930.87
21
238804.54
31
0
0
LINE
8
water
10
52930.87
20
238804.54
30
0
11
53025.0
21
239000.0
31
0
0
LINE
8
water
10
52475.0
20
239350.0
30
0
11
52475.0
21
239550.0
31
0
0
LINE
8
water
10
53075.0
20
239350.0
30
0
11
53075.0
21
239550.0
31
0
0
LINE
8
water
10
52475.0
20
239350.0
30
0
11
53075.0
21
239350.0
31
0
0
LINE
8
water
10
52475.0
20
239550.0
30
0
11
53075.0
21
239550.0
31
0
0
LINE
8
water
10
57145.0
20
238500.0
30
0
11
57200.0
21
238555.0
31
0
0
LINE
8
water
10
57200.0
20
238555.0
30
0
11
57255.0
21
238500.0
31
0
0
LINE
8
water
10
57255.0
20
238500.0
30
0
11
57200.0
21
238445.0
31
0
0
LINE
8
water
10
57200.0
20
238445.0
30
0
11
57145.0
21
238500.0
31
0
0
LINE
8
water
10
57200.0
20
224500.0
30
0
11
57255.0
21
224500.0
31
0
0
LINE
8
water
10
57255.0
20
224500.0
30
0
11
57200.0
21
224500.0
31
0
0
LINE
8
water
10
57200.0
20
224500.0
30
0
11
57145.0
21
224500.0
31
0
0
LINE
8
water
10
57145.0
20
224500.0
30
0
11
57200.0
21
224500.0
31
0
0
LINE
8
water
10
57200.0
20
238500.0
30
0
11
57200.0
21
224500.0
31
0
0
LINE
8
water
10
57200.0
20
238500.0
30
0
11
57255.0
21
238500.0
31
0
0
LINE
8
water
10
57255.0
20
238500.0
30
0
11
57200.0
21
238500.0
31
0
0
LINE
8
water
10
57200.0
20
238500.0
30
0
11
57145.0
21
238500.0
31
0
0
LINE
8
water
10
57145.0
20
238500.0
30
0
11
57200.0
21
238500.0
31
0
0
LINE
8
water
10
-52000.0
20
224500.0
30
0
11
-52000.0
21
224445.0
31
0
0
LINE
8
water
10
-52000.0
20
224445.0
30
0
11
-52000.0
21
224500.0
31
0
0
LINE
8
water
10
-52000.0
20
224500.0
30
0
11
-52000.0
21
224555.0
31
0
0
LINE
8
water
10
-52000.0
20
224555.0
30
0
11
-52000.0
21
224500.0
31
0
0
LINE
8
water
10
57200.0
20
224500.0
30
0
11
-52000.0
21
224500.0
31
0
0
LINE
8
water
10
57200.0
20
224500.0
30
0
11
57200.0
21
224445.0
31
0
0
LINE
8
water
10
57200.0
20
224445.0
30
0
11
57200.0
21
224500.0
31
0
0
LINE
8
water
10
57200.0
20
224500.0
30
0
11
57200.0
21
224555.0
31
0
0
LINE
8
water
10
57200.0
20
224555.0
30
0
11
57200.0
21
224500.0
31
0
0
LINE
8
water
10
57200.0
20
238500.0
30
0
11
57259.4
21
238500.0
31
0
0
LINE
8
water
10
57259.4
20
238500.0
30
0
11
57200.0
21
238500.0
31
0
0
LINE
8
water
10
57200.0
20
224500.0
30
0
11
57259.4
21
224500.0
31
0
0
LINE
8
water
10
57259.4
20
224500.0
30
0
11
57200.0
21
224500.0
31
0
0
LINE
8
water
10
56280.0
20
232400.0
30
0
11
56280.0
21
232325.0
31
0
0
LINE
8
water
10
56280.0
20
232325.0
30
0
11
56280.0
21
232400.0
31
0
0
LINE
8
water
10
56280.0
20
232400.0
30
0
11
56280.0
21
232475.0
31
0
0
LINE
8
water
10
56280.0
20
232475.0
30
0
11
56280.0
21
232400.0
31
0
0
LINE
8
water
10
55880.0
20
232400.0
30
0
11
56280.0
21
232400.0
31
0
0
LINE
8
water
10
55880.0
20
232400.0
30
0
11
55880.0
21
232325.0
31
0
0
LINE
8
water
10
55880.0
20
232325.0
30
0
11
55880.0
21
232400.0
31
0
0
LINE
8
water
10
55880.0
20
232400.0
30
0
11
55880.0
21
232475.0
31
0
0
LINE
8
water
10
55880.0
20
232475.0
30
0
11
55880.0
21
232400.0
31
0
0
LINE
8
water
10
56170.0
20
232400.0
30
0
11
56107.81
21
232485.6
31
0
0
LINE
8
water
10
56107.81
20
232485.6
30
0
11
56007.19
21
232452.9
31
0
0
LINE
8
water
10
56007.19
20
232452.9
30
0
11
56007.19
21
232347.1
31
0
0
LINE
8
water
10
56007.19
20
232347.1
30
0
11
56107.81
21
232314.4
31
0
0
LINE
8
water
10
56107.81
20
232314.4
30
0
11
56170.0
21
232400.0
31
0
0
LINE
8
water
10
55890.0
20
232375.0
30
0
11
55890.0
21
232425.0
31
0
0
LINE
8
water
10
56270.0
20
232375.0
30
0
11
56270.0
21
232425.0
31
0
0
LINE
8
water
10
55890.0
20
232375.0
30
0
11
56270.0
21
232375.0
31
0
0
LINE
8
water
10
55890.0
20
232425.0
30
0
11
56270.0
21
232425.0
31
0
0
LINE
8
water
10
55955.0
20
232400.0
30
0
11
55955.0
21
232295.38
31
0
0
LINE
8
water
10
55955.0
20
232295.38
30
0
11
55955.0
21
232335.34
31
0
0
LINE
8
water
10
55955.0
20
232335.34
30
0
11
55955.0
21
232464.66
31
0
0
LINE
8
water
10
55955.0
20
232464.66
30
0
11
55955.0
21
232504.62
31
0
0
LINE
8
water
10
55955.0
20
232504.62
30
0
11
55955.0
21
232400.0
31
0
0
LINE
8
water
10
55930.0
20
232400.0
30
0
11
55955.0
21
232400.0
31
0
0
LINE
8
water
10
55930.0
20
232400.0
30
0
11
55930.0
21
232295.38
31
0
0
LINE
8
water
10
55930.0
20
232295.38
30
0
11
55930.0
21
232335.34
31
0
0
LINE
8
water
10
55930.0
20
232335.34
30
0
11
55930.0
21
232464.66
31
0
0
LINE
8
water
10
55930.0
20
232464.66
30
0
11
55930.0
21
232504.62
31
0
0
LINE
8
water
10
55930.0
20
232504.62
30
0
11
55930.0
21
232400.0
31
0
0
LINE
8
water
10
56255.0
20
232400.0
30
0
11
56255.0
21
232295.38
31
0
0
LINE
8
water
10
56255.0
20
232295.38
30
0
11
56255.0
21
232335.34
31
0
0
LINE
8
water
10
56255.0
20
232335.34
30
0
11
56255.0
21
232464.66
31
0
0
LINE
8
water
10
56255.0
20
232464.66
30
0
11
56255.0
21
232504.62
31
0
0
LINE
8
water
10
56255.0
20
232504.62
30
0
11
56255.0
21
232400.0
31
0
0
LINE
8
water
10
56230.0
20
232400.0
30
0
11
56255.0
21
232400.0
31
0
0
LINE
8
water
10
56230.0
20
232400.0
30
0
11
56230.0
21
232295.38
31
0
0
LINE
8
water
10
56230.0
20
232295.38
30
0
11
56230.0
21
232335.34
31
0
0
LINE
8
water
10
56230.0
20
232335.34
30
0
11
56230.0
21
232464.66
31
0
0
LINE
8
water
10
56230.0
20
232464.66
30
0
11
56230.0
21
232504.62
31
0
0
LINE
8
water
10
56230.0
20
232504.62
30
0
11
56230.0
21
232400.0
31
0
0
LINE
8
water
10
55600.0
20
232400.0
30
0
11
55630.31
21
232400.0
31
0
0
LINE
8
water
10
55630.31
20
232400.0
30
0
11
55569.69
21
232400.0
31
0
0
LINE
8
water
10
55569.69
20
232400.0
30
0
11
55600.0
21
232400.0
31
0
0
LINE
8
water
10
55600.0
20
222000.0
30
0
11
55600.0
21
232400.0
31
0
0
LINE
8
water
10
55600.0
20
222000.0
30
0
11
55630.31
21
222000.0
31
0
0
LINE
8
water
10
55630.31
20
222000.0
30
0
11
55569.69
21
222000.0
31
0
0
LINE
8
water
10
55569.69
20
222000.0
30
0
11
55600.0
21
222000.0
31
0
0
LINE
8
water
10
57200.0
20
232400.0
30
0
11
57200.0
21
232369.69
31
0
0
LINE
8
water
10
57200.0
20
232369.69
30
0
11
57200.0
21
232430.31
31
0
0
LINE
8
water
10
57200.0
20
232430.31
30
0
11
57200.0
21
232400.0
31
0
0
LINE
8
water
10
55600.0
20
232400.0
30
0
11
57200.0
21
232400.0
31
0
0
LINE
8
water
10
55600.0
20
232400.0
30
0
11
55600.0
21
232369.69
31
0
0
LINE
8
water
10
55600.0
20
232369.69
30
0
11
55600.0
21
232430.31
31
0
0
LINE
8
water
10
55600.0
20
232430.31
30
0
11
55600.0
21
232400.0
31
0
0
LINE
8
water
10
57200.0
20
238730.0
30
0
11
57230.31
21
238730.0
31
0
0
LINE
8
water
10
57230.31
20
238730.0
30
0
11
57169.69
21
238730.0
31
0
0
LINE
8
water
10
57169.69
20
238730.0
30
0
11
57200.0
21
238730.0
31
0
0
LINE
8
water
10
57200.0
20
232400.0
30
0
11
57200.0
21
238730.0
31
0
0
LINE
8
water
10
57200.0
20
232400.0
30
0
11
57230.31
21
232400.0
31
0
0
LINE
8
water
10
57230.31
20
232400.0
30
0
11
57169.69
21
232400.0
31
0
0
LINE
8
water
10
57169.69
20
232400.0
30
0
11
57200.0
21
232400.0
31
0
0
LINE
8
water
10
57165.0
20
238730.0
30
0
11
57217.5
21
238760.31
31
0
0
LINE
8
water
10
57217.5
20
238760.31
30
0
11
57217.5
21
238699.69
31
0
0
LINE
8
water
10
57217.5
20
238699.69
30
0
11
57165.0
21
238730.0
31
0
0
LINE
8
water
10
55600.0
20
232400.0
30
0
11
55637.8
21
232400.0
31
0
0
LINE
8
water
10
55637.8
20
232400.0
30
0
11
55600.0
21
232400.0
31
0
0
LINE
8
water
10
57200.0
20
232400.0
30
0
11
57237.8
21
232400.0
31
0
0
LINE
8
water
10
57237.8
20
232400.0
30
0
11
57200.0
21
232400.0
31
0
0
LINE
8
water
10
57200.0
20
238730.0
30
0
11
57237.8
21
238730.0
31
0
0
LINE
8
water
10
57237.8
20
238730.0
30
0
11
57200.0
21
238730.0
31
0
0
LINE
8
water
10
56489.0
20
232400.0
30
0
11
56489.0
21
232325.0
31
0
0
LINE
8
water
10
56489.0
20
232325.0
30
0
11
56489.0
21
232400.0
31
0
0
LINE
8
water
10
56489.0
20
232400.0
30
0
11
56489.0
21
232475.0
31
0
0
LINE
8
water
10
56489.0
20
232475.0
30
0
11
56489.0
21
232400.0
31
0
0
LINE
8
water
10
56089.0
20
232400.0
30
0
11
56489.0
21
232400.0
31
0
0
LINE
8
water
10
56089.0
20
232400.0
30
0
11
56089.0
21
232325.0
31
0
0
LINE
8
water
10
56089.0
20
232325.0
30
0
11
56089.0
21
232400.0
31
0
0
LINE
8
water
10
56089.0
20
232400.0
30
0
11
56089.0
21
232475.0
31
0
0
LINE
8
water
10
56089.0
20
232475.0
30
0
11
56089.0
21
232400.0
31
0
0
LINE
8
water
10
56379.0
20
232400.0
30
0
11
56316.81
21
232485.6
31
0
0
LINE
8
water
10
56316.81
20
232485.6
30
0
11
56216.19
21
232452.9
31
0
0
LINE
8
water
10
56216.19
20
232452.9
30
0
11
56216.19
21
232347.1
31
0
0
LINE
8
water
10
56216.19
20
232347.1
30
0
11
56316.81
21
232314.4
31
0
0
LINE
8
water
10
56316.81
20
232314.4
30
0
11
56379.0
21
232400.0
31
0
0
LINE
8
water
10
56099.0
20
232375.0
30
0
11
56099.0
21
232425.0
31
0
0
LINE
8
water
10
56479.0
20
232375.0
30
0
11
56479.0
21
232425.0
31
0
0
LINE
8
water
10
56099.0
20
232375.0
30
0
11
56479.0
21
232375.0
31
0
0
LINE
8
water
10
56099.0
20
232425.0
30
0
11
56479.0
21
232425.0
31
0
0
LINE
8
water
10
56164.0
20
232400.0
30
0
11
56164.0
21
232295.38
31
0
0
LINE
8
water
10
56164.0
20
232295.38
30
0
11
56164.0
21
232335.34
31
0
0
LINE
8
water
10
56164.0
20
232335.34
30
0
11
56164.0
21
232464.66
31
0
0
LINE
8
water
10
56164.0
20
232464.66
30
0
11
56164.0
21
232504.62
31
0
0
LINE
8
water
10
56164.0
20
232504.62
30
0
11
56164.0
21
232400.0
31
0
0
LINE
8
water
10
56139.0
20
232400.0
30
0
11
56164.0
21
232400.0
31
0
0
LINE
8
water
10
56139.0
20
232400.0
30
0
11
56139.0
21
232295.38
31
0
0
LINE
8
water
10
56139.0
20
232295.38
30
0
11
56139.0
21
232335.34
31
0
0
LINE
8
water
10
56139.0
20
232335.34
30
0
11
56139.0
21
232464.66
31
0
0
LINE
8
water
10
56139.0
20
232464.66
30
0
11
56139.0
21
232504.62
31
0
0
LINE
8
water
10
56139.0
20
232504.62
30
0
11
56139.0
21
232400.0
31
0
0
LINE
8
water
10
56464.0
20
232400.0
30
0
11
56464.0
21
232295.38
31
0
0
LINE
8
water
10
56464.0
20
232295.38
30
0
11
56464.0
21
232335.34
31
0
0
LINE
8
water
10
56464.0
20
232335.34
30
0
11
56464.0
21
232464.66
31
0
0
LINE
8
water
10
56464.0
20
232464.66
30
0
11
56464.0
21
232504.62
31
0
0
LINE
8
water
10
56464.0
20
232504.62
30
0
11
56464.0
21
232400.0
31
0
0
LINE
8
water
10
56439.0
20
232400.0
30
0
11
56464.0
21
232400.0
31
0
0
LINE
8
water
10
56439.0
20
232400.0
30
0
11
56439.0
21
232295.38
31
0
0
LINE
8
water
10
56439.0
20
232295.38
30
0
11
56439.0
21
232335.34
31
0
0
LINE
8
water
10
56439.0
20
232335.34
30
0
11
56439.0
21
232464.66
31
0
0
LINE
8
water
10
56439.0
20
232464.66
30
0
11
56439.0
21
232504.62
31
0
0
LINE
8
water
10
56439.0
20
232504.62
30
0
11
56439.0
21
232400.0
31
0
0
LINE
8
water
10
55950.0
20
232400.0
30
0
11
55980.31
21
232400.0
31
0
0
LINE
8
water
10
55980.31
20
232400.0
30
0
11
55919.69
21
232400.0
31
0
0
LINE
8
water
10
55919.69
20
232400.0
30
0
11
55950.0
21
232400.0
31
0
0
LINE
8
water
10
55950.0
20
223000.0
30
0
11
55950.0
21
232400.0
31
0
0
LINE
8
water
10
55950.0
20
223000.0
30
0
11
55980.31
21
223000.0
31
0
0
LINE
8
water
10
55980.31
20
223000.0
30
0
11
55919.69
21
223000.0
31
0
0
LINE
8
water
10
55919.69
20
223000.0
30
0
11
55950.0
21
223000.0
31
0
0
LINE
8
water
10
57080.0
20
232400.0
30
0
11
57080.0
21
232369.69
31
0
0
LINE
8
water
10
57080.0
20
232369.69
30
0
11
57080.0
21
232430.31
31
0
0
LINE
8
water
10
57080.0
20
232430.31
30
0
11
57080.0
21
232400.0
31
0
0
LINE
8
water
10
55950.0
20
232400.0
30
0
11
57080.0
21
232400.0
31
0
0
LINE
8
water
10
55950.0
20
232400.0
30
0
11
55950.0
21
232369.69
31
0
0
LINE
8
water
10
55950.0
20
232369.69
30
0
11
55950.0
21
232430.31
31
0
0
LINE
8
water
10
55950.0
20
232430.31
30
0
11
55950.0
21
232400.0
31
0
0
LINE
8
water
10
57080.0
20
238730.0
30
0
11
57110.31
21
238730.0
31
0
0
LINE
8
water
10
57110.31
20
238730.0
30
0
11
57049.69
21
238730.0
31
0
0
LINE
8
water
10
57049.69
20
238730.0
30
0
11
57080.0
21
238730.0
31
0
0
LINE
8
water
10
57080.0
20
232400.0
30
0
11
57080.0
21
238730.0
31
0
0
LINE
8
water
10
57080.0
20
232400.0
30
0
11
57110.31
21
232400.0
31
0
0
LINE
8
water
10
57110.31
20
232400.0
30
0
11
57049.69
21
232400.0
31
0
0
LINE
8
water
10
57049.69
20
232400.0
30
0
11
57080.0
21
232400.0
31
0
0
LINE
8
water
10
57045.0
20
238730.0
30
0
11
57097.5
21
238760.31
31
0
0
LINE
8
water
10
57097.5
20
238760.31
30
0
11
57097.5
21
238699.69
31
0
0
LINE
8
water
10
57097.5
20
238699.69
30
0
11
57045.0
21
238730.0
31
0
0
LINE
8
water
10
55950.0
20
232400.0
30
0
11
55987.8
21
232400.0
31
0
0
LINE
8
water
10
55987.8
20
232400.0
30
0
11
55950.0
21
232400.0
31
0
0
LINE
8
water
10
57080.0
20
232400.0
30
0
11
57117.8
21
232400.0
31
0
0
LINE
8
water
10
57117.8
20
232400.0
30
0
11
57080.0
21
232400.0
31
0
0
LINE
8
water
10
57080.0
20
238730.0
30
0
11
57117.8
21
238730.0
31
0
0
LINE
8
water
10
57117.8
20
238730.0
30
0
11
57080.0
21
238730.0
31
0
0
LINE
8
sensors
10
50790.0
20
234120.0
30
0
11
50790.0
21
234280.0
31
0
0
LINE
8
sensors
10
50890.0
20
234120.0
30
0
11
50890.0
21
234280.0
31
0
0
LINE
8
sensors
10
50790.0
20
234120.0
30
0
11
50890.0
21
234120.0
31
0
0
LINE
8
sensors
10
50790.0
20
234280.0
30
0
11
50890.0
21
234280.0
31
0
0
LINE
8
sensors
10
50895.0
20
234145.0
30
0
11
50895.0
21
234255.0
31
0
0
LINE
8
sensors
10
50915.0
20
234145.0
30
0
11
50915.0
21
234255.0
31
0
0
LINE
8
sensors
10
50895.0
20
234145.0
30
0
11
50915.0
21
234145.0
31
0
0
LINE
8
sensors
10
50895.0
20
234255.0
30
0
11
50915.0
21
234255.0
31
0
0
LINE
8
sensors
10
50790.0
20
234420.0
30
0
11
50790.0
21
234580.0
31
0
0
LINE
8
sensors
10
50890.0
20
234420.0
30
0
11
50890.0
21
234580.0
31
0
0
LINE
8
sensors
10
50790.0
20
234420.0
30
0
11
50890.0
21
234420.0
31
0
0
LINE
8
sensors
10
50790.0
20
234580.0
30
0
11
50890.0
21
234580.0
31
0
0
LINE
8
sensors
10
50895.0
20
234445.0
30
0
11
50895.0
21
234555.0
31
0
0
LINE
8
sensors
10
50915.0
20
234445.0
30
0
11
50915.0
21
234555.0
31
0
0
LINE
8
sensors
10
50895.0
20
234445.0
30
0
11
50915.0
21
234445.0
31
0
0
LINE
8
sensors
10
50895.0
20
234555.0
30
0
11
50915.0
21
234555.0
31
0
0
LINE
8
sensors
10
50790.0
20
234720.0
30
0
11
50790.0
21
234880.0
31
0
0
LINE
8
sensors
10
50890.0
20
234720.0
30
0
11
50890.0
21
234880.0
31
0
0
LINE
8
sensors
10
50790.0
20
234720.0
30
0
11
50890.0
21
234720.0
31
0
0
LINE
8
sensors
10
50790.0
20
234880.0
30
0
11
50890.0
21
234880.0
31
0
0
LINE
8
sensors
10
50895.0
20
234745.0
30
0
11
50895.0
21
234855.0
31
0
0
LINE
8
sensors
10
50915.0
20
234745.0
30
0
11
50915.0
21
234855.0
31
0
0
LINE
8
sensors
10
50895.0
20
234745.0
30
0
11
50915.0
21
234745.0
31
0
0
LINE
8
sensors
10
50895.0
20
234855.0
30
0
11
50915.0
21
234855.0
31
0
0
LINE
8
sensors
10
54580.0
20
237000.0
30
0
11
54500.0
21
237080.0
31
0
0
LINE
8
sensors
10
54500.0
20
237080.0
30
0
11
54420.0
21
237000.0
31
0
0
LINE
8
sensors
10
54420.0
20
237000.0
30
0
11
54500.0
21
236920.0
31
0
0
LINE
8
sensors
10
54500.0
20
236920.0
30
0
11
54580.0
21
237000.0
31
0
0
LINE
8
sensors
10
54500.0
20
237000.0
30
0
11
54565.0
21
237000.0
31
0
0
LINE
8
sensors
10
54565.0
20
237000.0
30
0
11
54500.0
21
237000.0
31
0
0
LINE
8
sensors
10
50790.0
20
235320.0
30
0
11
50790.0
21
235480.0
31
0
0
LINE
8
sensors
10
50890.0
20
235320.0
30
0
11
50890.0
21
235480.0
31
0
0
LINE
8
sensors
10
50790.0
20
235320.0
30
0
11
50890.0
21
235320.0
31
0
0
LINE
8
sensors
10
50790.0
20
235480.0
30
0
11
50890.0
21
235480.0
31
0
0
LINE
8
sensors
10
50895.0
20
235345.0
30
0
11
50895.0
21
235455.0
31
0
0
LINE
8
sensors
10
50915.0
20
235345.0
30
0
11
50915.0
21
235455.0
31
0
0
LINE
8
sensors
10
50895.0
20
235345.0
30
0
11
50915.0
21
235345.0
31
0
0
LINE
8
sensors
10
50895.0
20
235455.0
30
0
11
50915.0
21
235455.0
31
0
0
LINE
8
sensors
10
56750.0
20
232400.0
30
0
11
56750.0
21
232325.0
31
0
0
LINE
8
sensors
10
56750.0
20
232325.0
30
0
11
56750.0
21
232400.0
31
0
0
LINE
8
sensors
10
56750.0
20
232400.0
30
0
11
56750.0
21
232475.0
31
0
0
LINE
8
sensors
10
56750.0
20
232475.0
30
0
11
56750.0
21
232400.0
31
0
0
LINE
8
sensors
10
56530.0
20
232400.0
30
0
11
56750.0
21
232400.0
31
0
0
LINE
8
sensors
10
56530.0
20
232400.0
30
0
11
56530.0
21
232325.0
31
0
0
LINE
8
sensors
10
56530.0
20
232325.0
30
0
11
56530.0
21
232400.0
31
0
0
LINE
8
sensors
10
56530.0
20
232400.0
30
0
11
56530.0
21
232475.0
31
0
0
LINE
8
sensors
10
56530.0
20
232475.0
30
0
11
56530.0
21
232400.0
31
0
0
LINE
8
sensors
10
56560.0
20
232330.0
30
0
11
56560.0
21
232470.0
31
0
0
LINE
8
sensors
10
56720.0
20
232330.0
30
0
11
56720.0
21
232470.0
31
0
0
LINE
8
sensors
10
56560.0
20
232330.0
30
0
11
56720.0
21
232330.0
31
0
0
LINE
8
sensors
10
56560.0
20
232470.0
30
0
11
56720.0
21
232470.0
31
0
0
LINE
8
sensors
10
56794.5
20
232400.0
30
0
11
56794.5
21
232325.0
31
0
0
LINE
8
sensors
10
56794.5
20
232325.0
30
0
11
56794.5
21
232400.0
31
0
0
LINE
8
sensors
10
56794.5
20
232400.0
30
0
11
56794.5
21
232475.0
31
0
0
LINE
8
sensors
10
56794.5
20
232475.0
30
0
11
56794.5
21
232400.0
31
0
0
LINE
8
sensors
10
56574.5
20
232400.0
30
0
11
56794.5
21
232400.0
31
0
0
LINE
8
sensors
10
56574.5
20
232400.0
30
0
11
56574.5
21
232325.0
31
0
0
LINE
8
sensors
10
56574.5
20
232325.0
30
0
11
56574.5
21
232400.0
31
0
0
LINE
8
sensors
10
56574.5
20
232400.0
30
0
11
56574.5
21
232475.0
31
0
0
LINE
8
sensors
10
56574.5
20
232475.0
30
0
11
56574.5
21
232400.0
31
0
0
LINE
8
sensors
10
56604.5
20
232330.0
30
0
11
56604.5
21
232470.0
31
0
0
LINE
8
sensors
10
56764.5
20
232330.0
30
0
11
56764.5
21
232470.0
31
0
0
LINE
8
sensors
10
56604.5
20
232330.0
30
0
11
56764.5
21
232330.0
31
0
0
LINE
8
sensors
10
56604.5
20
232470.0
30
0
11
56764.5
21
232470.0
31
0
0
ENDSEC
0
EOF
