0
SECTION
2
HEADER
9
$ACADVER
1
AC1015
9
$INSUNITS
70
4
0
ENDSEC
0
SECTION
2
ENTITIES
0
LINE
8
electrical
10
-91450.0
20
-35125.0
30
0
11
-91450.0
21
-34875.0
31
0
0
LINE
8
electrical
10
-90550.0
20
-35125.0
30
0
11
-90550.0
21
-34875.0
31
0
0
LINE
8
electrical
10
-91450.0
20
-35125.0
30
0
11
-90550.0
21
-35125.0
31
0
0
LINE
8
electrical
10
-91450.0
20
-34875.0
30
0
11
-90550.0
21
-34875.0
31
0
0
LINE
8
electrical
10
-91410.0
20
-35152.5
30
0
11
-91410.0
21
-35117.5
31
0
0
LINE
8
electrical
10
-90590.0
20
-35152.5
30
0
11
-90590.0
21
-35117.5
31
0
0
LINE
8
electrical
10
-91410.0
20
-35152.5
30
0
11
-90590.0
21
-35152.5
31
0
0
LINE
8
electrical
10
-91410.0
20
-35117.5
30
0
11
-90590.0
21
-35117.5
31
0
0
LINE
8
electrical
10
-91275.0
20
-35190.0
30
0
11
-91275.0
21
-35150.0
31
0
0
LINE
8
electrical
10
-91175.0
20
-35190.0
30
0
11
-91175.0
21
-35150.0
31
0
0
LINE
8
electrical
10
-91275.0
20
-35190.0
30
0
11
-91175.0
21
-35190.0
31
0
0
LINE
8
electrical
10
-91275.0
20
-35150.0
30
0
11
-91175.0
21
-35150.0
31
0
0
LINE
8
electrical
10
-91050.0
20
-35190.0
30
0
11
-91050.0
21
-35150.0
31
0
0
LINE
8
electrical
10
-90950.0
20
-35190.0
30
0
11
-90950.0
21
-35150.0
31
0
0
LINE
8
electrical
10
-91050.0
20
-35190.0
30
0
11
-90950.0
21
-35190.0
31
0
0
LINE
8
electrical
10
-91050.0
20
-35150.0
30
0
11
-90950.0
21
-35150.0
31
0
0
LINE
8
electrical
10
-90825.0
20
-35190.0
30
0
11
-90825.0
21
-35150.0
31
0
0
LINE
8
electrical
10
-90725.0
20
-35190.0
30
0
11
-90725.0
21
-35150.0
31
0
0
LINE
8
electrical
10
-90825.0
20
-35190.0
30
0
11
-90725.0
21
-35190.0
31
0
0
LINE
8
electrical
10
-90825.0
20
-35150.0
30
0
11
-90725.0
21
-35150.0
31
0
0
LINE
8
electrical
10
-91225.0
20
-35205.0
30
0
11
-91201.62
21
-35205.0
31
0
0
LINE
8
electrical
10
-91201.62
20
-35205.0
30
0
11
-91248.38
21
-35205.0
31
0
0
LINE
8
electrical
10
-91248.38
20
-35205.0
30
0
11
-91225.0
21
-35205.0
31
0
0
LINE
8
electrical
10
-91225.0
20
-35180.0
30
0
11
-91225.0
21
-35205.0
31
0
0
LINE
8
electrical
10
-91225.0
20
-35180.0
30
0
11
-91201.62
21
-35180.0
31
0
0
LINE
8
electrical
10
-91201.62
20
-35180.0
30
0
11
-91248.38
21
-35180.0
31
0
0
LINE
8
electrical
10
-91248.38
20
-35180.0
30
0
11
-91225.0
21
-35180.0
31
0
0
LINE
8
electrical
10
-91000.0
20
-35205.0
30
0
11
-90976.62
21
-35205.0
31
0
0
LINE
8
electrical
10
-90976.62
20
-35205.0
30
0
11
-91023.38
21
-35205.0
31
0
0
LINE
8
electrical
10
-91023.38
20
-35205.0
30
0
11
-91000.0
21
-35205.0
31
0
0
LINE
8
electrical
10
-91000.0
20
-35180.0
30
0
11
-91000.0
21
-35205.0
31
0
0
LINE
8
electrical
10
-91000.0
20
-35180.0
30
0
11
-90976.62
21
-35180.0
31
0
0
LINE
8
electrical
10
-90976.62
20
-35180.0
30
0
11
-91023.38
21
-35180.0
31
0
0
LINE
8
electrical
10
-91023.38
20
-35180.0
30
0
11
-91000.0
21
-35180.0
31
0
0
LINE
8
electrical
10
-90775.0
20
-35205.0
30
0
11
-90751.62
21
-35205.0
31
0
0
LINE
8
electrical
10
-90751.62
20
-35205.0
30
0
11
-90798.38
21
-35205.0
31
0
0
LINE
8
electrical
10
-90798.38
20
-35205.0
30
0
11
-90775.0
21
-35205.0
31
0
0
LINE
8
electrical
10
-90775.0
20
-35180.0
30
0
11
-90775.0
21
-35205.0
31
0
0
LINE
8
electrical
10
-90775.0
20
-35180.0
30
0
11
-90751.62
21
-35180.0
31
0
0
LINE
8
electrical
10
-90751.62
20
-35180.0
30
0
11
-90798.38
21
-35180.0
31
0
0
LINE
8
electrical
10
-90798.38
20
-35180.0
30
0
11
-90775.0
21
-35180.0
31
0
0
LINE
8
water
10
-87800.0
20
-33000.0
30
0
11
-87800.0
21
-33075.0
31
0
0
LINE
8
water
10
-87800.0
20
-33075.0
30
0
11
-87800.0
21
-33000.0
31
0
0
LINE
8
water
10
-87800.0
20
-33000.0
30
0
11
-87800.0
21
-32925.0
31
0
0
LINE
8
water
10
-87800.0
20
-32925.0
30
0
11
-87800.0
21
-33000.0
31
0
0
LINE
8
water
10
-88200.0
20
-33000.0
30
0
11
-87800.0
21
-33000.0
31
0
0
LINE
8
water
10
-88200.0
20
-33000.0
30
0
11
-88200.0
21
-33075.0
31
0
0
LINE
8
water
10
-88200.0
20
-33075.0
30
0
11
-88200.0
21
-33000.0
31
0
0
LINE
8
water
10
-88200.0
20
-33000.0
30
0
11
-88200.0
21
-32925.0
31
0
0
LINE
8
water
10
-88200.0
20
-32925.0
30
0
11
-88200.0
21
-33000.0
31
0
0
LINE
8
water
10
-87910.0
20
-33000.0
30
0
11
-87972.19
21
-32914.4
31
0
0
LINE
8
water
10
-87972.19
20
-32914.4
30
0
11
-88072.81
21
-32947.1
31
0
0
LINE
8
water
10
-88072.81
20
-32947.1
30
0
11
-88072.81
21
-33052.9
31
0
0
LINE
8
water
10
-88072.81
20
-33052.9
30
0
11
-87972.19
21
-33085.6
31
0
0
LINE
8
water
10
-87972.19
20
-33085.6
30
0
11
-87910.0
21
-33000.0
31
0
0
LINE
8
water
10
-88190.0
20
-33025.0
30
0
11
-88190.0
21
-32975.0
31
0
0
LINE
8
water
10
-87810.0
20
-33025.0
30
0
11
-87810.0
21
-32975.0
31
0
0
LINE
8
water
10
-88190.0
20
-33025.0
30
0
11
-87810.0
21
-33025.0
31
0
0
LINE
8
water
10
-88190.0
20
-32975.0
30
0
11
-87810.0
21
-32975.0
31
0
0
LINE
8
water
10
-88125.0
20
-33000.0
30
0
11
-88125.0
21
-33104.62
31
0
0
LINE
8
water
10
-88125.0
20
-33104.62
30
0
11
-88125.0
21
-33064.66
31
0
0
LINE
8
water
10
-88125.0
20
-33064.66
30
0
11
-88125.0
21
-32935.34
31
0
0
LINE
8
water
10
-88125.0
20
-32935.34
30
0
11
-88125.0
21
-32895.38
31
0
0
LINE
8
water
10
-88125.0
20
-32895.38
30
0
11
-88125.0
21
-33000.0
31
0
0
LINE
8
water
10
-88150.0
20
-33000.0
30
0
11
-88125.0
21
-33000.0
31
0
0
LINE
8
water
10
-88150.0
20
-33000.0
30
0
11
-88150.0
21
-33104.62
31
0
0
LINE
8
water
10
-88150.0
20
-33104.62
30
0
11
-88150.0
21
-33064.66
31
0
0
LINE
8
water
10
-88150.0
20
-33064.66
30
0
11
-88150.0
21
-32935.34
31
0
0
LINE
8
water
10
-88150.0
20
-32935.34
30
0
11
-88150.0
21
-32895.38
31
0
0
LINE
8
water
10
-88150.0
20
-32895.38
30
0
11
-88150.0
21
-33000.0
31
0
0
LINE
8
water
10
-87825.0
20
-33000.0
30
0
11
-87825.0
21
-33104.62
31
0
0
LINE
8
water
10
-87825.0
20
-33104.62
30
0
11
-87825.0
21
-33064.66
31
0
0
LINE
8
water
10
-87825.0
20
-33064.66
30
0
11
-87825.0
21
-32935.34
31
0
0
LINE
8
water
10
-87825.0
20
-32935.34
30
0
11
-87825.0
21
-32895.38
31
0
0
LINE
8
water
10
-87825.0
20
-32895.38
30
0
11
-87825.0
21
-33000.0
31
0
0
LINE
8
water
10
-87850.0
20
-33000.0
30
0
11
-87825.0
21
-33000.0
31
0
0
LINE
8
water
10
-87850.0
20
-33000.0
30
0
11
-87850.0
21
-33104.62
31
0
0
LINE
8
water
10
-87850.0
20
-33104.62
30
0
11
-87850.0
21
-33064.66
31
0
0
LINE
8
water
10
-87850.0
20
-33064.66
30
0
11
-87850.0
21
-32935.34
31
0
0
LINE
8
water
10
-87850.0
20
-32935.34
30
0
11
-87850.0
21
-32895.38
31
0
0
LINE
8
water
10
-87850.0
20
-32895.38
30
0
11
-87850.0
21
-33000.0
31
0
0
LINE
8
water
10
-87800.0
20
-32000.0
30
0
11
-87800.0
21
-32075.0
31
0
0
LINE
8
water
10
-87800.0
20
-32075.0
30
0
11
-87800.0
21
-32000.0
31
0
0
LINE
8
water
10
-87800.0
20
-32000.0
30
0
11
-87800.0
21
-31925.0
31
0
0
LINE
8
water
10
-87800.0
20
-31925.0
30
0
11
-87800.0
21
-32000.0
31
0
0
LINE
8
water
10
-88200.0
20
-32000.0
30
0
11
-87800.0
21
-32000.0
31
0
0
LINE
8
water
10
-88200.0
20
-32000.0
30
0
11
-88200.0
21
-32075.0
31
0
0
LINE
8
water
10
-88200.0
20
-32075.0
30
0
11
-88200.0
21
-32000.0
31
0
0
LINE
8
water
10
-88200.0
20
-32000.0
30
0
11
-88200.0
21
-31925.0
31
0
0
LINE
8
water
10
-88200.0
20
-31925.0
30
0
11
-88200.0
21
-32000.0
31
0
0
LINE
8
water
10
-87910.0
20
-32000.0
30
0
11
-87972.19
21
-31914.4
31
0
0
LINE
8
water
10
-87972.19
20
-31914.4
30
0
11
-88072.81
21
-31947.1
31
0
0
LINE
8
water
10
-88072.81
20
-31947.1
30
0
11
-88072.81
21
-32052.9
31
0
0
LINE
8
water
10
-88072.81
20
-32052.9
30
0
11
-87972.19
21
-32085.6
31
0
0
LINE
8
water
10
-87972.19
20
-32085.6
30
0
11
-87910.0
21
-32000.0
31
0
0
LINE
8
water
10
-88190.0
20
-32025.0
30
0
11
-88190.0
21
-31975.0
31
0
0
LINE
8
water
10
-87810.0
20
-32025.0
30
0
11
-87810.0
21
-31975.0
31
0
0
LINE
8
water
10
-88190.0
20
-32025.0
30
0
11
-87810.0
21
-32025.0
31
0
0
LINE
8
water
10
-88190.0
20
-31975.0
30
0
11
-87810.0
21
-31975.0
31
0
0
LINE
8
water
10
-88125.0
20
-32000.0
30
0
11
-88125.0
21
-32104.62
31
0
0
LINE
8
water
10
-88125.0
20
-32104.62
30
0
11
-88125.0
21
-32064.66
31
0
0
LINE
8
water
10
-88125.0
20
-32064.66
30
0
11
-88125.0
21
-31935.34
31
0
0
LINE
8
water
10
-88125.0
20
-31935.34
30
0
11
-88125.0
21
-31895.38
31
0
0
LINE
8
water
10
-88125.0
20
-31895.38
30
0
11
-88125.0
21
-32000.0
31
0
0
LINE
8
water
10
-88150.0
20
-32000.0
30
0
11
-88125.0
21
-32000.0
31
0
0
LINE
8
water
10
-88150.0
20
-32000.0
30
0
11
-88150.0
21
-32104.62
31
0
0
LINE
8
water
10
-88150.0
20
-32104.62
30
0
11
-88150.0
21
-32064.66
31
0
0
LINE
8
water
10
-88150.0
20
-32064.66
30
0
11
-88150.0
21
-31935.34
31
0
0
LINE
8
water
10
-88150.0
20
-31935.34
30
0
11
-88150.0
21
-31895.38
31
0
0
LINE
8
water
10
-88150.0
20
-31895.38
30
0
11
-88150.0
21
-32000.0
31
0
0
LINE
8
water
10
-87825.0
20
-32000.0
30
0
11
-87825.0
21
-32104.62
31
0
0
LINE
8
water
10
-87825.0
20
-32104.62
30
0
11
-87825.0
21
-32064.66
31
0
0
LINE
8
water
10
-87825.0
20
-32064.66
30
0
11
-87825.0
21
-31935.34
31
0
0
LINE
8
water
10
-87825.0
20
-31935.34
30
0
11
-87825.0
21
-31895.38
31
0
0
LINE
8
water
10
-87825.0
20
-31895.38
30
0
11
-87825.0
21
-32000.0
31
0
0
LINE
8
water
10
-87850.0
20
-32000.0
30
0
11
-87825.0
21
-32000.0
31
0
0
LINE
8
water
10
-87850.0
20
-32000.0
30
0
11
-87850.0
21
-32104.62
31
0
0
LINE
8
water
10
-87850.0
20
-32104.62
30
0
11
-87850.0
21
-32064.66
31
0
0
LINE
8
water
10
-87850.0
20
-32064.66
30
0
11
-87850.0
21
-31935.34
31
0
0
LINE
8
water
10
-87850.0
20
-31935.34
30
0
11
-87850.0
21
-31895.38
31
0
0
LINE
8
water
10
-87850.0
20
-31895.38
30
0
11
-87850.0
21
-32000.0
31
0
0
LINE
8
water
10
-86800.0
20
-31725.0
30
0
11
-86800.0
21
-30875.0
31
0
0
LINE
8
water
10
-85200.0
20
-31725.0
30
0
11
-85200.0
21
-30875.0
31
0
0
LINE
8
water
10
-86800.0
20
-31725.0
30
0
11
-85200.0
21
-31725.0
31
0
0
LINE
8
water
10
-86800.0
20
-30875.0
30
0
11
-85200.0
21
-30875.0
31
0
0
LINE
8
water
10
-85900.0
20
-31300.0
30
0
11
-85900.0
21
-31472.0
31
0
0
LINE
8
water
10
-85900.0
20
-31472.0
30
0
11
-85900.0
21
-31514.48
31
0
0
LINE
8
water
10
-85900.0
20
-31514.48
30
0
11
-85900.0
21
-31395.45
31
0
0
LINE
8
water
10
-85900.0
20
-31395.45
30
0
11
-85900.0
21
-31204.55
31
0
0
LINE
8
water
10
-85900.0
20
-31204.55
30
0
11
-85900.0
21
-31085.52
31
0
0
LINE
8
water
10
-85900.0
20
-31085.52
30
0
11
-85900.0
21
-31128.0
31
0
0
LINE
8
water
10
-85900.0
20
-31128.0
30
0
11
-85900.0
21
-31300.0
31
0
0
LINE
8
water
10
-86550.0
20
-31300.0
30
0
11
-85900.0
21
-31300.0
31
0
0
LINE
8
water
10
-86550.0
20
-31300.0
30
0
11
-86550.0
21
-31472.0
31
0
0
LINE
8
water
10
-86550.0
20
-31472.0
30
0
11
-86550.0
21
-31514.48
31
0
0
LINE
8
water
10
-86550.0
20
-31514.48
30
0
11
-86550.0
21
-31395.45
31
0
0
LINE
8
water
10
-86550.0
20
-31395.45
30
0
11
-86550.0
21
-31204.55
31
0
0
LINE
8
water
10
-86550.0
20
-31204.55
30
0
11
-86550.0
21
-31085.52
31
0
0
LINE
8
water
10
-86550.0
20
-31085.52
30
0
11
-86550.0
21
-31128.0
31
0
0
LINE
8
water
10
-86550.0
20
-31128.0
30
0
11
-86550.0
21
-31300.0
31
0
0
LINE
8
water
10
-85700.0
20
-31300.0
30
0
11
-85494.94
21
-31300.0
31
0
0
LINE
8
water
10
-85494.94
20
-31300.0
30
0
11
-85410.0
21
-31300.0
31
0
0
LINE
8
water
10
-85410.0
20
-31300.0
30
0
11
-85494.94
21
-31300.0
31
0
0
LINE
8
water
10
-85494.94
20
-31300.0
30
0
11
-85700.0
21
-31300.0
31
0
0
LINE
8
water
10
-85620.0
20
-31300.0
30
0
11
-85700.0
21
-31220.0
31
0
0
LINE
8
water
10
-85700.0
20
-31220.0
30
0
11
-85780.0
21
-31300.0
31
0
0
LINE
8
water
10
-85780.0
20
-31300.0
30
0
11
-85700.0
21
-31380.0
31
0
0
LINE
8
water
10
-85700.0
20
-31380.0
30
0
11
-85620.0
21
-31300.0
31
0
0
LINE
8
water
10
-86512.0
20
-31300.0
30
0
11
-86512.0
21
-31483.73
31
0
0
LINE
8
water
10
-86512.0
20
-31483.73
30
0
11
-86512.0
21
-31529.11
31
0
0
LINE
8
water
10
-86512.0
20
-31529.11
30
0
11
-86512.0
21
-31401.96
31
0
0
LINE
8
water
10
-86512.0
20
-31401.96
30
0
11
-86512.0
21
-31198.04
31
0
0
LINE
8
water
10
-86512.0
20
-31198.04
30
0
11
-86512.0
21
-31070.89
31
0
0
LINE
8
water
10
-86512.0
20
-31070.89
30
0
11
-86512.0
21
-31116.27
31
0
0
LINE
8
water
10
-86512.0
20
-31116.27
30
0
11
-86512.0
21
-31300.0
31
0
0
LINE
8
water
10
-86530.0
20
-31300.0
30
0
11
-86512.0
21
-31300.0
31
0
0
LINE
8
water
10
-86530.0
20
-31300.0
30
0
11
-86530.0
21
-31483.73
31
0
0
LINE
8
water
10
-86530.0
20
-31483.73
30
0
11
-86530.0
21
-31529.11
31
0
0
LINE
8
water
10
-86530.0
20
-31529.11
30
0
11
-86530.0
21
-31401.96
31
0
0
LINE
8
water
10
-86530.0
20
-31401.96
30
0
11
-86530.0
21
-31198.04
31
0
0
LINE
8
water
10
-86530.0
20
-31198.04
30
0
11
-86530.0
21
-31070.89
31
0
0
LINE
8
water
10
-86530.0
20
-31070.89
30
0
11
-86530.0
21
-31116.27
31
0
0
LINE
8
water
10
-86530.0
20
-31116.27
30
0
11
-86530.0
21
-31300.0
31
0
0
LINE
8
water
10
-86427.0
20
-31300.0
30
0
11
-86427.0
21
-31483.73
31
0
0
LINE
8
water
10
-86427.0
20
-31483.73
30
0
11
-86427.0
21
-31529.11
31
0
0
LINE
8
water
10
-86427.0
20
-31529.11
30
0
11
-86427.0
21
-31401.96
31
0
0
LINE
8
water
10
-86427.0
20
-31401.96
30
0
11
-86427.0
21
-31198.04
31
0
0
LINE
8
water
10
-86427.0
20
-31198.04
30
0
11
-86427.0
21
-31070.89
31
0
0
LINE
8
water
10
-86427.0
20
-31070.89
30
0
11
-86427.0
21
-31116.27
31
0
0
LINE
8
water
10
-86427.0
20
-31116.27
30
0
11
-86427.0
21
-31300.0
31
0
0
LINE
8
water
10
-86445.0
20
-31300.0
30
0
11
-86427.0
21
-31300.0
31
0
0
LINE
8
water
10
-86445.0
20
-31300.0
30
0
11
-86445.0
21
-31483.73
31
0
0
LINE
8
water
10
-86445.0
20
-31483.73
30
0
11
-86445.0
21
-31529.11
31
0
0
LINE
8
water
10
-86445.0
20
-31529.11
30
0
11
-86445.0
21
-31401.96
31
0
0
LINE
8
water
10
-86445.0
20
-31401.96
30
0
11
-86445.0
21
-31198.04
31
0
0
LINE
8
water
10
-86445.0
20
-31198.04
30
0
11
-86445.0
21
-31070.89
31
0
0
LINE
8
water
10
-86445.0
20
-31070.89
30
0
11
-86445.0
21
-31116.27
31
0
0
LINE
8
water
10
-86445.0
20
-31116.27
30
0
11
-86445.0
21
-31300.0
31
0
0
LINE
8
water
10
-86342.0
20
-31300.0
30
0
11
-86342.0
21
-31483.73
31
0
0
LINE
8
water
10
-86342.0
20
-31483.73
30
0
11
-86342.0
21
-31529.11
31
0
0
LINE
8
water
10
-86342.0
20
-31529.11
30
0
11
-86342.0
21
-31401.96
31
0
0
LINE
8
water
10
-86342.0
20
-31401.96
30
0
11
-86342.0
21
-31198.04
31
0
0
LINE
8
water
10
-86342.0
20
-31198.04
30
0
11
-86342.0
21
-31070.89
31
0
0
LINE
8
water
10
-86342.0
20
-31070.89
30
0
11
-86342.0
21
-31116.27
31
0
0
LINE
8
water
10
-86342.0
20
-31116.27
30
0
11
-86342.0
21
-31300.0
31
0
0
LINE
8
water
10
-86360.0
20
-31300.0
30
0
11
-86342.0
21
-31300.0
31
0
0
LINE
8
water
10
-86360.0
20
-31300.0
30
0
11
-86360.0
21
-31483.73
31
0
0
LINE
8
water
10
-86360.0
20
-31483.73
30
0
11
-86360.0
21
-31529.11
31
0
0
LINE
8
water
10
-86360.0
20
-31529.11
30
0
11
-86360.0
21
-31401.96
31
0
0
LINE
8
water
10
-86360.0
20
-31401.96
30
0
11
-86360.0
21
-31198.04
31
0
0
LINE
8
water
10
-86360.0
20
-31198.04
30
0
11
-86360.0
21
-31070.89
31
0
0
LINE
8
water
10
-86360.0
20
-31070.89
30
0
11
-86360.0
21
-31116.27
31
0
0
LINE
8
water
10
-86360.0
20
-31116.27
30
0
11
-86360.0
21
-31300.0
31
0
0
LINE
8
water
10
-86257.0
20
-31300.0
30
0
11
-86257.0
21
-31483.73
31
0
0
LINE
8
water
10
-86257.0
20
-31483.73
30
0
11
-86257.0
21
-31529.11
31
0
0
LINE
8
water
10
-86257.0
20
-31529.11
30
0
11
-86257.0
21
-31401.96
31
0
0
LINE
8
water
10
-86257.0
20
-31401.96
30
0
11
-86257.0
21
-31198.04
31
0
0
LINE
8
water
10
-86257.0
20
-31198.04
30
0
11
-86257.0
21
-31070.89
31
0
0
LINE
8
water
10
-86257.0
20
-31070.89
30
0
11
-86257.0
21
-31116.27
31
0
0
LINE
8
water
10
-86257.0
20
-31116.27
30
0
11
-86257.0
21
-31300.0
31
0
0
LINE
8
water
10
-86275.0
20
-31300.0
30
0
11
-86257.0
21
-31300.0
31
0
0
LINE
8
water
10
-86275.0
20
-31300.0
30
0
11
-86275.0
21
-31483.73
31
0
0
LINE
8
water
10
-86275.0
20
-31483.73
30
0
11
-86275.0
21
-31529.11
31
0
0
LINE
8
water
10
-86275.0
20
-31529.11
30
0
11
-86275.0
21
-31401.96
31
0
0
LINE
8
water
10
-86275.0
20
-31401.96
30
0
11
-86275.0
21
-31198.04
31
0
0
LINE
8
water
10
-86275.0
20
-31198.04
30
0
11
-86275.0
21
-31070.89
31
0
0
LINE
8
water
10
-86275.0
20
-31070.89
30
0
11
-86275.0
21
-31116.27
31
0
0
LINE
8
water
10
-86275.0
20
-31116.27
30
0
11
-86275.0
21
-31300.0
31
0
0
LINE
8
water
10
-86172.0
20
-31300.0
30
0
11
-86172.0
21
-31483.73
31
0
0
LINE
8
water
10
-86172.0
20
-31483.73
30
0
11
-86172.0
21
-31529.11
31
0
0
LINE
8
water
10
-86172.0
20
-31529.11
30
0
11
-86172.0
21
-31401.96
31
0
0
LINE
8
water
10
-86172.0
20
-31401.96
30
0
11
-86172.0
21
-31198.04
31
0
0
LINE
8
water
10
-86172.0
20
-31198.04
30
0
11
-86172.0
21
-31070.89
31
0
0
LINE
8
water
10
-86172.0
20
-31070.89
30
0
11
-86172.0
21
-31116.27
31
0
0
LINE
8
water
10
-86172.0
20
-31116.27
30
0
11
-86172.0
21
-31300.0
31
0
0
LINE
8
water
10
-86190.0
20
-31300.0
30
0
11
-86172.0
21
-31300.0
31
0
0
LINE
8
water
10
-86190.0
20
-31300.0
30
0
11
-86190.0
21
-31483.73
31
0
0
LINE
8
water
10
-86190.0
20
-31483.73
30
0
11
-86190.0
21
-31529.11
31
0
0
LINE
8
water
10
-86190.0
20
-31529.11
30
0
11
-86190.0
21
-31401.96
31
0
0
LINE
8
water
10
-86190.0
20
-31401.96
30
0
11
-86190.0
21
-31198.04
31
0
0
LINE
8
water
10
-86190.0
20
-31198.04
30
0
11
-86190.0
21
-31070.89
31
0
0
LINE
8
water
10
-86190.0
20
-31070.89
30
0
11
-86190.0
21
-31116.27
31
0
0
LINE
8
water
10
-86190.0
20
-31116.27
30
0
11
-86190.0
21
-31300.0
31
0
0
LINE
8
water
10
-86087.0
20
-31300.0
30
0
11
-86087.0
21
-31483.73
31
0
0
LINE
8
water
10
-86087.0
20
-31483.73
30
0
11
-86087.0
21
-31529.11
31
0
0
LINE
8
water
10
-86087.0
20
-31529.11
30
0
11
-86087.0
21
-31401.96
31
0
0
LINE
8
water
10
-86087.0
20
-31401.96
30
0
11
-86087.0
21
-31198.04
31
0
0
LINE
8
water
10
-86087.0
20
-31198.04
30
0
11
-86087.0
21
-31070.89
31
0
0
LINE
8
water
10
-86087.0
20
-31070.89
30
0
11
-86087.0
21
-31116.27
31
0
0
LINE
8
water
10
-86087.0
20
-31116.27
30
0
11
-86087.0
21
-31300.0
31
0
0
LINE
8
water
10
-86105.0
20
-31300.0
30
0
11
-86087.0
21
-31300.0
31
0
0
LINE
8
water
10
-86105.0
20
-31300.0
30
0
11
-86105.0
21
-31483.73
31
0
0
LINE
8
water
10
-86105.0
20
-31483.73
30
0
11
-86105.0
21
-31529.11
31
0
0
LINE
8
water
10
-86105.0
20
-31529.11
30
0
11
-86105.0
21
-31401.96
31
0
0
LINE
8
water
10
-86105.0
20
-31401.96
30
0
11
-86105.0
21
-31198.04
31
0
0
LINE
8
water
10
-86105.0
20
-31198.04
30
0
11
-86105.0
21
-31070.89
31
0
0
LINE
8
water
10
-86105.0
20
-31070.89
30
0
11
-86105.0
21
-31116.27
31
0
0
LINE
8
water
10
-86105.0
20
-31116.27
30
0
11
-86105.0
21
-31300.0
31
0
0
LINE
8
water
10
-86002.0
20
-31300.0
30
0
11
-86002.0
21
-31483.73
31
0
0
LINE
8
water
10
-86002.0
20
-31483.73
30
0
11
-86002.0
21
-31529.11
31
0
0
LINE
8
water
10
-86002.0
20
-31529.11
30
0
11
-86002.0
21
-31401.96
31
0
0
LINE
8
water
10
-86002.0
20
-31401.96
30
0
11
-86002.0
21
-31198.04
31
0
0
LINE
8
water
10
-86002.0
20
-31198.04
30
0
11
-86002.0
21
-31070.89
31
0
0
LINE
8
water
10
-86002.0
20
-31070.89
30
0
11
-86002.0
21
-31116.27
31
0
0
LINE
8
water
10
-86002.0
20
-31116.27
30
0
11
-86002.0
21
-31300.0
31
0
0
LINE
8
water
10
-86020.0
20
-31300.0
30
0
11
-86002.0
21
-31300.0
31
0
0
LINE
8
water
10
-86020.0
20
-31300.0
30
0
11
-86020.0
21
-31483.73
31
0
0
LINE
8
water
10
-86020.0
20
-31483.73
30
0
11
-86020.0
21
-31529.11
31
0
0
LINE
8
water
10
-86020.0
20
-31529.11
30
0
11
-86020.0
21
-31401.96
31
0
0
LINE
8
water
10
-86020.0
20
-31401.96
30
0
11
-86020.0
21
-31198.04
31
0
0
LINE
8
water
10
-86020.0
20
-31198.04
30
0
11
-86020.0
21
-31070.89
31
0
0
LINE
8
water
10
-86020.0
20
-31070.89
30
0
11
-86020.0
21
-31116.27
31
0
0
LINE
8
water
10
-86020.0
20
-31116.27
30
0
11
-86020.0
21
-31300.0
31
0
0
LINE
8
water
10
-83450.0
20
-31300.0
30
0
11
-83537.31
21
-31002.65
31
0
0
LINE
8
water
10
-83537.31
20
-31002.65
30
0
11
-83771.52
21
-30799.7
31
0
0
LINE
8
water
10
-83771.52
20
-30799.7
30
0
11
-84078.27
21
-30755.6
31
0
0
LINE
8
water
10
-84078.27
20
-30755.6
30
0
11
-84360.17
21
-30884.34
31
0
0
LINE
8
water
10
-84360.17
20
-30884.34
30
0
11
-84527.72
21
-31145.05
31
0
0
LINE
8
water
10
-84527.72
20
-31145.05
30
0
11
-84527.72
21
-31454.95
31
0
0
LINE
8
water
10
-84527.72
20
-31454.95
30
0
11
-84360.17
21
-31715.66
31
0
0
LINE
8
water
10
-84360.17
20
-31715.66
30
0
11
-84078.27
21
-31844.4
31
0
0
LINE
8
water
10
-84078.27
20
-31844.4
30
0
11
-83771.52
21
-31800.3
31
0
0
LINE
8
water
10
-83771.52
20
-31800.3
30
0
11
-83537.31
21
-31597.35
31
0
0
LINE
8
water
10
-83537.31
20
-31597.35
30
0
11
-83450.0
21
-31300.0
31
0
0
LINE
8
water
10
-84650.0
20
-31950.0
30
0
11
-84650.0
21
-30650.0
31
0
0
LINE
8
water
10
-83350.0
20
-31950.0
30
0
11
-83350.0
21
-30650.0
31
0
0
LINE
8
water
10
-84650.0
20
-31950.0
30
0
11
-83350.0
21
-31950.0
31
0
0
LINE
8
water
10
-84650.0
20
-30650.0
30
0
11
-83350.0
21
-30650.0
31
0
0
LINE
8
water
10
-85700.0
20
-31200.0
30
0
11
-85700.0
21
-31265.0
31
0
0
LINE
8
water
10
-85700.0
20
-31265.0
30
0
11
-85700.0
21
-31200.0
31
0
0
LINE
8
water
10
-85700.0
20
-31200.0
30
0
11
-85700.0
21
-31135.0
31
0
0
LINE
8
water
10
-85700.0
20
-31135.0
30
0
11
-85700.0
21
-31200.0
31
0
0
LINE
8
water
10
-88000.0
20
-31200.0
30
0
11
-85700.0
21
-31200.0
31
0
0
LINE
8
water
10
-88000.0
20
-31200.0
30
0
11
-88000.0
21
-31265.0
31
0
0
LINE
8
water
10
-88000.0
20
-31265.0
30
0
11
-88000.0
21
-31200.0
31
0
0
LINE
8
water
10
-88000.0
20
-31200.0
30
0
11
-88000.0
21
-31135.0
31
0
0
LINE
8
water
10
-88000.0
20
-31135.0
30
0
11
-88000.0
21
-31200.0
31
0
0
LINE
8
water
10
-85700.0
20
-31364.92
30
0
11
-85765.0
21
-31300.0
31
0
0
LINE
8
water
10
-85765.0
20
-31300.0
30
0
11
-85700.0
21
-31235.08
31
0
0
LINE
8
water
10
-85700.0
20
-31235.08
30
0
11
-85635.0
21
-31300.0
31
0
0
LINE
8
water
10
-85635.0
20
-31300.0
30
0
11
-85700.0
21
-31364.92
31
0
0
LINE
8
water
10
-85700.0
20
-31264.92
30
0
11
-85700.0
21
-31364.92
31
0
0
LINE
8
water
10
-85700.0
20
-31264.92
30
0
11
-85765.0
21
-31200.0
31
0
0
LINE
8
water
10
-85765.0
20
-31200.0
30
0
11
-85700.0
21
-31135.08
31
0
0
LINE
8
water
10
-85700.0
20
-31135.08
30
0
11
-85635.0
21
-31200.0
31
0
0
LINE
8
water
10
-85635.0
20
-31200.0
30
0
11
-85700.0
21
-31264.92
31
0
0
LINE
8
water
10
-85700.0
20
-31200.0
30
0
11
-85629.8
21
-31200.0
31
0
0
LINE
8
water
10
-85629.8
20
-31200.0
30
0
11
-85700.0
21
-31200.0
31
0
0
LINE
8
water
10
-84000.0
20
-31600.0
30
0
11
-84000.0
21
-31665.0
31
0
0
LINE
8
water
10
-84000.0
20
-31665.0
30
0
11
-84000.0
21
-31600.0
31
0
0
LINE
8
water
10
-84000.0
20
-31600.0
30
0
11
-84000.0
21
-31535.0
31
0
0
LINE
8
water
10
-84000.0
20
-31535.0
30
0
11
-84000.0
21
-31600.0
31
0
0
LINE
8
water
10
-85700.0
20
-31600.0
30
0
11
-84000.0
21
-31600.0
31
0
0
LINE
8
water
10
-85700.0
20
-31600.0
30
0
11
-85700.0
21
-31665.0
31
0
0
LINE
8
water
10
-85700.0
20
-31665.0
30
0
11
-85700.0
21
-31600.0
31
0
0
LINE
8
water
10
-85700.0
20
-31600.0
30
0
11
-85700.0
21
-31535.0
31
0
0
LINE
8
water
10
-85700.0
20
-31535.0
30
0
11
-85700.0
21
-31600.0
31
0
0
LINE
8
water
10
-84000.0
20
-31300.0
30
0
11
-83935.0
21
-31300.0
31
0
0
LINE
8
water
10
-83935.0
20
-31300.0
30
0
11
-84000.0
21
-31300.0
31
0
0
LINE
8
water
10
-84000.0
20
-31300.0
30
0
11
-84065.0
21
-31300.0
31
0
0
LINE
8
water
10
-84065.0
20
-31300.0
30
0
11
-84000.0
21
-31300.0
31
0
0
LINE
8
water
10
-84000.0
20
-31600.0
30
0
11
-84000.0
21
-31300.0
31
0
0
LINE
8
water
10
-84000.0
20
-31600.0
30
0
11
-83935.0
21
-31600.0
31
0
0
LINE
8
water
10
-83935.0
20
-31600.0
30
0
11
-84000.0
21
-31600.0
31
0
0
LINE
8
water
10
-84000.0
20
-31600.0
30
0
11
-84065.0
21
-31600.0
31
0
0
LINE
8
water
10
-84065.0
20
-31600.0
30
0
11
-84000.0
21
-31600.0
31
0
0
LINE
8
water
10
-84000.0
20
-31600.0
30
0
11
-83929.8
21
-31600.0
31
0
0
LINE
8
water
10
-83929.8
20
-31600.0
30
0
11
-84000.0
21
-31600.0
31
0
0
LINE
8
water
10
-84000.0
20
-32000.0
30
0
11
-83935.0
21
-32000.0
31
0
0
LINE
8
water
10
-83935.0
20
-32000.0
30
0
11
-84000.0
21
-32000.0
31
0
0
LINE
8
water
10
-84000.0
20
-32000.0
30
0
11
-84065.0
21
-32000.0
31
0
0
LINE
8
water
10
-84065.0
20
-32000.0
30
0
11
-84000.0
21
-32000.0
31
0
0
LINE
8
water
10
-84000.0
20
-31300.0
30
0
11
-84000.0
21
-32000.0
31
0
0
LINE
8
water
10
-83935.0
20
-32000.0
30
0
11
-84000.0
21
-31935.0
31
0
0
LINE
8
water
10
-84000.0
20
-31935.0
30
0
11
-84065.0
21
-32000.0
31
0
0
LINE
8
water
10
-84065.0
20
-32000.0
30
0
11
-84000.0
21
-32065.0
31
0
0
LINE
8
water
10
-84000.0
20
-32065.0
30
0
11
-83935.0
21
-32000.0
31
0
0
LINE
8
water
10
-84000.0
20
-32000.0
30
0
11
-83929.8
21
-32000.0
31
0
0
LINE
8
water
10
-83929.8
20
-32000.0
30
0
11
-84000.0
21
-32000.0
31
0
0
LINE
8
water
10
91000.0
20
-33000.0
30
0
11
91000.0
21
-33080.0
31
0
0
LINE
8
water
10
91000.0
20
-33080.0
30
0
11
91000.0
21
-33000.0
31
0
0
LINE
8
water
10
91000.0
20
-33000.0
30
0
11
91000.0
21
-32920.0
31
0
0
LINE
8
water
10
91000.0
20
-32920.0
30
0
11
91000.0
21
-33000.0
31
0
0
LINE
8
water
10
-88000.0
20
-33000.0
30
0
11
91000.0
21
-33000.0
31
0
0
LINE
8
water
10
-88000.0
20
-33000.0
30
0
11
-88000.0
21
-33080.0
31
0
0
LINE
8
water
10
-88000.0
20
-33080.0
30
0
11
-88000.0
21
-33000.0
31
0
0
LINE
8
water
10
-88000.0
20
-33000.0
30
0
11
-88000.0
21
-32920.0
31
0
0
LINE
8
water
10
-88000.0
20
-32920.0
30
0
11
-88000.0
21
-33000.0
31
0
0
LINE
8
water
10
91000.0
20
-32000.0
30
0
11
91000.0
21
-32080.0
31
0
0
LINE
8
water
10
91000.0
20
-32080.0
30
0
11
91000.0
21
-32000.0
31
0
0
LINE
8
water
10
91000.0
20
-32000.0
30
0
11
91000.0
21
-31920.0
31
0
0
LINE
8
water
10
91000.0
20
-31920.0
30
0
11
91000.0
21
-32000.0
31
0
0
LINE
8
water
10
-88000.0
20
-32000.0
30
0
11
91000.0
21
-32000.0
31
0
0
LINE
8
water
10
-88000.0
20
-32000.0
30
0
11
-88000.0
21
-32080.0
31
0
0
LINE
8
water
10
-88000.0
20
-32080.0
30
0
11
-88000.0
21
-32000.0
31
0
0
LINE
8
water
10
-88000.0
20
-32000.0
30
0
11
-88000.0
21
-31920.0
31
0
0
LINE
8
water
10
-88000.0
20
-31920.0
30
0
11
-88000.0
21
-32000.0
31
0
0
LINE
8
water
10
91000.0
20
-31200.0
30
0
11
91000.0
21
-31280.0
31
0
0
LINE
8
water
10
91000.0
20
-31280.0
30
0
11
91000.0
21
-31200.0
31
0
0
LINE
8
water
10
91000.0
20
-31200.0
30
0
11
91000.0
21
-31120.0
31
0
0
LINE
8
water
10
91000.0
20
-31120.0
30
0
11
91000.0
21
-31200.0
31
0
0
LINE
8
water
10
-88000.0
20
-31200.0
30
0
11
91000.0
21
-31200.0
31
0
0
LINE
8
water
10
-88000.0
20
-31200.0
30
0
11
-88000.0
21
-31280.0
31
0
0
LINE
8
water
10
-88000.0
20
-31280.0
30
0
11
-88000.0
21
-31200.0
31
0
0
LINE
8
water
10
-88000.0
20
-31200.0
30
0
11
-88000.0
21
-31120.0
31
0
0
LINE
8
water
10
-88000.0
20
-31120.0
30
0
11
-88000.0
21
-31200.0
31
0
0
LINE
8
water
10
91000.0
20
-31200.0
30
0
11
91080.0
21
-31200.0
31
0
0
LINE
8
water
10
91080.0
20
-31200.0
30
0
11
91000.0
21
-31200.0
31
0
0
LINE
8
water
10
91000.0
20
-31200.0
30
0
11
90920.0
21
-31200.0
31
0
0
LINE
8
water
10
90920.0
20
-31200.0
30
0
11
91000.0
21
-31200.0
31
0
0
LINE
8
water
10
91000.0
20
-32000.0
30
0
11
91000.0
21
-31200.0
31
0
0
LINE
8
water
10
91000.0
20
-32000.0
30
0
11
91080.0
21
-32000.0
31
0
0
LINE
8
water
10
91080.0
20
-32000.0
30
0
11
91000.0
21
-32000.0
31
0
0
LINE
8
water
10
91000.0
20
-32000.0
30
0
11
90920.0
21
-32000.0
31
0
0
LINE
8
water
10
90920.0
20
-32000.0
30
0
11
91000.0
21
-32000.0
31
0
0
LINE
8
electrical
10
-91000.0
20
-35000.0
30
0
11
-91000.0
21
-34950.0
31
0
0
LINE
8
electrical
10
-91000.0
20
-34650.0
30
0
11
-91000.0
21
-34950.0
31
0
0
LINE
8
electrical
10
-91000.0
20
-34650.0
30
0
11
-91000.0
21
-34600.0
31
0
0
LINE
8
electrical
10
-91000.0
20
-35000.0
30
0
11
-91000.0
21
-34600.0
31
0
0
LINE
8
electrical
10
91000.0
20
-34950.0
30
0
11
-91000.0
21
-34950.0
31
0
0
LINE
8
electrical
10
91000.0
20
-35000.0
30
0
11
91000.0
21
-34950.0
31
0
0
LINE
8
electrical
10
-91000.0
20
-35000.0
30
0
11
91000.0
21
-35000.0
31
0
0
LINE
8
electrical
10
-91000.0
20
-34650.0
30
0
11
91000.0
21
-34650.0
31
0
0
LINE
8
electrical
10
91000.0
20
-34650.0
30
0
11
91000.0
21
-34950.0
31
0
0
LINE
8
electrical
10
-91000.0
20
-34600.0
30
0
11
91000.0
21
-34600.0
31
0
0
LINE
8
electrical
10
91000.0
20
-34650.0
30
0
11
91000.0
21
-34600.0
31
0
0
LINE
8
electrical
10
91000.0
20
-35000.0
30
0
11
91000.0
21
-34600.0
31
0
0
LINE
8
electrical
10
91000.0
20
-34800.0
30
0
11
91000.0
21
-34815.59
31
0
0
LINE
8
electrical
10
91000.0
20
-34815.59
30
0
11
91000.0
21
-34784.41
31
0
0
LINE
8
electrical
10
91000.0
20
-34784.41
30
0
11
91000.0
21
-34800.0
31
0
0
LINE
8
electrical
10
-91000.0
20
-34800.0
30
0
11
91000.0
21
-34800.0
31
0
0
LINE
8
electrical
10
-91000.0
20
-34800.0
30
0
11
-91000.0
21
-34815.59
31
0
0
LINE
8
electrical
10
-91000.0
20
-34815.59
30
0
11
-91000.0
21
-34784.41
31
0
0
LINE
8
electrical
10
-91000.0
20
-34784.41
30
0
11
-91000.0
21
-34800.0
31
0
0
LINE
8
electrical
10
-91000.0
20
-34800.0
30
0
11
-90978.35
21
-34800.0
31
0
0
LINE
8
electrical
10
-90978.35
20
-34800.0
30
0
11
-91021.65
21
-34800.0
31
0
0
LINE
8
electrical
10
-91021.65
20
-34800.0
30
0
11
-91000.0
21
-34800.0
31
0
0
LINE
8
electrical
10
-91000.0
20
-35000.0
30
0
11
-91000.0
21
-34800.0
31
0
0
LINE
8
electrical
10
-91000.0
20
-35000.0
30
0
11
-90978.35
21
-35000.0
31
0
0
LINE
8
electrical
10
-90978.35
20
-35000.0
30
0
11
-91021.65
21
-35000.0
31
0
0
LINE
8
electrical
10
-91021.65
20
-35000.0
30
0
11
-91000.0
21
-35000.0
31
0
0
LINE
8
electrical
10
-90975.0
20
-34800.0
30
0
11
-91012.5
21
-34778.35
31
0
0
LINE
8
electrical
10
-91012.5
20
-34778.35
30
0
11
-91012.5
21
-34821.65
31
0
0
LINE
8
electrical
10
-91012.5
20
-34821.65
30
0
11
-90975.0
21
-34800.0
31
0
0
LINE
8
electrical
10
-91000.0
20
-34800.0
30
0
11
-90973.0
21
-34800.0
31
0
0
LINE
8
electrical
10
-90973.0
20
-34800.0
30
0
11
-91000.0
21
-34800.0
31
0
0
LINE
8
interiors
10
-71500.0
20
-14000.0
30
0
11
-71500.0
21
-2000.0
31
0
0
LINE
8
interiors
10
-71500.0
20
-14000.0
30
0
11
-65200.0
21
-14000.0
31
0
0
LINE
8
interiors
10
-65200.0
20
-14000.0
30
0
11
-62800.0
21
-14000.0
31
0
0
LINE
8
interiors
10
-62800.0
20
-14000.0
30
0
11
-56500.0
21
-14000.0
31
0
0
LINE
8
interiors
10
-71500.0
20
-14000.0
30
0
11
-56500.0
21
-14000.0
31
0
0
LINE
8
interiors
10
-71500.0
20
-2000.0
30
0
11
-56500.0
21
-2000.0
31
0
0
LINE
8
interiors
10
-56500.0
20
-14000.0
30
0
11
-56500.0
21
-2000.0
31
0
0
LINE
8
interiors
10
-56620.0
20
-13880.0
30
0
11
-71380.0
21
-13880.0
31
0
0
LINE
8
interiors
10
-56620.0
20
-13880.0
30
0
11
-56620.0
21
-2120.0
31
0
0
LINE
8
interiors
10
-56620.0
20
-2120.0
30
0
11
-71380.0
21
-2120.0
31
0
0
LINE
8
interiors
10
-71380.0
20
-13880.0
30
0
11
-71380.0
21
-2120.0
31
0
0
LINE
8
interiors
10
-67900.0
20
-2000.0
30
0
11
-60100.0
21
-2000.0
31
0
0
LINE
8
interiors
10
-62800.0
20
-14000.0
30
0
11
-62800.0
21
-13880.0
31
0
0
LINE
8
interiors
10
-56620.0
20
-13880.0
30
0
11
-62800.0
21
-13880.0
31
0
0
LINE
8
interiors
10
-65200.0
20
-13880.0
30
0
11
-71380.0
21
-13880.0
31
0
0
LINE
8
interiors
10
-65200.0
20
-14000.0
30
0
11
-65200.0
21
-13880.0
31
0
0
LINE
8
interiors
10
-65200.0
20
-13880.0
30
0
11
-62800.0
21
-13880.0
31
0
0
LINE
8
interiors
10
-67900.0
20
-2120.0
30
0
11
-60100.0
21
-2120.0
31
0
0
LINE
8
interiors
10
-67900.0
20
-2120.0
30
0
11
-67900.0
21
-2000.0
31
0
0
LINE
8
interiors
10
-60100.0
20
-2120.0
30
0
11
-60100.0
21
-2000.0
31
0
0
LINE
8
interiors
10
-67900.0
20
-2022.5
30
0
11
-67900.0
21
-1977.5
31
0
0
LINE
8
interiors
10
-60100.0
20
-2022.5
30
0
11
-60100.0
21
-1977.5
31
0
0
LINE
8
interiors
10
-67900.0
20
-2022.5
30
0
11
-60100.0
21
-2022.5
31
0
0
LINE
8
interiors
10
-67900.0
20
-1977.5
30
0
11
-60100.0
21
-1977.5
31
0
0
LINE
8
interiors
10
-71375.0
20
-13875.0
30
0
11
-71375.0
21
-2125.0
31
0
0
LINE
8
interiors
10
-56625.0
20
-13875.0
30
0
11
-56625.0
21
-2125.0
31
0
0
LINE
8
interiors
10
-71375.0
20
-13875.0
30
0
11
-56625.0
21
-13875.0
31
0
0
LINE
8
interiors
10
-71375.0
20
-2125.0
30
0
11
-56625.0
21
-2125.0
31
0
0
LINE
8
interiors
10
-65155.0
20
-14120.0
30
0
11
-65155.0
21
-13880.0
31
0
0
LINE
8
interiors
10
-65085.0
20
-14120.0
30
0
11
-65085.0
21
-13880.0
31
0
0
LINE
8
interiors
10
-65155.0
20
-14120.0
30
0
11
-65085.0
21
-14120.0
31
0
0
LINE
8
interiors
10
-65155.0
20
-13880.0
30
0
11
-65085.0
21
-13880.0
31
0
0
LINE
8
interiors
10
-62915.0
20
-14120.0
30
0
11
-62915.0
21
-13880.0
31
0
0
LINE
8
interiors
10
-62845.0
20
-14120.0
30
0
11
-62845.0
21
-13880.0
31
0
0
LINE
8
interiors
10
-62915.0
20
-14120.0
30
0
11
-62845.0
21
-14120.0
31
0
0
LINE
8
interiors
10
-62915.0
20
-13880.0
30
0
11
-62845.0
21
-13880.0
31
0
0
LINE
8
interiors
10
-65150.0
20
-14120.0
30
0
11
-65150.0
21
-13880.0
31
0
0
LINE
8
interiors
10
-62850.0
20
-14120.0
30
0
11
-62850.0
21
-13880.0
31
0
0
LINE
8
interiors
10
-65150.0
20
-14120.0
30
0
11
-62850.0
21
-14120.0
31
0
0
LINE
8
interiors
10
-65150.0
20
-13880.0
30
0
11
-62850.0
21
-13880.0
31
0
0
LINE
8
interiors
10
-65069.61
20
-13909.51
30
0
11
-65110.39
21
-13890.49
31
0
0
LINE
8
interiors
10
-64613.18
20
-12930.7
30
0
11
-64653.96
21
-12911.68
31
0
0
LINE
8
interiors
10
-65069.61
20
-13909.51
30
0
11
-64613.18
21
-12930.7
31
0
0
LINE
8
interiors
10
-65110.39
20
-13890.49
30
0
11
-64653.96
21
-12911.68
31
0
0
LINE
8
interiors
10
-68200.0
20
-11090.0
30
0
11
-68200.0
21
-10190.0
31
0
0
LINE
8
interiors
10
-66400.0
20
-11090.0
30
0
11
-66400.0
21
-10190.0
31
0
0
LINE
8
interiors
10
-68200.0
20
-11090.0
30
0
11
-66400.0
21
-11090.0
31
0
0
LINE
8
interiors
10
-68200.0
20
-10190.0
30
0
11
-66400.0
21
-10190.0
31
0
0
LINE
8
interiors
10
-68135.0
20
-11025.0
30
0
11
-68135.0
21
-10955.0
31
0
0
LINE
8
interiors
10
-68065.0
20
-11025.0
30
0
11
-68065.0
21
-10955.0
31
0
0
LINE
8
interiors
10
-68135.0
20
-11025.0
30
0
11
-68065.0
21
-11025.0
31
0
0
LINE
8
interiors
10
-68135.0
20
-10955.0
30
0
11
-68065.0
21
-10955.0
31
0
0
LINE
8
interiors
10
-68135.0
20
-10325.0
30
0
11
-68135.0
21
-10255.0
31
0
0
LINE
8
interiors
10
-68065.0
20
-10325.0
30
0
11
-68065.0
21
-10255.0
31
0
0
LINE
8
interiors
10
-68135.0
20
-10325.0
30
0
11
-68065.0
21
-10325.0
31
0
0
LINE
8
interiors
10
-68135.0
20
-10255.0
30
0
11
-68065.0
21
-10255.0
31
0
0
LINE
8
interiors
10
-66535.0
20
-11025.0
30
0
11
-66535.0
21
-10955.0
31
0
0
LINE
8
interiors
10
-66465.0
20
-11025.0
30
0
11
-66465.0
21
-10955.0
31
0
0
LINE
8
interiors
10
-66535.0
20
-11025.0
30
0
11
-66465.0
21
-11025.0
31
0
0
LINE
8
interiors
10
-66535.0
20
-10955.0
30
0
11
-66465.0
21
-10955.0
31
0
0
LINE
8
interiors
10
-66535.0
20
-10325.0
30
0
11
-66535.0
21
-10255.0
31
0
0
LINE
8
interiors
10
-66465.0
20
-10325.0
30
0
11
-66465.0
21
-10255.0
31
0
0
LINE
8
interiors
10
-66535.0
20
-10325.0
30
0
11
-66465.0
21
-10325.0
31
0
0
LINE
8
interiors
10
-66535.0
20
-10255.0
30
0
11
-66465.0
21
-10255.0
31
0
0
LINE
8
interiors
10
-67540.0
20
-11630.0
30
0
11
-67540.0
21
-11150.0
31
0
0
LINE
8
interiors
10
-67060.0
20
-11630.0
30
0
11
-67060.0
21
-11150.0
31
0
0
LINE
8
interiors
10
-67540.0
20
-11630.0
30
0
11
-67060.0
21
-11630.0
31
0
0
LINE
8
interiors
10
-67540.0
20
-11150.0
30
0
11
-67060.0
21
-11150.0
31
0
0
LINE
8
interiors
10
-67540.0
20
-11212.5
30
0
11
-67540.0
21
-11147.5
31
0
0
LINE
8
interiors
10
-67060.0
20
-11212.5
30
0
11
-67060.0
21
-11147.5
31
0
0
LINE
8
interiors
10
-67540.0
20
-11212.5
30
0
11
-67060.0
21
-11212.5
31
0
0
LINE
8
interiors
10
-67540.0
20
-11147.5
30
0
11
-67060.0
21
-11147.5
31
0
0
LINE
8
interiors
10
-67507.5
20
-11597.5
30
0
11
-67507.5
21
-11562.5
31
0
0
LINE
8
interiors
10
-67472.5
20
-11597.5
30
0
11
-67472.5
21
-11562.5
31
0
0
LINE
8
interiors
10
-67507.5
20
-11597.5
30
0
11
-67472.5
21
-11597.5
31
0
0
LINE
8
interiors
10
-67507.5
20
-11562.5
30
0
11
-67472.5
21
-11562.5
31
0
0
LINE
8
interiors
10
-67507.5
20
-11217.5
30
0
11
-67507.5
21
-11182.5
31
0
0
LINE
8
interiors
10
-67472.5
20
-11217.5
30
0
11
-67472.5
21
-11182.5
31
0
0
LINE
8
interiors
10
-67507.5
20
-11217.5
30
0
11
-67472.5
21
-11217.5
31
0
0
LINE
8
interiors
10
-67507.5
20
-11182.5
30
0
11
-67472.5
21
-11182.5
31
0
0
LINE
8
interiors
10
-67127.5
20
-11597.5
30
0
11
-67127.5
21
-11562.5
31
0
0
LINE
8
interiors
10
-67092.5
20
-11597.5
30
0
11
-67092.5
21
-11562.5
31
0
0
LINE
8
interiors
10
-67127.5
20
-11597.5
30
0
11
-67092.5
21
-11597.5
31
0
0
LINE
8
interiors
10
-67127.5
20
-11562.5
30
0
11
-67092.5
21
-11562.5
31
0
0
LINE
8
interiors
10
-67127.5
20
-11217.5
30
0
11
-67127.5
21
-11182.5
31
0
0
LINE
8
interiors
10
-67092.5
20
-11217.5
30
0
11
-67092.5
21
-11182.5
31
0
0
LINE
8
interiors
10
-67127.5
20
-11217.5
30
0
11
-67092.5
21
-11217.5
31
0
0
LINE
8
interiors
10
-67127.5
20
-11182.5
30
0
11
-67092.5
21
-11182.5
31
0
0
LINE
8
interiors
10
-67600.0
20
-10450.0
30
0
11
-67600.0
21
-10390.0
31
0
0
LINE
8
interiors
10
-67000.0
20
-10450.0
30
0
11
-67000.0
21
-10390.0
31
0
0
LINE
8
interiors
10
-67600.0
20
-10450.0
30
0
11
-67000.0
21
-10450.0
31
0
0
LINE
8
interiors
10
-67600.0
20
-10390.0
30
0
11
-67000.0
21
-10390.0
31
0
0
LINE
8
interiors
10
-67330.0
20
-10455.0
30
0
11
-67330.0
21
-10385.0
31
0
0
LINE
8
interiors
10
-67270.0
20
-10455.0
30
0
11
-67270.0
21
-10385.0
31
0
0
LINE
8
interiors
10
-67330.0
20
-10455.0
30
0
11
-67270.0
21
-10455.0
31
0
0
LINE
8
interiors
10
-67330.0
20
-10385.0
30
0
11
-67270.0
21
-10385.0
31
0
0
LINE
8
interiors
10
-67450.0
20
-10530.0
30
0
11
-67450.0
21
-10310.0
31
0
0
LINE
8
interiors
10
-67150.0
20
-10530.0
30
0
11
-67150.0
21
-10310.0
31
0
0
LINE
8
interiors
10
-67450.0
20
-10530.0
30
0
11
-67150.0
21
-10530.0
31
0
0
LINE
8
interiors
10
-67450.0
20
-10310.0
30
0
11
-67150.0
21
-10310.0
31
0
0
LINE
8
interiors
10
-61600.0
20
-11090.0
30
0
11
-61600.0
21
-10190.0
31
0
0
LINE
8
interiors
10
-59800.0
20
-11090.0
30
0
11
-59800.0
21
-10190.0
31
0
0
LINE
8
interiors
10
-61600.0
20
-11090.0
30
0
11
-59800.0
21
-11090.0
31
0
0
LINE
8
interiors
10
-61600.0
20
-10190.0
30
0
11
-59800.0
21
-10190.0
31
0
0
LINE
8
interiors
10
-61535.0
20
-11025.0
30
0
11
-61535.0
21
-10955.0
31
0
0
LINE
8
interiors
10
-61465.0
20
-11025.0
30
0
11
-61465.0
21
-10955.0
31
0
0
LINE
8
interiors
10
-61535.0
20
-11025.0
30
0
11
-61465.0
21
-11025.0
31
0
0
LINE
8
interiors
10
-61535.0
20
-10955.0
30
0
11
-61465.0
21
-10955.0
31
0
0
LINE
8
interiors
10
-61535.0
20
-10325.0
30
0
11
-61535.0
21
-10255.0
31
0
0
LINE
8
interiors
10
-61465.0
20
-10325.0
30
0
11
-61465.0
21
-10255.0
31
0
0
LINE
8
interiors
10
-61535.0
20
-10325.0
30
0
11
-61465.0
21
-10325.0
31
0
0
LINE
8
interiors
10
-61535.0
20
-10255.0
30
0
11
-61465.0
21
-10255.0
31
0
0
LINE
8
interiors
10
-59935.0
20
-11025.0
30
0
11
-59935.0
21
-10955.0
31
0
0
LINE
8
interiors
10
-59865.0
20
-11025.0
30
0
11
-59865.0
21
-10955.0
31
0
0
LINE
8
interiors
10
-59935.0
20
-11025.0
30
0
11
-59865.0
21
-11025.0
31
0
0
LINE
8
interiors
10
-59935.0
20
-10955.0
30
0
11
-59865.0
21
-10955.0
31
0
0
LINE
8
interiors
10
-59935.0
20
-10325.0
30
0
11
-59935.0
21
-10255.0
31
0
0
LINE
8
interiors
10
-59865.0
20
-10325.0
30
0
11
-59865.0
21
-10255.0
31
0
0
LINE
8
interiors
10
-59935.0
20
-10325.0
30
0
11
-59865.0
21
-10325.0
31
0
0
LINE
8
interiors
10
-59935.0
20
-10255.0
30
0
11
-59865.0
21
-10255.0
31
0
0
LINE
8
interiors
10
-60940.0
20
-11630.0
30
0
11
-60940.0
21
-11150.0
31
0
0
LINE
8
interiors
10
-60460.0
20
-11630.0
30
0
11
-60460.0
21
-11150.0
31
0
0
LINE
8
interiors
10
-60940.0
20
-11630.0
30
0
11
-60460.0
21
-11630.0
31
0
0
LINE
8
interiors
10
-60940.0
20
-11150.0
30
0
11
-60460.0
21
-11150.0
31
0
0
LINE
8
interiors
10
-60940.0
20
-11212.5
30
0
11
-60940.0
21
-11147.5
31
0
0
LINE
8
interiors
10
-60460.0
20
-11212.5
30
0
11
-60460.0
21
-11147.5
31
0
0
LINE
8
interiors
10
-60940.0
20
-11212.5
30
0
11
-60460.0
21
-11212.5
31
0
0
LINE
8
interiors
10
-60940.0
20
-11147.5
30
0
11
-60460.0
21
-11147.5
31
0
0
LINE
8
interiors
10
-60907.5
20
-11597.5
30
0
11
-60907.5
21
-11562.5
31
0
0
LINE
8
interiors
10
-60872.5
20
-11597.5
30
0
11
-60872.5
21
-11562.5
31
0
0
LINE
8
interiors
10
-60907.5
20
-11597.5
30
0
11
-60872.5
21
-11597.5
31
0
0
LINE
8
interiors
10
-60907.5
20
-11562.5
30
0
11
-60872.5
21
-11562.5
31
0
0
LINE
8
interiors
10
-60907.5
20
-11217.5
30
0
11
-60907.5
21
-11182.5
31
0
0
LINE
8
interiors
10
-60872.5
20
-11217.5
30
0
11
-60872.5
21
-11182.5
31
0
0
LINE
8
interiors
10
-60907.5
20
-11217.5
30
0
11
-60872.5
21
-11217.5
31
0
0
LINE
8
interiors
10
-60907.5
20
-11182.5
30
0
11
-60872.5
21
-11182.5
31
0
0
LINE
8
interiors
10
-60527.5
20
-11597.5
30
0
11
-60527.5
21
-11562.5
31
0
0
LINE
8
interiors
10
-60492.5
20
-11597.5
30
0
11
-60492.5
21
-11562.5
31
0
0
LINE
8
interiors
10
-60527.5
20
-11597.5
30
0
11
-60492.5
21
-11597.5
31
0
0
LINE
8
interiors
10
-60527.5
20
-11562.5
30
0
11
-60492.5
21
-11562.5
31
0
0
LINE
8
interiors
10
-60527.5
20
-11217.5
30
0
11
-60527.5
21
-11182.5
31
0
0
LINE
8
interiors
10
-60492.5
20
-11217.5
30
0
11
-60492.5
21
-11182.5
31
0
0
LINE
8
interiors
10
-60527.5
20
-11217.5
30
0
11
-60492.5
21
-11217.5
31
0
0
LINE
8
interiors
10
-60527.5
20
-11182.5
30
0
11
-60492.5
21
-11182.5
31
0
0
LINE
8
interiors
10
-61000.0
20
-10450.0
30
0
11
-61000.0
21
-10390.0
31
0
0
LINE
8
interiors
10
-60400.0
20
-10450.0
30
0
11
-60400.0
21
-10390.0
31
0
0
LINE
8
interiors
10
-61000.0
20
-10450.0
30
0
11
-60400.0
21
-10450.0
31
0
0
LINE
8
interiors
10
-61000.0
20
-10390.0
30
0
11
-60400.0
21
-10390.0
31
0
0
LINE
8
interiors
10
-60730.0
20
-10455.0
30
0
11
-60730.0
21
-10385.0
31
0
0
LINE
8
interiors
10
-60670.0
20
-10455.0
30
0
11
-60670.0
21
-10385.0
31
0
0
LINE
8
interiors
10
-60730.0
20
-10455.0
30
0
11
-60670.0
21
-10455.0
31
0
0
LINE
8
interiors
10
-60730.0
20
-10385.0
30
0
11
-60670.0
21
-10385.0
31
0
0
LINE
8
interiors
10
-60850.0
20
-10530.0
30
0
11
-60850.0
21
-10310.0
31
0
0
LINE
8
interiors
10
-60550.0
20
-10530.0
30
0
11
-60550.0
21
-10310.0
31
0
0
LINE
8
interiors
10
-60850.0
20
-10530.0
30
0
11
-60550.0
21
-10530.0
31
0
0
LINE
8
interiors
10
-60850.0
20
-10310.0
30
0
11
-60550.0
21
-10310.0
31
0
0
LINE
8
interiors
10
-68200.0
20
-5810.0
30
0
11
-68200.0
21
-4910.0
31
0
0
LINE
8
interiors
10
-66400.0
20
-5810.0
30
0
11
-66400.0
21
-4910.0
31
0
0
LINE
8
interiors
10
-68200.0
20
-5810.0
30
0
11
-66400.0
21
-5810.0
31
0
0
LINE
8
interiors
10
-68200.0
20
-4910.0
30
0
11
-66400.0
21
-4910.0
31
0
0
LINE
8
interiors
10
-68135.0
20
-5745.0
30
0
11
-68135.0
21
-5675.0
31
0
0
LINE
8
interiors
10
-68065.0
20
-5745.0
30
0
11
-68065.0
21
-5675.0
31
0
0
LINE
8
interiors
10
-68135.0
20
-5745.0
30
0
11
-68065.0
21
-5745.0
31
0
0
LINE
8
interiors
10
-68135.0
20
-5675.0
30
0
11
-68065.0
21
-5675.0
31
0
0
LINE
8
interiors
10
-68135.0
20
-5045.0
30
0
11
-68135.0
21
-4975.0
31
0
0
LINE
8
interiors
10
-68065.0
20
-5045.0
30
0
11
-68065.0
21
-4975.0
31
0
0
LINE
8
interiors
10
-68135.0
20
-5045.0
30
0
11
-68065.0
21
-5045.0
31
0
0
LINE
8
interiors
10
-68135.0
20
-4975.0
30
0
11
-68065.0
21
-4975.0
31
0
0
LINE
8
interiors
10
-66535.0
20
-5745.0
30
0
11
-66535.0
21
-5675.0
31
0
0
LINE
8
interiors
10
-66465.0
20
-5745.0
30
0
11
-66465.0
21
-5675.0
31
0
0
LINE
8
interiors
10
-66535.0
20
-5745.0
30
0
11
-66465.0
21
-5745.0
31
0
0
LINE
8
interiors
10
-66535.0
20
-5675.0
30
0
11
-66465.0
21
-5675.0
31
0
0
LINE
8
interiors
10
-66535.0
20
-5045.0
30
0
11
-66535.0
21
-4975.0
31
0
0
LINE
8
interiors
10
-66465.0
20
-5045.0
30
0
11
-66465.0
21
-4975.0
31
0
0
LINE
8
interiors
10
-66535.0
20
-5045.0
30
0
11
-66465.0
21
-5045.0
31
0
0
LINE
8
interiors
10
-66535.0
20
-4975.0
30
0
11
-66465.0
21
-4975.0
31
0
0
LINE
8
interiors
10
-67540.0
20
-6350.0
30
0
11
-67540.0
21
-5870.0
31
0
0
LINE
8
interiors
10
-67060.0
20
-6350.0
30
0
11
-67060.0
21
-5870.0
31
0
0
LINE
8
interiors
10
-67540.0
20
-6350.0
30
0
11
-67060.0
21
-6350.0
31
0
0
LINE
8
interiors
10
-67540.0
20
-5870.0
30
0
11
-67060.0
21
-5870.0
31
0
0
LINE
8
interiors
10
-67540.0
20
-5932.5
30
0
11
-67540.0
21
-5867.5
31
0
0
LINE
8
interiors
10
-67060.0
20
-5932.5
30
0
11
-67060.0
21
-5867.5
31
0
0
LINE
8
interiors
10
-67540.0
20
-5932.5
30
0
11
-67060.0
21
-5932.5
31
0
0
LINE
8
interiors
10
-67540.0
20
-5867.5
30
0
11
-67060.0
21
-5867.5
31
0
0
LINE
8
interiors
10
-67507.5
20
-6317.5
30
0
11
-67507.5
21
-6282.5
31
0
0
LINE
8
interiors
10
-67472.5
20
-6317.5
30
0
11
-67472.5
21
-6282.5
31
0
0
LINE
8
interiors
10
-67507.5
20
-6317.5
30
0
11
-67472.5
21
-6317.5
31
0
0
LINE
8
interiors
10
-67507.5
20
-6282.5
30
0
11
-67472.5
21
-6282.5
31
0
0
LINE
8
interiors
10
-67507.5
20
-5937.5
30
0
11
-67507.5
21
-5902.5
31
0
0
LINE
8
interiors
10
-67472.5
20
-5937.5
30
0
11
-67472.5
21
-5902.5
31
0
0
LINE
8
interiors
10
-67507.5
20
-5937.5
30
0
11
-67472.5
21
-5937.5
31
0
0
LINE
8
interiors
10
-67507.5
20
-5902.5
30
0
11
-67472.5
21
-5902.5
31
0
0
LINE
8
interiors
10
-67127.5
20
-6317.5
30
0
11
-67127.5
21
-6282.5
31
0
0
LINE
8
interiors
10
-67092.5
20
-6317.5
30
0
11
-67092.5
21
-6282.5
31
0
0
LINE
8
interiors
10
-67127.5
20
-6317.5
30
0
11
-67092.5
21
-6317.5
31
0
0
LINE
8
interiors
10
-67127.5
20
-6282.5
30
0
11
-67092.5
21
-6282.5
31
0
0
LINE
8
interiors
10
-67127.5
20
-5937.5
30
0
11
-67127.5
21
-5902.5
31
0
0
LINE
8
interiors
10
-67092.5
20
-5937.5
30
0
11
-67092.5
21
-5902.5
31
0
0
LINE
8
interiors
10
-67127.5
20
-5937.5
30
0
11
-67092.5
21
-5937.5
31
0
0
LINE
8
interiors
10
-67127.5
20
-5902.5
30
0
11
-67092.5
21
-5902.5
31
0
0
LINE
8
interiors
10
-67600.0
20
-5170.0
30
0
11
-67600.0
21
-5110.0
31
0
0
LINE
8
interiors
10
-67000.0
20
-5170.0
30
0
11
-67000.0
21
-5110.0
31
0
0
LINE
8
interiors
10
-67600.0
20
-5170.0
30
0
11
-67000.0
21
-5170.0
31
0
0
LINE
8
interiors
10
-67600.0
20
-5110.0
30
0
11
-67000.0
21
-5110.0
31
0
0
LINE
8
interiors
10
-67330.0
20
-5175.0
30
0
11
-67330.0
21
-5105.0
31
0
0
LINE
8
interiors
10
-67270.0
20
-5175.0
30
0
11
-67270.0
21
-5105.0
31
0
0
LINE
8
interiors
10
-67330.0
20
-5175.0
30
0
11
-67270.0
21
-5175.0
31
0
0
LINE
8
interiors
10
-67330.0
20
-5105.0
30
0
11
-67270.0
21
-5105.0
31
0
0
LINE
8
interiors
10
-67450.0
20
-5250.0
30
0
11
-67450.0
21
-5030.0
31
0
0
LINE
8
interiors
10
-67150.0
20
-5250.0
30
0
11
-67150.0
21
-5030.0
31
0
0
LINE
8
interiors
10
-67450.0
20
-5250.0
30
0
11
-67150.0
21
-5250.0
31
0
0
LINE
8
interiors
10
-67450.0
20
-5030.0
30
0
11
-67150.0
21
-5030.0
31
0
0
LINE
8
interiors
10
-61600.0
20
-5810.0
30
0
11
-61600.0
21
-4910.0
31
0
0
LINE
8
interiors
10
-59800.0
20
-5810.0
30
0
11
-59800.0
21
-4910.0
31
0
0
LINE
8
interiors
10
-61600.0
20
-5810.0
30
0
11
-59800.0
21
-5810.0
31
0
0
LINE
8
interiors
10
-61600.0
20
-4910.0
30
0
11
-59800.0
21
-4910.0
31
0
0
LINE
8
interiors
10
-61535.0
20
-5745.0
30
0
11
-61535.0
21
-5675.0
31
0
0
LINE
8
interiors
10
-61465.0
20
-5745.0
30
0
11
-61465.0
21
-5675.0
31
0
0
LINE
8
interiors
10
-61535.0
20
-5745.0
30
0
11
-61465.0
21
-5745.0
31
0
0
LINE
8
interiors
10
-61535.0
20
-5675.0
30
0
11
-61465.0
21
-5675.0
31
0
0
LINE
8
interiors
10
-61535.0
20
-5045.0
30
0
11
-61535.0
21
-4975.0
31
0
0
LINE
8
interiors
10
-61465.0
20
-5045.0
30
0
11
-61465.0
21
-4975.0
31
0
0
LINE
8
interiors
10
-61535.0
20
-5045.0
30
0
11
-61465.0
21
-5045.0
31
0
0
LINE
8
interiors
10
-61535.0
20
-4975.0
30
0
11
-61465.0
21
-4975.0
31
0
0
LINE
8
interiors
10
-59935.0
20
-5745.0
30
0
11
-59935.0
21
-5675.0
31
0
0
LINE
8
interiors
10
-59865.0
20
-5745.0
30
0
11
-59865.0
21
-5675.0
31
0
0
LINE
8
interiors
10
-59935.0
20
-5745.0
30
0
11
-59865.0
21
-5745.0
31
0
0
LINE
8
interiors
10
-59935.0
20
-5675.0
30
0
11
-59865.0
21
-5675.0
31
0
0
LINE
8
interiors
10
-59935.0
20
-5045.0
30
0
11
-59935.0
21
-4975.0
31
0
0
LINE
8
interiors
10
-59865.0
20
-5045.0
30
0
11
-59865.0
21
-4975.0
31
0
0
LINE
8
interiors
10
-59935.0
20
-5045.0
30
0
11
-59865.0
21
-5045.0
31
0
0
LINE
8
interiors
10
-59935.0
20
-4975.0
30
0
11
-59865.0
21
-4975.0
31
0
0
LINE
8
interiors
10
-60940.0
20
-6350.0
30
0
11
-60940.0
21
-5870.0
31
0
0
LINE
8
interiors
10
-60460.0
20
-6350.0
30
0
11
-60460.0
21
-5870.0
31
0
0
LINE
8
interiors
10
-60940.0
20
-6350.0
30
0
11
-60460.0
21
-6350.0
31
0
0
LINE
8
interiors
10
-60940.0
20
-5870.0
30
0
11
-60460.0
21
-5870.0
31
0
0
LINE
8
interiors
10
-60940.0
20
-5932.5
30
0
11
-60940.0
21
-5867.5
31
0
0
LINE
8
interiors
10
-60460.0
20
-5932.5
30
0
11
-60460.0
21
-5867.5
31
0
0
LINE
8
interiors
10
-60940.0
20
-5932.5
30
0
11
-60460.0
21
-5932.5
31
0
0
LINE
8
interiors
10
-60940.0
20
-5867.5
30
0
11
-60460.0
21
-5867.5
31
0
0
LINE
8
interiors
10
-60907.5
20
-6317.5
30
0
11
-60907.5
21
-6282.5
31
0
0
LINE
8
interiors
10
-60872.5
20
-6317.5
30
0
11
-60872.5
21
-6282.5
31
0
0
LINE
8
interiors
10
-60907.5
20
-6317.5
30
0
11
-60872.5
21
-6317.5
31
0
0
LINE
8
interiors
10
-60907.5
20
-6282.5
30
0
11
-60872.5
21
-6282.5
31
0
0
LINE
8
interiors
10
-60907.5
20
-5937.5
30
0
11
-60907.5
21
-5902.5
31
0
0
LINE
8
interiors
10
-60872.5
20
-5937.5
30
0
11
-60872.5
21
-5902.5
31
0
0
LINE
8
interiors
10
-60907.5
20
-5937.5
30
0
11
-60872.5
21
-5937.5
31
0
0
LINE
8
interiors
10
-60907.5
20
-5902.5
30
0
11
-60872.5
21
-5902.5
31
0
0
LINE
8
interiors
10
-60527.5
20
-6317.5
30
0
11
-60527.5
21
-6282.5
31
0
0
LINE
8
interiors
10
-60492.5
20
-6317.5
30
0
11
-60492.5
21
-6282.5
31
0
0
LINE
8
interiors
10
-60527.5
20
-6317.5
30
0
11
-60492.5
21
-6317.5
31
0
0
LINE
8
interiors
10
-60527.5
20
-6282.5
30
0
11
-60492.5
21
-6282.5
31
0
0
LINE
8
interiors
10
-60527.5
20
-5937.5
30
0
11
-60527.5
21
-5902.5
31
0
0
LINE
8
interiors
10
-60492.5
20
-5937.5
30
0
11
-60492.5
21
-5902.5
31
0
0
LINE
8
interiors
10
-60527.5
20
-5937.5
30
0
11
-60492.5
21
-5937.5
31
0
0
LINE
8
interiors
10
-60527.5
20
-5902.5
30
0
11
-60492.5
21
-5902.5
31
0
0
LINE
8
interiors
10
-61000.0
20
-5170.0
30
0
11
-61000.0
21
-5110.0
31
0
0
LINE
8
interiors
10
-60400.0
20
-5170.0
30
0
11
-60400.0
21
-5110.0
31
0
0
LINE
8
interiors
10
-61000.0
20
-5170.0
30
0
11
-60400.0
21
-5170.0
31
0
0
LINE
8
interiors
10
-61000.0
20
-5110.0
30
0
11
-60400.0
21
-5110.0
31
0
0
LINE
8
interiors
10
-60730.0
20
-5175.0
30
0
11
-60730.0
21
-5105.0
31
0
0
LINE
8
interiors
10
-60670.0
20
-5175.0
30
0
11
-60670.0
21
-5105.0
31
0
0
LINE
8
interiors
10
-60730.0
20
-5175.0
30
0
11
-60670.0
21
-5175.0
31
0
0
LINE
8
interiors
10
-60730.0
20
-5105.0
30
0
11
-60670.0
21
-5105.0
31
0
0
LINE
8
interiors
10
-60850.0
20
-5250.0
30
0
11
-60850.0
21
-5030.0
31
0
0
LINE
8
interiors
10
-60550.0
20
-5250.0
30
0
11
-60550.0
21
-5030.0
31
0
0
LINE
8
interiors
10
-60850.0
20
-5250.0
30
0
11
-60550.0
21
-5250.0
31
0
0
LINE
8
interiors
10
-60850.0
20
-5030.0
30
0
11
-60550.0
21
-5030.0
31
0
0
LINE
8
electrical
10
-57225.0
20
-13925.0
30
0
11
-57225.0
21
-13675.0
31
0
0
LINE
8
electrical
10
-56675.0
20
-13925.0
30
0
11
-56675.0
21
-13675.0
31
0
0
LINE
8
electrical
10
-57225.0
20
-13925.0
30
0
11
-56675.0
21
-13925.0
31
0
0
LINE
8
electrical
10
-57225.0
20
-13675.0
30
0
11
-56675.0
21
-13675.0
31
0
0
LINE
8
electrical
10
-57185.0
20
-13952.5
30
0
11
-57185.0
21
-13917.5
31
0
0
LINE
8
electrical
10
-56715.0
20
-13952.5
30
0
11
-56715.0
21
-13917.5
31
0
0
LINE
8
electrical
10
-57185.0
20
-13952.5
30
0
11
-56715.0
21
-13952.5
31
0
0
LINE
8
electrical
10
-57185.0
20
-13917.5
30
0
11
-56715.0
21
-13917.5
31
0
0
LINE
8
electrical
10
-57137.5
20
-13990.0
30
0
11
-57137.5
21
-13950.0
31
0
0
LINE
8
electrical
10
-57037.5
20
-13990.0
30
0
11
-57037.5
21
-13950.0
31
0
0
LINE
8
electrical
10
-57137.5
20
-13990.0
30
0
11
-57037.5
21
-13990.0
31
0
0
LINE
8
electrical
10
-57137.5
20
-13950.0
30
0
11
-57037.5
21
-13950.0
31
0
0
LINE
8
electrical
10
-57000.0
20
-13990.0
30
0
11
-57000.0
21
-13950.0
31
0
0
LINE
8
electrical
10
-56900.0
20
-13990.0
30
0
11
-56900.0
21
-13950.0
31
0
0
LINE
8
electrical
10
-57000.0
20
-13990.0
30
0
11
-56900.0
21
-13990.0
31
0
0
LINE
8
electrical
10
-57000.0
20
-13950.0
30
0
11
-56900.0
21
-13950.0
31
0
0
LINE
8
electrical
10
-56862.5
20
-13990.0
30
0
11
-56862.5
21
-13950.0
31
0
0
LINE
8
electrical
10
-56762.5
20
-13990.0
30
0
11
-56762.5
21
-13950.0
31
0
0
LINE
8
electrical
10
-56862.5
20
-13990.0
30
0
11
-56762.5
21
-13990.0
31
0
0
LINE
8
electrical
10
-56862.5
20
-13950.0
30
0
11
-56762.5
21
-13950.0
31
0
0
LINE
8
electrical
10
-57087.5
20
-14005.0
30
0
11
-57064.12
21
-14005.0
31
0
0
LINE
8
electrical
10
-57064.12
20
-14005.0
30
0
11
-57110.88
21
-14005.0
31
0
0
LINE
8
electrical
10
-57110.88
20
-14005.0
30
0
11
-57087.5
21
-14005.0
31
0
0
LINE
8
electrical
10
-57087.5
20
-13980.0
30
0
11
-57087.5
21
-14005.0
31
0
0
LINE
8
electrical
10
-57087.5
20
-13980.0
30
0
11
-57064.12
21
-13980.0
31
0
0
LINE
8
electrical
10
-57064.12
20
-13980.0
30
0
11
-57110.88
21
-13980.0
31
0
0
LINE
8
electrical
10
-57110.88
20
-13980.0
30
0
11
-57087.5
21
-13980.0
31
0
0
LINE
8
electrical
10
-56950.0
20
-14005.0
30
0
11
-56926.62
21
-14005.0
31
0
0
LINE
8
electrical
10
-56926.62
20
-14005.0
30
0
11
-56973.38
21
-14005.0
31
0
0
LINE
8
electrical
10
-56973.38
20
-14005.0
30
0
11
-56950.0
21
-14005.0
31
0
0
LINE
8
electrical
10
-56950.0
20
-13980.0
30
0
11
-56950.0
21
-14005.0
31
0
0
LINE
8
electrical
10
-56950.0
20
-13980.0
30
0
11
-56926.62
21
-13980.0
31
0
0
LINE
8
electrical
10
-56926.62
20
-13980.0
30
0
11
-56973.38
21
-13980.0
31
0
0
LINE
8
electrical
10
-56973.38
20
-13980.0
30
0
11
-56950.0
21
-13980.0
31
0
0
LINE
8
electrical
10
-56812.5
20
-14005.0
30
0
11
-56789.12
21
-14005.0
31
0
0
LINE
8
electrical
10
-56789.12
20
-14005.0
30
0
11
-56835.88
21
-14005.0
31
0
0
LINE
8
electrical
10
-56835.88
20
-14005.0
30
0
11
-56812.5
21
-14005.0
31
0
0
LINE
8
electrical
10
-56812.5
20
-13980.0
30
0
11
-56812.5
21
-14005.0
31
0
0
LINE
8
electrical
10
-56812.5
20
-13980.0
30
0
11
-56789.12
21
-13980.0
31
0
0
LINE
8
electrical
10
-56789.12
20
-13980.0
30
0
11
-56835.88
21
-13980.0
31
0
0
LINE
8
electrical
10
-56835.88
20
-13980.0
30
0
11
-56812.5
21
-13980.0
31
0
0
LINE
8
electrical
10
-56950.0
20
-13800.0
30
0
11
-56934.41
21
-13800.0
31
0
0
LINE
8
electrical
10
-56934.41
20
-13800.0
30
0
11
-56965.59
21
-13800.0
31
0
0
LINE
8
electrical
10
-56965.59
20
-13800.0
30
0
11
-56950.0
21
-13800.0
31
0
0
LINE
8
electrical
10
-56950.0
20
-34800.0
30
0
11
-56950.0
21
-13800.0
31
0
0
LINE
8
electrical
10
-56950.0
20
-34800.0
30
0
11
-56934.41
21
-34800.0
31
0
0
LINE
8
electrical
10
-56934.41
20
-34800.0
30
0
11
-56965.59
21
-34800.0
31
0
0
LINE
8
electrical
10
-56965.59
20
-34800.0
30
0
11
-56950.0
21
-34800.0
31
0
0
LINE
8
electrical
10
-56968.0
20
-13800.0
30
0
11
-56941.0
21
-13784.41
31
0
0
LINE
8
electrical
10
-56941.0
20
-13784.41
30
0
11
-56941.0
21
-13815.59
31
0
0
LINE
8
electrical
10
-56941.0
20
-13815.59
30
0
11
-56968.0
21
-13800.0
31
0
0
LINE
8
electrical
10
-56950.0
20
-13800.0
30
0
11
-56930.56
21
-13800.0
31
0
0
LINE
8
electrical
10
-56930.56
20
-13800.0
30
0
11
-56950.0
21
-13800.0
31
0
0
LINE
8
lighting
10
-69720.0
20
-12400.0
30
0
11
-69720.0
21
-11760.0
31
0
0
LINE
8
lighting
10
-69080.0
20
-12400.0
30
0
11
-69080.0
21
-11760.0
31
0
0
LINE
8
lighting
10
-69720.0
20
-12400.0
30
0
11
-69080.0
21
-12400.0
31
0
0
LINE
8
lighting
10
-69720.0
20
-11760.0
30
0
11
-69080.0
21
-11760.0
31
0
0
LINE
8
lighting
10
-69680.0
20
-12360.0
30
0
11
-69680.0
21
-11800.0
31
0
0
LINE
8
lighting
10
-69120.0
20
-12360.0
30
0
11
-69120.0
21
-11800.0
31
0
0
LINE
8
lighting
10
-69680.0
20
-12360.0
30
0
11
-69120.0
21
-12360.0
31
0
0
LINE
8
lighting
10
-69680.0
20
-11800.0
30
0
11
-69120.0
21
-11800.0
31
0
0
LINE
8
lighting
10
-69646.0
20
-12350.0
30
0
11
-69646.0
21
-11810.0
31
0
0
LINE
8
lighting
10
-69634.0
20
-12350.0
30
0
11
-69634.0
21
-11810.0
31
0
0
LINE
8
lighting
10
-69646.0
20
-12350.0
30
0
11
-69634.0
21
-12350.0
31
0
0
LINE
8
lighting
10
-69646.0
20
-11810.0
30
0
11
-69634.0
21
-11810.0
31
0
0
LINE
8
lighting
10
-69566.0
20
-12350.0
30
0
11
-69566.0
21
-11810.0
31
0
0
LINE
8
lighting
10
-69554.0
20
-12350.0
30
0
11
-69554.0
21
-11810.0
31
0
0
LINE
8
lighting
10
-69566.0
20
-12350.0
30
0
11
-69554.0
21
-12350.0
31
0
0
LINE
8
lighting
10
-69566.0
20
-11810.0
30
0
11
-69554.0
21
-11810.0
31
0
0
LINE
8
lighting
10
-69486.0
20
-12350.0
30
0
11
-69486.0
21
-11810.0
31
0
0
LINE
8
lighting
10
-69474.0
20
-12350.0
30
0
11
-69474.0
21
-11810.0
31
0
0
LINE
8
lighting
10
-69486.0
20
-12350.0
30
0
11
-69474.0
21
-12350.0
31
0
0
LINE
8
lighting
10
-69486.0
20
-11810.0
30
0
11
-69474.0
21
-11810.0
31
0
0
LINE
8
lighting
10
-69406.0
20
-12350.0
30
0
11
-69406.0
21
-11810.0
31
0
0
LINE
8
lighting
10
-69394.0
20
-12350.0
30
0
11
-69394.0
21
-11810.0
31
0
0
LINE
8
lighting
10
-69406.0
20
-12350.0
30
0
11
-69394.0
21
-12350.0
31
0
0
LINE
8
lighting
10
-69406.0
20
-11810.0
30
0
11
-69394.0
21
-11810.0
31
0
0
LINE
8
lighting
10
-69326.0
20
-12350.0
30
0
11
-69326.0
21
-11810.0
31
0
0
LINE
8
lighting
10
-69314.0
20
-12350.0
30
0
11
-69314.0
21
-11810.0
31
0
0
LINE
8
lighting
10
-69326.0
20
-12350.0
30
0
11
-69314.0
21
-12350.0
31
0
0
LINE
8
lighting
10
-69326.0
20
-11810.0
30
0
11
-69314.0
21
-11810.0
31
0
0
LINE
8
lighting
10
-69246.0
20
-12350.0
30
0
11
-69246.0
21
-11810.0
31
0
0
LINE
8
lighting
10
-69234.0
20
-12350.0
30
0
11
-69234.0
21
-11810.0
31
0
0
LINE
8
lighting
10
-69246.0
20
-12350.0
30
0
11
-69234.0
21
-12350.0
31
0
0
LINE
8
lighting
10
-69246.0
20
-11810.0
30
0
11
-69234.0
21
-11810.0
31
0
0
LINE
8
lighting
10
-69166.0
20
-12350.0
30
0
11
-69166.0
21
-11810.0
31
0
0
LINE
8
lighting
10
-69154.0
20
-12350.0
30
0
11
-69154.0
21
-11810.0
31
0
0
LINE
8
lighting
10
-69166.0
20
-12350.0
30
0
11
-69154.0
21
-12350.0
31
0
0
LINE
8
lighting
10
-69166.0
20
-11810.0
30
0
11
-69154.0
21
-11810.0
31
0
0
LINE
8
lighting
10
-69391.0
20
-12080.0
30
0
11
-69404.5
21
-12072.21
31
0
0
LINE
8
lighting
10
-69404.5
20
-12072.21
30
0
11
-69404.5
21
-12087.79
31
0
0
LINE
8
lighting
10
-69404.5
20
-12087.79
30
0
11
-69391.0
21
-12080.0
31
0
0
LINE
8
lighting
10
-58920.0
20
-12400.0
30
0
11
-58920.0
21
-11760.0
31
0
0
LINE
8
lighting
10
-58280.0
20
-12400.0
30
0
11
-58280.0
21
-11760.0
31
0
0
LINE
8
lighting
10
-58920.0
20
-12400.0
30
0
11
-58280.0
21
-12400.0
31
0
0
LINE
8
lighting
10
-58920.0
20
-11760.0
30
0
11
-58280.0
21
-11760.0
31
0
0
LINE
8
lighting
10
-58880.0
20
-12360.0
30
0
11
-58880.0
21
-11800.0
31
0
0
LINE
8
lighting
10
-58320.0
20
-12360.0
30
0
11
-58320.0
21
-11800.0
31
0
0
LINE
8
lighting
10
-58880.0
20
-12360.0
30
0
11
-58320.0
21
-12360.0
31
0
0
LINE
8
lighting
10
-58880.0
20
-11800.0
30
0
11
-58320.0
21
-11800.0
31
0
0
LINE
8
lighting
10
-58846.0
20
-12350.0
30
0
11
-58846.0
21
-11810.0
31
0
0
LINE
8
lighting
10
-58834.0
20
-12350.0
30
0
11
-58834.0
21
-11810.0
31
0
0
LINE
8
lighting
10
-58846.0
20
-12350.0
30
0
11
-58834.0
21
-12350.0
31
0
0
LINE
8
lighting
10
-58846.0
20
-11810.0
30
0
11
-58834.0
21
-11810.0
31
0
0
LINE
8
lighting
10
-58766.0
20
-12350.0
30
0
11
-58766.0
21
-11810.0
31
0
0
LINE
8
lighting
10
-58754.0
20
-12350.0
30
0
11
-58754.0
21
-11810.0
31
0
0
LINE
8
lighting
10
-58766.0
20
-12350.0
30
0
11
-58754.0
21
-12350.0
31
0
0
LINE
8
lighting
10
-58766.0
20
-11810.0
30
0
11
-58754.0
21
-11810.0
31
0
0
LINE
8
lighting
10
-58686.0
20
-12350.0
30
0
11
-58686.0
21
-11810.0
31
0
0
LINE
8
lighting
10
-58674.0
20
-12350.0
30
0
11
-58674.0
21
-11810.0
31
0
0
LINE
8
lighting
10
-58686.0
20
-12350.0
30
0
11
-58674.0
21
-12350.0
31
0
0
LINE
8
lighting
10
-58686.0
20
-11810.0
30
0
11
-58674.0
21
-11810.0
31
0
0
LINE
8
lighting
10
-58606.0
20
-12350.0
30
0
11
-58606.0
21
-11810.0
31
0
0
LINE
8
lighting
10
-58594.0
20
-12350.0
30
0
11
-58594.0
21
-11810.0
31
0
0
LINE
8
lighting
10
-58606.0
20
-12350.0
30
0
11
-58594.0
21
-12350.0
31
0
0
LINE
8
lighting
10
-58606.0
20
-11810.0
30
0
11
-58594.0
21
-11810.0
31
0
0
LINE
8
lighting
10
-58526.0
20
-12350.0
30
0
11
-58526.0
21
-11810.0
31
0
0
LINE
8
lighting
10
-58514.0
20
-12350.0
30
0
11
-58514.0
21
-11810.0
31
0
0
LINE
8
lighting
10
-58526.0
20
-12350.0
30
0
11
-58514.0
21
-12350.0
31
0
0
LINE
8
lighting
10
-58526.0
20
-11810.0
30
0
11
-58514.0
21
-11810.0
31
0
0
LINE
8
lighting
10
-58446.0
20
-12350.0
30
0
11
-58446.0
21
-11810.0
31
0
0
LINE
8
lighting
10
-58434.0
20
-12350.0
30
0
11
-58434.0
21
-11810.0
31
0
0
LINE
8
lighting
10
-58446.0
20
-12350.0
30
0
11
-58434.0
21
-12350.0
31
0
0
LINE
8
lighting
10
-58446.0
20
-11810.0
30
0
11
-58434.0
21
-11810.0
31
0
0
LINE
8
lighting
10
-58366.0
20
-12350.0
30
0
11
-58366.0
21
-11810.0
31
0
0
LINE
8
lighting
10
-58354.0
20
-12350.0
30
0
11
-58354.0
21
-11810.0
31
0
0
LINE
8
lighting
10
-58366.0
20
-12350.0
30
0
11
-58354.0
21
-12350.0
31
0
0
LINE
8
lighting
10
-58366.0
20
-11810.0
30
0
11
-58354.0
21
-11810.0
31
0
0
LINE
8
lighting
10
-58591.0
20
-12080.0
30
0
11
-58604.5
21
-12072.21
31
0
0
LINE
8
lighting
10
-58604.5
20
-12072.21
30
0
11
-58604.5
21
-12087.79
31
0
0
LINE
8
lighting
10
-58604.5
20
-12087.79
30
0
11
-58591.0
21
-12080.0
31
0
0
LINE
8
lighting
10
-69720.0
20
-4240.0
30
0
11
-69720.0
21
-3600.0
31
0
0
LINE
8
lighting
10
-69080.0
20
-4240.0
30
0
11
-69080.0
21
-3600.0
31
0
0
LINE
8
lighting
10
-69720.0
20
-4240.0
30
0
11
-69080.0
21
-4240.0
31
0
0
LINE
8
lighting
10
-69720.0
20
-3600.0
30
0
11
-69080.0
21
-3600.0
31
0
0
LINE
8
lighting
10
-69680.0
20
-4200.0
30
0
11
-69680.0
21
-3640.0
31
0
0
LINE
8
lighting
10
-69120.0
20
-4200.0
30
0
11
-69120.0
21
-3640.0
31
0
0
LINE
8
lighting
10
-69680.0
20
-4200.0
30
0
11
-69120.0
21
-4200.0
31
0
0
LINE
8
lighting
10
-69680.0
20
-3640.0
30
0
11
-69120.0
21
-3640.0
31
0
0
LINE
8
lighting
10
-69646.0
20
-4190.0
30
0
11
-69646.0
21
-3650.0
31
0
0
LINE
8
lighting
10
-69634.0
20
-4190.0
30
0
11
-69634.0
21
-3650.0
31
0
0
LINE
8
lighting
10
-69646.0
20
-4190.0
30
0
11
-69634.0
21
-4190.0
31
0
0
LINE
8
lighting
10
-69646.0
20
-3650.0
30
0
11
-69634.0
21
-3650.0
31
0
0
LINE
8
lighting
10
-69566.0
20
-4190.0
30
0
11
-69566.0
21
-3650.0
31
0
0
LINE
8
lighting
10
-69554.0
20
-4190.0
30
0
11
-69554.0
21
-3650.0
31
0
0
LINE
8
lighting
10
-69566.0
20
-4190.0
30
0
11
-69554.0
21
-4190.0
31
0
0
LINE
8
lighting
10
-69566.0
20
-3650.0
30
0
11
-69554.0
21
-3650.0
31
0
0
LINE
8
lighting
10
-69486.0
20
-4190.0
30
0
11
-69486.0
21
-3650.0
31
0
0
LINE
8
lighting
10
-69474.0
20
-4190.0
30
0
11
-69474.0
21
-3650.0
31
0
0
LINE
8
lighting
10
-69486.0
20
-4190.0
30
0
11
-69474.0
21
-4190.0
31
0
0
LINE
8
lighting
10
-69486.0
20
-3650.0
30
0
11
-69474.0
21
-3650.0
31
0
0
LINE
8
lighting
10
-69406.0
20
-4190.0
30
0
11
-69406.0
21
-3650.0
31
0
0
LINE
8
lighting
10
-69394.0
20
-4190.0
30
0
11
-69394.0
21
-3650.0
31
0
0
LINE
8
lighting
10
-69406.0
20
-4190.0
30
0
11
-69394.0
21
-4190.0
31
0
0
LINE
8
lighting
10
-69406.0
20
-3650.0
30
0
11
-69394.0
21
-3650.0
31
0
0
LINE
8
lighting
10
-69326.0
20
-4190.0
30
0
11
-69326.0
21
-3650.0
31
0
0
LINE
8
lighting
10
-69314.0
20
-4190.0
30
0
11
-69314.0
21
-3650.0
31
0
0
LINE
8
lighting
10
-69326.0
20
-4190.0
30
0
11
-69314.0
21
-4190.0
31
0
0
LINE
8
lighting
10
-69326.0
20
-3650.0
30
0
11
-69314.0
21
-3650.0
31
0
0
LINE
8
lighting
10
-69246.0
20
-4190.0
30
0
11
-69246.0
21
-3650.0
31
0
0
LINE
8
lighting
10
-69234.0
20
-4190.0
30
0
11
-69234.0
21
-3650.0
31
0
0
LINE
8
lighting
10
-69246.0
20
-4190.0
30
0
11
-69234.0
21
-4190.0
31
0
0
LINE
8
lighting
10
-69246.0
20
-3650.0
30
0
11
-69234.0
21
-3650.0
31
0
0
LINE
8
lighting
10
-69166.0
20
-4190.0
30
0
11
-69166.0
21
-3650.0
31
0
0
LINE
8
lighting
10
-69154.0
20
-4190.0
30
0
11
-69154.0
21
-3650.0
31
0
0
LINE
8
lighting
10
-69166.0
20
-4190.0
30
0
11
-69154.0
21
-4190.0
31
0
0
LINE
8
lighting
10
-69166.0
20
-3650.0
30
0
11
-69154.0
21
-3650.0
31
0
0
LINE
8
lighting
10
-69391.0
20
-3920.0
30
0
11
-69404.5
21
-3912.21
31
0
0
LINE
8
lighting
10
-69404.5
20
-3912.21
30
0
11
-69404.5
21
-3927.79
31
0
0
LINE
8
lighting
10
-69404.5
20
-3927.79
30
0
11
-69391.0
21
-3920.0
31
0
0
LINE
8
lighting
10
-58920.0
20
-4240.0
30
0
11
-58920.0
21
-3600.0
31
0
0
LINE
8
lighting
10
-58280.0
20
-4240.0
30
0
11
-58280.0
21
-3600.0
31
0
0
LINE
8
lighting
10
-58920.0
20
-4240.0
30
0
11
-58280.0
21
-4240.0
31
0
0
LINE
8
lighting
10
-58920.0
20
-3600.0
30
0
11
-58280.0
21
-3600.0
31
0
0
LINE
8
lighting
10
-58880.0
20
-4200.0
30
0
11
-58880.0
21
-3640.0
31
0
0
LINE
8
lighting
10
-58320.0
20
-4200.0
30
0
11
-58320.0
21
-3640.0
31
0
0
LINE
8
lighting
10
-58880.0
20
-4200.0
30
0
11
-58320.0
21
-4200.0
31
0
0
LINE
8
lighting
10
-58880.0
20
-3640.0
30
0
11
-58320.0
21
-3640.0
31
0
0
LINE
8
lighting
10
-58846.0
20
-4190.0
30
0
11
-58846.0
21
-3650.0
31
0
0
LINE
8
lighting
10
-58834.0
20
-4190.0
30
0
11
-58834.0
21
-3650.0
31
0
0
LINE
8
lighting
10
-58846.0
20
-4190.0
30
0
11
-58834.0
21
-4190.0
31
0
0
LINE
8
lighting
10
-58846.0
20
-3650.0
30
0
11
-58834.0
21
-3650.0
31
0
0
LINE
8
lighting
10
-58766.0
20
-4190.0
30
0
11
-58766.0
21
-3650.0
31
0
0
LINE
8
lighting
10
-58754.0
20
-4190.0
30
0
11
-58754.0
21
-3650.0
31
0
0
LINE
8
lighting
10
-58766.0
20
-4190.0
30
0
11
-58754.0
21
-4190.0
31
0
0
LINE
8
lighting
10
-58766.0
20
-3650.0
30
0
11
-58754.0
21
-3650.0
31
0
0
LINE
8
lighting
10
-58686.0
20
-4190.0
30
0
11
-58686.0
21
-3650.0
31
0
0
LINE
8
lighting
10
-58674.0
20
-4190.0
30
0
11
-58674.0
21
-3650.0
31
0
0
LINE
8
lighting
10
-58686.0
20
-4190.0
30
0
11
-58674.0
21
-4190.0
31
0
0
LINE
8
lighting
10
-58686.0
20
-3650.0
30
0
11
-58674.0
21
-3650.0
31
0
0
LINE
8
lighting
10
-58606.0
20
-4190.0
30
0
11
-58606.0
21
-3650.0
31
0
0
LINE
8
lighting
10
-58594.0
20
-4190.0
30
0
11
-58594.0
21
-3650.0
31
0
0
LINE
8
lighting
10
-58606.0
20
-4190.0
30
0
11
-58594.0
21
-4190.0
31
0
0
LINE
8
lighting
10
-58606.0
20
-3650.0
30
0
11
-58594.0
21
-3650.0
31
0
0
LINE
8
lighting
10
-58526.0
20
-4190.0
30
0
11
-58526.0
21
-3650.0
31
0
0
LINE
8
lighting
10
-58514.0
20
-4190.0
30
0
11
-58514.0
21
-3650.0
31
0
0
LINE
8
lighting
10
-58526.0
20
-4190.0
30
0
11
-58514.0
21
-4190.0
31
0
0
LINE
8
lighting
10
-58526.0
20
-3650.0
30
0
11
-58514.0
21
-3650.0
31
0
0
LINE
8
lighting
10
-58446.0
20
-4190.0
30
0
11
-58446.0
21
-3650.0
31
0
0
LINE
8
lighting
10
-58434.0
20
-4190.0
30
0
11
-58434.0
21
-3650.0
31
0
0
LINE
8
lighting
10
-58446.0
20
-4190.0
30
0
11
-58434.0
21
-4190.0
31
0
0
LINE
8
lighting
10
-58446.0
20
-3650.0
30
0
11
-58434.0
21
-3650.0
31
0
0
LINE
8
lighting
10
-58366.0
20
-4190.0
30
0
11
-58366.0
21
-3650.0
31
0
0
LINE
8
lighting
10
-58354.0
20
-4190.0
30
0
11
-58354.0
21
-3650.0
31
0
0
LINE
8
lighting
10
-58366.0
20
-4190.0
30
0
11
-58354.0
21
-4190.0
31
0
0
LINE
8
lighting
10
-58366.0
20
-3650.0
30
0
11
-58354.0
21
-3650.0
31
0
0
LINE
8
lighting
10
-58591.0
20
-3920.0
30
0
11
-58604.5
21
-3912.21
31
0
0
LINE
8
lighting
10
-58604.5
20
-3912.21
30
0
11
-58604.5
21
-3927.79
31
0
0
LINE
8
lighting
10
-58604.5
20
-3927.79
30
0
11
-58591.0
21
-3920.0
31
0
0
LINE
8
electrical
10
-69400.0
20
-12320.0
30
0
11
-69400.0
21
-12327.79
31
0
0
LINE
8
electrical
10
-69400.0
20
-12327.79
30
0
11
-69400.0
21
-12312.21
31
0
0
LINE
8
electrical
10
-69400.0
20
-12312.21
30
0
11
-69400.0
21
-12320.0
31
0
0
LINE
8
electrical
10
-56950.0
20
-12320.0
30
0
11
-69400.0
21
-12320.0
31
0
0
LINE
8
electrical
10
-56950.0
20
-12320.0
30
0
11
-56950.0
21
-12327.79
31
0
0
LINE
8
electrical
10
-56950.0
20
-12327.79
30
0
11
-56950.0
21
-12312.21
31
0
0
LINE
8
electrical
10
-56950.0
20
-12312.21
30
0
11
-56950.0
21
-12320.0
31
0
0
LINE
8
electrical
10
-69400.0
20
-3920.0
30
0
11
-69392.21
21
-3920.0
31
0
0
LINE
8
electrical
10
-69392.21
20
-3920.0
30
0
11
-69407.79
21
-3920.0
31
0
0
LINE
8
electrical
10
-69407.79
20
-3920.0
30
0
11
-69400.0
21
-3920.0
31
0
0
LINE
8
electrical
10
-69400.0
20
-12320.0
30
0
11
-69400.0
21
-3920.0
31
0
0
LINE
8
electrical
10
-69400.0
20
-12320.0
30
0
11
-69392.21
21
-12320.0
31
0
0
LINE
8
electrical
10
-69392.21
20
-12320.0
30
0
11
-69407.79
21
-12320.0
31
0
0
LINE
8
electrical
10
-69407.79
20
-12320.0
30
0
11
-69400.0
21
-12320.0
31
0
0
LINE
8
electrical
10
-58600.0
20
-3920.0
30
0
11
-58592.21
21
-3920.0
31
0
0
LINE
8
electrical
10
-58592.21
20
-3920.0
30
0
11
-58607.79
21
-3920.0
31
0
0
LINE
8
electrical
10
-58607.79
20
-3920.0
30
0
11
-58600.0
21
-3920.0
31
0
0
LINE
8
electrical
10
-58600.0
20
-12320.0
30
0
11
-58600.0
21
-3920.0
31
0
0
LINE
8
electrical
10
-58600.0
20
-12320.0
30
0
11
-58592.21
21
-12320.0
31
0
0
LINE
8
electrical
10
-58592.21
20
-12320.0
30
0
11
-58607.79
21
-12320.0
31
0
0
LINE
8
electrical
10
-58607.79
20
-12320.0
30
0
11
-58600.0
21
-12320.0
31
0
0
LINE
8
electrical
10
-56937.0
20
-13800.0
30
0
11
-56956.5
21
-13788.74
31
0
0
LINE
8
electrical
10
-56956.5
20
-13788.74
30
0
11
-56956.5
21
-13811.26
31
0
0
LINE
8
electrical
10
-56956.5
20
-13811.26
30
0
11
-56937.0
21
-13800.0
31
0
0
LINE
8
electrical
10
-58758.26
20
-12330.04
30
0
11
-58745.87
21
-12314.98
31
0
0
LINE
8
electrical
10
-58745.87
20
-12314.98
30
0
11
-58745.87
21
-12314.98
31
0
0
LINE
8
electrical
10
-58745.87
20
-12314.98
30
0
11
-58758.26
21
-12330.04
31
0
0
LINE
8
electrical
10
-56958.26
20
-13810.04
30
0
11
-58758.26
21
-12330.04
31
0
0
LINE
8
electrical
10
-56958.26
20
-13810.04
30
0
11
-56945.87
21
-13794.98
31
0
0
LINE
8
electrical
10
-56945.87
20
-13794.98
30
0
11
-56945.87
21
-13794.98
31
0
0
LINE
8
electrical
10
-56945.87
20
-13794.98
30
0
11
-56958.26
21
-13810.04
31
0
0
LINE
8
electrical
10
-69250.0
20
-12320.0
30
0
11
-69250.0
21
-12331.26
31
0
0
LINE
8
electrical
10
-69250.0
20
-12331.26
30
0
11
-69250.0
21
-12308.74
31
0
0
LINE
8
electrical
10
-69250.0
20
-12308.74
30
0
11
-69250.0
21
-12320.0
31
0
0
LINE
8
electrical
10
-58750.0
20
-12320.0
30
0
11
-69250.0
21
-12320.0
31
0
0
LINE
8
electrical
10
-58750.0
20
-12320.0
30
0
11
-58750.0
21
-12331.26
31
0
0
LINE
8
electrical
10
-58750.0
20
-12331.26
30
0
11
-58750.0
21
-12308.74
31
0
0
LINE
8
electrical
10
-58750.0
20
-12308.74
30
0
11
-58750.0
21
-12320.0
31
0
0
LINE
8
electrical
10
-56950.0
20
-13800.0
30
0
11
-56935.96
21
-13800.0
31
0
0
LINE
8
electrical
10
-56935.96
20
-13800.0
30
0
11
-56950.0
21
-13800.0
31
0
0
LINE
8
electrical
10
-58750.0
20
-12320.0
30
0
11
-58735.96
21
-12320.0
31
0
0
LINE
8
electrical
10
-58735.96
20
-12320.0
30
0
11
-58750.0
21
-12320.0
31
0
0
LINE
8
electrical
10
-56937.0
20
-13800.0
30
0
11
-56956.5
21
-13788.74
31
0
0
LINE
8
electrical
10
-56956.5
20
-13788.74
30
0
11
-56956.5
21
-13811.26
31
0
0
LINE
8
electrical
10
-56956.5
20
-13811.26
30
0
11
-56937.0
21
-13800.0
31
0
0
LINE
8
electrical
10
-58758.64
20
-12209.72
30
0
11
-58745.68
21
-12195.14
31
0
0
LINE
8
electrical
10
-58745.68
20
-12195.14
30
0
11
-58745.68
21
-12195.14
31
0
0
LINE
8
electrical
10
-58745.68
20
-12195.14
30
0
11
-58758.64
21
-12209.72
31
0
0
LINE
8
electrical
10
-56958.64
20
-13809.72
30
0
11
-58758.64
21
-12209.72
31
0
0
LINE
8
electrical
10
-56958.64
20
-13809.72
30
0
11
-56945.68
21
-13795.14
31
0
0
LINE
8
electrical
10
-56945.68
20
-13795.14
30
0
11
-56945.68
21
-13795.14
31
0
0
LINE
8
electrical
10
-56945.68
20
-13795.14
30
0
11
-56958.64
21
-13809.72
31
0
0
LINE
8
electrical
10
-69250.0
20
-12200.0
30
0
11
-69250.0
21
-12211.26
31
0
0
LINE
8
electrical
10
-69250.0
20
-12211.26
30
0
11
-69250.0
21
-12188.74
31
0
0
LINE
8
electrical
10
-69250.0
20
-12188.74
30
0
11
-69250.0
21
-12200.0
31
0
0
LINE
8
electrical
10
-58750.0
20
-12200.0
30
0
11
-69250.0
21
-12200.0
31
0
0
LINE
8
electrical
10
-58750.0
20
-12200.0
30
0
11
-58750.0
21
-12211.26
31
0
0
LINE
8
electrical
10
-58750.0
20
-12211.26
30
0
11
-58750.0
21
-12188.74
31
0
0
LINE
8
electrical
10
-58750.0
20
-12188.74
30
0
11
-58750.0
21
-12200.0
31
0
0
LINE
8
electrical
10
-56950.0
20
-13800.0
30
0
11
-56935.96
21
-13800.0
31
0
0
LINE
8
electrical
10
-56935.96
20
-13800.0
30
0
11
-56950.0
21
-13800.0
31
0
0
LINE
8
electrical
10
-58750.0
20
-12200.0
30
0
11
-58735.96
21
-12200.0
31
0
0
LINE
8
electrical
10
-58735.96
20
-12200.0
30
0
11
-58750.0
21
-12200.0
31
0
0
LINE
8
electrical
10
-56937.0
20
-13800.0
30
0
11
-56956.5
21
-13788.74
31
0
0
LINE
8
electrical
10
-56956.5
20
-13788.74
30
0
11
-56956.5
21
-13811.26
31
0
0
LINE
8
electrical
10
-56956.5
20
-13811.26
30
0
11
-56937.0
21
-13800.0
31
0
0
LINE
8
electrical
10
-58758.98
20
-12089.4
30
0
11
-58745.51
21
-12075.3
31
0
0
LINE
8
electrical
10
-58745.51
20
-12075.3
30
0
11
-58745.51
21
-12075.3
31
0
0
LINE
8
electrical
10
-58745.51
20
-12075.3
30
0
11
-58758.98
21
-12089.4
31
0
0
LINE
8
electrical
10
-56958.98
20
-13809.4
30
0
11
-58758.98
21
-12089.4
31
0
0
LINE
8
electrical
10
-56958.98
20
-13809.4
30
0
11
-56945.51
21
-13795.3
31
0
0
LINE
8
electrical
10
-56945.51
20
-13795.3
30
0
11
-56945.51
21
-13795.3
31
0
0
LINE
8
electrical
10
-56945.51
20
-13795.3
30
0
11
-56958.98
21
-13809.4
31
0
0
LINE
8
electrical
10
-69250.0
20
-12080.0
30
0
11
-69250.0
21
-12091.26
31
0
0
LINE
8
electrical
10
-69250.0
20
-12091.26
30
0
11
-69250.0
21
-12068.74
31
0
0
LINE
8
electrical
10
-69250.0
20
-12068.74
30
0
11
-69250.0
21
-12080.0
31
0
0
LINE
8
electrical
10
-58750.0
20
-12080.0
30
0
11
-69250.0
21
-12080.0
31
0
0
LINE
8
electrical
10
-58750.0
20
-12080.0
30
0
11
-58750.0
21
-12091.26
31
0
0
LINE
8
electrical
10
-58750.0
20
-12091.26
30
0
11
-58750.0
21
-12068.74
31
0
0
LINE
8
electrical
10
-58750.0
20
-12068.74
30
0
11
-58750.0
21
-12080.0
31
0
0
LINE
8
electrical
10
-56950.0
20
-13800.0
30
0
11
-56935.96
21
-13800.0
31
0
0
LINE
8
electrical
10
-56935.96
20
-13800.0
30
0
11
-56950.0
21
-13800.0
31
0
0
LINE
8
electrical
10
-58750.0
20
-12080.0
30
0
11
-58735.96
21
-12080.0
31
0
0
LINE
8
electrical
10
-58735.96
20
-12080.0
30
0
11
-58750.0
21
-12080.0
31
0
0
LINE
8
electrical
10
-68565.0
20
-13850.0
30
0
11
-68565.0
21
-13790.0
31
0
0
LINE
8
electrical
10
-68435.0
20
-13850.0
30
0
11
-68435.0
21
-13790.0
31
0
0
LINE
8
electrical
10
-68565.0
20
-13850.0
30
0
11
-68435.0
21
-13850.0
31
0
0
LINE
8
electrical
10
-68565.0
20
-13790.0
30
0
11
-68435.0
21
-13790.0
31
0
0
LINE
8
electrical
10
-68491.0
20
-13820.0
30
0
11
-68504.5
21
-13812.21
31
0
0
LINE
8
electrical
10
-68504.5
20
-13812.21
30
0
11
-68504.5
21
-13827.79
31
0
0
LINE
8
electrical
10
-68504.5
20
-13827.79
30
0
11
-68491.0
21
-13820.0
31
0
0
LINE
8
electrical
10
-56950.0
20
-13820.0
30
0
11
-56950.0
21
-13827.79
31
0
0
LINE
8
electrical
10
-56950.0
20
-13827.79
30
0
11
-56950.0
21
-13812.21
31
0
0
LINE
8
electrical
10
-56950.0
20
-13812.21
30
0
11
-56950.0
21
-13820.0
31
0
0
LINE
8
electrical
10
-68500.0
20
-13820.0
30
0
11
-56950.0
21
-13820.0
31
0
0
LINE
8
electrical
10
-68500.0
20
-13820.0
30
0
11
-68500.0
21
-13827.79
31
0
0
LINE
8
electrical
10
-68500.0
20
-13827.79
30
0
11
-68500.0
21
-13812.21
31
0
0
LINE
8
electrical
10
-68500.0
20
-13812.21
30
0
11
-68500.0
21
-13820.0
31
0
0
LINE
8
electrical
10
-68500.0
20
-13820.0
30
0
11
-68490.28
21
-13820.0
31
0
0
LINE
8
electrical
10
-68490.28
20
-13820.0
30
0
11
-68500.0
21
-13820.0
31
0
0
LINE
8
electrical
10
-59565.0
20
-13850.0
30
0
11
-59565.0
21
-13790.0
31
0
0
LINE
8
electrical
10
-59435.0
20
-13850.0
30
0
11
-59435.0
21
-13790.0
31
0
0
LINE
8
electrical
10
-59565.0
20
-13850.0
30
0
11
-59435.0
21
-13850.0
31
0
0
LINE
8
electrical
10
-59565.0
20
-13790.0
30
0
11
-59435.0
21
-13790.0
31
0
0
LINE
8
electrical
10
-59491.0
20
-13820.0
30
0
11
-59504.5
21
-13812.21
31
0
0
LINE
8
electrical
10
-59504.5
20
-13812.21
30
0
11
-59504.5
21
-13827.79
31
0
0
LINE
8
electrical
10
-59504.5
20
-13827.79
30
0
11
-59491.0
21
-13820.0
31
0
0
LINE
8
electrical
10
-56950.0
20
-13820.0
30
0
11
-56950.0
21
-13827.79
31
0
0
LINE
8
electrical
10
-56950.0
20
-13827.79
30
0
11
-56950.0
21
-13812.21
31
0
0
LINE
8
electrical
10
-56950.0
20
-13812.21
30
0
11
-56950.0
21
-13820.0
31
0
0
LINE
8
electrical
10
-59500.0
20
-13820.0
30
0
11
-56950.0
21
-13820.0
31
0
0
LINE
8
electrical
10
-59500.0
20
-13820.0
30
0
11
-59500.0
21
-13827.79
31
0
0
LINE
8
electrical
10
-59500.0
20
-13827.79
30
0
11
-59500.0
21
-13812.21
31
0
0
LINE
8
electrical
10
-59500.0
20
-13812.21
30
0
11
-59500.0
21
-13820.0
31
0
0
LINE
8
electrical
10
-59500.0
20
-13820.0
30
0
11
-59490.28
21
-13820.0
31
0
0
LINE
8
electrical
10
-59490.28
20
-13820.0
30
0
11
-59500.0
21
-13820.0
31
0
0
LINE
8
hvac
10
-71025.0
20
-13275.0
30
0
11
-71025.0
21
-12525.0
31
0
0
LINE
8
hvac
10
-69375.0
20
-13275.0
30
0
11
-69375.0
21
-12525.0
31
0
0
LINE
8
hvac
10
-71025.0
20
-13275.0
30
0
11
-69375.0
21
-13275.0
31
0
0
LINE
8
hvac
10
-71025.0
20
-12525.0
30
0
11
-69375.0
21
-12525.0
31
0
0
LINE
8
hvac
10
-70925.0
20
-13320.0
30
0
11
-70925.0
21
-13280.0
31
0
0
LINE
8
hvac
10
-69475.0
20
-13320.0
30
0
11
-69475.0
21
-13280.0
31
0
0
LINE
8
hvac
10
-70925.0
20
-13320.0
30
0
11
-69475.0
21
-13320.0
31
0
0
LINE
8
hvac
10
-70925.0
20
-13280.0
30
0
11
-69475.0
21
-13280.0
31
0
0
LINE
8
hvac
10
-70860.0
20
-13360.0
30
0
11
-70860.0
21
-13300.0
31
0
0
LINE
8
hvac
10
-70820.0
20
-13360.0
30
0
11
-70820.0
21
-13300.0
31
0
0
LINE
8
hvac
10
-70860.0
20
-13360.0
30
0
11
-70820.0
21
-13360.0
31
0
0
LINE
8
hvac
10
-70860.0
20
-13300.0
30
0
11
-70820.0
21
-13300.0
31
0
0
LINE
8
hvac
10
-70700.0
20
-13360.0
30
0
11
-70700.0
21
-13300.0
31
0
0
LINE
8
hvac
10
-70660.0
20
-13360.0
30
0
11
-70660.0
21
-13300.0
31
0
0
LINE
8
hvac
10
-70700.0
20
-13360.0
30
0
11
-70660.0
21
-13360.0
31
0
0
LINE
8
hvac
10
-70700.0
20
-13300.0
30
0
11
-70660.0
21
-13300.0
31
0
0
LINE
8
hvac
10
-70540.0
20
-13360.0
30
0
11
-70540.0
21
-13300.0
31
0
0
LINE
8
hvac
10
-70500.0
20
-13360.0
30
0
11
-70500.0
21
-13300.0
31
0
0
LINE
8
hvac
10
-70540.0
20
-13360.0
30
0
11
-70500.0
21
-13360.0
31
0
0
LINE
8
hvac
10
-70540.0
20
-13300.0
30
0
11
-70500.0
21
-13300.0
31
0
0
LINE
8
hvac
10
-70380.0
20
-13360.0
30
0
11
-70380.0
21
-13300.0
31
0
0
LINE
8
hvac
10
-70340.0
20
-13360.0
30
0
11
-70340.0
21
-13300.0
31
0
0
LINE
8
hvac
10
-70380.0
20
-13360.0
30
0
11
-70340.0
21
-13360.0
31
0
0
LINE
8
hvac
10
-70380.0
20
-13300.0
30
0
11
-70340.0
21
-13300.0
31
0
0
LINE
8
hvac
10
-70220.0
20
-13360.0
30
0
11
-70220.0
21
-13300.0
31
0
0
LINE
8
hvac
10
-70180.0
20
-13360.0
30
0
11
-70180.0
21
-13300.0
31
0
0
LINE
8
hvac
10
-70220.0
20
-13360.0
30
0
11
-70180.0
21
-13360.0
31
0
0
LINE
8
hvac
10
-70220.0
20
-13300.0
30
0
11
-70180.0
21
-13300.0
31
0
0
LINE
8
hvac
10
-70060.0
20
-13360.0
30
0
11
-70060.0
21
-13300.0
31
0
0
LINE
8
hvac
10
-70020.0
20
-13360.0
30
0
11
-70020.0
21
-13300.0
31
0
0
LINE
8
hvac
10
-70060.0
20
-13360.0
30
0
11
-70020.0
21
-13360.0
31
0
0
LINE
8
hvac
10
-70060.0
20
-13300.0
30
0
11
-70020.0
21
-13300.0
31
0
0
LINE
8
hvac
10
-69900.0
20
-13360.0
30
0
11
-69900.0
21
-13300.0
31
0
0
LINE
8
hvac
10
-69860.0
20
-13360.0
30
0
11
-69860.0
21
-13300.0
31
0
0
LINE
8
hvac
10
-69900.0
20
-13360.0
30
0
11
-69860.0
21
-13360.0
31
0
0
LINE
8
hvac
10
-69900.0
20
-13300.0
30
0
11
-69860.0
21
-13300.0
31
0
0
LINE
8
hvac
10
-69740.0
20
-13360.0
30
0
11
-69740.0
21
-13300.0
31
0
0
LINE
8
hvac
10
-69700.0
20
-13360.0
30
0
11
-69700.0
21
-13300.0
31
0
0
LINE
8
hvac
10
-69740.0
20
-13360.0
30
0
11
-69700.0
21
-13360.0
31
0
0
LINE
8
hvac
10
-69740.0
20
-13300.0
30
0
11
-69700.0
21
-13300.0
31
0
0
LINE
8
hvac
10
-69580.0
20
-13360.0
30
0
11
-69580.0
21
-13300.0
31
0
0
LINE
8
hvac
10
-69540.0
20
-13360.0
30
0
11
-69540.0
21
-13300.0
31
0
0
LINE
8
hvac
10
-69580.0
20
-13360.0
30
0
11
-69540.0
21
-13360.0
31
0
0
LINE
8
hvac
10
-69580.0
20
-13300.0
30
0
11
-69540.0
21
-13300.0
31
0
0
LINE
8
hvac
10
-70425.0
20
-13125.0
30
0
11
-70425.0
21
-12675.0
31
0
0
LINE
8
hvac
10
-69975.0
20
-13125.0
30
0
11
-69975.0
21
-12675.0
31
0
0
LINE
8
hvac
10
-70425.0
20
-13125.0
30
0
11
-69975.0
21
-13125.0
31
0
0
LINE
8
hvac
10
-70425.0
20
-12675.0
30
0
11
-69975.0
21
-12675.0
31
0
0
LINE
8
hvac
10
-69250.0
20
-8175.0
30
0
11
-69250.0
21
-7825.0
31
0
0
LINE
8
hvac
10
-58750.0
20
-8175.0
30
0
11
-58750.0
21
-7825.0
31
0
0
LINE
8
hvac
10
-69250.0
20
-8175.0
30
0
11
-58750.0
21
-8175.0
31
0
0
LINE
8
hvac
10
-69250.0
20
-7825.0
30
0
11
-58750.0
21
-7825.0
31
0
0
LINE
8
hvac
10
-70375.0
20
-13075.0
30
0
11
-70375.0
21
-12725.0
31
0
0
LINE
8
hvac
10
-63825.0
20
-13075.0
30
0
11
-63825.0
21
-12725.0
31
0
0
LINE
8
hvac
10
-70375.0
20
-13075.0
30
0
11
-63825.0
21
-13075.0
31
0
0
LINE
8
hvac
10
-70375.0
20
-12725.0
30
0
11
-63825.0
21
-12725.0
31
0
0
LINE
8
hvac
10
-64175.0
20
-13075.0
30
0
11
-64175.0
21
-7825.0
31
0
0
LINE
8
hvac
10
-63825.0
20
-13075.0
30
0
11
-63825.0
21
-7825.0
31
0
0
LINE
8
hvac
10
-64175.0
20
-13075.0
30
0
11
-63825.0
21
-13075.0
31
0
0
LINE
8
hvac
10
-64175.0
20
-7825.0
30
0
11
-63825.0
21
-7825.0
31
0
0
LINE
8
hvac
10
-67350.0
20
-8350.0
30
0
11
-67350.0
21
-7650.0
31
0
0
LINE
8
hvac
10
-66650.0
20
-8350.0
30
0
11
-66650.0
21
-7650.0
31
0
0
LINE
8
hvac
10
-67350.0
20
-8350.0
30
0
11
-66650.0
21
-8350.0
31
0
0
LINE
8
hvac
10
-67350.0
20
-7650.0
30
0
11
-66650.0
21
-7650.0
31
0
0
LINE
8
hvac
10
-61350.0
20
-8350.0
30
0
11
-61350.0
21
-7650.0
31
0
0
LINE
8
hvac
10
-60650.0
20
-8350.0
30
0
11
-60650.0
21
-7650.0
31
0
0
LINE
8
hvac
10
-61350.0
20
-8350.0
30
0
11
-60650.0
21
-8350.0
31
0
0
LINE
8
hvac
10
-61350.0
20
-7650.0
30
0
11
-60650.0
21
-7650.0
31
0
0
LINE
8
sensors
10
-71460.0
20
-11440.0
30
0
11
-71460.0
21
-11280.0
31
0
0
LINE
8
sensors
10
-71360.0
20
-11440.0
30
0
11
-71360.0
21
-11280.0
31
0
0
LINE
8
sensors
10
-71460.0
20
-11440.0
30
0
11
-71360.0
21
-11440.0
31
0
0
LINE
8
sensors
10
-71460.0
20
-11280.0
30
0
11
-71360.0
21
-11280.0
31
0
0
LINE
8
sensors
10
-71355.0
20
-11415.0
30
0
11
-71355.0
21
-11305.0
31
0
0
LINE
8
sensors
10
-71335.0
20
-11415.0
30
0
11
-71335.0
21
-11305.0
31
0
0
LINE
8
sensors
10
-71355.0
20
-11415.0
30
0
11
-71335.0
21
-11415.0
31
0
0
LINE
8
sensors
10
-71355.0
20
-11305.0
30
0
11
-71335.0
21
-11305.0
31
0
0
LINE
8
sensors
10
-71460.0
20
-11140.0
30
0
11
-71460.0
21
-10980.0
31
0
0
LINE
8
sensors
10
-71360.0
20
-11140.0
30
0
11
-71360.0
21
-10980.0
31
0
0
LINE
8
sensors
10
-71460.0
20
-11140.0
30
0
11
-71360.0
21
-11140.0
31
0
0
LINE
8
sensors
10
-71460.0
20
-10980.0
30
0
11
-71360.0
21
-10980.0
31
0
0
LINE
8
sensors
10
-71355.0
20
-11115.0
30
0
11
-71355.0
21
-11005.0
31
0
0
LINE
8
sensors
10
-71335.0
20
-11115.0
30
0
11
-71335.0
21
-11005.0
31
0
0
LINE
8
sensors
10
-71355.0
20
-11115.0
30
0
11
-71335.0
21
-11115.0
31
0
0
LINE
8
sensors
10
-71355.0
20
-11005.0
30
0
11
-71335.0
21
-11005.0
31
0
0
LINE
8
sensors
10
-71460.0
20
-10840.0
30
0
11
-71460.0
21
-10680.0
31
0
0
LINE
8
sensors
10
-71360.0
20
-10840.0
30
0
11
-71360.0
21
-10680.0
31
0
0
LINE
8
sensors
10
-71460.0
20
-10840.0
30
0
11
-71360.0
21
-10840.0
31
0
0
LINE
8
sensors
10
-71460.0
20
-10680.0
30
0
11
-71360.0
21
-10680.0
31
0
0
LINE
8
sensors
10
-71355.0
20
-10815.0
30
0
11
-71355.0
21
-10705.0
31
0
0
LINE
8
sensors
10
-71335.0
20
-10815.0
30
0
11
-71335.0
21
-10705.0
31
0
0
LINE
8
sensors
10
-71355.0
20
-10815.0
30
0
11
-71335.0
21
-10815.0
31
0
0
LINE
8
sensors
10
-71355.0
20
-10705.0
30
0
11
-71335.0
21
-10705.0
31
0
0
LINE
8
sensors
10
-63920.0
20
-8000.0
30
0
11
-64000.0
21
-7920.0
31
0
0
LINE
8
sensors
10
-64000.0
20
-7920.0
30
0
11
-64080.0
21
-8000.0
31
0
0
LINE
8
sensors
10
-64080.0
20
-8000.0
30
0
11
-64000.0
21
-8080.0
31
0
0
LINE
8
sensors
10
-64000.0
20
-8080.0
30
0
11
-63920.0
21
-8000.0
31
0
0
LINE
8
sensors
10
-64000.0
20
-8000.0
30
0
11
-63935.0
21
-8000.0
31
0
0
LINE
8
sensors
10
-63935.0
20
-8000.0
30
0
11
-64000.0
21
-8000.0
31
0
0
LINE
8
sensors
10
-71460.0
20
-10240.0
30
0
11
-71460.0
21
-10080.0
31
0
0
LINE
8
sensors
10
-71360.0
20
-10240.0
30
0
11
-71360.0
21
-10080.0
31
0
0
LINE
8
sensors
10
-71460.0
20
-10240.0
30
0
11
-71360.0
21
-10240.0
31
0
0
LINE
8
sensors
10
-71460.0
20
-10080.0
30
0
11
-71360.0
21
-10080.0
31
0
0
LINE
8
sensors
10
-71355.0
20
-10215.0
30
0
11
-71355.0
21
-10105.0
31
0
0
LINE
8
sensors
10
-71335.0
20
-10215.0
30
0
11
-71335.0
21
-10105.0
31
0
0
LINE
8
sensors
10
-71355.0
20
-10215.0
30
0
11
-71335.0
21
-10215.0
31
0
0
LINE
8
sensors
10
-71355.0
20
-10105.0
30
0
11
-71335.0
21
-10105.0
31
0
0
LINE
8
interiors
10
-84000.0
20
-14000.0
30
0
11
-84000.0
21
-2000.0
31
0
0
LINE
8
interiors
10
-84000.0
20
-14000.0
30
0
11
-80200.0
21
-14000.0
31
0
0
LINE
8
interiors
10
-80200.0
20
-14000.0
30
0
11
-77800.0
21
-14000.0
31
0
0
LINE
8
interiors
10
-77800.0
20
-14000.0
30
0
11
-74000.0
21
-14000.0
31
0
0
LINE
8
interiors
10
-84000.0
20
-14000.0
30
0
11
-74000.0
21
-14000.0
31
0
0
LINE
8
interiors
10
-84000.0
20
-2000.0
30
0
11
-74000.0
21
-2000.0
31
0
0
LINE
8
interiors
10
-74000.0
20
-14000.0
30
0
11
-74000.0
21
-2000.0
31
0
0
LINE
8
interiors
10
-74120.0
20
-13880.0
30
0
11
-83880.0
21
-13880.0
31
0
0
LINE
8
interiors
10
-74120.0
20
-13880.0
30
0
11
-74120.0
21
-2120.0
31
0
0
LINE
8
interiors
10
-74120.0
20
-2120.0
30
0
11
-83880.0
21
-2120.0
31
0
0
LINE
8
interiors
10
-83880.0
20
-13880.0
30
0
11
-83880.0
21
-2120.0
31
0
0
LINE
8
interiors
10
-81600.0
20
-2000.0
30
0
11
-76400.0
21
-2000.0
31
0
0
LINE
8
interiors
10
-77800.0
20
-14000.0
30
0
11
-77800.0
21
-13880.0
31
0
0
LINE
8
interiors
10
-74120.0
20
-13880.0
30
0
11
-77800.0
21
-13880.0
31
0
0
LINE
8
interiors
10
-80200.0
20
-13880.0
30
0
11
-83880.0
21
-13880.0
31
0
0
LINE
8
interiors
10
-80200.0
20
-14000.0
30
0
11
-80200.0
21
-13880.0
31
0
0
LINE
8
interiors
10
-80200.0
20
-13880.0
30
0
11
-77800.0
21
-13880.0
31
0
0
LINE
8
interiors
10
-81600.0
20
-2120.0
30
0
11
-76400.0
21
-2120.0
31
0
0
LINE
8
interiors
10
-81600.0
20
-2120.0
30
0
11
-81600.0
21
-2000.0
31
0
0
LINE
8
interiors
10
-76400.0
20
-2120.0
30
0
11
-76400.0
21
-2000.0
31
0
0
LINE
8
interiors
10
-81600.0
20
-2022.5
30
0
11
-81600.0
21
-1977.5
31
0
0
LINE
8
interiors
10
-76400.0
20
-2022.5
30
0
11
-76400.0
21
-1977.5
31
0
0
LINE
8
interiors
10
-81600.0
20
-2022.5
30
0
11
-76400.0
21
-2022.5
31
0
0
LINE
8
interiors
10
-81600.0
20
-1977.5
30
0
11
-76400.0
21
-1977.5
31
0
0
LINE
8
interiors
10
-83875.0
20
-13875.0
30
0
11
-83875.0
21
-2125.0
31
0
0
LINE
8
interiors
10
-74125.0
20
-13875.0
30
0
11
-74125.0
21
-2125.0
31
0
0
LINE
8
interiors
10
-83875.0
20
-13875.0
30
0
11
-74125.0
21
-13875.0
31
0
0
LINE
8
interiors
10
-83875.0
20
-2125.0
30
0
11
-74125.0
21
-2125.0
31
0
0
LINE
8
interiors
10
-80155.0
20
-14120.0
30
0
11
-80155.0
21
-13880.0
31
0
0
LINE
8
interiors
10
-80085.0
20
-14120.0
30
0
11
-80085.0
21
-13880.0
31
0
0
LINE
8
interiors
10
-80155.0
20
-14120.0
30
0
11
-80085.0
21
-14120.0
31
0
0
LINE
8
interiors
10
-80155.0
20
-13880.0
30
0
11
-80085.0
21
-13880.0
31
0
0
LINE
8
interiors
10
-77915.0
20
-14120.0
30
0
11
-77915.0
21
-13880.0
31
0
0
LINE
8
interiors
10
-77845.0
20
-14120.0
30
0
11
-77845.0
21
-13880.0
31
0
0
LINE
8
interiors
10
-77915.0
20
-14120.0
30
0
11
-77845.0
21
-14120.0
31
0
0
LINE
8
interiors
10
-77915.0
20
-13880.0
30
0
11
-77845.0
21
-13880.0
31
0
0
LINE
8
interiors
10
-80150.0
20
-14120.0
30
0
11
-80150.0
21
-13880.0
31
0
0
LINE
8
interiors
10
-77850.0
20
-14120.0
30
0
11
-77850.0
21
-13880.0
31
0
0
LINE
8
interiors
10
-80150.0
20
-14120.0
30
0
11
-77850.0
21
-14120.0
31
0
0
LINE
8
interiors
10
-80150.0
20
-13880.0
30
0
11
-77850.0
21
-13880.0
31
0
0
LINE
8
interiors
10
-80069.61
20
-13909.51
30
0
11
-80110.39
21
-13890.49
31
0
0
LINE
8
interiors
10
-79613.18
20
-12930.7
30
0
11
-79653.96
21
-12911.68
31
0
0
LINE
8
interiors
10
-80069.61
20
-13909.51
30
0
11
-79613.18
21
-12930.7
31
0
0
LINE
8
interiors
10
-80110.39
20
-13890.49
30
0
11
-79653.96
21
-12911.68
31
0
0
LINE
8
interiors
10
-81000.0
20
-8700.0
30
0
11
-81000.0
21
-7300.0
31
0
0
LINE
8
interiors
10
-77000.0
20
-8700.0
30
0
11
-77000.0
21
-7300.0
31
0
0
LINE
8
interiors
10
-81000.0
20
-8700.0
30
0
11
-77000.0
21
-8700.0
31
0
0
LINE
8
interiors
10
-81000.0
20
-7300.0
30
0
11
-77000.0
21
-7300.0
31
0
0
LINE
8
interiors
10
-80935.0
20
-8635.0
30
0
11
-80935.0
21
-8565.0
31
0
0
LINE
8
interiors
10
-80865.0
20
-8635.0
30
0
11
-80865.0
21
-8565.0
31
0
0
LINE
8
interiors
10
-80935.0
20
-8635.0
30
0
11
-80865.0
21
-8635.0
31
0
0
LINE
8
interiors
10
-80935.0
20
-8565.0
30
0
11
-80865.0
21
-8565.0
31
0
0
LINE
8
interiors
10
-80935.0
20
-7435.0
30
0
11
-80935.0
21
-7365.0
31
0
0
LINE
8
interiors
10
-80865.0
20
-7435.0
30
0
11
-80865.0
21
-7365.0
31
0
0
LINE
8
interiors
10
-80935.0
20
-7435.0
30
0
11
-80865.0
21
-7435.0
31
0
0
LINE
8
interiors
10
-80935.0
20
-7365.0
30
0
11
-80865.0
21
-7365.0
31
0
0
LINE
8
interiors
10
-77135.0
20
-8635.0
30
0
11
-77135.0
21
-8565.0
31
0
0
LINE
8
interiors
10
-77065.0
20
-8635.0
30
0
11
-77065.0
21
-8565.0
31
0
0
LINE
8
interiors
10
-77135.0
20
-8635.0
30
0
11
-77065.0
21
-8635.0
31
0
0
LINE
8
interiors
10
-77135.0
20
-8565.0
30
0
11
-77065.0
21
-8565.0
31
0
0
LINE
8
interiors
10
-77135.0
20
-7435.0
30
0
11
-77135.0
21
-7365.0
31
0
0
LINE
8
interiors
10
-77065.0
20
-7435.0
30
0
11
-77065.0
21
-7365.0
31
0
0
LINE
8
interiors
10
-77135.0
20
-7435.0
30
0
11
-77065.0
21
-7435.0
31
0
0
LINE
8
interiors
10
-77135.0
20
-7365.0
30
0
11
-77065.0
21
-7365.0
31
0
0
LINE
8
interiors
10
-80540.0
20
-9290.0
30
0
11
-80540.0
21
-8810.0
31
0
0
LINE
8
interiors
10
-80060.0
20
-9290.0
30
0
11
-80060.0
21
-8810.0
31
0
0
LINE
8
interiors
10
-80540.0
20
-9290.0
30
0
11
-80060.0
21
-9290.0
31
0
0
LINE
8
interiors
10
-80540.0
20
-8810.0
30
0
11
-80060.0
21
-8810.0
31
0
0
LINE
8
interiors
10
-80540.0
20
-8872.5
30
0
11
-80540.0
21
-8807.5
31
0
0
LINE
8
interiors
10
-80060.0
20
-8872.5
30
0
11
-80060.0
21
-8807.5
31
0
0
LINE
8
interiors
10
-80540.0
20
-8872.5
30
0
11
-80060.0
21
-8872.5
31
0
0
LINE
8
interiors
10
-80540.0
20
-8807.5
30
0
11
-80060.0
21
-8807.5
31
0
0
LINE
8
interiors
10
-80507.5
20
-9257.5
30
0
11
-80507.5
21
-9222.5
31
0
0
LINE
8
interiors
10
-80472.5
20
-9257.5
30
0
11
-80472.5
21
-9222.5
31
0
0
LINE
8
interiors
10
-80507.5
20
-9257.5
30
0
11
-80472.5
21
-9257.5
31
0
0
LINE
8
interiors
10
-80507.5
20
-9222.5
30
0
11
-80472.5
21
-9222.5
31
0
0
LINE
8
interiors
10
-80507.5
20
-8877.5
30
0
11
-80507.5
21
-8842.5
31
0
0
LINE
8
interiors
10
-80472.5
20
-8877.5
30
0
11
-80472.5
21
-8842.5
31
0
0
LINE
8
interiors
10
-80507.5
20
-8877.5
30
0
11
-80472.5
21
-8877.5
31
0
0
LINE
8
interiors
10
-80507.5
20
-8842.5
30
0
11
-80472.5
21
-8842.5
31
0
0
LINE
8
interiors
10
-80127.5
20
-9257.5
30
0
11
-80127.5
21
-9222.5
31
0
0
LINE
8
interiors
10
-80092.5
20
-9257.5
30
0
11
-80092.5
21
-9222.5
31
0
0
LINE
8
interiors
10
-80127.5
20
-9257.5
30
0
11
-80092.5
21
-9257.5
31
0
0
LINE
8
interiors
10
-80127.5
20
-9222.5
30
0
11
-80092.5
21
-9222.5
31
0
0
LINE
8
interiors
10
-80127.5
20
-8877.5
30
0
11
-80127.5
21
-8842.5
31
0
0
LINE
8
interiors
10
-80092.5
20
-8877.5
30
0
11
-80092.5
21
-8842.5
31
0
0
LINE
8
interiors
10
-80127.5
20
-8877.5
30
0
11
-80092.5
21
-8877.5
31
0
0
LINE
8
interiors
10
-80127.5
20
-8842.5
30
0
11
-80092.5
21
-8842.5
31
0
0
LINE
8
interiors
10
-80540.0
20
-7190.0
30
0
11
-80540.0
21
-6710.0
31
0
0
LINE
8
interiors
10
-80060.0
20
-7190.0
30
0
11
-80060.0
21
-6710.0
31
0
0
LINE
8
interiors
10
-80540.0
20
-7190.0
30
0
11
-80060.0
21
-7190.0
31
0
0
LINE
8
interiors
10
-80540.0
20
-6710.0
30
0
11
-80060.0
21
-6710.0
31
0
0
LINE
8
interiors
10
-80540.0
20
-6772.5
30
0
11
-80540.0
21
-6707.5
31
0
0
LINE
8
interiors
10
-80060.0
20
-6772.5
30
0
11
-80060.0
21
-6707.5
31
0
0
LINE
8
interiors
10
-80540.0
20
-6772.5
30
0
11
-80060.0
21
-6772.5
31
0
0
LINE
8
interiors
10
-80540.0
20
-6707.5
30
0
11
-80060.0
21
-6707.5
31
0
0
LINE
8
interiors
10
-80507.5
20
-7157.5
30
0
11
-80507.5
21
-7122.5
31
0
0
LINE
8
interiors
10
-80472.5
20
-7157.5
30
0
11
-80472.5
21
-7122.5
31
0
0
LINE
8
interiors
10
-80507.5
20
-7157.5
30
0
11
-80472.5
21
-7157.5
31
0
0
LINE
8
interiors
10
-80507.5
20
-7122.5
30
0
11
-80472.5
21
-7122.5
31
0
0
LINE
8
interiors
10
-80507.5
20
-6777.5
30
0
11
-80507.5
21
-6742.5
31
0
0
LINE
8
interiors
10
-80472.5
20
-6777.5
30
0
11
-80472.5
21
-6742.5
31
0
0
LINE
8
interiors
10
-80507.5
20
-6777.5
30
0
11
-80472.5
21
-6777.5
31
0
0
LINE
8
interiors
10
-80507.5
20
-6742.5
30
0
11
-80472.5
21
-6742.5
31
0
0
LINE
8
interiors
10
-80127.5
20
-7157.5
30
0
11
-80127.5
21
-7122.5
31
0
0
LINE
8
interiors
10
-80092.5
20
-7157.5
30
0
11
-80092.5
21
-7122.5
31
0
0
LINE
8
interiors
10
-80127.5
20
-7157.5
30
0
11
-80092.5
21
-7157.5
31
0
0
LINE
8
interiors
10
-80127.5
20
-7122.5
30
0
11
-80092.5
21
-7122.5
31
0
0
LINE
8
interiors
10
-80127.5
20
-6777.5
30
0
11
-80127.5
21
-6742.5
31
0
0
LINE
8
interiors
10
-80092.5
20
-6777.5
30
0
11
-80092.5
21
-6742.5
31
0
0
LINE
8
interiors
10
-80127.5
20
-6777.5
30
0
11
-80092.5
21
-6777.5
31
0
0
LINE
8
interiors
10
-80127.5
20
-6742.5
30
0
11
-80092.5
21
-6742.5
31
0
0
LINE
8
interiors
10
-79240.0
20
-9290.0
30
0
11
-79240.0
21
-8810.0
31
0
0
LINE
8
interiors
10
-78760.0
20
-9290.0
30
0
11
-78760.0
21
-8810.0
31
0
0
LINE
8
interiors
10
-79240.0
20
-9290.0
30
0
11
-78760.0
21
-9290.0
31
0
0
LINE
8
interiors
10
-79240.0
20
-8810.0
30
0
11
-78760.0
21
-8810.0
31
0
0
LINE
8
interiors
10
-79240.0
20
-8872.5
30
0
11
-79240.0
21
-8807.5
31
0
0
LINE
8
interiors
10
-78760.0
20
-8872.5
30
0
11
-78760.0
21
-8807.5
31
0
0
LINE
8
interiors
10
-79240.0
20
-8872.5
30
0
11
-78760.0
21
-8872.5
31
0
0
LINE
8
interiors
10
-79240.0
20
-8807.5
30
0
11
-78760.0
21
-8807.5
31
0
0
LINE
8
interiors
10
-79207.5
20
-9257.5
30
0
11
-79207.5
21
-9222.5
31
0
0
LINE
8
interiors
10
-79172.5
20
-9257.5
30
0
11
-79172.5
21
-9222.5
31
0
0
LINE
8
interiors
10
-79207.5
20
-9257.5
30
0
11
-79172.5
21
-9257.5
31
0
0
LINE
8
interiors
10
-79207.5
20
-9222.5
30
0
11
-79172.5
21
-9222.5
31
0
0
LINE
8
interiors
10
-79207.5
20
-8877.5
30
0
11
-79207.5
21
-8842.5
31
0
0
LINE
8
interiors
10
-79172.5
20
-8877.5
30
0
11
-79172.5
21
-8842.5
31
0
0
LINE
8
interiors
10
-79207.5
20
-8877.5
30
0
11
-79172.5
21
-8877.5
31
0
0
LINE
8
interiors
10
-79207.5
20
-8842.5
30
0
11
-79172.5
21
-8842.5
31
0
0
LINE
8
interiors
10
-78827.5
20
-9257.5
30
0
11
-78827.5
21
-9222.5
31
0
0
LINE
8
interiors
10
-78792.5
20
-9257.5
30
0
11
-78792.5
21
-9222.5
31
0
0
LINE
8
interiors
10
-78827.5
20
-9257.5
30
0
11
-78792.5
21
-9257.5
31
0
0
LINE
8
interiors
10
-78827.5
20
-9222.5
30
0
11
-78792.5
21
-9222.5
31
0
0
LINE
8
interiors
10
-78827.5
20
-8877.5
30
0
11
-78827.5
21
-8842.5
31
0
0
LINE
8
interiors
10
-78792.5
20
-8877.5
30
0
11
-78792.5
21
-8842.5
31
0
0
LINE
8
interiors
10
-78827.5
20
-8877.5
30
0
11
-78792.5
21
-8877.5
31
0
0
LINE
8
interiors
10
-78827.5
20
-8842.5
30
0
11
-78792.5
21
-8842.5
31
0
0
LINE
8
interiors
10
-79240.0
20
-7190.0
30
0
11
-79240.0
21
-6710.0
31
0
0
LINE
8
interiors
10
-78760.0
20
-7190.0
30
0
11
-78760.0
21
-6710.0
31
0
0
LINE
8
interiors
10
-79240.0
20
-7190.0
30
0
11
-78760.0
21
-7190.0
31
0
0
LINE
8
interiors
10
-79240.0
20
-6710.0
30
0
11
-78760.0
21
-6710.0
31
0
0
LINE
8
interiors
10
-79240.0
20
-6772.5
30
0
11
-79240.0
21
-6707.5
31
0
0
LINE
8
interiors
10
-78760.0
20
-6772.5
30
0
11
-78760.0
21
-6707.5
31
0
0
LINE
8
interiors
10
-79240.0
20
-6772.5
30
0
11
-78760.0
21
-6772.5
31
0
0
LINE
8
interiors
10
-79240.0
20
-6707.5
30
0
11
-78760.0
21
-6707.5
31
0
0
LINE
8
interiors
10
-79207.5
20
-7157.5
30
0
11
-79207.5
21
-7122.5
31
0
0
LINE
8
interiors
10
-79172.5
20
-7157.5
30
0
11
-79172.5
21
-7122.5
31
0
0
LINE
8
interiors
10
-79207.5
20
-7157.5
30
0
11
-79172.5
21
-7157.5
31
0
0
LINE
8
interiors
10
-79207.5
20
-7122.5
30
0
11
-79172.5
21
-7122.5
31
0
0
LINE
8
interiors
10
-79207.5
20
-6777.5
30
0
11
-79207.5
21
-6742.5
31
0
0
LINE
8
interiors
10
-79172.5
20
-6777.5
30
0
11
-79172.5
21
-6742.5
31
0
0
LINE
8
interiors
10
-79207.5
20
-6777.5
30
0
11
-79172.5
21
-6777.5
31
0
0
LINE
8
interiors
10
-79207.5
20
-6742.5
30
0
11
-79172.5
21
-6742.5
31
0
0
LINE
8
interiors
10
-78827.5
20
-7157.5
30
0
11
-78827.5
21
-7122.5
31
0
0
LINE
8
interiors
10
-78792.5
20
-7157.5
30
0
11
-78792.5
21
-7122.5
31
0
0
LINE
8
interiors
10
-78827.5
20
-7157.5
30
0
11
-78792.5
21
-7157.5
31
0
0
LINE
8
interiors
10
-78827.5
20
-7122.5
30
0
11
-78792.5
21
-7122.5
31
0
0
LINE
8
interiors
10
-78827.5
20
-6777.5
30
0
11
-78827.5
21
-6742.5
31
0
0
LINE
8
interiors
10
-78792.5
20
-6777.5
30
0
11
-78792.5
21
-6742.5
31
0
0
LINE
8
interiors
10
-78827.5
20
-6777.5
30
0
11
-78792.5
21
-6777.5
31
0
0
LINE
8
interiors
10
-78827.5
20
-6742.5
30
0
11
-78792.5
21
-6742.5
31
0
0
LINE
8
interiors
10
-77940.0
20
-9290.0
30
0
11
-77940.0
21
-8810.0
31
0
0
LINE
8
interiors
10
-77460.0
20
-9290.0
30
0
11
-77460.0
21
-8810.0
31
0
0
LINE
8
interiors
10
-77940.0
20
-9290.0
30
0
11
-77460.0
21
-9290.0
31
0
0
LINE
8
interiors
10
-77940.0
20
-8810.0
30
0
11
-77460.0
21
-8810.0
31
0
0
LINE
8
interiors
10
-77940.0
20
-8872.5
30
0
11
-77940.0
21
-8807.5
31
0
0
LINE
8
interiors
10
-77460.0
20
-8872.5
30
0
11
-77460.0
21
-8807.5
31
0
0
LINE
8
interiors
10
-77940.0
20
-8872.5
30
0
11
-77460.0
21
-8872.5
31
0
0
LINE
8
interiors
10
-77940.0
20
-8807.5
30
0
11
-77460.0
21
-8807.5
31
0
0
LINE
8
interiors
10
-77907.5
20
-9257.5
30
0
11
-77907.5
21
-9222.5
31
0
0
LINE
8
interiors
10
-77872.5
20
-9257.5
30
0
11
-77872.5
21
-9222.5
31
0
0
LINE
8
interiors
10
-77907.5
20
-9257.5
30
0
11
-77872.5
21
-9257.5
31
0
0
LINE
8
interiors
10
-77907.5
20
-9222.5
30
0
11
-77872.5
21
-9222.5
31
0
0
LINE
8
interiors
10
-77907.5
20
-8877.5
30
0
11
-77907.5
21
-8842.5
31
0
0
LINE
8
interiors
10
-77872.5
20
-8877.5
30
0
11
-77872.5
21
-8842.5
31
0
0
LINE
8
interiors
10
-77907.5
20
-8877.5
30
0
11
-77872.5
21
-8877.5
31
0
0
LINE
8
interiors
10
-77907.5
20
-8842.5
30
0
11
-77872.5
21
-8842.5
31
0
0
LINE
8
interiors
10
-77527.5
20
-9257.5
30
0
11
-77527.5
21
-9222.5
31
0
0
LINE
8
interiors
10
-77492.5
20
-9257.5
30
0
11
-77492.5
21
-9222.5
31
0
0
LINE
8
interiors
10
-77527.5
20
-9257.5
30
0
11
-77492.5
21
-9257.5
31
0
0
LINE
8
interiors
10
-77527.5
20
-9222.5
30
0
11
-77492.5
21
-9222.5
31
0
0
LINE
8
interiors
10
-77527.5
20
-8877.5
30
0
11
-77527.5
21
-8842.5
31
0
0
LINE
8
interiors
10
-77492.5
20
-8877.5
30
0
11
-77492.5
21
-8842.5
31
0
0
LINE
8
interiors
10
-77527.5
20
-8877.5
30
0
11
-77492.5
21
-8877.5
31
0
0
LINE
8
interiors
10
-77527.5
20
-8842.5
30
0
11
-77492.5
21
-8842.5
31
0
0
LINE
8
interiors
10
-77940.0
20
-7190.0
30
0
11
-77940.0
21
-6710.0
31
0
0
LINE
8
interiors
10
-77460.0
20
-7190.0
30
0
11
-77460.0
21
-6710.0
31
0
0
LINE
8
interiors
10
-77940.0
20
-7190.0
30
0
11
-77460.0
21
-7190.0
31
0
0
LINE
8
interiors
10
-77940.0
20
-6710.0
30
0
11
-77460.0
21
-6710.0
31
0
0
LINE
8
interiors
10
-77940.0
20
-6772.5
30
0
11
-77940.0
21
-6707.5
31
0
0
LINE
8
interiors
10
-77460.0
20
-6772.5
30
0
11
-77460.0
21
-6707.5
31
0
0
LINE
8
interiors
10
-77940.0
20
-6772.5
30
0
11
-77460.0
21
-6772.5
31
0
0
LINE
8
interiors
10
-77940.0
20
-6707.5
30
0
11
-77460.0
21
-6707.5
31
0
0
LINE
8
interiors
10
-77907.5
20
-7157.5
30
0
11
-77907.5
21
-7122.5
31
0
0
LINE
8
interiors
10
-77872.5
20
-7157.5
30
0
11
-77872.5
21
-7122.5
31
0
0
LINE
8
interiors
10
-77907.5
20
-7157.5
30
0
11
-77872.5
21
-7157.5
31
0
0
LINE
8
interiors
10
-77907.5
20
-7122.5
30
0
11
-77872.5
21
-7122.5
31
0
0
LINE
8
interiors
10
-77907.5
20
-6777.5
30
0
11
-77907.5
21
-6742.5
31
0
0
LINE
8
interiors
10
-77872.5
20
-6777.5
30
0
11
-77872.5
21
-6742.5
31
0
0
LINE
8
interiors
10
-77907.5
20
-6777.5
30
0
11
-77872.5
21
-6777.5
31
0
0
LINE
8
interiors
10
-77907.5
20
-6742.5
30
0
11
-77872.5
21
-6742.5
31
0
0
LINE
8
interiors
10
-77527.5
20
-7157.5
30
0
11
-77527.5
21
-7122.5
31
0
0
LINE
8
interiors
10
-77492.5
20
-7157.5
30
0
11
-77492.5
21
-7122.5
31
0
0
LINE
8
interiors
10
-77527.5
20
-7157.5
30
0
11
-77492.5
21
-7157.5
31
0
0
LINE
8
interiors
10
-77527.5
20
-7122.5
30
0
11
-77492.5
21
-7122.5
31
0
0
LINE
8
interiors
10
-77527.5
20
-6777.5
30
0
11
-77527.5
21
-6742.5
31
0
0
LINE
8
interiors
10
-77492.5
20
-6777.5
30
0
11
-77492.5
21
-6742.5
31
0
0
LINE
8
interiors
10
-77527.5
20
-6777.5
30
0
11
-77492.5
21
-6777.5
31
0
0
LINE
8
interiors
10
-77527.5
20
-6742.5
30
0
11
-77492.5
21
-6742.5
31
0
0
LINE
8
interiors
10
-80050.0
20
-2280.0
30
0
11
-80050.0
21
-2220.0
31
0
0
LINE
8
interiors
10
-77950.0
20
-2280.0
30
0
11
-77950.0
21
-2220.0
31
0
0
LINE
8
interiors
10
-80050.0
20
-2280.0
30
0
11
-77950.0
21
-2280.0
31
0
0
LINE
8
interiors
10
-80050.0
20
-2220.0
30
0
11
-77950.0
21
-2220.0
31
0
0
LINE
8
interiors
10
-79030.0
20
-2285.0
30
0
11
-79030.0
21
-2215.0
31
0
0
LINE
8
interiors
10
-78970.0
20
-2285.0
30
0
11
-78970.0
21
-2215.0
31
0
0
LINE
8
interiors
10
-79030.0
20
-2285.0
30
0
11
-78970.0
21
-2285.0
31
0
0
LINE
8
interiors
10
-79030.0
20
-2215.0
30
0
11
-78970.0
21
-2215.0
31
0
0
LINE
8
interiors
10
-79150.0
20
-2360.0
30
0
11
-79150.0
21
-2140.0
31
0
0
LINE
8
interiors
10
-78850.0
20
-2360.0
30
0
11
-78850.0
21
-2140.0
31
0
0
LINE
8
interiors
10
-79150.0
20
-2360.0
30
0
11
-78850.0
21
-2360.0
31
0
0
LINE
8
interiors
10
-79150.0
20
-2140.0
30
0
11
-78850.0
21
-2140.0
31
0
0
LINE
8
electrical
10
-74725.0
20
-13925.0
30
0
11
-74725.0
21
-13675.0
31
0
0
LINE
8
electrical
10
-74175.0
20
-13925.0
30
0
11
-74175.0
21
-13675.0
31
0
0
LINE
8
electrical
10
-74725.0
20
-13925.0
30
0
11
-74175.0
21
-13925.0
31
0
0
LINE
8
electrical
10
-74725.0
20
-13675.0
30
0
11
-74175.0
21
-13675.0
31
0
0
LINE
8
electrical
10
-74685.0
20
-13952.5
30
0
11
-74685.0
21
-13917.5
31
0
0
LINE
8
electrical
10
-74215.0
20
-13952.5
30
0
11
-74215.0
21
-13917.5
31
0
0
LINE
8
electrical
10
-74685.0
20
-13952.5
30
0
11
-74215.0
21
-13952.5
31
0
0
LINE
8
electrical
10
-74685.0
20
-13917.5
30
0
11
-74215.0
21
-13917.5
31
0
0
LINE
8
electrical
10
-74637.5
20
-13990.0
30
0
11
-74637.5
21
-13950.0
31
0
0
LINE
8
electrical
10
-74537.5
20
-13990.0
30
0
11
-74537.5
21
-13950.0
31
0
0
LINE
8
electrical
10
-74637.5
20
-13990.0
30
0
11
-74537.5
21
-13990.0
31
0
0
LINE
8
electrical
10
-74637.5
20
-13950.0
30
0
11
-74537.5
21
-13950.0
31
0
0
LINE
8
electrical
10
-74500.0
20
-13990.0
30
0
11
-74500.0
21
-13950.0
31
0
0
LINE
8
electrical
10
-74400.0
20
-13990.0
30
0
11
-74400.0
21
-13950.0
31
0
0
LINE
8
electrical
10
-74500.0
20
-13990.0
30
0
11
-74400.0
21
-13990.0
31
0
0
LINE
8
electrical
10
-74500.0
20
-13950.0
30
0
11
-74400.0
21
-13950.0
31
0
0
LINE
8
electrical
10
-74362.5
20
-13990.0
30
0
11
-74362.5
21
-13950.0
31
0
0
LINE
8
electrical
10
-74262.5
20
-13990.0
30
0
11
-74262.5
21
-13950.0
31
0
0
LINE
8
electrical
10
-74362.5
20
-13990.0
30
0
11
-74262.5
21
-13990.0
31
0
0
LINE
8
electrical
10
-74362.5
20
-13950.0
30
0
11
-74262.5
21
-13950.0
31
0
0
LINE
8
electrical
10
-74587.5
20
-14005.0
30
0
11
-74564.12
21
-14005.0
31
0
0
LINE
8
electrical
10
-74564.12
20
-14005.0
30
0
11
-74610.88
21
-14005.0
31
0
0
LINE
8
electrical
10
-74610.88
20
-14005.0
30
0
11
-74587.5
21
-14005.0
31
0
0
LINE
8
electrical
10
-74587.5
20
-13980.0
30
0
11
-74587.5
21
-14005.0
31
0
0
LINE
8
electrical
10
-74587.5
20
-13980.0
30
0
11
-74564.12
21
-13980.0
31
0
0
LINE
8
electrical
10
-74564.12
20
-13980.0
30
0
11
-74610.88
21
-13980.0
31
0
0
LINE
8
electrical
10
-74610.88
20
-13980.0
30
0
11
-74587.5
21
-13980.0
31
0
0
LINE
8
electrical
10
-74450.0
20
-14005.0
30
0
11
-74426.62
21
-14005.0
31
0
0
LINE
8
electrical
10
-74426.62
20
-14005.0
30
0
11
-74473.38
21
-14005.0
31
0
0
LINE
8
electrical
10
-74473.38
20
-14005.0
30
0
11
-74450.0
21
-14005.0
31
0
0
LINE
8
electrical
10
-74450.0
20
-13980.0
30
0
11
-74450.0
21
-14005.0
31
0
0
LINE
8
electrical
10
-74450.0
20
-13980.0
30
0
11
-74426.62
21
-13980.0
31
0
0
LINE
8
electrical
10
-74426.62
20
-13980.0
30
0
11
-74473.38
21
-13980.0
31
0
0
LINE
8
electrical
10
-74473.38
20
-13980.0
30
0
11
-74450.0
21
-13980.0
31
0
0
LINE
8
electrical
10
-74312.5
20
-14005.0
30
0
11
-74289.12
21
-14005.0
31
0
0
LINE
8
electrical
10
-74289.12
20
-14005.0
30
0
11
-74335.88
21
-14005.0
31
0
0
LINE
8
electrical
10
-74335.88
20
-14005.0
30
0
11
-74312.5
21
-14005.0
31
0
0
LINE
8
electrical
10
-74312.5
20
-13980.0
30
0
11
-74312.5
21
-14005.0
31
0
0
LINE
8
electrical
10
-74312.5
20
-13980.0
30
0
11
-74289.12
21
-13980.0
31
0
0
LINE
8
electrical
10
-74289.12
20
-13980.0
30
0
11
-74335.88
21
-13980.0
31
0
0
LINE
8
electrical
10
-74335.88
20
-13980.0
30
0
11
-74312.5
21
-13980.0
31
0
0
LINE
8
electrical
10
-74450.0
20
-13800.0
30
0
11
-74434.41
21
-13800.0
31
0
0
LINE
8
electrical
10
-74434.41
20
-13800.0
30
0
11
-74465.59
21
-13800.0
31
0
0
LINE
8
electrical
10
-74465.59
20
-13800.0
30
0
11
-74450.0
21
-13800.0
31
0
0
LINE
8
electrical
10
-74450.0
20
-34800.0
30
0
11
-74450.0
21
-13800.0
31
0
0
LINE
8
electrical
10
-74450.0
20
-34800.0
30
0
11
-74434.41
21
-34800.0
31
0
0
LINE
8
electrical
10
-74434.41
20
-34800.0
30
0
11
-74465.59
21
-34800.0
31
0
0
LINE
8
electrical
10
-74465.59
20
-34800.0
30
0
11
-74450.0
21
-34800.0
31
0
0
LINE
8
electrical
10
-74468.0
20
-13800.0
30
0
11
-74441.0
21
-13784.41
31
0
0
LINE
8
electrical
10
-74441.0
20
-13784.41
30
0
11
-74441.0
21
-13815.59
31
0
0
LINE
8
electrical
10
-74441.0
20
-13815.59
30
0
11
-74468.0
21
-13800.0
31
0
0
LINE
8
electrical
10
-74450.0
20
-13800.0
30
0
11
-74430.56
21
-13800.0
31
0
0
LINE
8
electrical
10
-74430.56
20
-13800.0
30
0
11
-74450.0
21
-13800.0
31
0
0
LINE
8
lighting
10
-82920.0
20
-12400.0
30
0
11
-82920.0
21
-11760.0
31
0
0
LINE
8
lighting
10
-82280.0
20
-12400.0
30
0
11
-82280.0
21
-11760.0
31
0
0
LINE
8
lighting
10
-82920.0
20
-12400.0
30
0
11
-82280.0
21
-12400.0
31
0
0
LINE
8
lighting
10
-82920.0
20
-11760.0
30
0
11
-82280.0
21
-11760.0
31
0
0
LINE
8
lighting
10
-82880.0
20
-12360.0
30
0
11
-82880.0
21
-11800.0
31
0
0
LINE
8
lighting
10
-82320.0
20
-12360.0
30
0
11
-82320.0
21
-11800.0
31
0
0
LINE
8
lighting
10
-82880.0
20
-12360.0
30
0
11
-82320.0
21
-12360.0
31
0
0
LINE
8
lighting
10
-82880.0
20
-11800.0
30
0
11
-82320.0
21
-11800.0
31
0
0
LINE
8
lighting
10
-82846.0
20
-12350.0
30
0
11
-82846.0
21
-11810.0
31
0
0
LINE
8
lighting
10
-82834.0
20
-12350.0
30
0
11
-82834.0
21
-11810.0
31
0
0
LINE
8
lighting
10
-82846.0
20
-12350.0
30
0
11
-82834.0
21
-12350.0
31
0
0
LINE
8
lighting
10
-82846.0
20
-11810.0
30
0
11
-82834.0
21
-11810.0
31
0
0
LINE
8
lighting
10
-82766.0
20
-12350.0
30
0
11
-82766.0
21
-11810.0
31
0
0
LINE
8
lighting
10
-82754.0
20
-12350.0
30
0
11
-82754.0
21
-11810.0
31
0
0
LINE
8
lighting
10
-82766.0
20
-12350.0
30
0
11
-82754.0
21
-12350.0
31
0
0
LINE
8
lighting
10
-82766.0
20
-11810.0
30
0
11
-82754.0
21
-11810.0
31
0
0
LINE
8
lighting
10
-82686.0
20
-12350.0
30
0
11
-82686.0
21
-11810.0
31
0
0
LINE
8
lighting
10
-82674.0
20
-12350.0
30
0
11
-82674.0
21
-11810.0
31
0
0
LINE
8
lighting
10
-82686.0
20
-12350.0
30
0
11
-82674.0
21
-12350.0
31
0
0
LINE
8
lighting
10
-82686.0
20
-11810.0
30
0
11
-82674.0
21
-11810.0
31
0
0
LINE
8
lighting
10
-82606.0
20
-12350.0
30
0
11
-82606.0
21
-11810.0
31
0
0
LINE
8
lighting
10
-82594.0
20
-12350.0
30
0
11
-82594.0
21
-11810.0
31
0
0
LINE
8
lighting
10
-82606.0
20
-12350.0
30
0
11
-82594.0
21
-12350.0
31
0
0
LINE
8
lighting
10
-82606.0
20
-11810.0
30
0
11
-82594.0
21
-11810.0
31
0
0
LINE
8
lighting
10
-82526.0
20
-12350.0
30
0
11
-82526.0
21
-11810.0
31
0
0
LINE
8
lighting
10
-82514.0
20
-12350.0
30
0
11
-82514.0
21
-11810.0
31
0
0
LINE
8
lighting
10
-82526.0
20
-12350.0
30
0
11
-82514.0
21
-12350.0
31
0
0
LINE
8
lighting
10
-82526.0
20
-11810.0
30
0
11
-82514.0
21
-11810.0
31
0
0
LINE
8
lighting
10
-82446.0
20
-12350.0
30
0
11
-82446.0
21
-11810.0
31
0
0
LINE
8
lighting
10
-82434.0
20
-12350.0
30
0
11
-82434.0
21
-11810.0
31
0
0
LINE
8
lighting
10
-82446.0
20
-12350.0
30
0
11
-82434.0
21
-12350.0
31
0
0
LINE
8
lighting
10
-82446.0
20
-11810.0
30
0
11
-82434.0
21
-11810.0
31
0
0
LINE
8
lighting
10
-82366.0
20
-12350.0
30
0
11
-82366.0
21
-11810.0
31
0
0
LINE
8
lighting
10
-82354.0
20
-12350.0
30
0
11
-82354.0
21
-11810.0
31
0
0
LINE
8
lighting
10
-82366.0
20
-12350.0
30
0
11
-82354.0
21
-12350.0
31
0
0
LINE
8
lighting
10
-82366.0
20
-11810.0
30
0
11
-82354.0
21
-11810.0
31
0
0
LINE
8
lighting
10
-82591.0
20
-12080.0
30
0
11
-82604.5
21
-12072.21
31
0
0
LINE
8
lighting
10
-82604.5
20
-12072.21
30
0
11
-82604.5
21
-12087.79
31
0
0
LINE
8
lighting
10
-82604.5
20
-12087.79
30
0
11
-82591.0
21
-12080.0
31
0
0
LINE
8
lighting
10
-75720.0
20
-12400.0
30
0
11
-75720.0
21
-11760.0
31
0
0
LINE
8
lighting
10
-75080.0
20
-12400.0
30
0
11
-75080.0
21
-11760.0
31
0
0
LINE
8
lighting
10
-75720.0
20
-12400.0
30
0
11
-75080.0
21
-12400.0
31
0
0
LINE
8
lighting
10
-75720.0
20
-11760.0
30
0
11
-75080.0
21
-11760.0
31
0
0
LINE
8
lighting
10
-75680.0
20
-12360.0
30
0
11
-75680.0
21
-11800.0
31
0
0
LINE
8
lighting
10
-75120.0
20
-12360.0
30
0
11
-75120.0
21
-11800.0
31
0
0
LINE
8
lighting
10
-75680.0
20
-12360.0
30
0
11
-75120.0
21
-12360.0
31
0
0
LINE
8
lighting
10
-75680.0
20
-11800.0
30
0
11
-75120.0
21
-11800.0
31
0
0
LINE
8
lighting
10
-75646.0
20
-12350.0
30
0
11
-75646.0
21
-11810.0
31
0
0
LINE
8
lighting
10
-75634.0
20
-12350.0
30
0
11
-75634.0
21
-11810.0
31
0
0
LINE
8
lighting
10
-75646.0
20
-12350.0
30
0
11
-75634.0
21
-12350.0
31
0
0
LINE
8
lighting
10
-75646.0
20
-11810.0
30
0
11
-75634.0
21
-11810.0
31
0
0
LINE
8
lighting
10
-75566.0
20
-12350.0
30
0
11
-75566.0
21
-11810.0
31
0
0
LINE
8
lighting
10
-75554.0
20
-12350.0
30
0
11
-75554.0
21
-11810.0
31
0
0
LINE
8
lighting
10
-75566.0
20
-12350.0
30
0
11
-75554.0
21
-12350.0
31
0
0
LINE
8
lighting
10
-75566.0
20
-11810.0
30
0
11
-75554.0
21
-11810.0
31
0
0
LINE
8
lighting
10
-75486.0
20
-12350.0
30
0
11
-75486.0
21
-11810.0
31
0
0
LINE
8
lighting
10
-75474.0
20
-12350.0
30
0
11
-75474.0
21
-11810.0
31
0
0
LINE
8
lighting
10
-75486.0
20
-12350.0
30
0
11
-75474.0
21
-12350.0
31
0
0
LINE
8
lighting
10
-75486.0
20
-11810.0
30
0
11
-75474.0
21
-11810.0
31
0
0
LINE
8
lighting
10
-75406.0
20
-12350.0
30
0
11
-75406.0
21
-11810.0
31
0
0
LINE
8
lighting
10
-75394.0
20
-12350.0
30
0
11
-75394.0
21
-11810.0
31
0
0
LINE
8
lighting
10
-75406.0
20
-12350.0
30
0
11
-75394.0
21
-12350.0
31
0
0
LINE
8
lighting
10
-75406.0
20
-11810.0
30
0
11
-75394.0
21
-11810.0
31
0
0
LINE
8
lighting
10
-75326.0
20
-12350.0
30
0
11
-75326.0
21
-11810.0
31
0
0
LINE
8
lighting
10
-75314.0
20
-12350.0
30
0
11
-75314.0
21
-11810.0
31
0
0
LINE
8
lighting
10
-75326.0
20
-12350.0
30
0
11
-75314.0
21
-12350.0
31
0
0
LINE
8
lighting
10
-75326.0
20
-11810.0
30
0
11
-75314.0
21
-11810.0
31
0
0
LINE
8
lighting
10
-75246.0
20
-12350.0
30
0
11
-75246.0
21
-11810.0
31
0
0
LINE
8
lighting
10
-75234.0
20
-12350.0
30
0
11
-75234.0
21
-11810.0
31
0
0
LINE
8
lighting
10
-75246.0
20
-12350.0
30
0
11
-75234.0
21
-12350.0
31
0
0
LINE
8
lighting
10
-75246.0
20
-11810.0
30
0
11
-75234.0
21
-11810.0
31
0
0
LINE
8
lighting
10
-75166.0
20
-12350.0
30
0
11
-75166.0
21
-11810.0
31
0
0
LINE
8
lighting
10
-75154.0
20
-12350.0
30
0
11
-75154.0
21
-11810.0
31
0
0
LINE
8
lighting
10
-75166.0
20
-12350.0
30
0
11
-75154.0
21
-12350.0
31
0
0
LINE
8
lighting
10
-75166.0
20
-11810.0
30
0
11
-75154.0
21
-11810.0
31
0
0
LINE
8
lighting
10
-75391.0
20
-12080.0
30
0
11
-75404.5
21
-12072.21
31
0
0
LINE
8
lighting
10
-75404.5
20
-12072.21
30
0
11
-75404.5
21
-12087.79
31
0
0
LINE
8
lighting
10
-75404.5
20
-12087.79
30
0
11
-75391.0
21
-12080.0
31
0
0
LINE
8
lighting
10
-82920.0
20
-4240.0
30
0
11
-82920.0
21
-3600.0
31
0
0
LINE
8
lighting
10
-82280.0
20
-4240.0
30
0
11
-82280.0
21
-3600.0
31
0
0
LINE
8
lighting
10
-82920.0
20
-4240.0
30
0
11
-82280.0
21
-4240.0
31
0
0
LINE
8
lighting
10
-82920.0
20
-3600.0
30
0
11
-82280.0
21
-3600.0
31
0
0
LINE
8
lighting
10
-82880.0
20
-4200.0
30
0
11
-82880.0
21
-3640.0
31
0
0
LINE
8
lighting
10
-82320.0
20
-4200.0
30
0
11
-82320.0
21
-3640.0
31
0
0
LINE
8
lighting
10
-82880.0
20
-4200.0
30
0
11
-82320.0
21
-4200.0
31
0
0
LINE
8
lighting
10
-82880.0
20
-3640.0
30
0
11
-82320.0
21
-3640.0
31
0
0
LINE
8
lighting
10
-82846.0
20
-4190.0
30
0
11
-82846.0
21
-3650.0
31
0
0
LINE
8
lighting
10
-82834.0
20
-4190.0
30
0
11
-82834.0
21
-3650.0
31
0
0
LINE
8
lighting
10
-82846.0
20
-4190.0
30
0
11
-82834.0
21
-4190.0
31
0
0
LINE
8
lighting
10
-82846.0
20
-3650.0
30
0
11
-82834.0
21
-3650.0
31
0
0
LINE
8
lighting
10
-82766.0
20
-4190.0
30
0
11
-82766.0
21
-3650.0
31
0
0
LINE
8
lighting
10
-82754.0
20
-4190.0
30
0
11
-82754.0
21
-3650.0
31
0
0
LINE
8
lighting
10
-82766.0
20
-4190.0
30
0
11
-82754.0
21
-4190.0
31
0
0
LINE
8
lighting
10
-82766.0
20
-3650.0
30
0
11
-82754.0
21
-3650.0
31
0
0
LINE
8
lighting
10
-82686.0
20
-4190.0
30
0
11
-82686.0
21
-3650.0
31
0
0
LINE
8
lighting
10
-82674.0
20
-4190.0
30
0
11
-82674.0
21
-3650.0
31
0
0
LINE
8
lighting
10
-82686.0
20
-4190.0
30
0
11
-82674.0
21
-4190.0
31
0
0
LINE
8
lighting
10
-82686.0
20
-3650.0
30
0
11
-82674.0
21
-3650.0
31
0
0
LINE
8
lighting
10
-82606.0
20
-4190.0
30
0
11
-82606.0
21
-3650.0
31
0
0
LINE
8
lighting
10
-82594.0
20
-4190.0
30
0
11
-82594.0
21
-3650.0
31
0
0
LINE
8
lighting
10
-82606.0
20
-4190.0
30
0
11
-82594.0
21
-4190.0
31
0
0
LINE
8
lighting
10
-82606.0
20
-3650.0
30
0
11
-82594.0
21
-3650.0
31
0
0
LINE
8
lighting
10
-82526.0
20
-4190.0
30
0
11
-82526.0
21
-3650.0
31
0
0
LINE
8
lighting
10
-82514.0
20
-4190.0
30
0
11
-82514.0
21
-3650.0
31
0
0
LINE
8
lighting
10
-82526.0
20
-4190.0
30
0
11
-82514.0
21
-4190.0
31
0
0
LINE
8
lighting
10
-82526.0
20
-3650.0
30
0
11
-82514.0
21
-3650.0
31
0
0
LINE
8
lighting
10
-82446.0
20
-4190.0
30
0
11
-82446.0
21
-3650.0
31
0
0
LINE
8
lighting
10
-82434.0
20
-4190.0
30
0
11
-82434.0
21
-3650.0
31
0
0
LINE
8
lighting
10
-82446.0
20
-4190.0
30
0
11
-82434.0
21
-4190.0
31
0
0
LINE
8
lighting
10
-82446.0
20
-3650.0
30
0
11
-82434.0
21
-3650.0
31
0
0
LINE
8
lighting
10
-82366.0
20
-4190.0
30
0
11
-82366.0
21
-3650.0
31
0
0
LINE
8
lighting
10
-82354.0
20
-4190.0
30
0
11
-82354.0
21
-3650.0
31
0
0
LINE
8
lighting
10
-82366.0
20
-4190.0
30
0
11
-82354.0
21
-4190.0
31
0
0
LINE
8
lighting
10
-82366.0
20
-3650.0
30
0
11
-82354.0
21
-3650.0
31
0
0
LINE
8
lighting
10
-82591.0
20
-3920.0
30
0
11
-82604.5
21
-3912.21
31
0
0
LINE
8
lighting
10
-82604.5
20
-3912.21
30
0
11
-82604.5
21
-3927.79
31
0
0
LINE
8
lighting
10
-82604.5
20
-3927.79
30
0
11
-82591.0
21
-3920.0
31
0
0
LINE
8
lighting
10
-75720.0
20
-4240.0
30
0
11
-75720.0
21
-3600.0
31
0
0
LINE
8
lighting
10
-75080.0
20
-4240.0
30
0
11
-75080.0
21
-3600.0
31
0
0
LINE
8
lighting
10
-75720.0
20
-4240.0
30
0
11
-75080.0
21
-4240.0
31
0
0
LINE
8
lighting
10
-75720.0
20
-3600.0
30
0
11
-75080.0
21
-3600.0
31
0
0
LINE
8
lighting
10
-75680.0
20
-4200.0
30
0
11
-75680.0
21
-3640.0
31
0
0
LINE
8
lighting
10
-75120.0
20
-4200.0
30
0
11
-75120.0
21
-3640.0
31
0
0
LINE
8
lighting
10
-75680.0
20
-4200.0
30
0
11
-75120.0
21
-4200.0
31
0
0
LINE
8
lighting
10
-75680.0
20
-3640.0
30
0
11
-75120.0
21
-3640.0
31
0
0
LINE
8
lighting
10
-75646.0
20
-4190.0
30
0
11
-75646.0
21
-3650.0
31
0
0
LINE
8
lighting
10
-75634.0
20
-4190.0
30
0
11
-75634.0
21
-3650.0
31
0
0
LINE
8
lighting
10
-75646.0
20
-4190.0
30
0
11
-75634.0
21
-4190.0
31
0
0
LINE
8
lighting
10
-75646.0
20
-3650.0
30
0
11
-75634.0
21
-3650.0
31
0
0
LINE
8
lighting
10
-75566.0
20
-4190.0
30
0
11
-75566.0
21
-3650.0
31
0
0
LINE
8
lighting
10
-75554.0
20
-4190.0
30
0
11
-75554.0
21
-3650.0
31
0
0
LINE
8
lighting
10
-75566.0
20
-4190.0
30
0
11
-75554.0
21
-4190.0
31
0
0
LINE
8
lighting
10
-75566.0
20
-3650.0
30
0
11
-75554.0
21
-3650.0
31
0
0
LINE
8
lighting
10
-75486.0
20
-4190.0
30
0
11
-75486.0
21
-3650.0
31
0
0
LINE
8
lighting
10
-75474.0
20
-4190.0
30
0
11
-75474.0
21
-3650.0
31
0
0
LINE
8
lighting
10
-75486.0
20
-4190.0
30
0
11
-75474.0
21
-4190.0
31
0
0
LINE
8
lighting
10
-75486.0
20
-3650.0
30
0
11
-75474.0
21
-3650.0
31
0
0
LINE
8
lighting
10
-75406.0
20
-4190.0
30
0
11
-75406.0
21
-3650.0
31
0
0
LINE
8
lighting
10
-75394.0
20
-4190.0
30
0
11
-75394.0
21
-3650.0
31
0
0
LINE
8
lighting
10
-75406.0
20
-4190.0
30
0
11
-75394.0
21
-4190.0
31
0
0
LINE
8
lighting
10
-75406.0
20
-3650.0
30
0
11
-75394.0
21
-3650.0
31
0
0
LINE
8
lighting
10
-75326.0
20
-4190.0
30
0
11
-75326.0
21
-3650.0
31
0
0
LINE
8
lighting
10
-75314.0
20
-4190.0
30
0
11
-75314.0
21
-3650.0
31
0
0
LINE
8
lighting
10
-75326.0
20
-4190.0
30
0
11
-75314.0
21
-4190.0
31
0
0
LINE
8
lighting
10
-75326.0
20
-3650.0
30
0
11
-75314.0
21
-3650.0
31
0
0
LINE
8
lighting
10
-75246.0
20
-4190.0
30
0
11
-75246.0
21
-3650.0
31
0
0
LINE
8
lighting
10
-75234.0
20
-4190.0
30
0
11
-75234.0
21
-3650.0
31
0
0
LINE
8
lighting
10
-75246.0
20
-4190.0
30
0
11
-75234.0
21
-4190.0
31
0
0
LINE
8
lighting
10
-75246.0
20
-3650.0
30
0
11
-75234.0
21
-3650.0
31
0
0
LINE
8
lighting
10
-75166.0
20
-4190.0
30
0
11
-75166.0
21
-3650.0
31
0
0
LINE
8
lighting
10
-75154.0
20
-4190.0
30
0
11
-75154.0
21
-3650.0
31
0
0
LINE
8
lighting
10
-75166.0
20
-4190.0
30
0
11
-75154.0
21
-4190.0
31
0
0
LINE
8
lighting
10
-75166.0
20
-3650.0
30
0
11
-75154.0
21
-3650.0
31
0
0
LINE
8
lighting
10
-75391.0
20
-3920.0
30
0
11
-75404.5
21
-3912.21
31
0
0
LINE
8
lighting
10
-75404.5
20
-3912.21
30
0
11
-75404.5
21
-3927.79
31
0
0
LINE
8
lighting
10
-75404.5
20
-3927.79
30
0
11
-75391.0
21
-3920.0
31
0
0
LINE
8
electrical
10
-82600.0
20
-12320.0
30
0
11
-82600.0
21
-12327.79
31
0
0
LINE
8
electrical
10
-82600.0
20
-12327.79
30
0
11
-82600.0
21
-12312.21
31
0
0
LINE
8
electrical
10
-82600.0
20
-12312.21
30
0
11
-82600.0
21
-12320.0
31
0
0
LINE
8
electrical
10
-74450.0
20
-12320.0
30
0
11
-82600.0
21
-12320.0
31
0
0
LINE
8
electrical
10
-74450.0
20
-12320.0
30
0
11
-74450.0
21
-12327.79
31
0
0
LINE
8
electrical
10
-74450.0
20
-12327.79
30
0
11
-74450.0
21
-12312.21
31
0
0
LINE
8
electrical
10
-74450.0
20
-12312.21
30
0
11
-74450.0
21
-12320.0
31
0
0
LINE
8
electrical
10
-82600.0
20
-3920.0
30
0
11
-82592.21
21
-3920.0
31
0
0
LINE
8
electrical
10
-82592.21
20
-3920.0
30
0
11
-82607.79
21
-3920.0
31
0
0
LINE
8
electrical
10
-82607.79
20
-3920.0
30
0
11
-82600.0
21
-3920.0
31
0
0
LINE
8
electrical
10
-82600.0
20
-12320.0
30
0
11
-82600.0
21
-3920.0
31
0
0
LINE
8
electrical
10
-82600.0
20
-12320.0
30
0
11
-82592.21
21
-12320.0
31
0
0
LINE
8
electrical
10
-82592.21
20
-12320.0
30
0
11
-82607.79
21
-12320.0
31
0
0
LINE
8
electrical
10
-82607.79
20
-12320.0
30
0
11
-82600.0
21
-12320.0
31
0
0
LINE
8
electrical
10
-75400.0
20
-3920.0
30
0
11
-75392.21
21
-3920.0
31
0
0
LINE
8
electrical
10
-75392.21
20
-3920.0
30
0
11
-75407.79
21
-3920.0
31
0
0
LINE
8
electrical
10
-75407.79
20
-3920.0
30
0
11
-75400.0
21
-3920.0
31
0
0
LINE
8
electrical
10
-75400.0
20
-12320.0
30
0
11
-75400.0
21
-3920.0
31
0
0
LINE
8
electrical
10
-75400.0
20
-12320.0
30
0
11
-75392.21
21
-12320.0
31
0
0
LINE
8
electrical
10
-75392.21
20
-12320.0
30
0
11
-75407.79
21
-12320.0
31
0
0
LINE
8
electrical
10
-75407.79
20
-12320.0
30
0
11
-75400.0
21
-12320.0
31
0
0
LINE
8
electrical
10
-74437.0
20
-13800.0
30
0
11
-74456.5
21
-13788.74
31
0
0
LINE
8
electrical
10
-74456.5
20
-13788.74
30
0
11
-74456.5
21
-13811.26
31
0
0
LINE
8
electrical
10
-74456.5
20
-13811.26
30
0
11
-74437.0
21
-13800.0
31
0
0
LINE
8
electrical
10
-75489.4
20
-12312.48
30
0
11
-75505.3
21
-12323.76
31
0
0
LINE
8
electrical
10
-75505.3
20
-12323.76
30
0
11
-75505.3
21
-12323.76
31
0
0
LINE
8
electrical
10
-75505.3
20
-12323.76
30
0
11
-75489.4
21
-12312.48
31
0
0
LINE
8
electrical
10
-74439.4
20
-13792.48
30
0
11
-75489.4
21
-12312.48
31
0
0
LINE
8
electrical
10
-74439.4
20
-13792.48
30
0
11
-74455.3
21
-13803.76
31
0
0
LINE
8
electrical
10
-74455.3
20
-13803.76
30
0
11
-74455.3
21
-13803.76
31
0
0
LINE
8
electrical
10
-74455.3
20
-13803.76
30
0
11
-74439.4
21
-13792.48
31
0
0
LINE
8
electrical
10
-82500.0
20
-12320.0
30
0
11
-82500.0
21
-12331.26
31
0
0
LINE
8
electrical
10
-82500.0
20
-12331.26
30
0
11
-82500.0
21
-12308.74
31
0
0
LINE
8
electrical
10
-82500.0
20
-12308.74
30
0
11
-82500.0
21
-12320.0
31
0
0
LINE
8
electrical
10
-75500.0
20
-12320.0
30
0
11
-82500.0
21
-12320.0
31
0
0
LINE
8
electrical
10
-75500.0
20
-12320.0
30
0
11
-75500.0
21
-12331.26
31
0
0
LINE
8
electrical
10
-75500.0
20
-12331.26
30
0
11
-75500.0
21
-12308.74
31
0
0
LINE
8
electrical
10
-75500.0
20
-12308.74
30
0
11
-75500.0
21
-12320.0
31
0
0
LINE
8
electrical
10
-74450.0
20
-13800.0
30
0
11
-74435.96
21
-13800.0
31
0
0
LINE
8
electrical
10
-74435.96
20
-13800.0
30
0
11
-74450.0
21
-13800.0
31
0
0
LINE
8
electrical
10
-75500.0
20
-12320.0
30
0
11
-75485.96
21
-12320.0
31
0
0
LINE
8
electrical
10
-75485.96
20
-12320.0
30
0
11
-75500.0
21
-12320.0
31
0
0
LINE
8
electrical
10
-74437.0
20
-13800.0
30
0
11
-74456.5
21
-13788.74
31
0
0
LINE
8
electrical
10
-74456.5
20
-13788.74
30
0
11
-74456.5
21
-13811.26
31
0
0
LINE
8
electrical
10
-74456.5
20
-13811.26
30
0
11
-74437.0
21
-13800.0
31
0
0
LINE
8
electrical
10
-75489.13
20
-12192.87
30
0
11
-75505.43
21
-12203.57
31
0
0
LINE
8
electrical
10
-75505.43
20
-12203.57
30
0
11
-75505.43
21
-12203.57
31
0
0
LINE
8
electrical
10
-75505.43
20
-12203.57
30
0
11
-75489.13
21
-12192.87
31
0
0
LINE
8
electrical
10
-74439.13
20
-13792.87
30
0
11
-75489.13
21
-12192.87
31
0
0
LINE
8
electrical
10
-74439.13
20
-13792.87
30
0
11
-74455.43
21
-13803.57
31
0
0
LINE
8
electrical
10
-74455.43
20
-13803.57
30
0
11
-74455.43
21
-13803.57
31
0
0
LINE
8
electrical
10
-74455.43
20
-13803.57
30
0
11
-74439.13
21
-13792.87
31
0
0
LINE
8
electrical
10
-82500.0
20
-12200.0
30
0
11
-82500.0
21
-12211.26
31
0
0
LINE
8
electrical
10
-82500.0
20
-12211.26
30
0
11
-82500.0
21
-12188.74
31
0
0
LINE
8
electrical
10
-82500.0
20
-12188.74
30
0
11
-82500.0
21
-12200.0
31
0
0
LINE
8
electrical
10
-75500.0
20
-12200.0
30
0
11
-82500.0
21
-12200.0
31
0
0
LINE
8
electrical
10
-75500.0
20
-12200.0
30
0
11
-75500.0
21
-12211.26
31
0
0
LINE
8
electrical
10
-75500.0
20
-12211.26
30
0
11
-75500.0
21
-12188.74
31
0
0
LINE
8
electrical
10
-75500.0
20
-12188.74
30
0
11
-75500.0
21
-12200.0
31
0
0
LINE
8
electrical
10
-74450.0
20
-13800.0
30
0
11
-74435.96
21
-13800.0
31
0
0
LINE
8
electrical
10
-74435.96
20
-13800.0
30
0
11
-74450.0
21
-13800.0
31
0
0
LINE
8
electrical
10
-75500.0
20
-12200.0
30
0
11
-75485.96
21
-12200.0
31
0
0
LINE
8
electrical
10
-75485.96
20
-12200.0
30
0
11
-75500.0
21
-12200.0
31
0
0
LINE
8
electrical
10
-74437.0
20
-13800.0
30
0
11
-74456.5
21
-13788.74
31
0
0
LINE
8
electrical
10
-74456.5
20
-13788.74
30
0
11
-74456.5
21
-13811.26
31
0
0
LINE
8
electrical
10
-74456.5
20
-13811.26
30
0
11
-74437.0
21
-13800.0
31
0
0
LINE
8
electrical
10
-75488.9
20
-12073.23
30
0
11
-75505.55
21
-12083.39
31
0
0
LINE
8
electrical
10
-75505.55
20
-12083.39
30
0
11
-75505.55
21
-12083.39
31
0
0
LINE
8
electrical
10
-75505.55
20
-12083.39
30
0
11
-75488.9
21
-12073.23
31
0
0
LINE
8
electrical
10
-74438.9
20
-13793.23
30
0
11
-75488.9
21
-12073.23
31
0
0
LINE
8
electrical
10
-74438.9
20
-13793.23
30
0
11
-74455.55
21
-13803.39
31
0
0
LINE
8
electrical
10
-74455.55
20
-13803.39
30
0
11
-74455.55
21
-13803.39
31
0
0
LINE
8
electrical
10
-74455.55
20
-13803.39
30
0
11
-74438.9
21
-13793.23
31
0
0
LINE
8
electrical
10
-82500.0
20
-12080.0
30
0
11
-82500.0
21
-12091.26
31
0
0
LINE
8
electrical
10
-82500.0
20
-12091.26
30
0
11
-82500.0
21
-12068.74
31
0
0
LINE
8
electrical
10
-82500.0
20
-12068.74
30
0
11
-82500.0
21
-12080.0
31
0
0
LINE
8
electrical
10
-75500.0
20
-12080.0
30
0
11
-82500.0
21
-12080.0
31
0
0
LINE
8
electrical
10
-75500.0
20
-12080.0
30
0
11
-75500.0
21
-12091.26
31
0
0
LINE
8
electrical
10
-75500.0
20
-12091.26
30
0
11
-75500.0
21
-12068.74
31
0
0
LINE
8
electrical
10
-75500.0
20
-12068.74
30
0
11
-75500.0
21
-12080.0
31
0
0
LINE
8
electrical
10
-74450.0
20
-13800.0
30
0
11
-74435.96
21
-13800.0
31
0
0
LINE
8
electrical
10
-74435.96
20
-13800.0
30
0
11
-74450.0
21
-13800.0
31
0
0
LINE
8
electrical
10
-75500.0
20
-12080.0
30
0
11
-75485.96
21
-12080.0
31
0
0
LINE
8
electrical
10
-75485.96
20
-12080.0
30
0
11
-75500.0
21
-12080.0
31
0
0
LINE
8
electrical
10
-82065.0
20
-13850.0
30
0
11
-82065.0
21
-13790.0
31
0
0
LINE
8
electrical
10
-81935.0
20
-13850.0
30
0
11
-81935.0
21
-13790.0
31
0
0
LINE
8
electrical
10
-82065.0
20
-13850.0
30
0
11
-81935.0
21
-13850.0
31
0
0
LINE
8
electrical
10
-82065.0
20
-13790.0
30
0
11
-81935.0
21
-13790.0
31
0
0
LINE
8
electrical
10
-81991.0
20
-13820.0
30
0
11
-82004.5
21
-13812.21
31
0
0
LINE
8
electrical
10
-82004.5
20
-13812.21
30
0
11
-82004.5
21
-13827.79
31
0
0
LINE
8
electrical
10
-82004.5
20
-13827.79
30
0
11
-81991.0
21
-13820.0
31
0
0
LINE
8
electrical
10
-74450.0
20
-13820.0
30
0
11
-74450.0
21
-13827.79
31
0
0
LINE
8
electrical
10
-74450.0
20
-13827.79
30
0
11
-74450.0
21
-13812.21
31
0
0
LINE
8
electrical
10
-74450.0
20
-13812.21
30
0
11
-74450.0
21
-13820.0
31
0
0
LINE
8
electrical
10
-82000.0
20
-13820.0
30
0
11
-74450.0
21
-13820.0
31
0
0
LINE
8
electrical
10
-82000.0
20
-13820.0
30
0
11
-82000.0
21
-13827.79
31
0
0
LINE
8
electrical
10
-82000.0
20
-13827.79
30
0
11
-82000.0
21
-13812.21
31
0
0
LINE
8
electrical
10
-82000.0
20
-13812.21
30
0
11
-82000.0
21
-13820.0
31
0
0
LINE
8
electrical
10
-82000.0
20
-13820.0
30
0
11
-81990.28
21
-13820.0
31
0
0
LINE
8
electrical
10
-81990.28
20
-13820.0
30
0
11
-82000.0
21
-13820.0
31
0
0
LINE
8
electrical
10
-76065.0
20
-13850.0
30
0
11
-76065.0
21
-13790.0
31
0
0
LINE
8
electrical
10
-75935.0
20
-13850.0
30
0
11
-75935.0
21
-13790.0
31
0
0
LINE
8
electrical
10
-76065.0
20
-13850.0
30
0
11
-75935.0
21
-13850.0
31
0
0
LINE
8
electrical
10
-76065.0
20
-13790.0
30
0
11
-75935.0
21
-13790.0
31
0
0
LINE
8
electrical
10
-75991.0
20
-13820.0
30
0
11
-76004.5
21
-13812.21
31
0
0
LINE
8
electrical
10
-76004.5
20
-13812.21
30
0
11
-76004.5
21
-13827.79
31
0
0
LINE
8
electrical
10
-76004.5
20
-13827.79
30
0
11
-75991.0
21
-13820.0
31
0
0
LINE
8
electrical
10
-74450.0
20
-13820.0
30
0
11
-74450.0
21
-13827.79
31
0
0
LINE
8
electrical
10
-74450.0
20
-13827.79
30
0
11
-74450.0
21
-13812.21
31
0
0
LINE
8
electrical
10
-74450.0
20
-13812.21
30
0
11
-74450.0
21
-13820.0
31
0
0
LINE
8
electrical
10
-76000.0
20
-13820.0
30
0
11
-74450.0
21
-13820.0
31
0
0
LINE
8
electrical
10
-76000.0
20
-13820.0
30
0
11
-76000.0
21
-13827.79
31
0
0
LINE
8
electrical
10
-76000.0
20
-13827.79
30
0
11
-76000.0
21
-13812.21
31
0
0
LINE
8
electrical
10
-76000.0
20
-13812.21
30
0
11
-76000.0
21
-13820.0
31
0
0
LINE
8
electrical
10
-76000.0
20
-13820.0
30
0
11
-75990.28
21
-13820.0
31
0
0
LINE
8
electrical
10
-75990.28
20
-13820.0
30
0
11
-76000.0
21
-13820.0
31
0
0
LINE
8
hvac
10
-83525.0
20
-13275.0
30
0
11
-83525.0
21
-12525.0
31
0
0
LINE
8
hvac
10
-81875.0
20
-13275.0
30
0
11
-81875.0
21
-12525.0
31
0
0
LINE
8
hvac
10
-83525.0
20
-13275.0
30
0
11
-81875.0
21
-13275.0
31
0
0
LINE
8
hvac
10
-83525.0
20
-12525.0
30
0
11
-81875.0
21
-12525.0
31
0
0
LINE
8
hvac
10
-83425.0
20
-13320.0
30
0
11
-83425.0
21
-13280.0
31
0
0
LINE
8
hvac
10
-81975.0
20
-13320.0
30
0
11
-81975.0
21
-13280.0
31
0
0
LINE
8
hvac
10
-83425.0
20
-13320.0
30
0
11
-81975.0
21
-13320.0
31
0
0
LINE
8
hvac
10
-83425.0
20
-13280.0
30
0
11
-81975.0
21
-13280.0
31
0
0
LINE
8
hvac
10
-83360.0
20
-13360.0
30
0
11
-83360.0
21
-13300.0
31
0
0
LINE
8
hvac
10
-83320.0
20
-13360.0
30
0
11
-83320.0
21
-13300.0
31
0
0
LINE
8
hvac
10
-83360.0
20
-13360.0
30
0
11
-83320.0
21
-13360.0
31
0
0
LINE
8
hvac
10
-83360.0
20
-13300.0
30
0
11
-83320.0
21
-13300.0
31
0
0
LINE
8
hvac
10
-83200.0
20
-13360.0
30
0
11
-83200.0
21
-13300.0
31
0
0
LINE
8
hvac
10
-83160.0
20
-13360.0
30
0
11
-83160.0
21
-13300.0
31
0
0
LINE
8
hvac
10
-83200.0
20
-13360.0
30
0
11
-83160.0
21
-13360.0
31
0
0
LINE
8
hvac
10
-83200.0
20
-13300.0
30
0
11
-83160.0
21
-13300.0
31
0
0
LINE
8
hvac
10
-83040.0
20
-13360.0
30
0
11
-83040.0
21
-13300.0
31
0
0
LINE
8
hvac
10
-83000.0
20
-13360.0
30
0
11
-83000.0
21
-13300.0
31
0
0
LINE
8
hvac
10
-83040.0
20
-13360.0
30
0
11
-83000.0
21
-13360.0
31
0
0
LINE
8
hvac
10
-83040.0
20
-13300.0
30
0
11
-83000.0
21
-13300.0
31
0
0
LINE
8
hvac
10
-82880.0
20
-13360.0
30
0
11
-82880.0
21
-13300.0
31
0
0
LINE
8
hvac
10
-82840.0
20
-13360.0
30
0
11
-82840.0
21
-13300.0
31
0
0
LINE
8
hvac
10
-82880.0
20
-13360.0
30
0
11
-82840.0
21
-13360.0
31
0
0
LINE
8
hvac
10
-82880.0
20
-13300.0
30
0
11
-82840.0
21
-13300.0
31
0
0
LINE
8
hvac
10
-82720.0
20
-13360.0
30
0
11
-82720.0
21
-13300.0
31
0
0
LINE
8
hvac
10
-82680.0
20
-13360.0
30
0
11
-82680.0
21
-13300.0
31
0
0
LINE
8
hvac
10
-82720.0
20
-13360.0
30
0
11
-82680.0
21
-13360.0
31
0
0
LINE
8
hvac
10
-82720.0
20
-13300.0
30
0
11
-82680.0
21
-13300.0
31
0
0
LINE
8
hvac
10
-82560.0
20
-13360.0
30
0
11
-82560.0
21
-13300.0
31
0
0
LINE
8
hvac
10
-82520.0
20
-13360.0
30
0
11
-82520.0
21
-13300.0
31
0
0
LINE
8
hvac
10
-82560.0
20
-13360.0
30
0
11
-82520.0
21
-13360.0
31
0
0
LINE
8
hvac
10
-82560.0
20
-13300.0
30
0
11
-82520.0
21
-13300.0
31
0
0
LINE
8
hvac
10
-82400.0
20
-13360.0
30
0
11
-82400.0
21
-13300.0
31
0
0
LINE
8
hvac
10
-82360.0
20
-13360.0
30
0
11
-82360.0
21
-13300.0
31
0
0
LINE
8
hvac
10
-82400.0
20
-13360.0
30
0
11
-82360.0
21
-13360.0
31
0
0
LINE
8
hvac
10
-82400.0
20
-13300.0
30
0
11
-82360.0
21
-13300.0
31
0
0
LINE
8
hvac
10
-82240.0
20
-13360.0
30
0
11
-82240.0
21
-13300.0
31
0
0
LINE
8
hvac
10
-82200.0
20
-13360.0
30
0
11
-82200.0
21
-13300.0
31
0
0
LINE
8
hvac
10
-82240.0
20
-13360.0
30
0
11
-82200.0
21
-13360.0
31
0
0
LINE
8
hvac
10
-82240.0
20
-13300.0
30
0
11
-82200.0
21
-13300.0
31
0
0
LINE
8
hvac
10
-82080.0
20
-13360.0
30
0
11
-82080.0
21
-13300.0
31
0
0
LINE
8
hvac
10
-82040.0
20
-13360.0
30
0
11
-82040.0
21
-13300.0
31
0
0
LINE
8
hvac
10
-82080.0
20
-13360.0
30
0
11
-82040.0
21
-13360.0
31
0
0
LINE
8
hvac
10
-82080.0
20
-13300.0
30
0
11
-82040.0
21
-13300.0
31
0
0
LINE
8
hvac
10
-82925.0
20
-13125.0
30
0
11
-82925.0
21
-12675.0
31
0
0
LINE
8
hvac
10
-82475.0
20
-13125.0
30
0
11
-82475.0
21
-12675.0
31
0
0
LINE
8
hvac
10
-82925.0
20
-13125.0
30
0
11
-82475.0
21
-13125.0
31
0
0
LINE
8
hvac
10
-82925.0
20
-12675.0
30
0
11
-82475.0
21
-12675.0
31
0
0
LINE
8
hvac
10
-82500.0
20
-8175.0
30
0
11
-82500.0
21
-7825.0
31
0
0
LINE
8
hvac
10
-75500.0
20
-8175.0
30
0
11
-75500.0
21
-7825.0
31
0
0
LINE
8
hvac
10
-82500.0
20
-8175.0
30
0
11
-75500.0
21
-8175.0
31
0
0
LINE
8
hvac
10
-82500.0
20
-7825.0
30
0
11
-75500.0
21
-7825.0
31
0
0
LINE
8
hvac
10
-82875.0
20
-13075.0
30
0
11
-82875.0
21
-12725.0
31
0
0
LINE
8
hvac
10
-78825.0
20
-13075.0
30
0
11
-78825.0
21
-12725.0
31
0
0
LINE
8
hvac
10
-82875.0
20
-13075.0
30
0
11
-78825.0
21
-13075.0
31
0
0
LINE
8
hvac
10
-82875.0
20
-12725.0
30
0
11
-78825.0
21
-12725.0
31
0
0
LINE
8
hvac
10
-79175.0
20
-13075.0
30
0
11
-79175.0
21
-7825.0
31
0
0
LINE
8
hvac
10
-78825.0
20
-13075.0
30
0
11
-78825.0
21
-7825.0
31
0
0
LINE
8
hvac
10
-79175.0
20
-13075.0
30
0
11
-78825.0
21
-13075.0
31
0
0
LINE
8
hvac
10
-79175.0
20
-7825.0
30
0
11
-78825.0
21
-7825.0
31
0
0
LINE
8
hvac
10
-81350.0
20
-8350.0
30
0
11
-81350.0
21
-7650.0
31
0
0
LINE
8
hvac
10
-80650.0
20
-8350.0
30
0
11
-80650.0
21
-7650.0
31
0
0
LINE
8
hvac
10
-81350.0
20
-8350.0
30
0
11
-80650.0
21
-8350.0
31
0
0
LINE
8
hvac
10
-81350.0
20
-7650.0
30
0
11
-80650.0
21
-7650.0
31
0
0
LINE
8
hvac
10
-77350.0
20
-8350.0
30
0
11
-77350.0
21
-7650.0
31
0
0
LINE
8
hvac
10
-76650.0
20
-8350.0
30
0
11
-76650.0
21
-7650.0
31
0
0
LINE
8
hvac
10
-77350.0
20
-8350.0
30
0
11
-76650.0
21
-8350.0
31
0
0
LINE
8
hvac
10
-77350.0
20
-7650.0
30
0
11
-76650.0
21
-7650.0
31
0
0
LINE
8
sensors
10
-83960.0
20
-11440.0
30
0
11
-83960.0
21
-11280.0
31
0
0
LINE
8
sensors
10
-83860.0
20
-11440.0
30
0
11
-83860.0
21
-11280.0
31
0
0
LINE
8
sensors
10
-83960.0
20
-11440.0
30
0
11
-83860.0
21
-11440.0
31
0
0
LINE
8
sensors
10
-83960.0
20
-11280.0
30
0
11
-83860.0
21
-11280.0
31
0
0
LINE
8
sensors
10
-83855.0
20
-11415.0
30
0
11
-83855.0
21
-11305.0
31
0
0
LINE
8
sensors
10
-83835.0
20
-11415.0
30
0
11
-83835.0
21
-11305.0
31
0
0
LINE
8
sensors
10
-83855.0
20
-11415.0
30
0
11
-83835.0
21
-11415.0
31
0
0
LINE
8
sensors
10
-83855.0
20
-11305.0
30
0
11
-83835.0
21
-11305.0
31
0
0
LINE
8
sensors
10
-83960.0
20
-11140.0
30
0
11
-83960.0
21
-10980.0
31
0
0
LINE
8
sensors
10
-83860.0
20
-11140.0
30
0
11
-83860.0
21
-10980.0
31
0
0
LINE
8
sensors
10
-83960.0
20
-11140.0
30
0
11
-83860.0
21
-11140.0
31
0
0
LINE
8
sensors
10
-83960.0
20
-10980.0
30
0
11
-83860.0
21
-10980.0
31
0
0
LINE
8
sensors
10
-83855.0
20
-11115.0
30
0
11
-83855.0
21
-11005.0
31
0
0
LINE
8
sensors
10
-83835.0
20
-11115.0
30
0
11
-83835.0
21
-11005.0
31
0
0
LINE
8
sensors
10
-83855.0
20
-11115.0
30
0
11
-83835.0
21
-11115.0
31
0
0
LINE
8
sensors
10
-83855.0
20
-11005.0
30
0
11
-83835.0
21
-11005.0
31
0
0
LINE
8
sensors
10
-83960.0
20
-10840.0
30
0
11
-83960.0
21
-10680.0
31
0
0
LINE
8
sensors
10
-83860.0
20
-10840.0
30
0
11
-83860.0
21
-10680.0
31
0
0
LINE
8
sensors
10
-83960.0
20
-10840.0
30
0
11
-83860.0
21
-10840.0
31
0
0
LINE
8
sensors
10
-83960.0
20
-10680.0
30
0
11
-83860.0
21
-10680.0
31
0
0
LINE
8
sensors
10
-83855.0
20
-10815.0
30
0
11
-83855.0
21
-10705.0
31
0
0
LINE
8
sensors
10
-83835.0
20
-10815.0
30
0
11
-83835.0
21
-10705.0
31
0
0
LINE
8
sensors
10
-83855.0
20
-10815.0
30
0
11
-83835.0
21
-10815.0
31
0
0
LINE
8
sensors
10
-83855.0
20
-10705.0
30
0
11
-83835.0
21
-10705.0
31
0
0
LINE
8
sensors
10
-78920.0
20
-8000.0
30
0
11
-79000.0
21
-7920.0
31
0
0
LINE
8
sensors
10
-79000.0
20
-7920.0
30
0
11
-79080.0
21
-8000.0
31
0
0
LINE
8
sensors
10
-79080.0
20
-8000.0
30
0
11
-79000.0
21
-8080.0
31
0
0
LINE
8
sensors
10
-79000.0
20
-8080.0
30
0
11
-78920.0
21
-8000.0
31
0
0
LINE
8
sensors
10
-79000.0
20
-8000.0
30
0
11
-78935.0
21
-8000.0
31
0
0
LINE
8
sensors
10
-78935.0
20
-8000.0
30
0
11
-79000.0
21
-8000.0
31
0
0
LINE
8
sensors
10
-83960.0
20
-10240.0
30
0
11
-83960.0
21
-10080.0
31
0
0
LINE
8
sensors
10
-83860.0
20
-10240.0
30
0
11
-83860.0
21
-10080.0
31
0
0
LINE
8
sensors
10
-83960.0
20
-10240.0
30
0
11
-83860.0
21
-10240.0
31
0
0
LINE
8
sensors
10
-83960.0
20
-10080.0
30
0
11
-83860.0
21
-10080.0
31
0
0
LINE
8
sensors
10
-83855.0
20
-10215.0
30
0
11
-83855.0
21
-10105.0
31
0
0
LINE
8
sensors
10
-83835.0
20
-10215.0
30
0
11
-83835.0
21
-10105.0
31
0
0
LINE
8
sensors
10
-83855.0
20
-10215.0
30
0
11
-83835.0
21
-10215.0
31
0
0
LINE
8
sensors
10
-83855.0
20
-10105.0
30
0
11
-83835.0
21
-10105.0
31
0
0
LINE
8
interiors
10
56500.0
20
-14000.0
30
0
11
56500.0
21
-2000.0
31
0
0
LINE
8
interiors
10
56500.0
20
-14000.0
30
0
11
62800.0
21
-14000.0
31
0
0
LINE
8
interiors
10
62800.0
20
-14000.0
30
0
11
65200.0
21
-14000.0
31
0
0
LINE
8
interiors
10
65200.0
20
-14000.0
30
0
11
71500.0
21
-14000.0
31
0
0
LINE
8
interiors
10
56500.0
20
-14000.0
30
0
11
71500.0
21
-14000.0
31
0
0
LINE
8
interiors
10
56500.0
20
-2000.0
30
0
11
71500.0
21
-2000.0
31
0
0
LINE
8
interiors
10
71500.0
20
-14000.0
30
0
11
71500.0
21
-2000.0
31
0
0
LINE
8
interiors
10
71380.0
20
-13880.0
30
0
11
56620.0
21
-13880.0
31
0
0
LINE
8
interiors
10
71380.0
20
-13880.0
30
0
11
71380.0
21
-2120.0
31
0
0
LINE
8
interiors
10
71380.0
20
-2120.0
30
0
11
56620.0
21
-2120.0
31
0
0
LINE
8
interiors
10
56620.0
20
-13880.0
30
0
11
56620.0
21
-2120.0
31
0
0
LINE
8
interiors
10
60100.0
20
-2000.0
30
0
11
67900.0
21
-2000.0
31
0
0
LINE
8
interiors
10
65200.0
20
-14000.0
30
0
11
65200.0
21
-13880.0
31
0
0
LINE
8
interiors
10
71380.0
20
-13880.0
30
0
11
65200.0
21
-13880.0
31
0
0
LINE
8
interiors
10
62800.0
20
-13880.0
30
0
11
56620.0
21
-13880.0
31
0
0
LINE
8
interiors
10
62800.0
20
-14000.0
30
0
11
62800.0
21
-13880.0
31
0
0
LINE
8
interiors
10
62800.0
20
-13880.0
30
0
11
65200.0
21
-13880.0
31
0
0
LINE
8
interiors
10
60100.0
20
-2120.0
30
0
11
67900.0
21
-2120.0
31
0
0
LINE
8
interiors
10
60100.0
20
-2120.0
30
0
11
60100.0
21
-2000.0
31
0
0
LINE
8
interiors
10
67900.0
20
-2120.0
30
0
11
67900.0
21
-2000.0
31
0
0
LINE
8
interiors
10
60100.0
20
-2022.5
30
0
11
60100.0
21
-1977.5
31
0
0
LINE
8
interiors
10
67900.0
20
-2022.5
30
0
11
67900.0
21
-1977.5
31
0
0
LINE
8
interiors
10
60100.0
20
-2022.5
30
0
11
67900.0
21
-2022.5
31
0
0
LINE
8
interiors
10
60100.0
20
-1977.5
30
0
11
67900.0
21
-1977.5
31
0
0
LINE
8
interiors
10
56625.0
20
-13875.0
30
0
11
56625.0
21
-2125.0
31
0
0
LINE
8
interiors
10
71375.0
20
-13875.0
30
0
11
71375.0
21
-2125.0
31
0
0
LINE
8
interiors
10
56625.0
20
-13875.0
30
0
11
71375.0
21
-13875.0
31
0
0
LINE
8
interiors
10
56625.0
20
-2125.0
30
0
11
71375.0
21
-2125.0
31
0
0
LINE
8
interiors
10
62845.0
20
-14120.0
30
0
11
62845.0
21
-13880.0
31
0
0
LINE
8
interiors
10
62915.0
20
-14120.0
30
0
11
62915.0
21
-13880.0
31
0
0
LINE
8
interiors
10
62845.0
20
-14120.0
30
0
11
62915.0
21
-14120.0
31
0
0
LINE
8
interiors
10
62845.0
20
-13880.0
30
0
11
62915.0
21
-13880.0
31
0
0
LINE
8
interiors
10
65085.0
20
-14120.0
30
0
11
65085.0
21
-13880.0
31
0
0
LINE
8
interiors
10
65155.0
20
-14120.0
30
0
11
65155.0
21
-13880.0
31
0
0
LINE
8
interiors
10
65085.0
20
-14120.0
30
0
11
65155.0
21
-14120.0
31
0
0
LINE
8
interiors
10
65085.0
20
-13880.0
30
0
11
65155.0
21
-13880.0
31
0
0
LINE
8
interiors
10
62850.0
20
-14120.0
30
0
11
62850.0
21
-13880.0
31
0
0
LINE
8
interiors
10
65150.0
20
-14120.0
30
0
11
65150.0
21
-13880.0
31
0
0
LINE
8
interiors
10
62850.0
20
-14120.0
30
0
11
65150.0
21
-14120.0
31
0
0
LINE
8
interiors
10
62850.0
20
-13880.0
30
0
11
65150.0
21
-13880.0
31
0
0
LINE
8
interiors
10
62930.39
20
-13909.51
30
0
11
62889.61
21
-13890.49
31
0
0
LINE
8
interiors
10
63386.82
20
-12930.7
30
0
11
63346.04
21
-12911.68
31
0
0
LINE
8
interiors
10
62930.39
20
-13909.51
30
0
11
63386.82
21
-12930.7
31
0
0
LINE
8
interiors
10
62889.61
20
-13890.49
30
0
11
63346.04
21
-12911.68
31
0
0
LINE
8
interiors
10
59600.0
20
-10660.0
30
0
11
59600.0
21
-9660.0
31
0
0
LINE
8
interiors
10
62400.0
20
-10660.0
30
0
11
62400.0
21
-9660.0
31
0
0
LINE
8
interiors
10
59600.0
20
-10660.0
30
0
11
62400.0
21
-10660.0
31
0
0
LINE
8
interiors
10
59600.0
20
-9660.0
30
0
11
62400.0
21
-9660.0
31
0
0
LINE
8
interiors
10
59665.0
20
-10595.0
30
0
11
59665.0
21
-10525.0
31
0
0
LINE
8
interiors
10
59735.0
20
-10595.0
30
0
11
59735.0
21
-10525.0
31
0
0
LINE
8
interiors
10
59665.0
20
-10595.0
30
0
11
59735.0
21
-10595.0
31
0
0
LINE
8
interiors
10
59665.0
20
-10525.0
30
0
11
59735.0
21
-10525.0
31
0
0
LINE
8
interiors
10
59665.0
20
-9795.0
30
0
11
59665.0
21
-9725.0
31
0
0
LINE
8
interiors
10
59735.0
20
-9795.0
30
0
11
59735.0
21
-9725.0
31
0
0
LINE
8
interiors
10
59665.0
20
-9795.0
30
0
11
59735.0
21
-9795.0
31
0
0
LINE
8
interiors
10
59665.0
20
-9725.0
30
0
11
59735.0
21
-9725.0
31
0
0
LINE
8
interiors
10
62265.0
20
-10595.0
30
0
11
62265.0
21
-10525.0
31
0
0
LINE
8
interiors
10
62335.0
20
-10595.0
30
0
11
62335.0
21
-10525.0
31
0
0
LINE
8
interiors
10
62265.0
20
-10595.0
30
0
11
62335.0
21
-10595.0
31
0
0
LINE
8
interiors
10
62265.0
20
-10525.0
30
0
11
62335.0
21
-10525.0
31
0
0
LINE
8
interiors
10
62265.0
20
-9795.0
30
0
11
62265.0
21
-9725.0
31
0
0
LINE
8
interiors
10
62335.0
20
-9795.0
30
0
11
62335.0
21
-9725.0
31
0
0
LINE
8
interiors
10
62265.0
20
-9795.0
30
0
11
62335.0
21
-9795.0
31
0
0
LINE
8
interiors
10
62265.0
20
-9725.0
30
0
11
62335.0
21
-9725.0
31
0
0
LINE
8
interiors
10
59250.0
20
-5350.0
30
0
11
59250.0
21
-4650.0
31
0
0
LINE
8
interiors
10
61250.0
20
-5350.0
30
0
11
61250.0
21
-4650.0
31
0
0
LINE
8
interiors
10
59250.0
20
-5350.0
30
0
11
61250.0
21
-5350.0
31
0
0
LINE
8
interiors
10
59250.0
20
-4650.0
30
0
11
61250.0
21
-4650.0
31
0
0
LINE
8
interiors
10
59350.0
20
-5372.5
30
0
11
59350.0
21
-5347.5
31
0
0
LINE
8
interiors
10
61150.0
20
-5372.5
30
0
11
61150.0
21
-5347.5
31
0
0
LINE
8
interiors
10
59350.0
20
-5372.5
30
0
11
61150.0
21
-5372.5
31
0
0
LINE
8
interiors
10
59350.0
20
-5347.5
30
0
11
61150.0
21
-5347.5
31
0
0
LINE
8
electrical
10
70775.0
20
-13925.0
30
0
11
70775.0
21
-13675.0
31
0
0
LINE
8
electrical
10
71325.0
20
-13925.0
30
0
11
71325.0
21
-13675.0
31
0
0
LINE
8
electrical
10
70775.0
20
-13925.0
30
0
11
71325.0
21
-13925.0
31
0
0
LINE
8
electrical
10
70775.0
20
-13675.0
30
0
11
71325.0
21
-13675.0
31
0
0
LINE
8
electrical
10
70815.0
20
-13952.5
30
0
11
70815.0
21
-13917.5
31
0
0
LINE
8
electrical
10
71285.0
20
-13952.5
30
0
11
71285.0
21
-13917.5
31
0
0
LINE
8
electrical
10
70815.0
20
-13952.5
30
0
11
71285.0
21
-13952.5
31
0
0
LINE
8
electrical
10
70815.0
20
-13917.5
30
0
11
71285.0
21
-13917.5
31
0
0
LINE
8
electrical
10
70862.5
20
-13990.0
30
0
11
70862.5
21
-13950.0
31
0
0
LINE
8
electrical
10
70962.5
20
-13990.0
30
0
11
70962.5
21
-13950.0
31
0
0
LINE
8
electrical
10
70862.5
20
-13990.0
30
0
11
70962.5
21
-13990.0
31
0
0
LINE
8
electrical
10
70862.5
20
-13950.0
30
0
11
70962.5
21
-13950.0
31
0
0
LINE
8
electrical
10
71000.0
20
-13990.0
30
0
11
71000.0
21
-13950.0
31
0
0
LINE
8
electrical
10
71100.0
20
-13990.0
30
0
11
71100.0
21
-13950.0
31
0
0
LINE
8
electrical
10
71000.0
20
-13990.0
30
0
11
71100.0
21
-13990.0
31
0
0
LINE
8
electrical
10
71000.0
20
-13950.0
30
0
11
71100.0
21
-13950.0
31
0
0
LINE
8
electrical
10
71137.5
20
-13990.0
30
0
11
71137.5
21
-13950.0
31
0
0
LINE
8
electrical
10
71237.5
20
-13990.0
30
0
11
71237.5
21
-13950.0
31
0
0
LINE
8
electrical
10
71137.5
20
-13990.0
30
0
11
71237.5
21
-13990.0
31
0
0
LINE
8
electrical
10
71137.5
20
-13950.0
30
0
11
71237.5
21
-13950.0
31
0
0
LINE
8
electrical
10
70912.5
20
-14005.0
30
0
11
70935.88
21
-14005.0
31
0
0
LINE
8
electrical
10
70935.88
20
-14005.0
30
0
11
70889.12
21
-14005.0
31
0
0
LINE
8
electrical
10
70889.12
20
-14005.0
30
0
11
70912.5
21
-14005.0
31
0
0
LINE
8
electrical
10
70912.5
20
-13980.0
30
0
11
70912.5
21
-14005.0
31
0
0
LINE
8
electrical
10
70912.5
20
-13980.0
30
0
11
70935.88
21
-13980.0
31
0
0
LINE
8
electrical
10
70935.88
20
-13980.0
30
0
11
70889.12
21
-13980.0
31
0
0
LINE
8
electrical
10
70889.12
20
-13980.0
30
0
11
70912.5
21
-13980.0
31
0
0
LINE
8
electrical
10
71050.0
20
-14005.0
30
0
11
71073.38
21
-14005.0
31
0
0
LINE
8
electrical
10
71073.38
20
-14005.0
30
0
11
71026.62
21
-14005.0
31
0
0
LINE
8
electrical
10
71026.62
20
-14005.0
30
0
11
71050.0
21
-14005.0
31
0
0
LINE
8
electrical
10
71050.0
20
-13980.0
30
0
11
71050.0
21
-14005.0
31
0
0
LINE
8
electrical
10
71050.0
20
-13980.0
30
0
11
71073.38
21
-13980.0
31
0
0
LINE
8
electrical
10
71073.38
20
-13980.0
30
0
11
71026.62
21
-13980.0
31
0
0
LINE
8
electrical
10
71026.62
20
-13980.0
30
0
11
71050.0
21
-13980.0
31
0
0
LINE
8
electrical
10
71187.5
20
-14005.0
30
0
11
71210.88
21
-14005.0
31
0
0
LINE
8
electrical
10
71210.88
20
-14005.0
30
0
11
71164.12
21
-14005.0
31
0
0
LINE
8
electrical
10
71164.12
20
-14005.0
30
0
11
71187.5
21
-14005.0
31
0
0
LINE
8
electrical
10
71187.5
20
-13980.0
30
0
11
71187.5
21
-14005.0
31
0
0
LINE
8
electrical
10
71187.5
20
-13980.0
30
0
11
71210.88
21
-13980.0
31
0
0
LINE
8
electrical
10
71210.88
20
-13980.0
30
0
11
71164.12
21
-13980.0
31
0
0
LINE
8
electrical
10
71164.12
20
-13980.0
30
0
11
71187.5
21
-13980.0
31
0
0
LINE
8
electrical
10
71050.0
20
-13800.0
30
0
11
71065.59
21
-13800.0
31
0
0
LINE
8
electrical
10
71065.59
20
-13800.0
30
0
11
71034.41
21
-13800.0
31
0
0
LINE
8
electrical
10
71034.41
20
-13800.0
30
0
11
71050.0
21
-13800.0
31
0
0
LINE
8
electrical
10
71050.0
20
-34800.0
30
0
11
71050.0
21
-13800.0
31
0
0
LINE
8
electrical
10
71050.0
20
-34800.0
30
0
11
71065.59
21
-34800.0
31
0
0
LINE
8
electrical
10
71065.59
20
-34800.0
30
0
11
71034.41
21
-34800.0
31
0
0
LINE
8
electrical
10
71034.41
20
-34800.0
30
0
11
71050.0
21
-34800.0
31
0
0
LINE
8
electrical
10
71032.0
20
-13800.0
30
0
11
71059.0
21
-13784.41
31
0
0
LINE
8
electrical
10
71059.0
20
-13784.41
30
0
11
71059.0
21
-13815.59
31
0
0
LINE
8
electrical
10
71059.0
20
-13815.59
30
0
11
71032.0
21
-13800.0
31
0
0
LINE
8
electrical
10
71050.0
20
-13800.0
30
0
11
71069.44
21
-13800.0
31
0
0
LINE
8
electrical
10
71069.44
20
-13800.0
30
0
11
71050.0
21
-13800.0
31
0
0
LINE
8
lighting
10
58280.0
20
-12400.0
30
0
11
58280.0
21
-11760.0
31
0
0
LINE
8
lighting
10
58920.0
20
-12400.0
30
0
11
58920.0
21
-11760.0
31
0
0
LINE
8
lighting
10
58280.0
20
-12400.0
30
0
11
58920.0
21
-12400.0
31
0
0
LINE
8
lighting
10
58280.0
20
-11760.0
30
0
11
58920.0
21
-11760.0
31
0
0
LINE
8
lighting
10
58320.0
20
-12360.0
30
0
11
58320.0
21
-11800.0
31
0
0
LINE
8
lighting
10
58880.0
20
-12360.0
30
0
11
58880.0
21
-11800.0
31
0
0
LINE
8
lighting
10
58320.0
20
-12360.0
30
0
11
58880.0
21
-12360.0
31
0
0
LINE
8
lighting
10
58320.0
20
-11800.0
30
0
11
58880.0
21
-11800.0
31
0
0
LINE
8
lighting
10
58354.0
20
-12350.0
30
0
11
58354.0
21
-11810.0
31
0
0
LINE
8
lighting
10
58366.0
20
-12350.0
30
0
11
58366.0
21
-11810.0
31
0
0
LINE
8
lighting
10
58354.0
20
-12350.0
30
0
11
58366.0
21
-12350.0
31
0
0
LINE
8
lighting
10
58354.0
20
-11810.0
30
0
11
58366.0
21
-11810.0
31
0
0
LINE
8
lighting
10
58434.0
20
-12350.0
30
0
11
58434.0
21
-11810.0
31
0
0
LINE
8
lighting
10
58446.0
20
-12350.0
30
0
11
58446.0
21
-11810.0
31
0
0
LINE
8
lighting
10
58434.0
20
-12350.0
30
0
11
58446.0
21
-12350.0
31
0
0
LINE
8
lighting
10
58434.0
20
-11810.0
30
0
11
58446.0
21
-11810.0
31
0
0
LINE
8
lighting
10
58514.0
20
-12350.0
30
0
11
58514.0
21
-11810.0
31
0
0
LINE
8
lighting
10
58526.0
20
-12350.0
30
0
11
58526.0
21
-11810.0
31
0
0
LINE
8
lighting
10
58514.0
20
-12350.0
30
0
11
58526.0
21
-12350.0
31
0
0
LINE
8
lighting
10
58514.0
20
-11810.0
30
0
11
58526.0
21
-11810.0
31
0
0
LINE
8
lighting
10
58594.0
20
-12350.0
30
0
11
58594.0
21
-11810.0
31
0
0
LINE
8
lighting
10
58606.0
20
-12350.0
30
0
11
58606.0
21
-11810.0
31
0
0
LINE
8
lighting
10
58594.0
20
-12350.0
30
0
11
58606.0
21
-12350.0
31
0
0
LINE
8
lighting
10
58594.0
20
-11810.0
30
0
11
58606.0
21
-11810.0
31
0
0
LINE
8
lighting
10
58674.0
20
-12350.0
30
0
11
58674.0
21
-11810.0
31
0
0
LINE
8
lighting
10
58686.0
20
-12350.0
30
0
11
58686.0
21
-11810.0
31
0
0
LINE
8
lighting
10
58674.0
20
-12350.0
30
0
11
58686.0
21
-12350.0
31
0
0
LINE
8
lighting
10
58674.0
20
-11810.0
30
0
11
58686.0
21
-11810.0
31
0
0
LINE
8
lighting
10
58754.0
20
-12350.0
30
0
11
58754.0
21
-11810.0
31
0
0
LINE
8
lighting
10
58766.0
20
-12350.0
30
0
11
58766.0
21
-11810.0
31
0
0
LINE
8
lighting
10
58754.0
20
-12350.0
30
0
11
58766.0
21
-12350.0
31
0
0
LINE
8
lighting
10
58754.0
20
-11810.0
30
0
11
58766.0
21
-11810.0
31
0
0
LINE
8
lighting
10
58834.0
20
-12350.0
30
0
11
58834.0
21
-11810.0
31
0
0
LINE
8
lighting
10
58846.0
20
-12350.0
30
0
11
58846.0
21
-11810.0
31
0
0
LINE
8
lighting
10
58834.0
20
-12350.0
30
0
11
58846.0
21
-12350.0
31
0
0
LINE
8
lighting
10
58834.0
20
-11810.0
30
0
11
58846.0
21
-11810.0
31
0
0
LINE
8
lighting
10
58609.0
20
-12080.0
30
0
11
58595.5
21
-12072.21
31
0
0
LINE
8
lighting
10
58595.5
20
-12072.21
30
0
11
58595.5
21
-12087.79
31
0
0
LINE
8
lighting
10
58595.5
20
-12087.79
30
0
11
58609.0
21
-12080.0
31
0
0
LINE
8
lighting
10
69080.0
20
-12400.0
30
0
11
69080.0
21
-11760.0
31
0
0
LINE
8
lighting
10
69720.0
20
-12400.0
30
0
11
69720.0
21
-11760.0
31
0
0
LINE
8
lighting
10
69080.0
20
-12400.0
30
0
11
69720.0
21
-12400.0
31
0
0
LINE
8
lighting
10
69080.0
20
-11760.0
30
0
11
69720.0
21
-11760.0
31
0
0
LINE
8
lighting
10
69120.0
20
-12360.0
30
0
11
69120.0
21
-11800.0
31
0
0
LINE
8
lighting
10
69680.0
20
-12360.0
30
0
11
69680.0
21
-11800.0
31
0
0
LINE
8
lighting
10
69120.0
20
-12360.0
30
0
11
69680.0
21
-12360.0
31
0
0
LINE
8
lighting
10
69120.0
20
-11800.0
30
0
11
69680.0
21
-11800.0
31
0
0
LINE
8
lighting
10
69154.0
20
-12350.0
30
0
11
69154.0
21
-11810.0
31
0
0
LINE
8
lighting
10
69166.0
20
-12350.0
30
0
11
69166.0
21
-11810.0
31
0
0
LINE
8
lighting
10
69154.0
20
-12350.0
30
0
11
69166.0
21
-12350.0
31
0
0
LINE
8
lighting
10
69154.0
20
-11810.0
30
0
11
69166.0
21
-11810.0
31
0
0
LINE
8
lighting
10
69234.0
20
-12350.0
30
0
11
69234.0
21
-11810.0
31
0
0
LINE
8
lighting
10
69246.0
20
-12350.0
30
0
11
69246.0
21
-11810.0
31
0
0
LINE
8
lighting
10
69234.0
20
-12350.0
30
0
11
69246.0
21
-12350.0
31
0
0
LINE
8
lighting
10
69234.0
20
-11810.0
30
0
11
69246.0
21
-11810.0
31
0
0
LINE
8
lighting
10
69314.0
20
-12350.0
30
0
11
69314.0
21
-11810.0
31
0
0
LINE
8
lighting
10
69326.0
20
-12350.0
30
0
11
69326.0
21
-11810.0
31
0
0
LINE
8
lighting
10
69314.0
20
-12350.0
30
0
11
69326.0
21
-12350.0
31
0
0
LINE
8
lighting
10
69314.0
20
-11810.0
30
0
11
69326.0
21
-11810.0
31
0
0
LINE
8
lighting
10
69394.0
20
-12350.0
30
0
11
69394.0
21
-11810.0
31
0
0
LINE
8
lighting
10
69406.0
20
-12350.0
30
0
11
69406.0
21
-11810.0
31
0
0
LINE
8
lighting
10
69394.0
20
-12350.0
30
0
11
69406.0
21
-12350.0
31
0
0
LINE
8
lighting
10
69394.0
20
-11810.0
30
0
11
69406.0
21
-11810.0
31
0
0
LINE
8
lighting
10
69474.0
20
-12350.0
30
0
11
69474.0
21
-11810.0
31
0
0
LINE
8
lighting
10
69486.0
20
-12350.0
30
0
11
69486.0
21
-11810.0
31
0
0
LINE
8
lighting
10
69474.0
20
-12350.0
30
0
11
69486.0
21
-12350.0
31
0
0
LINE
8
lighting
10
69474.0
20
-11810.0
30
0
11
69486.0
21
-11810.0
31
0
0
LINE
8
lighting
10
69554.0
20
-12350.0
30
0
11
69554.0
21
-11810.0
31
0
0
LINE
8
lighting
10
69566.0
20
-12350.0
30
0
11
69566.0
21
-11810.0
31
0
0
LINE
8
lighting
10
69554.0
20
-12350.0
30
0
11
69566.0
21
-12350.0
31
0
0
LINE
8
lighting
10
69554.0
20
-11810.0
30
0
11
69566.0
21
-11810.0
31
0
0
LINE
8
lighting
10
69634.0
20
-12350.0
30
0
11
69634.0
21
-11810.0
31
0
0
LINE
8
lighting
10
69646.0
20
-12350.0
30
0
11
69646.0
21
-11810.0
31
0
0
LINE
8
lighting
10
69634.0
20
-12350.0
30
0
11
69646.0
21
-12350.0
31
0
0
LINE
8
lighting
10
69634.0
20
-11810.0
30
0
11
69646.0
21
-11810.0
31
0
0
LINE
8
lighting
10
69409.0
20
-12080.0
30
0
11
69395.5
21
-12072.21
31
0
0
LINE
8
lighting
10
69395.5
20
-12072.21
30
0
11
69395.5
21
-12087.79
31
0
0
LINE
8
lighting
10
69395.5
20
-12087.79
30
0
11
69409.0
21
-12080.0
31
0
0
LINE
8
lighting
10
58280.0
20
-4240.0
30
0
11
58280.0
21
-3600.0
31
0
0
LINE
8
lighting
10
58920.0
20
-4240.0
30
0
11
58920.0
21
-3600.0
31
0
0
LINE
8
lighting
10
58280.0
20
-4240.0
30
0
11
58920.0
21
-4240.0
31
0
0
LINE
8
lighting
10
58280.0
20
-3600.0
30
0
11
58920.0
21
-3600.0
31
0
0
LINE
8
lighting
10
58320.0
20
-4200.0
30
0
11
58320.0
21
-3640.0
31
0
0
LINE
8
lighting
10
58880.0
20
-4200.0
30
0
11
58880.0
21
-3640.0
31
0
0
LINE
8
lighting
10
58320.0
20
-4200.0
30
0
11
58880.0
21
-4200.0
31
0
0
LINE
8
lighting
10
58320.0
20
-3640.0
30
0
11
58880.0
21
-3640.0
31
0
0
LINE
8
lighting
10
58354.0
20
-4190.0
30
0
11
58354.0
21
-3650.0
31
0
0
LINE
8
lighting
10
58366.0
20
-4190.0
30
0
11
58366.0
21
-3650.0
31
0
0
LINE
8
lighting
10
58354.0
20
-4190.0
30
0
11
58366.0
21
-4190.0
31
0
0
LINE
8
lighting
10
58354.0
20
-3650.0
30
0
11
58366.0
21
-3650.0
31
0
0
LINE
8
lighting
10
58434.0
20
-4190.0
30
0
11
58434.0
21
-3650.0
31
0
0
LINE
8
lighting
10
58446.0
20
-4190.0
30
0
11
58446.0
21
-3650.0
31
0
0
LINE
8
lighting
10
58434.0
20
-4190.0
30
0
11
58446.0
21
-4190.0
31
0
0
LINE
8
lighting
10
58434.0
20
-3650.0
30
0
11
58446.0
21
-3650.0
31
0
0
LINE
8
lighting
10
58514.0
20
-4190.0
30
0
11
58514.0
21
-3650.0
31
0
0
LINE
8
lighting
10
58526.0
20
-4190.0
30
0
11
58526.0
21
-3650.0
31
0
0
LINE
8
lighting
10
58514.0
20
-4190.0
30
0
11
58526.0
21
-4190.0
31
0
0
LINE
8
lighting
10
58514.0
20
-3650.0
30
0
11
58526.0
21
-3650.0
31
0
0
LINE
8
lighting
10
58594.0
20
-4190.0
30
0
11
58594.0
21
-3650.0
31
0
0
LINE
8
lighting
10
58606.0
20
-4190.0
30
0
11
58606.0
21
-3650.0
31
0
0
LINE
8
lighting
10
58594.0
20
-4190.0
30
0
11
58606.0
21
-4190.0
31
0
0
LINE
8
lighting
10
58594.0
20
-3650.0
30
0
11
58606.0
21
-3650.0
31
0
0
LINE
8
lighting
10
58674.0
20
-4190.0
30
0
11
58674.0
21
-3650.0
31
0
0
LINE
8
lighting
10
58686.0
20
-4190.0
30
0
11
58686.0
21
-3650.0
31
0
0
LINE
8
lighting
10
58674.0
20
-4190.0
30
0
11
58686.0
21
-4190.0
31
0
0
LINE
8
lighting
10
58674.0
20
-3650.0
30
0
11
58686.0
21
-3650.0
31
0
0
LINE
8
lighting
10
58754.0
20
-4190.0
30
0
11
58754.0
21
-3650.0
31
0
0
LINE
8
lighting
10
58766.0
20
-4190.0
30
0
11
58766.0
21
-3650.0
31
0
0
LINE
8
lighting
10
58754.0
20
-4190.0
30
0
11
58766.0
21
-4190.0
31
0
0
LINE
8
lighting
10
58754.0
20
-3650.0
30
0
11
58766.0
21
-3650.0
31
0
0
LINE
8
lighting
10
58834.0
20
-4190.0
30
0
11
58834.0
21
-3650.0
31
0
0
LINE
8
lighting
10
58846.0
20
-4190.0
30
0
11
58846.0
21
-3650.0
31
0
0
LINE
8
lighting
10
58834.0
20
-4190.0
30
0
11
58846.0
21
-4190.0
31
0
0
LINE
8
lighting
10
58834.0
20
-3650.0
30
0
11
58846.0
21
-3650.0
31
0
0
LINE
8
lighting
10
58609.0
20
-3920.0
30
0
11
58595.5
21
-3912.21
31
0
0
LINE
8
lighting
10
58595.5
20
-3912.21
30
0
11
58595.5
21
-3927.79
31
0
0
LINE
8
lighting
10
58595.5
20
-3927.79
30
0
11
58609.0
21
-3920.0
31
0
0
LINE
8
lighting
10
69080.0
20
-4240.0
30
0
11
69080.0
21
-3600.0
31
0
0
LINE
8
lighting
10
69720.0
20
-4240.0
30
0
11
69720.0
21
-3600.0
31
0
0
LINE
8
lighting
10
69080.0
20
-4240.0
30
0
11
69720.0
21
-4240.0
31
0
0
LINE
8
lighting
10
69080.0
20
-3600.0
30
0
11
69720.0
21
-3600.0
31
0
0
LINE
8
lighting
10
69120.0
20
-4200.0
30
0
11
69120.0
21
-3640.0
31
0
0
LINE
8
lighting
10
69680.0
20
-4200.0
30
0
11
69680.0
21
-3640.0
31
0
0
LINE
8
lighting
10
69120.0
20
-4200.0
30
0
11
69680.0
21
-4200.0
31
0
0
LINE
8
lighting
10
69120.0
20
-3640.0
30
0
11
69680.0
21
-3640.0
31
0
0
LINE
8
lighting
10
69154.0
20
-4190.0
30
0
11
69154.0
21
-3650.0
31
0
0
LINE
8
lighting
10
69166.0
20
-4190.0
30
0
11
69166.0
21
-3650.0
31
0
0
LINE
8
lighting
10
69154.0
20
-4190.0
30
0
11
69166.0
21
-4190.0
31
0
0
LINE
8
lighting
10
69154.0
20
-3650.0
30
0
11
69166.0
21
-3650.0
31
0
0
LINE
8
lighting
10
69234.0
20
-4190.0
30
0
11
69234.0
21
-3650.0
31
0
0
LINE
8
lighting
10
69246.0
20
-4190.0
30
0
11
69246.0
21
-3650.0
31
0
0
LINE
8
lighting
10
69234.0
20
-4190.0
30
0
11
69246.0
21
-4190.0
31
0
0
LINE
8
lighting
10
69234.0
20
-3650.0
30
0
11
69246.0
21
-3650.0
31
0
0
LINE
8
lighting
10
69314.0
20
-4190.0
30
0
11
69314.0
21
-3650.0
31
0
0
LINE
8
lighting
10
69326.0
20
-4190.0
30
0
11
69326.0
21
-3650.0
31
0
0
LINE
8
lighting
10
69314.0
20
-4190.0
30
0
11
69326.0
21
-4190.0
31
0
0
LINE
8
lighting
10
69314.0
20
-3650.0
30
0
11
69326.0
21
-3650.0
31
0
0
LINE
8
lighting
10
69394.0
20
-4190.0
30
0
11
69394.0
21
-3650.0
31
0
0
LINE
8
lighting
10
69406.0
20
-4190.0
30
0
11
69406.0
21
-3650.0
31
0
0
LINE
8
lighting
10
69394.0
20
-4190.0
30
0
11
69406.0
21
-4190.0
31
0
0
LINE
8
lighting
10
69394.0
20
-3650.0
30
0
11
69406.0
21
-3650.0
31
0
0
LINE
8
lighting
10
69474.0
20
-4190.0
30
0
11
69474.0
21
-3650.0
31
0
0
LINE
8
lighting
10
69486.0
20
-4190.0
30
0
11
69486.0
21
-3650.0
31
0
0
LINE
8
lighting
10
69474.0
20
-4190.0
30
0
11
69486.0
21
-4190.0
31
0
0
LINE
8
lighting
10
69474.0
20
-3650.0
30
0
11
69486.0
21
-3650.0
31
0
0
LINE
8
lighting
10
69554.0
20
-4190.0
30
0
11
69554.0
21
-3650.0
31
0
0
LINE
8
lighting
10
69566.0
20
-4190.0
30
0
11
69566.0
21
-3650.0
31
0
0
LINE
8
lighting
10
69554.0
20
-4190.0
30
0
11
69566.0
21
-4190.0
31
0
0
LINE
8
lighting
10
69554.0
20
-3650.0
30
0
11
69566.0
21
-3650.0
31
0
0
LINE
8
lighting
10
69634.0
20
-4190.0
30
0
11
69634.0
21
-3650.0
31
0
0
LINE
8
lighting
10
69646.0
20
-4190.0
30
0
11
69646.0
21
-3650.0
31
0
0
LINE
8
lighting
10
69634.0
20
-4190.0
30
0
11
69646.0
21
-4190.0
31
0
0
LINE
8
lighting
10
69634.0
20
-3650.0
30
0
11
69646.0
21
-3650.0
31
0
0
LINE
8
lighting
10
69409.0
20
-3920.0
30
0
11
69395.5
21
-3912.21
31
0
0
LINE
8
lighting
10
69395.5
20
-3912.21
30
0
11
69395.5
21
-3927.79
31
0
0
LINE
8
lighting
10
69395.5
20
-3927.79
30
0
11
69409.0
21
-3920.0
31
0
0
LINE
8
electrical
10
58600.0
20
-12320.0
30
0
11
58600.0
21
-12327.79
31
0
0
LINE
8
electrical
10
58600.0
20
-12327.79
30
0
11
58600.0
21
-12312.21
31
0
0
LINE
8
electrical
10
58600.0
20
-12312.21
30
0
11
58600.0
21
-12320.0
31
0
0
LINE
8
electrical
10
71050.0
20
-12320.0
30
0
11
58600.0
21
-12320.0
31
0
0
LINE
8
electrical
10
71050.0
20
-12320.0
30
0
11
71050.0
21
-12327.79
31
0
0
LINE
8
electrical
10
71050.0
20
-12327.79
30
0
11
71050.0
21
-12312.21
31
0
0
LINE
8
electrical
10
71050.0
20
-12312.21
30
0
11
71050.0
21
-12320.0
31
0
0
LINE
8
electrical
10
58600.0
20
-3920.0
30
0
11
58607.79
21
-3920.0
31
0
0
LINE
8
electrical
10
58607.79
20
-3920.0
30
0
11
58592.21
21
-3920.0
31
0
0
LINE
8
electrical
10
58592.21
20
-3920.0
30
0
11
58600.0
21
-3920.0
31
0
0
LINE
8
electrical
10
58600.0
20
-12320.0
30
0
11
58600.0
21
-3920.0
31
0
0
LINE
8
electrical
10
58600.0
20
-12320.0
30
0
11
58607.79
21
-12320.0
31
0
0
LINE
8
electrical
10
58607.79
20
-12320.0
30
0
11
58592.21
21
-12320.0
31
0
0
LINE
8
electrical
10
58592.21
20
-12320.0
30
0
11
58600.0
21
-12320.0
31
0
0
LINE
8
electrical
10
69400.0
20
-3920.0
30
0
11
69407.79
21
-3920.0
31
0
0
LINE
8
electrical
10
69407.79
20
-3920.0
30
0
11
69392.21
21
-3920.0
31
0
0
LINE
8
electrical
10
69392.21
20
-3920.0
30
0
11
69400.0
21
-3920.0
31
0
0
LINE
8
electrical
10
69400.0
20
-12320.0
30
0
11
69400.0
21
-3920.0
31
0
0
LINE
8
electrical
10
69400.0
20
-12320.0
30
0
11
69407.79
21
-12320.0
31
0
0
LINE
8
electrical
10
69407.79
20
-12320.0
30
0
11
69392.21
21
-12320.0
31
0
0
LINE
8
electrical
10
69392.21
20
-12320.0
30
0
11
69400.0
21
-12320.0
31
0
0
LINE
8
electrical
10
71063.0
20
-13800.0
30
0
11
71043.5
21
-13788.74
31
0
0
LINE
8
electrical
10
71043.5
20
-13788.74
30
0
11
71043.5
21
-13811.26
31
0
0
LINE
8
electrical
10
71043.5
20
-13811.26
30
0
11
71063.0
21
-13800.0
31
0
0
LINE
8
electrical
10
69241.74
20
-12330.04
30
0
11
69254.13
21
-12314.98
31
0
0
LINE
8
electrical
10
69254.13
20
-12314.98
30
0
11
69254.13
21
-12314.98
31
0
0
LINE
8
electrical
10
69254.13
20
-12314.98
30
0
11
69241.74
21
-12330.04
31
0
0
LINE
8
electrical
10
71041.74
20
-13810.04
30
0
11
69241.74
21
-12330.04
31
0
0
LINE
8
electrical
10
71041.74
20
-13810.04
30
0
11
71054.13
21
-13794.98
31
0
0
LINE
8
electrical
10
71054.13
20
-13794.98
30
0
11
71054.13
21
-13794.98
31
0
0
LINE
8
electrical
10
71054.13
20
-13794.98
30
0
11
71041.74
21
-13810.04
31
0
0
LINE
8
electrical
10
58750.0
20
-12320.0
30
0
11
58750.0
21
-12331.26
31
0
0
LINE
8
electrical
10
58750.0
20
-12331.26
30
0
11
58750.0
21
-12308.74
31
0
0
LINE
8
electrical
10
58750.0
20
-12308.74
30
0
11
58750.0
21
-12320.0
31
0
0
LINE
8
electrical
10
69250.0
20
-12320.0
30
0
11
58750.0
21
-12320.0
31
0
0
LINE
8
electrical
10
69250.0
20
-12320.0
30
0
11
69250.0
21
-12331.26
31
0
0
LINE
8
electrical
10
69250.0
20
-12331.26
30
0
11
69250.0
21
-12308.74
31
0
0
LINE
8
electrical
10
69250.0
20
-12308.74
30
0
11
69250.0
21
-12320.0
31
0
0
LINE
8
electrical
10
71050.0
20
-13800.0
30
0
11
71064.04
21
-13800.0
31
0
0
LINE
8
electrical
10
71064.04
20
-13800.0
30
0
11
71050.0
21
-13800.0
31
0
0
LINE
8
electrical
10
69250.0
20
-12320.0
30
0
11
69264.04
21
-12320.0
31
0
0
LINE
8
electrical
10
69264.04
20
-12320.0
30
0
11
69250.0
21
-12320.0
31
0
0
LINE
8
electrical
10
71063.0
20
-13800.0
30
0
11
71043.5
21
-13788.74
31
0
0
LINE
8
electrical
10
71043.5
20
-13788.74
30
0
11
71043.5
21
-13811.26
31
0
0
LINE
8
electrical
10
71043.5
20
-13811.26
30
0
11
71063.0
21
-13800.0
31
0
0
LINE
8
electrical
10
69241.36
20
-12209.72
30
0
11
69254.32
21
-12195.14
31
0
0
LINE
8
electrical
10
69254.32
20
-12195.14
30
0
11
69254.32
21
-12195.14
31
0
0
LINE
8
electrical
10
69254.32
20
-12195.14
30
0
11
69241.36
21
-12209.72
31
0
0
LINE
8
electrical
10
71041.36
20
-13809.72
30
0
11
69241.36
21
-12209.72
31
0
0
LINE
8
electrical
10
71041.36
20
-13809.72
30
0
11
71054.32
21
-13795.14
31
0
0
LINE
8
electrical
10
71054.32
20
-13795.14
30
0
11
71054.32
21
-13795.14
31
0
0
LINE
8
electrical
10
71054.32
20
-13795.14
30
0
11
71041.36
21
-13809.72
31
0
0
LINE
8
electrical
10
58750.0
20
-12200.0
30
0
11
58750.0
21
-12211.26
31
0
0
LINE
8
electrical
10
58750.0
20
-12211.26
30
0
11
58750.0
21
-12188.74
31
0
0
LINE
8
electrical
10
58750.0
20
-12188.74
30
0
11
58750.0
21
-12200.0
31
0
0
LINE
8
electrical
10
69250.0
20
-12200.0
30
0
11
58750.0
21
-12200.0
31
0
0
LINE
8
electrical
10
69250.0
20
-12200.0
30
0
11
69250.0
21
-12211.26
31
0
0
LINE
8
electrical
10
69250.0
20
-12211.26
30
0
11
69250.0
21
-12188.74
31
0
0
LINE
8
electrical
10
69250.0
20
-12188.74
30
0
11
69250.0
21
-12200.0
31
0
0
LINE
8
electrical
10
71050.0
20
-13800.0
30
0
11
71064.04
21
-13800.0
31
0
0
LINE
8
electrical
10
71064.04
20
-13800.0
30
0
11
71050.0
21
-13800.0
31
0
0
LINE
8
electrical
10
69250.0
20
-12200.0
30
0
11
69264.04
21
-12200.0
31
0
0
LINE
8
electrical
10
69264.04
20
-12200.0
30
0
11
69250.0
21
-12200.0
31
0
0
LINE
8
electrical
10
71063.0
20
-13800.0
30
0
11
71043.5
21
-13788.74
31
0
0
LINE
8
electrical
10
71043.5
20
-13788.74
30
0
11
71043.5
21
-13811.26
31
0
0
LINE
8
electrical
10
71043.5
20
-13811.26
30
0
11
71063.0
21
-13800.0
31
0
0
LINE
8
electrical
10
69241.02
20
-12089.4
30
0
11
69254.49
21
-12075.3
31
0
0
LINE
8
electrical
10
69254.49
20
-12075.3
30
0
11
69254.49
21
-12075.3
31
0
0
LINE
8
electrical
10
69254.49
20
-12075.3
30
0
11
69241.02
21
-12089.4
31
0
0
LINE
8
electrical
10
71041.02
20
-13809.4
30
0
11
69241.02
21
-12089.4
31
0
0
LINE
8
electrical
10
71041.02
20
-13809.4
30
0
11
71054.49
21
-13795.3
31
0
0
LINE
8
electrical
10
71054.49
20
-13795.3
30
0
11
71054.49
21
-13795.3
31
0
0
LINE
8
electrical
10
71054.49
20
-13795.3
30
0
11
71041.02
21
-13809.4
31
0
0
LINE
8
electrical
10
58750.0
20
-12080.0
30
0
11
58750.0
21
-12091.26
31
0
0
LINE
8
electrical
10
58750.0
20
-12091.26
30
0
11
58750.0
21
-12068.74
31
0
0
LINE
8
electrical
10
58750.0
20
-12068.74
30
0
11
58750.0
21
-12080.0
31
0
0
LINE
8
electrical
10
69250.0
20
-12080.0
30
0
11
58750.0
21
-12080.0
31
0
0
LINE
8
electrical
10
69250.0
20
-12080.0
30
0
11
69250.0
21
-12091.26
31
0
0
LINE
8
electrical
10
69250.0
20
-12091.26
30
0
11
69250.0
21
-12068.74
31
0
0
LINE
8
electrical
10
69250.0
20
-12068.74
30
0
11
69250.0
21
-12080.0
31
0
0
LINE
8
electrical
10
71050.0
20
-13800.0
30
0
11
71064.04
21
-13800.0
31
0
0
LINE
8
electrical
10
71064.04
20
-13800.0
30
0
11
71050.0
21
-13800.0
31
0
0
LINE
8
electrical
10
69250.0
20
-12080.0
30
0
11
69264.04
21
-12080.0
31
0
0
LINE
8
electrical
10
69264.04
20
-12080.0
30
0
11
69250.0
21
-12080.0
31
0
0
LINE
8
electrical
10
59435.0
20
-13850.0
30
0
11
59435.0
21
-13790.0
31
0
0
LINE
8
electrical
10
59565.0
20
-13850.0
30
0
11
59565.0
21
-13790.0
31
0
0
LINE
8
electrical
10
59435.0
20
-13850.0
30
0
11
59565.0
21
-13850.0
31
0
0
LINE
8
electrical
10
59435.0
20
-13790.0
30
0
11
59565.0
21
-13790.0
31
0
0
LINE
8
electrical
10
59509.0
20
-13820.0
30
0
11
59495.5
21
-13812.21
31
0
0
LINE
8
electrical
10
59495.5
20
-13812.21
30
0
11
59495.5
21
-13827.79
31
0
0
LINE
8
electrical
10
59495.5
20
-13827.79
30
0
11
59509.0
21
-13820.0
31
0
0
LINE
8
electrical
10
71050.0
20
-13820.0
30
0
11
71050.0
21
-13827.79
31
0
0
LINE
8
electrical
10
71050.0
20
-13827.79
30
0
11
71050.0
21
-13812.21
31
0
0
LINE
8
electrical
10
71050.0
20
-13812.21
30
0
11
71050.0
21
-13820.0
31
0
0
LINE
8
electrical
10
59500.0
20
-13820.0
30
0
11
71050.0
21
-13820.0
31
0
0
LINE
8
electrical
10
59500.0
20
-13820.0
30
0
11
59500.0
21
-13827.79
31
0
0
LINE
8
electrical
10
59500.0
20
-13827.79
30
0
11
59500.0
21
-13812.21
31
0
0
LINE
8
electrical
10
59500.0
20
-13812.21
30
0
11
59500.0
21
-13820.0
31
0
0
LINE
8
electrical
10
59500.0
20
-13820.0
30
0
11
59509.72
21
-13820.0
31
0
0
LINE
8
electrical
10
59509.72
20
-13820.0
30
0
11
59500.0
21
-13820.0
31
0
0
LINE
8
electrical
10
68435.0
20
-13850.0
30
0
11
68435.0
21
-13790.0
31
0
0
LINE
8
electrical
10
68565.0
20
-13850.0
30
0
11
68565.0
21
-13790.0
31
0
0
LINE
8
electrical
10
68435.0
20
-13850.0
30
0
11
68565.0
21
-13850.0
31
0
0
LINE
8
electrical
10
68435.0
20
-13790.0
30
0
11
68565.0
21
-13790.0
31
0
0
LINE
8
electrical
10
68509.0
20
-13820.0
30
0
11
68495.5
21
-13812.21
31
0
0
LINE
8
electrical
10
68495.5
20
-13812.21
30
0
11
68495.5
21
-13827.79
31
0
0
LINE
8
electrical
10
68495.5
20
-13827.79
30
0
11
68509.0
21
-13820.0
31
0
0
LINE
8
electrical
10
71050.0
20
-13820.0
30
0
11
71050.0
21
-13827.79
31
0
0
LINE
8
electrical
10
71050.0
20
-13827.79
30
0
11
71050.0
21
-13812.21
31
0
0
LINE
8
electrical
10
71050.0
20
-13812.21
30
0
11
71050.0
21
-13820.0
31
0
0
LINE
8
electrical
10
68500.0
20
-13820.0
30
0
11
71050.0
21
-13820.0
31
0
0
LINE
8
electrical
10
68500.0
20
-13820.0
30
0
11
68500.0
21
-13827.79
31
0
0
LINE
8
electrical
10
68500.0
20
-13827.79
30
0
11
68500.0
21
-13812.21
31
0
0
LINE
8
electrical
10
68500.0
20
-13812.21
30
0
11
68500.0
21
-13820.0
31
0
0
LINE
8
electrical
10
68500.0
20
-13820.0
30
0
11
68509.72
21
-13820.0
31
0
0
LINE
8
electrical
10
68509.72
20
-13820.0
30
0
11
68500.0
21
-13820.0
31
0
0
LINE
8
hvac
10
56975.0
20
-13275.0
30
0
11
56975.0
21
-12525.0
31
0
0
LINE
8
hvac
10
58625.0
20
-13275.0
30
0
11
58625.0
21
-12525.0
31
0
0
LINE
8
hvac
10
56975.0
20
-13275.0
30
0
11
58625.0
21
-13275.0
31
0
0
LINE
8
hvac
10
56975.0
20
-12525.0
30
0
11
58625.0
21
-12525.0
31
0
0
LINE
8
hvac
10
57075.0
20
-13320.0
30
0
11
57075.0
21
-13280.0
31
0
0
LINE
8
hvac
10
58525.0
20
-13320.0
30
0
11
58525.0
21
-13280.0
31
0
0
LINE
8
hvac
10
57075.0
20
-13320.0
30
0
11
58525.0
21
-13320.0
31
0
0
LINE
8
hvac
10
57075.0
20
-13280.0
30
0
11
58525.0
21
-13280.0
31
0
0
LINE
8
hvac
10
57140.0
20
-13360.0
30
0
11
57140.0
21
-13300.0
31
0
0
LINE
8
hvac
10
57180.0
20
-13360.0
30
0
11
57180.0
21
-13300.0
31
0
0
LINE
8
hvac
10
57140.0
20
-13360.0
30
0
11
57180.0
21
-13360.0
31
0
0
LINE
8
hvac
10
57140.0
20
-13300.0
30
0
11
57180.0
21
-13300.0
31
0
0
LINE
8
hvac
10
57300.0
20
-13360.0
30
0
11
57300.0
21
-13300.0
31
0
0
LINE
8
hvac
10
57340.0
20
-13360.0
30
0
11
57340.0
21
-13300.0
31
0
0
LINE
8
hvac
10
57300.0
20
-13360.0
30
0
11
57340.0
21
-13360.0
31
0
0
LINE
8
hvac
10
57300.0
20
-13300.0
30
0
11
57340.0
21
-13300.0
31
0
0
LINE
8
hvac
10
57460.0
20
-13360.0
30
0
11
57460.0
21
-13300.0
31
0
0
LINE
8
hvac
10
57500.0
20
-13360.0
30
0
11
57500.0
21
-13300.0
31
0
0
LINE
8
hvac
10
57460.0
20
-13360.0
30
0
11
57500.0
21
-13360.0
31
0
0
LINE
8
hvac
10
57460.0
20
-13300.0
30
0
11
57500.0
21
-13300.0
31
0
0
LINE
8
hvac
10
57620.0
20
-13360.0
30
0
11
57620.0
21
-13300.0
31
0
0
LINE
8
hvac
10
57660.0
20
-13360.0
30
0
11
57660.0
21
-13300.0
31
0
0
LINE
8
hvac
10
57620.0
20
-13360.0
30
0
11
57660.0
21
-13360.0
31
0
0
LINE
8
hvac
10
57620.0
20
-13300.0
30
0
11
57660.0
21
-13300.0
31
0
0
LINE
8
hvac
10
57780.0
20
-13360.0
30
0
11
57780.0
21
-13300.0
31
0
0
LINE
8
hvac
10
57820.0
20
-13360.0
30
0
11
57820.0
21
-13300.0
31
0
0
LINE
8
hvac
10
57780.0
20
-13360.0
30
0
11
57820.0
21
-13360.0
31
0
0
LINE
8
hvac
10
57780.0
20
-13300.0
30
0
11
57820.0
21
-13300.0
31
0
0
LINE
8
hvac
10
57940.0
20
-13360.0
30
0
11
57940.0
21
-13300.0
31
0
0
LINE
8
hvac
10
57980.0
20
-13360.0
30
0
11
57980.0
21
-13300.0
31
0
0
LINE
8
hvac
10
57940.0
20
-13360.0
30
0
11
57980.0
21
-13360.0
31
0
0
LINE
8
hvac
10
57940.0
20
-13300.0
30
0
11
57980.0
21
-13300.0
31
0
0
LINE
8
hvac
10
58100.0
20
-13360.0
30
0
11
58100.0
21
-13300.0
31
0
0
LINE
8
hvac
10
58140.0
20
-13360.0
30
0
11
58140.0
21
-13300.0
31
0
0
LINE
8
hvac
10
58100.0
20
-13360.0
30
0
11
58140.0
21
-13360.0
31
0
0
LINE
8
hvac
10
58100.0
20
-13300.0
30
0
11
58140.0
21
-13300.0
31
0
0
LINE
8
hvac
10
58260.0
20
-13360.0
30
0
11
58260.0
21
-13300.0
31
0
0
LINE
8
hvac
10
58300.0
20
-13360.0
30
0
11
58300.0
21
-13300.0
31
0
0
LINE
8
hvac
10
58260.0
20
-13360.0
30
0
11
58300.0
21
-13360.0
31
0
0
LINE
8
hvac
10
58260.0
20
-13300.0
30
0
11
58300.0
21
-13300.0
31
0
0
LINE
8
hvac
10
58420.0
20
-13360.0
30
0
11
58420.0
21
-13300.0
31
0
0
LINE
8
hvac
10
58460.0
20
-13360.0
30
0
11
58460.0
21
-13300.0
31
0
0
LINE
8
hvac
10
58420.0
20
-13360.0
30
0
11
58460.0
21
-13360.0
31
0
0
LINE
8
hvac
10
58420.0
20
-13300.0
30
0
11
58460.0
21
-13300.0
31
0
0
LINE
8
hvac
10
57575.0
20
-13125.0
30
0
11
57575.0
21
-12675.0
31
0
0
LINE
8
hvac
10
58025.0
20
-13125.0
30
0
11
58025.0
21
-12675.0
31
0
0
LINE
8
hvac
10
57575.0
20
-13125.0
30
0
11
58025.0
21
-13125.0
31
0
0
LINE
8
hvac
10
57575.0
20
-12675.0
30
0
11
58025.0
21
-12675.0
31
0
0
LINE
8
hvac
10
58750.0
20
-8175.0
30
0
11
58750.0
21
-7825.0
31
0
0
LINE
8
hvac
10
69250.0
20
-8175.0
30
0
11
69250.0
21
-7825.0
31
0
0
LINE
8
hvac
10
58750.0
20
-8175.0
30
0
11
69250.0
21
-8175.0
31
0
0
LINE
8
hvac
10
58750.0
20
-7825.0
30
0
11
69250.0
21
-7825.0
31
0
0
LINE
8
hvac
10
57625.0
20
-13075.0
30
0
11
57625.0
21
-12725.0
31
0
0
LINE
8
hvac
10
64175.0
20
-13075.0
30
0
11
64175.0
21
-12725.0
31
0
0
LINE
8
hvac
10
57625.0
20
-13075.0
30
0
11
64175.0
21
-13075.0
31
0
0
LINE
8
hvac
10
57625.0
20
-12725.0
30
0
11
64175.0
21
-12725.0
31
0
0
LINE
8
hvac
10
63825.0
20
-13075.0
30
0
11
63825.0
21
-7825.0
31
0
0
LINE
8
hvac
10
64175.0
20
-13075.0
30
0
11
64175.0
21
-7825.0
31
0
0
LINE
8
hvac
10
63825.0
20
-13075.0
30
0
11
64175.0
21
-13075.0
31
0
0
LINE
8
hvac
10
63825.0
20
-7825.0
30
0
11
64175.0
21
-7825.0
31
0
0
LINE
8
hvac
10
60650.0
20
-8350.0
30
0
11
60650.0
21
-7650.0
31
0
0
LINE
8
hvac
10
61350.0
20
-8350.0
30
0
11
61350.0
21
-7650.0
31
0
0
LINE
8
hvac
10
60650.0
20
-8350.0
30
0
11
61350.0
21
-8350.0
31
0
0
LINE
8
hvac
10
60650.0
20
-7650.0
30
0
11
61350.0
21
-7650.0
31
0
0
LINE
8
hvac
10
66650.0
20
-8350.0
30
0
11
66650.0
21
-7650.0
31
0
0
LINE
8
hvac
10
67350.0
20
-8350.0
30
0
11
67350.0
21
-7650.0
31
0
0
LINE
8
hvac
10
66650.0
20
-8350.0
30
0
11
67350.0
21
-8350.0
31
0
0
LINE
8
hvac
10
66650.0
20
-7650.0
30
0
11
67350.0
21
-7650.0
31
0
0
LINE
8
water
10
69990.0
20
-6520.0
30
0
11
69990.0
21
-5880.0
31
0
0
LINE
8
water
10
70910.0
20
-6520.0
30
0
11
70910.0
21
-5880.0
31
0
0
LINE
8
water
10
69990.0
20
-6520.0
30
0
11
70910.0
21
-6520.0
31
0
0
LINE
8
water
10
69990.0
20
-5880.0
30
0
11
70910.0
21
-5880.0
31
0
0
LINE
8
water
10
70000.0
20
-6510.0
30
0
11
70000.0
21
-5890.0
31
0
0
LINE
8
water
10
70000.0
20
-6510.0
30
0
11
70900.0
21
-6510.0
31
0
0
LINE
8
water
10
70000.0
20
-5890.0
30
0
11
70900.0
21
-5890.0
31
0
0
LINE
8
water
10
70900.0
20
-6510.0
30
0
11
70900.0
21
-5890.0
31
0
0
LINE
8
water
10
70775.0
20
-6415.0
30
0
11
70125.0
21
-6415.0
31
0
0
LINE
8
water
10
70775.0
20
-6415.0
30
0
11
70775.0
21
-5985.0
31
0
0
LINE
8
water
10
70775.0
20
-5985.0
30
0
11
70125.0
21
-5985.0
31
0
0
LINE
8
water
10
70125.0
20
-6415.0
30
0
11
70125.0
21
-5985.0
31
0
0
LINE
8
water
10
70468.0
20
-5980.0
30
0
11
70441.0
21
-5964.41
31
0
0
LINE
8
water
10
70441.0
20
-5964.41
30
0
11
70441.0
21
-5995.59
31
0
0
LINE
8
water
10
70441.0
20
-5995.59
30
0
11
70468.0
21
-5980.0
31
0
0
LINE
8
water
10
70450.0
20
-6200.0
30
0
11
70465.59
21
-6200.0
31
0
0
LINE
8
water
10
70465.59
20
-6200.0
30
0
11
70434.41
21
-6200.0
31
0
0
LINE
8
water
10
70434.41
20
-6200.0
30
0
11
70450.0
21
-6200.0
31
0
0
LINE
8
water
10
70450.0
20
-5980.0
30
0
11
70450.0
21
-6200.0
31
0
0
LINE
8
water
10
70450.0
20
-5980.0
30
0
11
70465.59
21
-5980.0
31
0
0
LINE
8
water
10
70465.59
20
-5980.0
30
0
11
70434.41
21
-5980.0
31
0
0
LINE
8
water
10
70434.41
20
-5980.0
30
0
11
70450.0
21
-5980.0
31
0
0
LINE
8
water
10
70450.0
20
-5980.0
30
0
11
70469.44
21
-5980.0
31
0
0
LINE
8
water
10
70469.44
20
-5980.0
30
0
11
70450.0
21
-5980.0
31
0
0
LINE
8
water
10
70395.0
20
-6200.0
30
0
11
70450.0
21
-6145.0
31
0
0
LINE
8
water
10
70450.0
20
-6145.0
30
0
11
70505.0
21
-6200.0
31
0
0
LINE
8
water
10
70505.0
20
-6200.0
30
0
11
70450.0
21
-6255.0
31
0
0
LINE
8
water
10
70450.0
20
-6255.0
30
0
11
70395.0
21
-6200.0
31
0
0
LINE
8
water
10
70450.0
20
-30500.0
30
0
11
70505.0
21
-30500.0
31
0
0
LINE
8
water
10
70505.0
20
-30500.0
30
0
11
70450.0
21
-30500.0
31
0
0
LINE
8
water
10
70450.0
20
-30500.0
30
0
11
70395.0
21
-30500.0
31
0
0
LINE
8
water
10
70395.0
20
-30500.0
30
0
11
70450.0
21
-30500.0
31
0
0
LINE
8
water
10
70450.0
20
-6200.0
30
0
11
70450.0
21
-30500.0
31
0
0
LINE
8
water
10
70450.0
20
-6200.0
30
0
11
70505.0
21
-6200.0
31
0
0
LINE
8
water
10
70505.0
20
-6200.0
30
0
11
70450.0
21
-6200.0
31
0
0
LINE
8
water
10
70450.0
20
-6200.0
30
0
11
70395.0
21
-6200.0
31
0
0
LINE
8
water
10
70395.0
20
-6200.0
30
0
11
70450.0
21
-6200.0
31
0
0
LINE
8
water
10
-90000.0
20
-30500.0
30
0
11
-90000.0
21
-30555.0
31
0
0
LINE
8
water
10
-90000.0
20
-30555.0
30
0
11
-90000.0
21
-30500.0
31
0
0
LINE
8
water
10
-90000.0
20
-30500.0
30
0
11
-90000.0
21
-30445.0
31
0
0
LINE
8
water
10
-90000.0
20
-30445.0
30
0
11
-90000.0
21
-30500.0
31
0
0
LINE
8
water
10
70450.0
20
-30500.0
30
0
11
-90000.0
21
-30500.0
31
0
0
LINE
8
water
10
70450.0
20
-30500.0
30
0
11
70450.0
21
-30555.0
31
0
0
LINE
8
water
10
70450.0
20
-30555.0
30
0
11
70450.0
21
-30500.0
31
0
0
LINE
8
water
10
70450.0
20
-30500.0
30
0
11
70450.0
21
-30445.0
31
0
0
LINE
8
water
10
70450.0
20
-30445.0
30
0
11
70450.0
21
-30500.0
31
0
0
LINE
8
water
10
70450.0
20
-6200.0
30
0
11
70509.4
21
-6200.0
31
0
0
LINE
8
water
10
70509.4
20
-6200.0
30
0
11
70450.0
21
-6200.0
31
0
0
LINE
8
water
10
70450.0
20
-30500.0
30
0
11
70509.4
21
-30500.0
31
0
0
LINE
8
water
10
70509.4
20
-30500.0
30
0
11
70450.0
21
-30500.0
31
0
0
LINE
8
water
10
66905.0
20
-13600.0
30
0
11
66905.0
21
-13675.0
31
0
0
LINE
8
water
10
66905.0
20
-13675.0
30
0
11
66905.0
21
-13600.0
31
0
0
LINE
8
water
10
66905.0
20
-13600.0
30
0
11
66905.0
21
-13525.0
31
0
0
LINE
8
water
10
66905.0
20
-13525.0
30
0
11
66905.0
21
-13600.0
31
0
0
LINE
8
water
10
66505.0
20
-13600.0
30
0
11
66905.0
21
-13600.0
31
0
0
LINE
8
water
10
66505.0
20
-13600.0
30
0
11
66505.0
21
-13675.0
31
0
0
LINE
8
water
10
66505.0
20
-13675.0
30
0
11
66505.0
21
-13600.0
31
0
0
LINE
8
water
10
66505.0
20
-13600.0
30
0
11
66505.0
21
-13525.0
31
0
0
LINE
8
water
10
66505.0
20
-13525.0
30
0
11
66505.0
21
-13600.0
31
0
0
LINE
8
water
10
66795.0
20
-13600.0
30
0
11
66732.81
21
-13514.4
31
0
0
LINE
8
water
10
66732.81
20
-13514.4
30
0
11
66632.19
21
-13547.1
31
0
0
LINE
8
water
10
66632.19
20
-13547.1
30
0
11
66632.19
21
-13652.9
31
0
0
LINE
8
water
10
66632.19
20
-13652.9
30
0
11
66732.81
21
-13685.6
31
0
0
LINE
8
water
10
66732.81
20
-13685.6
30
0
11
66795.0
21
-13600.0
31
0
0
LINE
8
water
10
66515.0
20
-13625.0
30
0
11
66515.0
21
-13575.0
31
0
0
LINE
8
water
10
66895.0
20
-13625.0
30
0
11
66895.0
21
-13575.0
31
0
0
LINE
8
water
10
66515.0
20
-13625.0
30
0
11
66895.0
21
-13625.0
31
0
0
LINE
8
water
10
66515.0
20
-13575.0
30
0
11
66895.0
21
-13575.0
31
0
0
LINE
8
water
10
66580.0
20
-13600.0
30
0
11
66580.0
21
-13704.62
31
0
0
LINE
8
water
10
66580.0
20
-13704.62
30
0
11
66580.0
21
-13664.66
31
0
0
LINE
8
water
10
66580.0
20
-13664.66
30
0
11
66580.0
21
-13535.34
31
0
0
LINE
8
water
10
66580.0
20
-13535.34
30
0
11
66580.0
21
-13495.38
31
0
0
LINE
8
water
10
66580.0
20
-13495.38
30
0
11
66580.0
21
-13600.0
31
0
0
LINE
8
water
10
66555.0
20
-13600.0
30
0
11
66580.0
21
-13600.0
31
0
0
LINE
8
water
10
66555.0
20
-13600.0
30
0
11
66555.0
21
-13704.62
31
0
0
LINE
8
water
10
66555.0
20
-13704.62
30
0
11
66555.0
21
-13664.66
31
0
0
LINE
8
water
10
66555.0
20
-13664.66
30
0
11
66555.0
21
-13535.34
31
0
0
LINE
8
water
10
66555.0
20
-13535.34
30
0
11
66555.0
21
-13495.38
31
0
0
LINE
8
water
10
66555.0
20
-13495.38
30
0
11
66555.0
21
-13600.0
31
0
0
LINE
8
water
10
66880.0
20
-13600.0
30
0
11
66880.0
21
-13704.62
31
0
0
LINE
8
water
10
66880.0
20
-13704.62
30
0
11
66880.0
21
-13664.66
31
0
0
LINE
8
water
10
66880.0
20
-13664.66
30
0
11
66880.0
21
-13535.34
31
0
0
LINE
8
water
10
66880.0
20
-13535.34
30
0
11
66880.0
21
-13495.38
31
0
0
LINE
8
water
10
66880.0
20
-13495.38
30
0
11
66880.0
21
-13600.0
31
0
0
LINE
8
water
10
66855.0
20
-13600.0
30
0
11
66880.0
21
-13600.0
31
0
0
LINE
8
water
10
66855.0
20
-13600.0
30
0
11
66855.0
21
-13704.62
31
0
0
LINE
8
water
10
66855.0
20
-13704.62
30
0
11
66855.0
21
-13664.66
31
0
0
LINE
8
water
10
66855.0
20
-13664.66
30
0
11
66855.0
21
-13535.34
31
0
0
LINE
8
water
10
66855.0
20
-13535.34
30
0
11
66855.0
21
-13495.38
31
0
0
LINE
8
water
10
66855.0
20
-13495.38
30
0
11
66855.0
21
-13600.0
31
0
0
LINE
8
water
10
65100.0
20
-13600.0
30
0
11
65130.31
21
-13600.0
31
0
0
LINE
8
water
10
65130.31
20
-13600.0
30
0
11
65069.69
21
-13600.0
31
0
0
LINE
8
water
10
65069.69
20
-13600.0
30
0
11
65100.0
21
-13600.0
31
0
0
LINE
8
water
10
65100.0
20
-33000.0
30
0
11
65100.0
21
-13600.0
31
0
0
LINE
8
water
10
65100.0
20
-33000.0
30
0
11
65130.31
21
-33000.0
31
0
0
LINE
8
water
10
65130.31
20
-33000.0
30
0
11
65069.69
21
-33000.0
31
0
0
LINE
8
water
10
65069.69
20
-33000.0
30
0
11
65100.0
21
-33000.0
31
0
0
LINE
8
water
10
70450.0
20
-13600.0
30
0
11
70450.0
21
-13630.31
31
0
0
LINE
8
water
10
70450.0
20
-13630.31
30
0
11
70450.0
21
-13569.69
31
0
0
LINE
8
water
10
70450.0
20
-13569.69
30
0
11
70450.0
21
-13600.0
31
0
0
LINE
8
water
10
65100.0
20
-13600.0
30
0
11
70450.0
21
-13600.0
31
0
0
LINE
8
water
10
65100.0
20
-13600.0
30
0
11
65100.0
21
-13630.31
31
0
0
LINE
8
water
10
65100.0
20
-13630.31
30
0
11
65100.0
21
-13569.69
31
0
0
LINE
8
water
10
65100.0
20
-13569.69
30
0
11
65100.0
21
-13600.0
31
0
0
LINE
8
water
10
70450.0
20
-5970.0
30
0
11
70480.31
21
-5970.0
31
0
0
LINE
8
water
10
70480.31
20
-5970.0
30
0
11
70419.69
21
-5970.0
31
0
0
LINE
8
water
10
70419.69
20
-5970.0
30
0
11
70450.0
21
-5970.0
31
0
0
LINE
8
water
10
70450.0
20
-13600.0
30
0
11
70450.0
21
-5970.0
31
0
0
LINE
8
water
10
70450.0
20
-13600.0
30
0
11
70480.31
21
-13600.0
31
0
0
LINE
8
water
10
70480.31
20
-13600.0
30
0
11
70419.69
21
-13600.0
31
0
0
LINE
8
water
10
70419.69
20
-13600.0
30
0
11
70450.0
21
-13600.0
31
0
0
LINE
8
water
10
70415.0
20
-5970.0
30
0
11
70467.5
21
-5939.69
31
0
0
LINE
8
water
10
70467.5
20
-5939.69
30
0
11
70467.5
21
-6000.31
31
0
0
LINE
8
water
10
70467.5
20
-6000.31
30
0
11
70415.0
21
-5970.0
31
0
0
LINE
8
water
10
65100.0
20
-13600.0
30
0
11
65137.8
21
-13600.0
31
0
0
LINE
8
water
10
65137.8
20
-13600.0
30
0
11
65100.0
21
-13600.0
31
0
0
LINE
8
water
10
70450.0
20
-13600.0
30
0
11
70487.8
21
-13600.0
31
0
0
LINE
8
water
10
70487.8
20
-13600.0
30
0
11
70450.0
21
-13600.0
31
0
0
LINE
8
water
10
70450.0
20
-5970.0
30
0
11
70487.8
21
-5970.0
31
0
0
LINE
8
water
10
70487.8
20
-5970.0
30
0
11
70450.0
21
-5970.0
31
0
0
LINE
8
water
10
67114.0
20
-13600.0
30
0
11
67114.0
21
-13675.0
31
0
0
LINE
8
water
10
67114.0
20
-13675.0
30
0
11
67114.0
21
-13600.0
31
0
0
LINE
8
water
10
67114.0
20
-13600.0
30
0
11
67114.0
21
-13525.0
31
0
0
LINE
8
water
10
67114.0
20
-13525.0
30
0
11
67114.0
21
-13600.0
31
0
0
LINE
8
water
10
66714.0
20
-13600.0
30
0
11
67114.0
21
-13600.0
31
0
0
LINE
8
water
10
66714.0
20
-13600.0
30
0
11
66714.0
21
-13675.0
31
0
0
LINE
8
water
10
66714.0
20
-13675.0
30
0
11
66714.0
21
-13600.0
31
0
0
LINE
8
water
10
66714.0
20
-13600.0
30
0
11
66714.0
21
-13525.0
31
0
0
LINE
8
water
10
66714.0
20
-13525.0
30
0
11
66714.0
21
-13600.0
31
0
0
LINE
8
water
10
67004.0
20
-13600.0
30
0
11
66941.81
21
-13514.4
31
0
0
LINE
8
water
10
66941.81
20
-13514.4
30
0
11
66841.19
21
-13547.1
31
0
0
LINE
8
water
10
66841.19
20
-13547.1
30
0
11
66841.19
21
-13652.9
31
0
0
LINE
8
water
10
66841.19
20
-13652.9
30
0
11
66941.81
21
-13685.6
31
0
0
LINE
8
water
10
66941.81
20
-13685.6
30
0
11
67004.0
21
-13600.0
31
0
0
LINE
8
water
10
66724.0
20
-13625.0
30
0
11
66724.0
21
-13575.0
31
0
0
LINE
8
water
10
67104.0
20
-13625.0
30
0
11
67104.0
21
-13575.0
31
0
0
LINE
8
water
10
66724.0
20
-13625.0
30
0
11
67104.0
21
-13625.0
31
0
0
LINE
8
water
10
66724.0
20
-13575.0
30
0
11
67104.0
21
-13575.0
31
0
0
LINE
8
water
10
66789.0
20
-13600.0
30
0
11
66789.0
21
-13704.62
31
0
0
LINE
8
water
10
66789.0
20
-13704.62
30
0
11
66789.0
21
-13664.66
31
0
0
LINE
8
water
10
66789.0
20
-13664.66
30
0
11
66789.0
21
-13535.34
31
0
0
LINE
8
water
10
66789.0
20
-13535.34
30
0
11
66789.0
21
-13495.38
31
0
0
LINE
8
water
10
66789.0
20
-13495.38
30
0
11
66789.0
21
-13600.0
31
0
0
LINE
8
water
10
66764.0
20
-13600.0
30
0
11
66789.0
21
-13600.0
31
0
0
LINE
8
water
10
66764.0
20
-13600.0
30
0
11
66764.0
21
-13704.62
31
0
0
LINE
8
water
10
66764.0
20
-13704.62
30
0
11
66764.0
21
-13664.66
31
0
0
LINE
8
water
10
66764.0
20
-13664.66
30
0
11
66764.0
21
-13535.34
31
0
0
LINE
8
water
10
66764.0
20
-13535.34
30
0
11
66764.0
21
-13495.38
31
0
0
LINE
8
water
10
66764.0
20
-13495.38
30
0
11
66764.0
21
-13600.0
31
0
0
LINE
8
water
10
67089.0
20
-13600.0
30
0
11
67089.0
21
-13704.62
31
0
0
LINE
8
water
10
67089.0
20
-13704.62
30
0
11
67089.0
21
-13664.66
31
0
0
LINE
8
water
10
67089.0
20
-13664.66
30
0
11
67089.0
21
-13535.34
31
0
0
LINE
8
water
10
67089.0
20
-13535.34
30
0
11
67089.0
21
-13495.38
31
0
0
LINE
8
water
10
67089.0
20
-13495.38
30
0
11
67089.0
21
-13600.0
31
0
0
LINE
8
water
10
67064.0
20
-13600.0
30
0
11
67089.0
21
-13600.0
31
0
0
LINE
8
water
10
67064.0
20
-13600.0
30
0
11
67064.0
21
-13704.62
31
0
0
LINE
8
water
10
67064.0
20
-13704.62
30
0
11
67064.0
21
-13664.66
31
0
0
LINE
8
water
10
67064.0
20
-13664.66
30
0
11
67064.0
21
-13535.34
31
0
0
LINE
8
water
10
67064.0
20
-13535.34
30
0
11
67064.0
21
-13495.38
31
0
0
LINE
8
water
10
67064.0
20
-13495.38
30
0
11
67064.0
21
-13600.0
31
0
0
LINE
8
water
10
65450.0
20
-13600.0
30
0
11
65480.31
21
-13600.0
31
0
0
LINE
8
water
10
65480.31
20
-13600.0
30
0
11
65419.69
21
-13600.0
31
0
0
LINE
8
water
10
65419.69
20
-13600.0
30
0
11
65450.0
21
-13600.0
31
0
0
LINE
8
water
10
65450.0
20
-32000.0
30
0
11
65450.0
21
-13600.0
31
0
0
LINE
8
water
10
65450.0
20
-32000.0
30
0
11
65480.31
21
-32000.0
31
0
0
LINE
8
water
10
65480.31
20
-32000.0
30
0
11
65419.69
21
-32000.0
31
0
0
LINE
8
water
10
65419.69
20
-32000.0
30
0
11
65450.0
21
-32000.0
31
0
0
LINE
8
water
10
70330.0
20
-13600.0
30
0
11
70330.0
21
-13630.31
31
0
0
LINE
8
water
10
70330.0
20
-13630.31
30
0
11
70330.0
21
-13569.69
31
0
0
LINE
8
water
10
70330.0
20
-13569.69
30
0
11
70330.0
21
-13600.0
31
0
0
LINE
8
water
10
65450.0
20
-13600.0
30
0
11
70330.0
21
-13600.0
31
0
0
LINE
8
water
10
65450.0
20
-13600.0
30
0
11
65450.0
21
-13630.31
31
0
0
LINE
8
water
10
65450.0
20
-13630.31
30
0
11
65450.0
21
-13569.69
31
0
0
LINE
8
water
10
65450.0
20
-13569.69
30
0
11
65450.0
21
-13600.0
31
0
0
LINE
8
water
10
70330.0
20
-5970.0
30
0
11
70360.31
21
-5970.0
31
0
0
LINE
8
water
10
70360.31
20
-5970.0
30
0
11
70299.69
21
-5970.0
31
0
0
LINE
8
water
10
70299.69
20
-5970.0
30
0
11
70330.0
21
-5970.0
31
0
0
LINE
8
water
10
70330.0
20
-13600.0
30
0
11
70330.0
21
-5970.0
31
0
0
LINE
8
water
10
70330.0
20
-13600.0
30
0
11
70360.31
21
-13600.0
31
0
0
LINE
8
water
10
70360.31
20
-13600.0
30
0
11
70299.69
21
-13600.0
31
0
0
LINE
8
water
10
70299.69
20
-13600.0
30
0
11
70330.0
21
-13600.0
31
0
0
LINE
8
water
10
70295.0
20
-5970.0
30
0
11
70347.5
21
-5939.69
31
0
0
LINE
8
water
10
70347.5
20
-5939.69
30
0
11
70347.5
21
-6000.31
31
0
0
LINE
8
water
10
70347.5
20
-6000.31
30
0
11
70295.0
21
-5970.0
31
0
0
LINE
8
water
10
65450.0
20
-13600.0
30
0
11
65487.8
21
-13600.0
31
0
0
LINE
8
water
10
65487.8
20
-13600.0
30
0
11
65450.0
21
-13600.0
31
0
0
LINE
8
water
10
70330.0
20
-13600.0
30
0
11
70367.8
21
-13600.0
31
0
0
LINE
8
water
10
70367.8
20
-13600.0
30
0
11
70330.0
21
-13600.0
31
0
0
LINE
8
water
10
70330.0
20
-5970.0
30
0
11
70367.8
21
-5970.0
31
0
0
LINE
8
water
10
70367.8
20
-5970.0
30
0
11
70330.0
21
-5970.0
31
0
0
LINE
8
sensors
10
56540.0
20
-11440.0
30
0
11
56540.0
21
-11280.0
31
0
0
LINE
8
sensors
10
56640.0
20
-11440.0
30
0
11
56640.0
21
-11280.0
31
0
0
LINE
8
sensors
10
56540.0
20
-11440.0
30
0
11
56640.0
21
-11440.0
31
0
0
LINE
8
sensors
10
56540.0
20
-11280.0
30
0
11
56640.0
21
-11280.0
31
0
0
LINE
8
sensors
10
56645.0
20
-11415.0
30
0
11
56645.0
21
-11305.0
31
0
0
LINE
8
sensors
10
56665.0
20
-11415.0
30
0
11
56665.0
21
-11305.0
31
0
0
LINE
8
sensors
10
56645.0
20
-11415.0
30
0
11
56665.0
21
-11415.0
31
0
0
LINE
8
sensors
10
56645.0
20
-11305.0
30
0
11
56665.0
21
-11305.0
31
0
0
LINE
8
sensors
10
56540.0
20
-11140.0
30
0
11
56540.0
21
-10980.0
31
0
0
LINE
8
sensors
10
56640.0
20
-11140.0
30
0
11
56640.0
21
-10980.0
31
0
0
LINE
8
sensors
10
56540.0
20
-11140.0
30
0
11
56640.0
21
-11140.0
31
0
0
LINE
8
sensors
10
56540.0
20
-10980.0
30
0
11
56640.0
21
-10980.0
31
0
0
LINE
8
sensors
10
56645.0
20
-11115.0
30
0
11
56645.0
21
-11005.0
31
0
0
LINE
8
sensors
10
56665.0
20
-11115.0
30
0
11
56665.0
21
-11005.0
31
0
0
LINE
8
sensors
10
56645.0
20
-11115.0
30
0
11
56665.0
21
-11115.0
31
0
0
LINE
8
sensors
10
56645.0
20
-11005.0
30
0
11
56665.0
21
-11005.0
31
0
0
LINE
8
sensors
10
56540.0
20
-10840.0
30
0
11
56540.0
21
-10680.0
31
0
0
LINE
8
sensors
10
56640.0
20
-10840.0
30
0
11
56640.0
21
-10680.0
31
0
0
LINE
8
sensors
10
56540.0
20
-10840.0
30
0
11
56640.0
21
-10840.0
31
0
0
LINE
8
sensors
10
56540.0
20
-10680.0
30
0
11
56640.0
21
-10680.0
31
0
0
LINE
8
sensors
10
56645.0
20
-10815.0
30
0
11
56645.0
21
-10705.0
31
0
0
LINE
8
sensors
10
56665.0
20
-10815.0
30
0
11
56665.0
21
-10705.0
31
0
0
LINE
8
sensors
10
56645.0
20
-10815.0
30
0
11
56665.0
21
-10815.0
31
0
0
LINE
8
sensors
10
56645.0
20
-10705.0
30
0
11
56665.0
21
-10705.0
31
0
0
LINE
8
sensors
10
64080.0
20
-8000.0
30
0
11
64000.0
21
-7920.0
31
0
0
LINE
8
sensors
10
64000.0
20
-7920.0
30
0
11
63920.0
21
-8000.0
31
0
0
LINE
8
sensors
10
63920.0
20
-8000.0
30
0
11
64000.0
21
-8080.0
31
0
0
LINE
8
sensors
10
64000.0
20
-8080.0
30
0
11
64080.0
21
-8000.0
31
0
0
LINE
8
sensors
10
64000.0
20
-8000.0
30
0
11
64065.0
21
-8000.0
31
0
0
LINE
8
sensors
10
64065.0
20
-8000.0
30
0
11
64000.0
21
-8000.0
31
0
0
LINE
8
sensors
10
56540.0
20
-10240.0
30
0
11
56540.0
21
-10080.0
31
0
0
LINE
8
sensors
10
56640.0
20
-10240.0
30
0
11
56640.0
21
-10080.0
31
0
0
LINE
8
sensors
10
56540.0
20
-10240.0
30
0
11
56640.0
21
-10240.0
31
0
0
LINE
8
sensors
10
56540.0
20
-10080.0
30
0
11
56640.0
21
-10080.0
31
0
0
LINE
8
sensors
10
56645.0
20
-10215.0
30
0
11
56645.0
21
-10105.0
31
0
0
LINE
8
sensors
10
56665.0
20
-10215.0
30
0
11
56665.0
21
-10105.0
31
0
0
LINE
8
sensors
10
56645.0
20
-10215.0
30
0
11
56665.0
21
-10215.0
31
0
0
LINE
8
sensors
10
56645.0
20
-10105.0
30
0
11
56665.0
21
-10105.0
31
0
0
LINE
8
sensors
10
68687.5
20
-13600.0
30
0
11
68687.5
21
-13675.0
31
0
0
LINE
8
sensors
10
68687.5
20
-13675.0
30
0
11
68687.5
21
-13600.0
31
0
0
LINE
8
sensors
10
68687.5
20
-13600.0
30
0
11
68687.5
21
-13525.0
31
0
0
LINE
8
sensors
10
68687.5
20
-13525.0
30
0
11
68687.5
21
-13600.0
31
0
0
LINE
8
sensors
10
68467.5
20
-13600.0
30
0
11
68687.5
21
-13600.0
31
0
0
LINE
8
sensors
10
68467.5
20
-13600.0
30
0
11
68467.5
21
-13675.0
31
0
0
LINE
8
sensors
10
68467.5
20
-13675.0
30
0
11
68467.5
21
-13600.0
31
0
0
LINE
8
sensors
10
68467.5
20
-13600.0
30
0
11
68467.5
21
-13525.0
31
0
0
LINE
8
sensors
10
68467.5
20
-13525.0
30
0
11
68467.5
21
-13600.0
31
0
0
LINE
8
sensors
10
68497.5
20
-13670.0
30
0
11
68497.5
21
-13530.0
31
0
0
LINE
8
sensors
10
68657.5
20
-13670.0
30
0
11
68657.5
21
-13530.0
31
0
0
LINE
8
sensors
10
68497.5
20
-13670.0
30
0
11
68657.5
21
-13670.0
31
0
0
LINE
8
sensors
10
68497.5
20
-13530.0
30
0
11
68657.5
21
-13530.0
31
0
0
LINE
8
sensors
10
68732.0
20
-13600.0
30
0
11
68732.0
21
-13675.0
31
0
0
LINE
8
sensors
10
68732.0
20
-13675.0
30
0
11
68732.0
21
-13600.0
31
0
0
LINE
8
sensors
10
68732.0
20
-13600.0
30
0
11
68732.0
21
-13525.0
31
0
0
LINE
8
sensors
10
68732.0
20
-13525.0
30
0
11
68732.0
21
-13600.0
31
0
0
LINE
8
sensors
10
68512.0
20
-13600.0
30
0
11
68732.0
21
-13600.0
31
0
0
LINE
8
sensors
10
68512.0
20
-13600.0
30
0
11
68512.0
21
-13675.0
31
0
0
LINE
8
sensors
10
68512.0
20
-13675.0
30
0
11
68512.0
21
-13600.0
31
0
0
LINE
8
sensors
10
68512.0
20
-13600.0
30
0
11
68512.0
21
-13525.0
31
0
0
LINE
8
sensors
10
68512.0
20
-13525.0
30
0
11
68512.0
21
-13600.0
31
0
0
LINE
8
sensors
10
68542.0
20
-13670.0
30
0
11
68542.0
21
-13530.0
31
0
0
LINE
8
sensors
10
68702.0
20
-13670.0
30
0
11
68702.0
21
-13530.0
31
0
0
LINE
8
sensors
10
68542.0
20
-13670.0
30
0
11
68702.0
21
-13670.0
31
0
0
LINE
8
sensors
10
68542.0
20
-13530.0
30
0
11
68702.0
21
-13530.0
31
0
0
LINE
8
interiors
10
74000.0
20
-2000.0
30
0
11
74000.0
21
6000.0
31
0
0
LINE
8
interiors
10
74000.0
20
-2000.0
30
0
11
77800.0
21
-2000.0
31
0
0
LINE
8
interiors
10
77800.0
20
-2000.0
30
0
11
80200.0
21
-2000.0
31
0
0
LINE
8
interiors
10
80200.0
20
-2000.0
30
0
11
84000.0
21
-2000.0
31
0
0
LINE
8
interiors
10
74000.0
20
-2000.0
30
0
11
84000.0
21
-2000.0
31
0
0
LINE
8
interiors
10
74000.0
20
6000.0
30
0
11
84000.0
21
6000.0
31
0
0
LINE
8
interiors
10
84000.0
20
-2000.0
30
0
11
84000.0
21
6000.0
31
0
0
LINE
8
interiors
10
83880.0
20
-1880.0
30
0
11
74120.0
21
-1880.0
31
0
0
LINE
8
interiors
10
83880.0
20
-1880.0
30
0
11
83880.0
21
5880.0
31
0
0
LINE
8
interiors
10
83880.0
20
5880.0
30
0
11
74120.0
21
5880.0
31
0
0
LINE
8
interiors
10
74120.0
20
-1880.0
30
0
11
74120.0
21
5880.0
31
0
0
LINE
8
interiors
10
76400.0
20
6000.0
30
0
11
81600.0
21
6000.0
31
0
0
LINE
8
interiors
10
80200.0
20
-2000.0
30
0
11
80200.0
21
-1880.0
31
0
0
LINE
8
interiors
10
83880.0
20
-1880.0
30
0
11
80200.0
21
-1880.0
31
0
0
LINE
8
interiors
10
77800.0
20
-1880.0
30
0
11
74120.0
21
-1880.0
31
0
0
LINE
8
interiors
10
77800.0
20
-2000.0
30
0
11
77800.0
21
-1880.0
31
0
0
LINE
8
interiors
10
77800.0
20
-1880.0
30
0
11
80200.0
21
-1880.0
31
0
0
LINE
8
interiors
10
76400.0
20
5880.0
30
0
11
81600.0
21
5880.0
31
0
0
LINE
8
interiors
10
76400.0
20
5880.0
30
0
11
76400.0
21
6000.0
31
0
0
LINE
8
interiors
10
81600.0
20
5880.0
30
0
11
81600.0
21
6000.0
31
0
0
LINE
8
interiors
10
76400.0
20
5977.5
30
0
11
76400.0
21
6022.5
31
0
0
LINE
8
interiors
10
81600.0
20
5977.5
30
0
11
81600.0
21
6022.5
31
0
0
LINE
8
interiors
10
76400.0
20
5977.5
30
0
11
81600.0
21
5977.5
31
0
0
LINE
8
interiors
10
76400.0
20
6022.5
30
0
11
81600.0
21
6022.5
31
0
0
LINE
8
interiors
10
74125.0
20
-1875.0
30
0
11
74125.0
21
5875.0
31
0
0
LINE
8
interiors
10
83875.0
20
-1875.0
30
0
11
83875.0
21
5875.0
31
0
0
LINE
8
interiors
10
74125.0
20
-1875.0
30
0
11
83875.0
21
-1875.0
31
0
0
LINE
8
interiors
10
74125.0
20
5875.0
30
0
11
83875.0
21
5875.0
31
0
0
LINE
8
interiors
10
77845.0
20
-2120.0
30
0
11
77845.0
21
-1880.0
31
0
0
LINE
8
interiors
10
77915.0
20
-2120.0
30
0
11
77915.0
21
-1880.0
31
0
0
LINE
8
interiors
10
77845.0
20
-2120.0
30
0
11
77915.0
21
-2120.0
31
0
0
LINE
8
interiors
10
77845.0
20
-1880.0
30
0
11
77915.0
21
-1880.0
31
0
0
LINE
8
interiors
10
80085.0
20
-2120.0
30
0
11
80085.0
21
-1880.0
31
0
0
LINE
8
interiors
10
80155.0
20
-2120.0
30
0
11
80155.0
21
-1880.0
31
0
0
LINE
8
interiors
10
80085.0
20
-2120.0
30
0
11
80155.0
21
-2120.0
31
0
0
LINE
8
interiors
10
80085.0
20
-1880.0
30
0
11
80155.0
21
-1880.0
31
0
0
LINE
8
interiors
10
77850.0
20
-2120.0
30
0
11
77850.0
21
-1880.0
31
0
0
LINE
8
interiors
10
80150.0
20
-2120.0
30
0
11
80150.0
21
-1880.0
31
0
0
LINE
8
interiors
10
77850.0
20
-2120.0
30
0
11
80150.0
21
-2120.0
31
0
0
LINE
8
interiors
10
77850.0
20
-1880.0
30
0
11
80150.0
21
-1880.0
31
0
0
LINE
8
interiors
10
77930.39
20
-1909.51
30
0
11
77889.61
21
-1890.49
31
0
0
LINE
8
interiors
10
78386.82
20
-930.7
30
0
11
78346.04
21
-911.68
31
0
0
LINE
8
interiors
10
77930.39
20
-1909.51
30
0
11
78386.82
21
-930.7
31
0
0
LINE
8
interiors
10
77889.61
20
-1890.49
30
0
11
78346.04
21
-911.68
31
0
0
LINE
8
interiors
10
75205.0
20
3100.0
30
0
11
75205.0
21
4100.0
31
0
0
LINE
8
interiors
10
75295.0
20
3100.0
30
0
11
75295.0
21
4100.0
31
0
0
LINE
8
interiors
10
75205.0
20
3100.0
30
0
11
75295.0
21
3100.0
31
0
0
LINE
8
interiors
10
75205.0
20
4100.0
30
0
11
75295.0
21
4100.0
31
0
0
LINE
8
interiors
10
77705.0
20
3100.0
30
0
11
77705.0
21
4100.0
31
0
0
LINE
8
interiors
10
77795.0
20
3100.0
30
0
11
77795.0
21
4100.0
31
0
0
LINE
8
interiors
10
77705.0
20
3100.0
30
0
11
77795.0
21
3100.0
31
0
0
LINE
8
interiors
10
77705.0
20
4100.0
30
0
11
77795.0
21
4100.0
31
0
0
LINE
8
interiors
10
75200.0
20
3100.0
30
0
11
75200.0
21
4100.0
31
0
0
LINE
8
interiors
10
77800.0
20
3100.0
30
0
11
77800.0
21
4100.0
31
0
0
LINE
8
interiors
10
75200.0
20
3100.0
30
0
11
77800.0
21
3100.0
31
0
0
LINE
8
interiors
10
75200.0
20
4100.0
30
0
11
77800.0
21
4100.0
31
0
0
LINE
8
interiors
10
80205.0
20
3100.0
30
0
11
80205.0
21
4100.0
31
0
0
LINE
8
interiors
10
80295.0
20
3100.0
30
0
11
80295.0
21
4100.0
31
0
0
LINE
8
interiors
10
80205.0
20
3100.0
30
0
11
80295.0
21
3100.0
31
0
0
LINE
8
interiors
10
80205.0
20
4100.0
30
0
11
80295.0
21
4100.0
31
0
0
LINE
8
interiors
10
82705.0
20
3100.0
30
0
11
82705.0
21
4100.0
31
0
0
LINE
8
interiors
10
82795.0
20
3100.0
30
0
11
82795.0
21
4100.0
31
0
0
LINE
8
interiors
10
82705.0
20
3100.0
30
0
11
82795.0
21
3100.0
31
0
0
LINE
8
interiors
10
82705.0
20
4100.0
30
0
11
82795.0
21
4100.0
31
0
0
LINE
8
interiors
10
80200.0
20
3100.0
30
0
11
80200.0
21
4100.0
31
0
0
LINE
8
interiors
10
82800.0
20
3100.0
30
0
11
82800.0
21
4100.0
31
0
0
LINE
8
interiors
10
80200.0
20
3100.0
30
0
11
82800.0
21
3100.0
31
0
0
LINE
8
interiors
10
80200.0
20
4100.0
30
0
11
82800.0
21
4100.0
31
0
0
LINE
8
interiors
10
78600.0
20
-100.0
30
0
11
78600.0
21
900.0
31
0
0
LINE
8
interiors
10
79400.0
20
-100.0
30
0
11
79400.0
21
900.0
31
0
0
LINE
8
interiors
10
78600.0
20
-100.0
30
0
11
79400.0
21
-100.0
31
0
0
LINE
8
interiors
10
78600.0
20
900.0
30
0
11
79400.0
21
900.0
31
0
0
LINE
8
interiors
10
78690.0
20
-117.5
30
0
11
78690.0
21
-92.5
31
0
0
LINE
8
interiors
10
79310.0
20
-117.5
30
0
11
79310.0
21
-92.5
31
0
0
LINE
8
interiors
10
78690.0
20
-117.5
30
0
11
79310.0
21
-117.5
31
0
0
LINE
8
interiors
10
78690.0
20
-92.5
30
0
11
79310.0
21
-92.5
31
0
0
LINE
8
electrical
10
83275.0
20
-1925.0
30
0
11
83275.0
21
-1675.0
31
0
0
LINE
8
electrical
10
83825.0
20
-1925.0
30
0
11
83825.0
21
-1675.0
31
0
0
LINE
8
electrical
10
83275.0
20
-1925.0
30
0
11
83825.0
21
-1925.0
31
0
0
LINE
8
electrical
10
83275.0
20
-1675.0
30
0
11
83825.0
21
-1675.0
31
0
0
LINE
8
electrical
10
83315.0
20
-1952.5
30
0
11
83315.0
21
-1917.5
31
0
0
LINE
8
electrical
10
83785.0
20
-1952.5
30
0
11
83785.0
21
-1917.5
31
0
0
LINE
8
electrical
10
83315.0
20
-1952.5
30
0
11
83785.0
21
-1952.5
31
0
0
LINE
8
electrical
10
83315.0
20
-1917.5
30
0
11
83785.0
21
-1917.5
31
0
0
LINE
8
electrical
10
83362.5
20
-1990.0
30
0
11
83362.5
21
-1950.0
31
0
0
LINE
8
electrical
10
83462.5
20
-1990.0
30
0
11
83462.5
21
-1950.0
31
0
0
LINE
8
electrical
10
83362.5
20
-1990.0
30
0
11
83462.5
21
-1990.0
31
0
0
LINE
8
electrical
10
83362.5
20
-1950.0
30
0
11
83462.5
21
-1950.0
31
0
0
LINE
8
electrical
10
83500.0
20
-1990.0
30
0
11
83500.0
21
-1950.0
31
0
0
LINE
8
electrical
10
83600.0
20
-1990.0
30
0
11
83600.0
21
-1950.0
31
0
0
LINE
8
electrical
10
83500.0
20
-1990.0
30
0
11
83600.0
21
-1990.0
31
0
0
LINE
8
electrical
10
83500.0
20
-1950.0
30
0
11
83600.0
21
-1950.0
31
0
0
LINE
8
electrical
10
83637.5
20
-1990.0
30
0
11
83637.5
21
-1950.0
31
0
0
LINE
8
electrical
10
83737.5
20
-1990.0
30
0
11
83737.5
21
-1950.0
31
0
0
LINE
8
electrical
10
83637.5
20
-1990.0
30
0
11
83737.5
21
-1990.0
31
0
0
LINE
8
electrical
10
83637.5
20
-1950.0
30
0
11
83737.5
21
-1950.0
31
0
0
LINE
8
electrical
10
83412.5
20
-2005.0
30
0
11
83435.88
21
-2005.0
31
0
0
LINE
8
electrical
10
83435.88
20
-2005.0
30
0
11
83389.12
21
-2005.0
31
0
0
LINE
8
electrical
10
83389.12
20
-2005.0
30
0
11
83412.5
21
-2005.0
31
0
0
LINE
8
electrical
10
83412.5
20
-1980.0
30
0
11
83412.5
21
-2005.0
31
0
0
LINE
8
electrical
10
83412.5
20
-1980.0
30
0
11
83435.88
21
-1980.0
31
0
0
LINE
8
electrical
10
83435.88
20
-1980.0
30
0
11
83389.12
21
-1980.0
31
0
0
LINE
8
electrical
10
83389.12
20
-1980.0
30
0
11
83412.5
21
-1980.0
31
0
0
LINE
8
electrical
10
83550.0
20
-2005.0
30
0
11
83573.38
21
-2005.0
31
0
0
LINE
8
electrical
10
83573.38
20
-2005.0
30
0
11
83526.62
21
-2005.0
31
0
0
LINE
8
electrical
10
83526.62
20
-2005.0
30
0
11
83550.0
21
-2005.0
31
0
0
LINE
8
electrical
10
83550.0
20
-1980.0
30
0
11
83550.0
21
-2005.0
31
0
0
LINE
8
electrical
10
83550.0
20
-1980.0
30
0
11
83573.38
21
-1980.0
31
0
0
LINE
8
electrical
10
83573.38
20
-1980.0
30
0
11
83526.62
21
-1980.0
31
0
0
LINE
8
electrical
10
83526.62
20
-1980.0
30
0
11
83550.0
21
-1980.0
31
0
0
LINE
8
electrical
10
83687.5
20
-2005.0
30
0
11
83710.88
21
-2005.0
31
0
0
LINE
8
electrical
10
83710.88
20
-2005.0
30
0
11
83664.12
21
-2005.0
31
0
0
LINE
8
electrical
10
83664.12
20
-2005.0
30
0
11
83687.5
21
-2005.0
31
0
0
LINE
8
electrical
10
83687.5
20
-1980.0
30
0
11
83687.5
21
-2005.0
31
0
0
LINE
8
electrical
10
83687.5
20
-1980.0
30
0
11
83710.88
21
-1980.0
31
0
0
LINE
8
electrical
10
83710.88
20
-1980.0
30
0
11
83664.12
21
-1980.0
31
0
0
LINE
8
electrical
10
83664.12
20
-1980.0
30
0
11
83687.5
21
-1980.0
31
0
0
LINE
8
electrical
10
83550.0
20
-1800.0
30
0
11
83565.59
21
-1800.0
31
0
0
LINE
8
electrical
10
83565.59
20
-1800.0
30
0
11
83534.41
21
-1800.0
31
0
0
LINE
8
electrical
10
83534.41
20
-1800.0
30
0
11
83550.0
21
-1800.0
31
0
0
LINE
8
electrical
10
83550.0
20
-34800.0
30
0
11
83550.0
21
-1800.0
31
0
0
LINE
8
electrical
10
83550.0
20
-34800.0
30
0
11
83565.59
21
-34800.0
31
0
0
LINE
8
electrical
10
83565.59
20
-34800.0
30
0
11
83534.41
21
-34800.0
31
0
0
LINE
8
electrical
10
83534.41
20
-34800.0
30
0
11
83550.0
21
-34800.0
31
0
0
LINE
8
electrical
10
83532.0
20
-1800.0
30
0
11
83559.0
21
-1784.41
31
0
0
LINE
8
electrical
10
83559.0
20
-1784.41
30
0
11
83559.0
21
-1815.59
31
0
0
LINE
8
electrical
10
83559.0
20
-1815.59
30
0
11
83532.0
21
-1800.0
31
0
0
LINE
8
electrical
10
83550.0
20
-1800.0
30
0
11
83569.44
21
-1800.0
31
0
0
LINE
8
electrical
10
83569.44
20
-1800.0
30
0
11
83550.0
21
-1800.0
31
0
0
LINE
8
lighting
10
75080.0
20
-1040.0
30
0
11
75080.0
21
-400.0
31
0
0
LINE
8
lighting
10
75720.0
20
-1040.0
30
0
11
75720.0
21
-400.0
31
0
0
LINE
8
lighting
10
75080.0
20
-1040.0
30
0
11
75720.0
21
-1040.0
31
0
0
LINE
8
lighting
10
75080.0
20
-400.0
30
0
11
75720.0
21
-400.0
31
0
0
LINE
8
lighting
10
75120.0
20
-1000.0
30
0
11
75120.0
21
-440.0
31
0
0
LINE
8
lighting
10
75680.0
20
-1000.0
30
0
11
75680.0
21
-440.0
31
0
0
LINE
8
lighting
10
75120.0
20
-1000.0
30
0
11
75680.0
21
-1000.0
31
0
0
LINE
8
lighting
10
75120.0
20
-440.0
30
0
11
75680.0
21
-440.0
31
0
0
LINE
8
lighting
10
75154.0
20
-990.0
30
0
11
75154.0
21
-450.0
31
0
0
LINE
8
lighting
10
75166.0
20
-990.0
30
0
11
75166.0
21
-450.0
31
0
0
LINE
8
lighting
10
75154.0
20
-990.0
30
0
11
75166.0
21
-990.0
31
0
0
LINE
8
lighting
10
75154.0
20
-450.0
30
0
11
75166.0
21
-450.0
31
0
0
LINE
8
lighting
10
75234.0
20
-990.0
30
0
11
75234.0
21
-450.0
31
0
0
LINE
8
lighting
10
75246.0
20
-990.0
30
0
11
75246.0
21
-450.0
31
0
0
LINE
8
lighting
10
75234.0
20
-990.0
30
0
11
75246.0
21
-990.0
31
0
0
LINE
8
lighting
10
75234.0
20
-450.0
30
0
11
75246.0
21
-450.0
31
0
0
LINE
8
lighting
10
75314.0
20
-990.0
30
0
11
75314.0
21
-450.0
31
0
0
LINE
8
lighting
10
75326.0
20
-990.0
30
0
11
75326.0
21
-450.0
31
0
0
LINE
8
lighting
10
75314.0
20
-990.0
30
0
11
75326.0
21
-990.0
31
0
0
LINE
8
lighting
10
75314.0
20
-450.0
30
0
11
75326.0
21
-450.0
31
0
0
LINE
8
lighting
10
75394.0
20
-990.0
30
0
11
75394.0
21
-450.0
31
0
0
LINE
8
lighting
10
75406.0
20
-990.0
30
0
11
75406.0
21
-450.0
31
0
0
LINE
8
lighting
10
75394.0
20
-990.0
30
0
11
75406.0
21
-990.0
31
0
0
LINE
8
lighting
10
75394.0
20
-450.0
30
0
11
75406.0
21
-450.0
31
0
0
LINE
8
lighting
10
75474.0
20
-990.0
30
0
11
75474.0
21
-450.0
31
0
0
LINE
8
lighting
10
75486.0
20
-990.0
30
0
11
75486.0
21
-450.0
31
0
0
LINE
8
lighting
10
75474.0
20
-990.0
30
0
11
75486.0
21
-990.0
31
0
0
LINE
8
lighting
10
75474.0
20
-450.0
30
0
11
75486.0
21
-450.0
31
0
0
LINE
8
lighting
10
75554.0
20
-990.0
30
0
11
75554.0
21
-450.0
31
0
0
LINE
8
lighting
10
75566.0
20
-990.0
30
0
11
75566.0
21
-450.0
31
0
0
LINE
8
lighting
10
75554.0
20
-990.0
30
0
11
75566.0
21
-990.0
31
0
0
LINE
8
lighting
10
75554.0
20
-450.0
30
0
11
75566.0
21
-450.0
31
0
0
LINE
8
lighting
10
75634.0
20
-990.0
30
0
11
75634.0
21
-450.0
31
0
0
LINE
8
lighting
10
75646.0
20
-990.0
30
0
11
75646.0
21
-450.0
31
0
0
LINE
8
lighting
10
75634.0
20
-990.0
30
0
11
75646.0
21
-990.0
31
0
0
LINE
8
lighting
10
75634.0
20
-450.0
30
0
11
75646.0
21
-450.0
31
0
0
LINE
8
lighting
10
75409.0
20
-720.0
30
0
11
75395.5
21
-712.21
31
0
0
LINE
8
lighting
10
75395.5
20
-712.21
30
0
11
75395.5
21
-727.79
31
0
0
LINE
8
lighting
10
75395.5
20
-727.79
30
0
11
75409.0
21
-720.0
31
0
0
LINE
8
lighting
10
82280.0
20
-1040.0
30
0
11
82280.0
21
-400.0
31
0
0
LINE
8
lighting
10
82920.0
20
-1040.0
30
0
11
82920.0
21
-400.0
31
0
0
LINE
8
lighting
10
82280.0
20
-1040.0
30
0
11
82920.0
21
-1040.0
31
0
0
LINE
8
lighting
10
82280.0
20
-400.0
30
0
11
82920.0
21
-400.0
31
0
0
LINE
8
lighting
10
82320.0
20
-1000.0
30
0
11
82320.0
21
-440.0
31
0
0
LINE
8
lighting
10
82880.0
20
-1000.0
30
0
11
82880.0
21
-440.0
31
0
0
LINE
8
lighting
10
82320.0
20
-1000.0
30
0
11
82880.0
21
-1000.0
31
0
0
LINE
8
lighting
10
82320.0
20
-440.0
30
0
11
82880.0
21
-440.0
31
0
0
LINE
8
lighting
10
82354.0
20
-990.0
30
0
11
82354.0
21
-450.0
31
0
0
LINE
8
lighting
10
82366.0
20
-990.0
30
0
11
82366.0
21
-450.0
31
0
0
LINE
8
lighting
10
82354.0
20
-990.0
30
0
11
82366.0
21
-990.0
31
0
0
LINE
8
lighting
10
82354.0
20
-450.0
30
0
11
82366.0
21
-450.0
31
0
0
LINE
8
lighting
10
82434.0
20
-990.0
30
0
11
82434.0
21
-450.0
31
0
0
LINE
8
lighting
10
82446.0
20
-990.0
30
0
11
82446.0
21
-450.0
31
0
0
LINE
8
lighting
10
82434.0
20
-990.0
30
0
11
82446.0
21
-990.0
31
0
0
LINE
8
lighting
10
82434.0
20
-450.0
30
0
11
82446.0
21
-450.0
31
0
0
LINE
8
lighting
10
82514.0
20
-990.0
30
0
11
82514.0
21
-450.0
31
0
0
LINE
8
lighting
10
82526.0
20
-990.0
30
0
11
82526.0
21
-450.0
31
0
0
LINE
8
lighting
10
82514.0
20
-990.0
30
0
11
82526.0
21
-990.0
31
0
0
LINE
8
lighting
10
82514.0
20
-450.0
30
0
11
82526.0
21
-450.0
31
0
0
LINE
8
lighting
10
82594.0
20
-990.0
30
0
11
82594.0
21
-450.0
31
0
0
LINE
8
lighting
10
82606.0
20
-990.0
30
0
11
82606.0
21
-450.0
31
0
0
LINE
8
lighting
10
82594.0
20
-990.0
30
0
11
82606.0
21
-990.0
31
0
0
LINE
8
lighting
10
82594.0
20
-450.0
30
0
11
82606.0
21
-450.0
31
0
0
LINE
8
lighting
10
82674.0
20
-990.0
30
0
11
82674.0
21
-450.0
31
0
0
LINE
8
lighting
10
82686.0
20
-990.0
30
0
11
82686.0
21
-450.0
31
0
0
LINE
8
lighting
10
82674.0
20
-990.0
30
0
11
82686.0
21
-990.0
31
0
0
LINE
8
lighting
10
82674.0
20
-450.0
30
0
11
82686.0
21
-450.0
31
0
0
LINE
8
lighting
10
82754.0
20
-990.0
30
0
11
82754.0
21
-450.0
31
0
0
LINE
8
lighting
10
82766.0
20
-990.0
30
0
11
82766.0
21
-450.0
31
0
0
LINE
8
lighting
10
82754.0
20
-990.0
30
0
11
82766.0
21
-990.0
31
0
0
LINE
8
lighting
10
82754.0
20
-450.0
30
0
11
82766.0
21
-450.0
31
0
0
LINE
8
lighting
10
82834.0
20
-990.0
30
0
11
82834.0
21
-450.0
31
0
0
LINE
8
lighting
10
82846.0
20
-990.0
30
0
11
82846.0
21
-450.0
31
0
0
LINE
8
lighting
10
82834.0
20
-990.0
30
0
11
82846.0
21
-990.0
31
0
0
LINE
8
lighting
10
82834.0
20
-450.0
30
0
11
82846.0
21
-450.0
31
0
0
LINE
8
lighting
10
82609.0
20
-720.0
30
0
11
82595.5
21
-712.21
31
0
0
LINE
8
lighting
10
82595.5
20
-712.21
30
0
11
82595.5
21
-727.79
31
0
0
LINE
8
lighting
10
82595.5
20
-727.79
30
0
11
82609.0
21
-720.0
31
0
0
LINE
8
lighting
10
75080.0
20
4400.0
30
0
11
75080.0
21
5040.0
31
0
0
LINE
8
lighting
10
75720.0
20
4400.0
30
0
11
75720.0
21
5040.0
31
0
0
LINE
8
lighting
10
75080.0
20
4400.0
30
0
11
75720.0
21
4400.0
31
0
0
LINE
8
lighting
10
75080.0
20
5040.0
30
0
11
75720.0
21
5040.0
31
0
0
LINE
8
lighting
10
75120.0
20
4440.0
30
0
11
75120.0
21
5000.0
31
0
0
LINE
8
lighting
10
75680.0
20
4440.0
30
0
11
75680.0
21
5000.0
31
0
0
LINE
8
lighting
10
75120.0
20
4440.0
30
0
11
75680.0
21
4440.0
31
0
0
LINE
8
lighting
10
75120.0
20
5000.0
30
0
11
75680.0
21
5000.0
31
0
0
LINE
8
lighting
10
75154.0
20
4450.0
30
0
11
75154.0
21
4990.0
31
0
0
LINE
8
lighting
10
75166.0
20
4450.0
30
0
11
75166.0
21
4990.0
31
0
0
LINE
8
lighting
10
75154.0
20
4450.0
30
0
11
75166.0
21
4450.0
31
0
0
LINE
8
lighting
10
75154.0
20
4990.0
30
0
11
75166.0
21
4990.0
31
0
0
LINE
8
lighting
10
75234.0
20
4450.0
30
0
11
75234.0
21
4990.0
31
0
0
LINE
8
lighting
10
75246.0
20
4450.0
30
0
11
75246.0
21
4990.0
31
0
0
LINE
8
lighting
10
75234.0
20
4450.0
30
0
11
75246.0
21
4450.0
31
0
0
LINE
8
lighting
10
75234.0
20
4990.0
30
0
11
75246.0
21
4990.0
31
0
0
LINE
8
lighting
10
75314.0
20
4450.0
30
0
11
75314.0
21
4990.0
31
0
0
LINE
8
lighting
10
75326.0
20
4450.0
30
0
11
75326.0
21
4990.0
31
0
0
LINE
8
lighting
10
75314.0
20
4450.0
30
0
11
75326.0
21
4450.0
31
0
0
LINE
8
lighting
10
75314.0
20
4990.0
30
0
11
75326.0
21
4990.0
31
0
0
LINE
8
lighting
10
75394.0
20
4450.0
30
0
11
75394.0
21
4990.0
31
0
0
LINE
8
lighting
10
75406.0
20
4450.0
30
0
11
75406.0
21
4990.0
31
0
0
LINE
8
lighting
10
75394.0
20
4450.0
30
0
11
75406.0
21
4450.0
31
0
0
LINE
8
lighting
10
75394.0
20
4990.0
30
0
11
75406.0
21
4990.0
31
0
0
LINE
8
lighting
10
75474.0
20
4450.0
30
0
11
75474.0
21
4990.0
31
0
0
LINE
8
lighting
10
75486.0
20
4450.0
30
0
11
75486.0
21
4990.0
31
0
0
LINE
8
lighting
10
75474.0
20
4450.0
30
0
11
75486.0
21
4450.0
31
0
0
LINE
8
lighting
10
75474.0
20
4990.0
30
0
11
75486.0
21
4990.0
31
0
0
LINE
8
lighting
10
75554.0
20
4450.0
30
0
11
75554.0
21
4990.0
31
0
0
LINE
8
lighting
10
75566.0
20
4450.0
30
0
11
75566.0
21
4990.0
31
0
0
LINE
8
lighting
10
75554.0
20
4450.0
30
0
11
75566.0
21
4450.0
31
0
0
LINE
8
lighting
10
75554.0
20
4990.0
30
0
11
75566.0
21
4990.0
31
0
0
LINE
8
lighting
10
75634.0
20
4450.0
30
0
11
75634.0
21
4990.0
31
0
0
LINE
8
lighting
10
75646.0
20
4450.0
30
0
11
75646.0
21
4990.0
31
0
0
LINE
8
lighting
10
75634.0
20
4450.0
30
0
11
75646.0
21
4450.0
31
0
0
LINE
8
lighting
10
75634.0
20
4990.0
30
0
11
75646.0
21
4990.0
31
0
0
LINE
8
lighting
10
75409.0
20
4720.0
30
0
11
75395.5
21
4727.79
31
0
0
LINE
8
lighting
10
75395.5
20
4727.79
30
0
11
75395.5
21
4712.21
31
0
0
LINE
8
lighting
10
75395.5
20
4712.21
30
0
11
75409.0
21
4720.0
31
0
0
LINE
8
lighting
10
82280.0
20
4400.0
30
0
11
82280.0
21
5040.0
31
0
0
LINE
8
lighting
10
82920.0
20
4400.0
30
0
11
82920.0
21
5040.0
31
0
0
LINE
8
lighting
10
82280.0
20
4400.0
30
0
11
82920.0
21
4400.0
31
0
0
LINE
8
lighting
10
82280.0
20
5040.0
30
0
11
82920.0
21
5040.0
31
0
0
LINE
8
lighting
10
82320.0
20
4440.0
30
0
11
82320.0
21
5000.0
31
0
0
LINE
8
lighting
10
82880.0
20
4440.0
30
0
11
82880.0
21
5000.0
31
0
0
LINE
8
lighting
10
82320.0
20
4440.0
30
0
11
82880.0
21
4440.0
31
0
0
LINE
8
lighting
10
82320.0
20
5000.0
30
0
11
82880.0
21
5000.0
31
0
0
LINE
8
lighting
10
82354.0
20
4450.0
30
0
11
82354.0
21
4990.0
31
0
0
LINE
8
lighting
10
82366.0
20
4450.0
30
0
11
82366.0
21
4990.0
31
0
0
LINE
8
lighting
10
82354.0
20
4450.0
30
0
11
82366.0
21
4450.0
31
0
0
LINE
8
lighting
10
82354.0
20
4990.0
30
0
11
82366.0
21
4990.0
31
0
0
LINE
8
lighting
10
82434.0
20
4450.0
30
0
11
82434.0
21
4990.0
31
0
0
LINE
8
lighting
10
82446.0
20
4450.0
30
0
11
82446.0
21
4990.0
31
0
0
LINE
8
lighting
10
82434.0
20
4450.0
30
0
11
82446.0
21
4450.0
31
0
0
LINE
8
lighting
10
82434.0
20
4990.0
30
0
11
82446.0
21
4990.0
31
0
0
LINE
8
lighting
10
82514.0
20
4450.0
30
0
11
82514.0
21
4990.0
31
0
0
LINE
8
lighting
10
82526.0
20
4450.0
30
0
11
82526.0
21
4990.0
31
0
0
LINE
8
lighting
10
82514.0
20
4450.0
30
0
11
82526.0
21
4450.0
31
0
0
LINE
8
lighting
10
82514.0
20
4990.0
30
0
11
82526.0
21
4990.0
31
0
0
LINE
8
lighting
10
82594.0
20
4450.0
30
0
11
82594.0
21
4990.0
31
0
0
LINE
8
lighting
10
82606.0
20
4450.0
30
0
11
82606.0
21
4990.0
31
0
0
LINE
8
lighting
10
82594.0
20
4450.0
30
0
11
82606.0
21
4450.0
31
0
0
LINE
8
lighting
10
82594.0
20
4990.0
30
0
11
82606.0
21
4990.0
31
0
0
LINE
8
lighting
10
82674.0
20
4450.0
30
0
11
82674.0
21
4990.0
31
0
0
LINE
8
lighting
10
82686.0
20
4450.0
30
0
11
82686.0
21
4990.0
31
0
0
LINE
8
lighting
10
82674.0
20
4450.0
30
0
11
82686.0
21
4450.0
31
0
0
LINE
8
lighting
10
82674.0
20
4990.0
30
0
11
82686.0
21
4990.0
31
0
0
LINE
8
lighting
10
82754.0
20
4450.0
30
0
11
82754.0
21
4990.0
31
0
0
LINE
8
lighting
10
82766.0
20
4450.0
30
0
11
82766.0
21
4990.0
31
0
0
LINE
8
lighting
10
82754.0
20
4450.0
30
0
11
82766.0
21
4450.0
31
0
0
LINE
8
lighting
10
82754.0
20
4990.0
30
0
11
82766.0
21
4990.0
31
0
0
LINE
8
lighting
10
82834.0
20
4450.0
30
0
11
82834.0
21
4990.0
31
0
0
LINE
8
lighting
10
82846.0
20
4450.0
30
0
11
82846.0
21
4990.0
31
0
0
LINE
8
lighting
10
82834.0
20
4450.0
30
0
11
82846.0
21
4450.0
31
0
0
LINE
8
lighting
10
82834.0
20
4990.0
30
0
11
82846.0
21
4990.0
31
0
0
LINE
8
lighting
10
82609.0
20
4720.0
30
0
11
82595.5
21
4727.79
31
0
0
LINE
8
lighting
10
82595.5
20
4727.79
30
0
11
82595.5
21
4712.21
31
0
0
LINE
8
lighting
10
82595.5
20
4712.21
30
0
11
82609.0
21
4720.0
31
0
0
LINE
8
electrical
10
75400.0
20
-920.0
30
0
11
75400.0
21
-927.79
31
0
0
LINE
8
electrical
10
75400.0
20
-927.79
30
0
11
75400.0
21
-912.21
31
0
0
LINE
8
electrical
10
75400.0
20
-912.21
30
0
11
75400.0
21
-920.0
31
0
0
LINE
8
electrical
10
83550.0
20
-920.0
30
0
11
75400.0
21
-920.0
31
0
0
LINE
8
electrical
10
83550.0
20
-920.0
30
0
11
83550.0
21
-927.79
31
0
0
LINE
8
electrical
10
83550.0
20
-927.79
30
0
11
83550.0
21
-912.21
31
0
0
LINE
8
electrical
10
83550.0
20
-912.21
30
0
11
83550.0
21
-920.0
31
0
0
LINE
8
electrical
10
75400.0
20
4720.0
30
0
11
75407.79
21
4720.0
31
0
0
LINE
8
electrical
10
75407.79
20
4720.0
30
0
11
75392.21
21
4720.0
31
0
0
LINE
8
electrical
10
75392.21
20
4720.0
30
0
11
75400.0
21
4720.0
31
0
0
LINE
8
electrical
10
75400.0
20
-920.0
30
0
11
75400.0
21
4720.0
31
0
0
LINE
8
electrical
10
75400.0
20
-920.0
30
0
11
75407.79
21
-920.0
31
0
0
LINE
8
electrical
10
75407.79
20
-920.0
30
0
11
75392.21
21
-920.0
31
0
0
LINE
8
electrical
10
75392.21
20
-920.0
30
0
11
75400.0
21
-920.0
31
0
0
LINE
8
electrical
10
82600.0
20
4720.0
30
0
11
82607.79
21
4720.0
31
0
0
LINE
8
electrical
10
82607.79
20
4720.0
30
0
11
82592.21
21
4720.0
31
0
0
LINE
8
electrical
10
82592.21
20
4720.0
30
0
11
82600.0
21
4720.0
31
0
0
LINE
8
electrical
10
82600.0
20
-920.0
30
0
11
82600.0
21
4720.0
31
0
0
LINE
8
electrical
10
82600.0
20
-920.0
30
0
11
82607.79
21
-920.0
31
0
0
LINE
8
electrical
10
82607.79
20
-920.0
30
0
11
82592.21
21
-920.0
31
0
0
LINE
8
electrical
10
82592.21
20
-920.0
30
0
11
82600.0
21
-920.0
31
0
0
LINE
8
electrical
10
83563.0
20
-1800.0
30
0
11
83543.5
21
-1788.74
31
0
0
LINE
8
electrical
10
83543.5
20
-1788.74
30
0
11
83543.5
21
-1811.26
31
0
0
LINE
8
electrical
10
83543.5
20
-1811.26
30
0
11
83563.0
21
-1800.0
31
0
0
LINE
8
electrical
10
82491.65
20
-929.96
30
0
11
82504.18
21
-915.02
31
0
0
LINE
8
electrical
10
82504.18
20
-915.02
30
0
11
82504.18
21
-915.02
31
0
0
LINE
8
electrical
10
82504.18
20
-915.02
30
0
11
82491.65
21
-929.96
31
0
0
LINE
8
electrical
10
83541.65
20
-1809.96
30
0
11
82491.65
21
-929.96
31
0
0
LINE
8
electrical
10
83541.65
20
-1809.96
30
0
11
83554.18
21
-1795.02
31
0
0
LINE
8
electrical
10
83554.18
20
-1795.02
30
0
11
83554.18
21
-1795.02
31
0
0
LINE
8
electrical
10
83554.18
20
-1795.02
30
0
11
83541.65
21
-1809.96
31
0
0
LINE
8
electrical
10
75500.0
20
-920.0
30
0
11
75500.0
21
-931.26
31
0
0
LINE
8
electrical
10
75500.0
20
-931.26
30
0
11
75500.0
21
-908.74
31
0
0
LINE
8
electrical
10
75500.0
20
-908.74
30
0
11
75500.0
21
-920.0
31
0
0
LINE
8
electrical
10
82500.0
20
-920.0
30
0
11
75500.0
21
-920.0
31
0
0
LINE
8
electrical
10
82500.0
20
-920.0
30
0
11
82500.0
21
-931.26
31
0
0
LINE
8
electrical
10
82500.0
20
-931.26
30
0
11
82500.0
21
-908.74
31
0
0
LINE
8
electrical
10
82500.0
20
-908.74
30
0
11
82500.0
21
-920.0
31
0
0
LINE
8
electrical
10
83550.0
20
-1800.0
30
0
11
83564.04
21
-1800.0
31
0
0
LINE
8
electrical
10
83564.04
20
-1800.0
30
0
11
83550.0
21
-1800.0
31
0
0
LINE
8
electrical
10
82500.0
20
-920.0
30
0
11
82514.04
21
-920.0
31
0
0
LINE
8
electrical
10
82514.04
20
-920.0
30
0
11
82500.0
21
-920.0
31
0
0
LINE
8
electrical
10
83563.0
20
-1800.0
30
0
11
83543.5
21
-1788.74
31
0
0
LINE
8
electrical
10
83543.5
20
-1788.74
30
0
11
83543.5
21
-1811.26
31
0
0
LINE
8
electrical
10
83543.5
20
-1811.26
30
0
11
83563.0
21
-1800.0
31
0
0
LINE
8
electrical
10
82491.03
20
-809.41
30
0
11
82504.48
21
-795.29
31
0
0
LINE
8
electrical
10
82504.48
20
-795.29
30
0
11
82504.48
21
-795.29
31
0
0
LINE
8
electrical
10
82504.48
20
-795.29
30
0
11
82491.03
21
-809.41
31
0
0
LINE
8
electrical
10
83541.03
20
-1809.41
30
0
11
82491.03
21
-809.41
31
0
0
LINE
8
electrical
10
83541.03
20
-1809.41
30
0
11
83554.48
21
-1795.29
31
0
0
LINE
8
electrical
10
83554.48
20
-1795.29
30
0
11
83554.48
21
-1795.29
31
0
0
LINE
8
electrical
10
83554.48
20
-1795.29
30
0
11
83541.03
21
-1809.41
31
0
0
LINE
8
electrical
10
75500.0
20
-800.0
30
0
11
75500.0
21
-811.26
31
0
0
LINE
8
electrical
10
75500.0
20
-811.26
30
0
11
75500.0
21
-788.74
31
0
0
LINE
8
electrical
10
75500.0
20
-788.74
30
0
11
75500.0
21
-800.0
31
0
0
LINE
8
electrical
10
82500.0
20
-800.0
30
0
11
75500.0
21
-800.0
31
0
0
LINE
8
electrical
10
82500.0
20
-800.0
30
0
11
82500.0
21
-811.26
31
0
0
LINE
8
electrical
10
82500.0
20
-811.26
30
0
11
82500.0
21
-788.74
31
0
0
LINE
8
electrical
10
82500.0
20
-788.74
30
0
11
82500.0
21
-800.0
31
0
0
LINE
8
electrical
10
83550.0
20
-1800.0
30
0
11
83564.04
21
-1800.0
31
0
0
LINE
8
electrical
10
83564.04
20
-1800.0
30
0
11
83550.0
21
-1800.0
31
0
0
LINE
8
electrical
10
82500.0
20
-800.0
30
0
11
82514.04
21
-800.0
31
0
0
LINE
8
electrical
10
82514.04
20
-800.0
30
0
11
82500.0
21
-800.0
31
0
0
LINE
8
electrical
10
83563.0
20
-1800.0
30
0
11
83543.5
21
-1788.74
31
0
0
LINE
8
electrical
10
83543.5
20
-1788.74
30
0
11
83543.5
21
-1811.26
31
0
0
LINE
8
electrical
10
83543.5
20
-1811.26
30
0
11
83563.0
21
-1800.0
31
0
0
LINE
8
electrical
10
82509.48
20
-671.11
30
0
11
82495.26
21
-684.45
31
0
0
LINE
8
electrical
10
82495.26
20
-684.45
30
0
11
82495.26
21
-684.45
31
0
0
LINE
8
electrical
10
82495.26
20
-684.45
30
0
11
82509.48
21
-671.11
31
0
0
LINE
8
electrical
10
83559.48
20
-1791.11
30
0
11
82509.48
21
-671.11
31
0
0
LINE
8
electrical
10
83559.48
20
-1791.11
30
0
11
83545.26
21
-1804.45
31
0
0
LINE
8
electrical
10
83545.26
20
-1804.45
30
0
11
83545.26
21
-1804.45
31
0
0
LINE
8
electrical
10
83545.26
20
-1804.45
30
0
11
83559.48
21
-1791.11
31
0
0
LINE
8
electrical
10
75500.0
20
-680.0
30
0
11
75500.0
21
-691.26
31
0
0
LINE
8
electrical
10
75500.0
20
-691.26
30
0
11
75500.0
21
-668.74
31
0
0
LINE
8
electrical
10
75500.0
20
-668.74
30
0
11
75500.0
21
-680.0
31
0
0
LINE
8
electrical
10
82500.0
20
-680.0
30
0
11
75500.0
21
-680.0
31
0
0
LINE
8
electrical
10
82500.0
20
-680.0
30
0
11
82500.0
21
-691.26
31
0
0
LINE
8
electrical
10
82500.0
20
-691.26
30
0
11
82500.0
21
-668.74
31
0
0
LINE
8
electrical
10
82500.0
20
-668.74
30
0
11
82500.0
21
-680.0
31
0
0
LINE
8
electrical
10
83550.0
20
-1800.0
30
0
11
83564.04
21
-1800.0
31
0
0
LINE
8
electrical
10
83564.04
20
-1800.0
30
0
11
83550.0
21
-1800.0
31
0
0
LINE
8
electrical
10
82500.0
20
-680.0
30
0
11
82514.04
21
-680.0
31
0
0
LINE
8
electrical
10
82514.04
20
-680.0
30
0
11
82500.0
21
-680.0
31
0
0
LINE
8
electrical
10
75935.0
20
-1850.0
30
0
11
75935.0
21
-1790.0
31
0
0
LINE
8
electrical
10
76065.0
20
-1850.0
30
0
11
76065.0
21
-1790.0
31
0
0
LINE
8
electrical
10
75935.0
20
-1850.0
30
0
11
76065.0
21
-1850.0
31
0
0
LINE
8
electrical
10
75935.0
20
-1790.0
30
0
11
76065.0
21
-1790.0
31
0
0
LINE
8
electrical
10
76009.0
20
-1820.0
30
0
11
75995.5
21
-1812.21
31
0
0
LINE
8
electrical
10
75995.5
20
-1812.21
30
0
11
75995.5
21
-1827.79
31
0
0
LINE
8
electrical
10
75995.5
20
-1827.79
30
0
11
76009.0
21
-1820.0
31
0
0
LINE
8
electrical
10
83550.0
20
-1820.0
30
0
11
83550.0
21
-1827.79
31
0
0
LINE
8
electrical
10
83550.0
20
-1827.79
30
0
11
83550.0
21
-1812.21
31
0
0
LINE
8
electrical
10
83550.0
20
-1812.21
30
0
11
83550.0
21
-1820.0
31
0
0
LINE
8
electrical
10
76000.0
20
-1820.0
30
0
11
83550.0
21
-1820.0
31
0
0
LINE
8
electrical
10
76000.0
20
-1820.0
30
0
11
76000.0
21
-1827.79
31
0
0
LINE
8
electrical
10
76000.0
20
-1827.79
30
0
11
76000.0
21
-1812.21
31
0
0
LINE
8
electrical
10
76000.0
20
-1812.21
30
0
11
76000.0
21
-1820.0
31
0
0
LINE
8
electrical
10
76000.0
20
-1820.0
30
0
11
76009.72
21
-1820.0
31
0
0
LINE
8
electrical
10
76009.72
20
-1820.0
30
0
11
76000.0
21
-1820.0
31
0
0
LINE
8
electrical
10
81935.0
20
-1850.0
30
0
11
81935.0
21
-1790.0
31
0
0
LINE
8
electrical
10
82065.0
20
-1850.0
30
0
11
82065.0
21
-1790.0
31
0
0
LINE
8
electrical
10
81935.0
20
-1850.0
30
0
11
82065.0
21
-1850.0
31
0
0
LINE
8
electrical
10
81935.0
20
-1790.0
30
0
11
82065.0
21
-1790.0
31
0
0
LINE
8
electrical
10
82009.0
20
-1820.0
30
0
11
81995.5
21
-1812.21
31
0
0
LINE
8
electrical
10
81995.5
20
-1812.21
30
0
11
81995.5
21
-1827.79
31
0
0
LINE
8
electrical
10
81995.5
20
-1827.79
30
0
11
82009.0
21
-1820.0
31
0
0
LINE
8
electrical
10
83550.0
20
-1820.0
30
0
11
83550.0
21
-1827.79
31
0
0
LINE
8
electrical
10
83550.0
20
-1827.79
30
0
11
83550.0
21
-1812.21
31
0
0
LINE
8
electrical
10
83550.0
20
-1812.21
30
0
11
83550.0
21
-1820.0
31
0
0
LINE
8
electrical
10
82000.0
20
-1820.0
30
0
11
83550.0
21
-1820.0
31
0
0
LINE
8
electrical
10
82000.0
20
-1820.0
30
0
11
82000.0
21
-1827.79
31
0
0
LINE
8
electrical
10
82000.0
20
-1827.79
30
0
11
82000.0
21
-1812.21
31
0
0
LINE
8
electrical
10
82000.0
20
-1812.21
30
0
11
82000.0
21
-1820.0
31
0
0
LINE
8
electrical
10
82000.0
20
-1820.0
30
0
11
82009.72
21
-1820.0
31
0
0
LINE
8
electrical
10
82009.72
20
-1820.0
30
0
11
82000.0
21
-1820.0
31
0
0
LINE
8
hvac
10
74475.0
20
-1275.0
30
0
11
74475.0
21
-525.0
31
0
0
LINE
8
hvac
10
76125.0
20
-1275.0
30
0
11
76125.0
21
-525.0
31
0
0
LINE
8
hvac
10
74475.0
20
-1275.0
30
0
11
76125.0
21
-1275.0
31
0
0
LINE
8
hvac
10
74475.0
20
-525.0
30
0
11
76125.0
21
-525.0
31
0
0
LINE
8
hvac
10
74575.0
20
-1320.0
30
0
11
74575.0
21
-1280.0
31
0
0
LINE
8
hvac
10
76025.0
20
-1320.0
30
0
11
76025.0
21
-1280.0
31
0
0
LINE
8
hvac
10
74575.0
20
-1320.0
30
0
11
76025.0
21
-1320.0
31
0
0
LINE
8
hvac
10
74575.0
20
-1280.0
30
0
11
76025.0
21
-1280.0
31
0
0
LINE
8
hvac
10
74640.0
20
-1360.0
30
0
11
74640.0
21
-1300.0
31
0
0
LINE
8
hvac
10
74680.0
20
-1360.0
30
0
11
74680.0
21
-1300.0
31
0
0
LINE
8
hvac
10
74640.0
20
-1360.0
30
0
11
74680.0
21
-1360.0
31
0
0
LINE
8
hvac
10
74640.0
20
-1300.0
30
0
11
74680.0
21
-1300.0
31
0
0
LINE
8
hvac
10
74800.0
20
-1360.0
30
0
11
74800.0
21
-1300.0
31
0
0
LINE
8
hvac
10
74840.0
20
-1360.0
30
0
11
74840.0
21
-1300.0
31
0
0
LINE
8
hvac
10
74800.0
20
-1360.0
30
0
11
74840.0
21
-1360.0
31
0
0
LINE
8
hvac
10
74800.0
20
-1300.0
30
0
11
74840.0
21
-1300.0
31
0
0
LINE
8
hvac
10
74960.0
20
-1360.0
30
0
11
74960.0
21
-1300.0
31
0
0
LINE
8
hvac
10
75000.0
20
-1360.0
30
0
11
75000.0
21
-1300.0
31
0
0
LINE
8
hvac
10
74960.0
20
-1360.0
30
0
11
75000.0
21
-1360.0
31
0
0
LINE
8
hvac
10
74960.0
20
-1300.0
30
0
11
75000.0
21
-1300.0
31
0
0
LINE
8
hvac
10
75120.0
20
-1360.0
30
0
11
75120.0
21
-1300.0
31
0
0
LINE
8
hvac
10
75160.0
20
-1360.0
30
0
11
75160.0
21
-1300.0
31
0
0
LINE
8
hvac
10
75120.0
20
-1360.0
30
0
11
75160.0
21
-1360.0
31
0
0
LINE
8
hvac
10
75120.0
20
-1300.0
30
0
11
75160.0
21
-1300.0
31
0
0
LINE
8
hvac
10
75280.0
20
-1360.0
30
0
11
75280.0
21
-1300.0
31
0
0
LINE
8
hvac
10
75320.0
20
-1360.0
30
0
11
75320.0
21
-1300.0
31
0
0
LINE
8
hvac
10
75280.0
20
-1360.0
30
0
11
75320.0
21
-1360.0
31
0
0
LINE
8
hvac
10
75280.0
20
-1300.0
30
0
11
75320.0
21
-1300.0
31
0
0
LINE
8
hvac
10
75440.0
20
-1360.0
30
0
11
75440.0
21
-1300.0
31
0
0
LINE
8
hvac
10
75480.0
20
-1360.0
30
0
11
75480.0
21
-1300.0
31
0
0
LINE
8
hvac
10
75440.0
20
-1360.0
30
0
11
75480.0
21
-1360.0
31
0
0
LINE
8
hvac
10
75440.0
20
-1300.0
30
0
11
75480.0
21
-1300.0
31
0
0
LINE
8
hvac
10
75600.0
20
-1360.0
30
0
11
75600.0
21
-1300.0
31
0
0
LINE
8
hvac
10
75640.0
20
-1360.0
30
0
11
75640.0
21
-1300.0
31
0
0
LINE
8
hvac
10
75600.0
20
-1360.0
30
0
11
75640.0
21
-1360.0
31
0
0
LINE
8
hvac
10
75600.0
20
-1300.0
30
0
11
75640.0
21
-1300.0
31
0
0
LINE
8
hvac
10
75760.0
20
-1360.0
30
0
11
75760.0
21
-1300.0
31
0
0
LINE
8
hvac
10
75800.0
20
-1360.0
30
0
11
75800.0
21
-1300.0
31
0
0
LINE
8
hvac
10
75760.0
20
-1360.0
30
0
11
75800.0
21
-1360.0
31
0
0
LINE
8
hvac
10
75760.0
20
-1300.0
30
0
11
75800.0
21
-1300.0
31
0
0
LINE
8
hvac
10
75920.0
20
-1360.0
30
0
11
75920.0
21
-1300.0
31
0
0
LINE
8
hvac
10
75960.0
20
-1360.0
30
0
11
75960.0
21
-1300.0
31
0
0
LINE
8
hvac
10
75920.0
20
-1360.0
30
0
11
75960.0
21
-1360.0
31
0
0
LINE
8
hvac
10
75920.0
20
-1300.0
30
0
11
75960.0
21
-1300.0
31
0
0
LINE
8
hvac
10
75075.0
20
-1125.0
30
0
11
75075.0
21
-675.0
31
0
0
LINE
8
hvac
10
75525.0
20
-1125.0
30
0
11
75525.0
21
-675.0
31
0
0
LINE
8
hvac
10
75075.0
20
-1125.0
30
0
11
75525.0
21
-1125.0
31
0
0
LINE
8
hvac
10
75075.0
20
-675.0
30
0
11
75525.0
21
-675.0
31
0
0
LINE
8
hvac
10
75500.0
20
1825.0
30
0
11
75500.0
21
2175.0
31
0
0
LINE
8
hvac
10
82500.0
20
1825.0
30
0
11
82500.0
21
2175.0
31
0
0
LINE
8
hvac
10
75500.0
20
1825.0
30
0
11
82500.0
21
1825.0
31
0
0
LINE
8
hvac
10
75500.0
20
2175.0
30
0
11
82500.0
21
2175.0
31
0
0
LINE
8
hvac
10
75125.0
20
-1075.0
30
0
11
75125.0
21
-725.0
31
0
0
LINE
8
hvac
10
79175.0
20
-1075.0
30
0
11
79175.0
21
-725.0
31
0
0
LINE
8
hvac
10
75125.0
20
-1075.0
30
0
11
79175.0
21
-1075.0
31
0
0
LINE
8
hvac
10
75125.0
20
-725.0
30
0
11
79175.0
21
-725.0
31
0
0
LINE
8
hvac
10
78825.0
20
-1075.0
30
0
11
78825.0
21
2175.0
31
0
0
LINE
8
hvac
10
79175.0
20
-1075.0
30
0
11
79175.0
21
2175.0
31
0
0
LINE
8
hvac
10
78825.0
20
-1075.0
30
0
11
79175.0
21
-1075.0
31
0
0
LINE
8
hvac
10
78825.0
20
2175.0
30
0
11
79175.0
21
2175.0
31
0
0
LINE
8
hvac
10
76650.0
20
1650.0
30
0
11
76650.0
21
2350.0
31
0
0
LINE
8
hvac
10
77350.0
20
1650.0
30
0
11
77350.0
21
2350.0
31
0
0
LINE
8
hvac
10
76650.0
20
1650.0
30
0
11
77350.0
21
1650.0
31
0
0
LINE
8
hvac
10
76650.0
20
2350.0
30
0
11
77350.0
21
2350.0
31
0
0
LINE
8
hvac
10
80650.0
20
1650.0
30
0
11
80650.0
21
2350.0
31
0
0
LINE
8
hvac
10
81350.0
20
1650.0
30
0
11
81350.0
21
2350.0
31
0
0
LINE
8
hvac
10
80650.0
20
1650.0
30
0
11
81350.0
21
1650.0
31
0
0
LINE
8
hvac
10
80650.0
20
2350.0
30
0
11
81350.0
21
2350.0
31
0
0
LINE
8
sensors
10
74040.0
20
-320.0
30
0
11
74040.0
21
-160.0
31
0
0
LINE
8
sensors
10
74140.0
20
-320.0
30
0
11
74140.0
21
-160.0
31
0
0
LINE
8
sensors
10
74040.0
20
-320.0
30
0
11
74140.0
21
-320.0
31
0
0
LINE
8
sensors
10
74040.0
20
-160.0
30
0
11
74140.0
21
-160.0
31
0
0
LINE
8
sensors
10
74145.0
20
-295.0
30
0
11
74145.0
21
-185.0
31
0
0
LINE
8
sensors
10
74165.0
20
-295.0
30
0
11
74165.0
21
-185.0
31
0
0
LINE
8
sensors
10
74145.0
20
-295.0
30
0
11
74165.0
21
-295.0
31
0
0
LINE
8
sensors
10
74145.0
20
-185.0
30
0
11
74165.0
21
-185.0
31
0
0
LINE
8
sensors
10
74040.0
20
-20.0
30
0
11
74040.0
21
140.0
31
0
0
LINE
8
sensors
10
74140.0
20
-20.0
30
0
11
74140.0
21
140.0
31
0
0
LINE
8
sensors
10
74040.0
20
-20.0
30
0
11
74140.0
21
-20.0
31
0
0
LINE
8
sensors
10
74040.0
20
140.0
30
0
11
74140.0
21
140.0
31
0
0
LINE
8
sensors
10
74145.0
20
5.0
30
0
11
74145.0
21
115.0
31
0
0
LINE
8
sensors
10
74165.0
20
5.0
30
0
11
74165.0
21
115.0
31
0
0
LINE
8
sensors
10
74145.0
20
5.0
30
0
11
74165.0
21
5.0
31
0
0
LINE
8
sensors
10
74145.0
20
115.0
30
0
11
74165.0
21
115.0
31
0
0
LINE
8
sensors
10
74040.0
20
280.0
30
0
11
74040.0
21
440.0
31
0
0
LINE
8
sensors
10
74140.0
20
280.0
30
0
11
74140.0
21
440.0
31
0
0
LINE
8
sensors
10
74040.0
20
280.0
30
0
11
74140.0
21
280.0
31
0
0
LINE
8
sensors
10
74040.0
20
440.0
30
0
11
74140.0
21
440.0
31
0
0
LINE
8
sensors
10
74145.0
20
305.0
30
0
11
74145.0
21
415.0
31
0
0
LINE
8
sensors
10
74165.0
20
305.0
30
0
11
74165.0
21
415.0
31
0
0
LINE
8
sensors
10
74145.0
20
305.0
30
0
11
74165.0
21
305.0
31
0
0
LINE
8
sensors
10
74145.0
20
415.0
30
0
11
74165.0
21
415.0
31
0
0
LINE
8
sensors
10
79080.0
20
2000.0
30
0
11
79000.0
21
2080.0
31
0
0
LINE
8
sensors
10
79000.0
20
2080.0
30
0
11
78920.0
21
2000.0
31
0
0
LINE
8
sensors
10
78920.0
20
2000.0
30
0
11
79000.0
21
1920.0
31
0
0
LINE
8
sensors
10
79000.0
20
1920.0
30
0
11
79080.0
21
2000.0
31
0
0
LINE
8
sensors
10
79000.0
20
2000.0
30
0
11
79065.0
21
2000.0
31
0
0
LINE
8
sensors
10
79065.0
20
2000.0
30
0
11
79000.0
21
2000.0
31
0
0
LINE
8
sensors
10
74040.0
20
880.0
30
0
11
74040.0
21
1040.0
31
0
0
LINE
8
sensors
10
74140.0
20
880.0
30
0
11
74140.0
21
1040.0
31
0
0
LINE
8
sensors
10
74040.0
20
880.0
30
0
11
74140.0
21
880.0
31
0
0
LINE
8
sensors
10
74040.0
20
1040.0
30
0
11
74140.0
21
1040.0
31
0
0
LINE
8
sensors
10
74145.0
20
905.0
30
0
11
74145.0
21
1015.0
31
0
0
LINE
8
sensors
10
74165.0
20
905.0
30
0
11
74165.0
21
1015.0
31
0
0
LINE
8
sensors
10
74145.0
20
905.0
30
0
11
74165.0
21
905.0
31
0
0
LINE
8
sensors
10
74145.0
20
1015.0
30
0
11
74165.0
21
1015.0
31
0
0
LINE
8
interiors
10
74000.0
20
-22000.0
30
0
11
74000.0
21
-14000.0
31
0
0
LINE
8
interiors
10
74000.0
20
-22000.0
30
0
11
77800.0
21
-22000.0
31
0
0
LINE
8
interiors
10
77800.0
20
-22000.0
30
0
11
80200.0
21
-22000.0
31
0
0
LINE
8
interiors
10
80200.0
20
-22000.0
30
0
11
84000.0
21
-22000.0
31
0
0
LINE
8
interiors
10
74000.0
20
-22000.0
30
0
11
84000.0
21
-22000.0
31
0
0
LINE
8
interiors
10
74000.0
20
-14000.0
30
0
11
84000.0
21
-14000.0
31
0
0
LINE
8
interiors
10
84000.0
20
-22000.0
30
0
11
84000.0
21
-14000.0
31
0
0
LINE
8
interiors
10
83880.0
20
-21880.0
30
0
11
74120.0
21
-21880.0
31
0
0
LINE
8
interiors
10
83880.0
20
-21880.0
30
0
11
83880.0
21
-14120.0
31
0
0
LINE
8
interiors
10
83880.0
20
-14120.0
30
0
11
74120.0
21
-14120.0
31
0
0
LINE
8
interiors
10
74120.0
20
-21880.0
30
0
11
74120.0
21
-14120.0
31
0
0
LINE
8
interiors
10
76400.0
20
-14000.0
30
0
11
81600.0
21
-14000.0
31
0
0
LINE
8
interiors
10
80200.0
20
-22000.0
30
0
11
80200.0
21
-21880.0
31
0
0
LINE
8
interiors
10
83880.0
20
-21880.0
30
0
11
80200.0
21
-21880.0
31
0
0
LINE
8
interiors
10
77800.0
20
-21880.0
30
0
11
74120.0
21
-21880.0
31
0
0
LINE
8
interiors
10
77800.0
20
-22000.0
30
0
11
77800.0
21
-21880.0
31
0
0
LINE
8
interiors
10
77800.0
20
-21880.0
30
0
11
80200.0
21
-21880.0
31
0
0
LINE
8
interiors
10
76400.0
20
-14120.0
30
0
11
81600.0
21
-14120.0
31
0
0
LINE
8
interiors
10
76400.0
20
-14120.0
30
0
11
76400.0
21
-14000.0
31
0
0
LINE
8
interiors
10
81600.0
20
-14120.0
30
0
11
81600.0
21
-14000.0
31
0
0
LINE
8
interiors
10
76400.0
20
-14022.5
30
0
11
76400.0
21
-13977.5
31
0
0
LINE
8
interiors
10
81600.0
20
-14022.5
30
0
11
81600.0
21
-13977.5
31
0
0
LINE
8
interiors
10
76400.0
20
-14022.5
30
0
11
81600.0
21
-14022.5
31
0
0
LINE
8
interiors
10
76400.0
20
-13977.5
30
0
11
81600.0
21
-13977.5
31
0
0
LINE
8
interiors
10
74125.0
20
-21875.0
30
0
11
74125.0
21
-14125.0
31
0
0
LINE
8
interiors
10
83875.0
20
-21875.0
30
0
11
83875.0
21
-14125.0
31
0
0
LINE
8
interiors
10
74125.0
20
-21875.0
30
0
11
83875.0
21
-21875.0
31
0
0
LINE
8
interiors
10
74125.0
20
-14125.0
30
0
11
83875.0
21
-14125.0
31
0
0
LINE
8
interiors
10
77845.0
20
-22120.0
30
0
11
77845.0
21
-21880.0
31
0
0
LINE
8
interiors
10
77915.0
20
-22120.0
30
0
11
77915.0
21
-21880.0
31
0
0
LINE
8
interiors
10
77845.0
20
-22120.0
30
0
11
77915.0
21
-22120.0
31
0
0
LINE
8
interiors
10
77845.0
20
-21880.0
30
0
11
77915.0
21
-21880.0
31
0
0
LINE
8
interiors
10
80085.0
20
-22120.0
30
0
11
80085.0
21
-21880.0
31
0
0
LINE
8
interiors
10
80155.0
20
-22120.0
30
0
11
80155.0
21
-21880.0
31
0
0
LINE
8
interiors
10
80085.0
20
-22120.0
30
0
11
80155.0
21
-22120.0
31
0
0
LINE
8
interiors
10
80085.0
20
-21880.0
30
0
11
80155.0
21
-21880.0
31
0
0
LINE
8
interiors
10
77850.0
20
-22120.0
30
0
11
77850.0
21
-21880.0
31
0
0
LINE
8
interiors
10
80150.0
20
-22120.0
30
0
11
80150.0
21
-21880.0
31
0
0
LINE
8
interiors
10
77850.0
20
-22120.0
30
0
11
80150.0
21
-22120.0
31
0
0
LINE
8
interiors
10
77850.0
20
-21880.0
30
0
11
80150.0
21
-21880.0
31
0
0
LINE
8
interiors
10
77930.39
20
-21909.51
30
0
11
77889.61
21
-21890.49
31
0
0
LINE
8
interiors
10
78386.82
20
-20930.7
30
0
11
78346.04
21
-20911.68
31
0
0
LINE
8
interiors
10
77930.39
20
-21909.51
30
0
11
78386.82
21
-20930.7
31
0
0
LINE
8
interiors
10
77889.61
20
-21890.49
30
0
11
78346.04
21
-20911.68
31
0
0
LINE
8
electrical
10
83275.0
20
-21925.0
30
0
11
83275.0
21
-21675.0
31
0
0
LINE
8
electrical
10
83825.0
20
-21925.0
30
0
11
83825.0
21
-21675.0
31
0
0
LINE
8
electrical
10
83275.0
20
-21925.0
30
0
11
83825.0
21
-21925.0
31
0
0
LINE
8
electrical
10
83275.0
20
-21675.0
30
0
11
83825.0
21
-21675.0
31
0
0
LINE
8
electrical
10
83315.0
20
-21952.5
30
0
11
83315.0
21
-21917.5
31
0
0
LINE
8
electrical
10
83785.0
20
-21952.5
30
0
11
83785.0
21
-21917.5
31
0
0
LINE
8
electrical
10
83315.0
20
-21952.5
30
0
11
83785.0
21
-21952.5
31
0
0
LINE
8
electrical
10
83315.0
20
-21917.5
30
0
11
83785.0
21
-21917.5
31
0
0
LINE
8
electrical
10
83362.5
20
-21990.0
30
0
11
83362.5
21
-21950.0
31
0
0
LINE
8
electrical
10
83462.5
20
-21990.0
30
0
11
83462.5
21
-21950.0
31
0
0
LINE
8
electrical
10
83362.5
20
-21990.0
30
0
11
83462.5
21
-21990.0
31
0
0
LINE
8
electrical
10
83362.5
20
-21950.0
30
0
11
83462.5
21
-21950.0
31
0
0
LINE
8
electrical
10
83500.0
20
-21990.0
30
0
11
83500.0
21
-21950.0
31
0
0
LINE
8
electrical
10
83600.0
20
-21990.0
30
0
11
83600.0
21
-21950.0
31
0
0
LINE
8
electrical
10
83500.0
20
-21990.0
30
0
11
83600.0
21
-21990.0
31
0
0
LINE
8
electrical
10
83500.0
20
-21950.0
30
0
11
83600.0
21
-21950.0
31
0
0
LINE
8
electrical
10
83637.5
20
-21990.0
30
0
11
83637.5
21
-21950.0
31
0
0
LINE
8
electrical
10
83737.5
20
-21990.0
30
0
11
83737.5
21
-21950.0
31
0
0
LINE
8
electrical
10
83637.5
20
-21990.0
30
0
11
83737.5
21
-21990.0
31
0
0
LINE
8
electrical
10
83637.5
20
-21950.0
30
0
11
83737.5
21
-21950.0
31
0
0
LINE
8
electrical
10
83412.5
20
-22005.0
30
0
11
83435.88
21
-22005.0
31
0
0
LINE
8
electrical
10
83435.88
20
-22005.0
30
0
11
83389.12
21
-22005.0
31
0
0
LINE
8
electrical
10
83389.12
20
-22005.0
30
0
11
83412.5
21
-22005.0
31
0
0
LINE
8
electrical
10
83412.5
20
-21980.0
30
0
11
83412.5
21
-22005.0
31
0
0
LINE
8
electrical
10
83412.5
20
-21980.0
30
0
11
83435.88
21
-21980.0
31
0
0
LINE
8
electrical
10
83435.88
20
-21980.0
30
0
11
83389.12
21
-21980.0
31
0
0
LINE
8
electrical
10
83389.12
20
-21980.0
30
0
11
83412.5
21
-21980.0
31
0
0
LINE
8
electrical
10
83550.0
20
-22005.0
30
0
11
83573.38
21
-22005.0
31
0
0
LINE
8
electrical
10
83573.38
20
-22005.0
30
0
11
83526.62
21
-22005.0
31
0
0
LINE
8
electrical
10
83526.62
20
-22005.0
30
0
11
83550.0
21
-22005.0
31
0
0
LINE
8
electrical
10
83550.0
20
-21980.0
30
0
11
83550.0
21
-22005.0
31
0
0
LINE
8
electrical
10
83550.0
20
-21980.0
30
0
11
83573.38
21
-21980.0
31
0
0
LINE
8
electrical
10
83573.38
20
-21980.0
30
0
11
83526.62
21
-21980.0
31
0
0
LINE
8
electrical
10
83526.62
20
-21980.0
30
0
11
83550.0
21
-21980.0
31
0
0
LINE
8
electrical
10
83687.5
20
-22005.0
30
0
11
83710.88
21
-22005.0
31
0
0
LINE
8
electrical
10
83710.88
20
-22005.0
30
0
11
83664.12
21
-22005.0
31
0
0
LINE
8
electrical
10
83664.12
20
-22005.0
30
0
11
83687.5
21
-22005.0
31
0
0
LINE
8
electrical
10
83687.5
20
-21980.0
30
0
11
83687.5
21
-22005.0
31
0
0
LINE
8
electrical
10
83687.5
20
-21980.0
30
0
11
83710.88
21
-21980.0
31
0
0
LINE
8
electrical
10
83710.88
20
-21980.0
30
0
11
83664.12
21
-21980.0
31
0
0
LINE
8
electrical
10
83664.12
20
-21980.0
30
0
11
83687.5
21
-21980.0
31
0
0
LINE
8
electrical
10
83550.0
20
-21800.0
30
0
11
83565.59
21
-21800.0
31
0
0
LINE
8
electrical
10
83565.59
20
-21800.0
30
0
11
83534.41
21
-21800.0
31
0
0
LINE
8
electrical
10
83534.41
20
-21800.0
30
0
11
83550.0
21
-21800.0
31
0
0
LINE
8
electrical
10
83550.0
20
-34800.0
30
0
11
83550.0
21
-21800.0
31
0
0
LINE
8
electrical
10
83550.0
20
-34800.0
30
0
11
83565.59
21
-34800.0
31
0
0
LINE
8
electrical
10
83565.59
20
-34800.0
30
0
11
83534.41
21
-34800.0
31
0
0
LINE
8
electrical
10
83534.41
20
-34800.0
30
0
11
83550.0
21
-34800.0
31
0
0
LINE
8
electrical
10
83532.0
20
-21800.0
30
0
11
83559.0
21
-21784.41
31
0
0
LINE
8
electrical
10
83559.0
20
-21784.41
30
0
11
83559.0
21
-21815.59
31
0
0
LINE
8
electrical
10
83559.0
20
-21815.59
30
0
11
83532.0
21
-21800.0
31
0
0
LINE
8
electrical
10
83550.0
20
-21800.0
30
0
11
83569.44
21
-21800.0
31
0
0
LINE
8
electrical
10
83569.44
20
-21800.0
30
0
11
83550.0
21
-21800.0
31
0
0
LINE
8
lighting
10
75080.0
20
-21040.0
30
0
11
75080.0
21
-20400.0
31
0
0
LINE
8
lighting
10
75720.0
20
-21040.0
30
0
11
75720.0
21
-20400.0
31
0
0
LINE
8
lighting
10
75080.0
20
-21040.0
30
0
11
75720.0
21
-21040.0
31
0
0
LINE
8
lighting
10
75080.0
20
-20400.0
30
0
11
75720.0
21
-20400.0
31
0
0
LINE
8
lighting
10
75120.0
20
-21000.0
30
0
11
75120.0
21
-20440.0
31
0
0
LINE
8
lighting
10
75680.0
20
-21000.0
30
0
11
75680.0
21
-20440.0
31
0
0
LINE
8
lighting
10
75120.0
20
-21000.0
30
0
11
75680.0
21
-21000.0
31
0
0
LINE
8
lighting
10
75120.0
20
-20440.0
30
0
11
75680.0
21
-20440.0
31
0
0
LINE
8
lighting
10
75154.0
20
-20990.0
30
0
11
75154.0
21
-20450.0
31
0
0
LINE
8
lighting
10
75166.0
20
-20990.0
30
0
11
75166.0
21
-20450.0
31
0
0
LINE
8
lighting
10
75154.0
20
-20990.0
30
0
11
75166.0
21
-20990.0
31
0
0
LINE
8
lighting
10
75154.0
20
-20450.0
30
0
11
75166.0
21
-20450.0
31
0
0
LINE
8
lighting
10
75234.0
20
-20990.0
30
0
11
75234.0
21
-20450.0
31
0
0
LINE
8
lighting
10
75246.0
20
-20990.0
30
0
11
75246.0
21
-20450.0
31
0
0
LINE
8
lighting
10
75234.0
20
-20990.0
30
0
11
75246.0
21
-20990.0
31
0
0
LINE
8
lighting
10
75234.0
20
-20450.0
30
0
11
75246.0
21
-20450.0
31
0
0
LINE
8
lighting
10
75314.0
20
-20990.0
30
0
11
75314.0
21
-20450.0
31
0
0
LINE
8
lighting
10
75326.0
20
-20990.0
30
0
11
75326.0
21
-20450.0
31
0
0
LINE
8
lighting
10
75314.0
20
-20990.0
30
0
11
75326.0
21
-20990.0
31
0
0
LINE
8
lighting
10
75314.0
20
-20450.0
30
0
11
75326.0
21
-20450.0
31
0
0
LINE
8
lighting
10
75394.0
20
-20990.0
30
0
11
75394.0
21
-20450.0
31
0
0
LINE
8
lighting
10
75406.0
20
-20990.0
30
0
11
75406.0
21
-20450.0
31
0
0
LINE
8
lighting
10
75394.0
20
-20990.0
30
0
11
75406.0
21
-20990.0
31
0
0
LINE
8
lighting
10
75394.0
20
-20450.0
30
0
11
75406.0
21
-20450.0
31
0
0
LINE
8
lighting
10
75474.0
20
-20990.0
30
0
11
75474.0
21
-20450.0
31
0
0
LINE
8
lighting
10
75486.0
20
-20990.0
30
0
11
75486.0
21
-20450.0
31
0
0
LINE
8
lighting
10
75474.0
20
-20990.0
30
0
11
75486.0
21
-20990.0
31
0
0
LINE
8
lighting
10
75474.0
20
-20450.0
30
0
11
75486.0
21
-20450.0
31
0
0
LINE
8
lighting
10
75554.0
20
-20990.0
30
0
11
75554.0
21
-20450.0
31
0
0
LINE
8
lighting
10
75566.0
20
-20990.0
30
0
11
75566.0
21
-20450.0
31
0
0
LINE
8
lighting
10
75554.0
20
-20990.0
30
0
11
75566.0
21
-20990.0
31
0
0
LINE
8
lighting
10
75554.0
20
-20450.0
30
0
11
75566.0
21
-20450.0
31
0
0
LINE
8
lighting
10
75634.0
20
-20990.0
30
0
11
75634.0
21
-20450.0
31
0
0
LINE
8
lighting
10
75646.0
20
-20990.0
30
0
11
75646.0
21
-20450.0
31
0
0
LINE
8
lighting
10
75634.0
20
-20990.0
30
0
11
75646.0
21
-20990.0
31
0
0
LINE
8
lighting
10
75634.0
20
-20450.0
30
0
11
75646.0
21
-20450.0
31
0
0
LINE
8
lighting
10
75409.0
20
-20720.0
30
0
11
75395.5
21
-20712.21
31
0
0
LINE
8
lighting
10
75395.5
20
-20712.21
30
0
11
75395.5
21
-20727.79
31
0
0
LINE
8
lighting
10
75395.5
20
-20727.79
30
0
11
75409.0
21
-20720.0
31
0
0
LINE
8
lighting
10
82280.0
20
-21040.0
30
0
11
82280.0
21
-20400.0
31
0
0
LINE
8
lighting
10
82920.0
20
-21040.0
30
0
11
82920.0
21
-20400.0
31
0
0
LINE
8
lighting
10
82280.0
20
-21040.0
30
0
11
82920.0
21
-21040.0
31
0
0
LINE
8
lighting
10
82280.0
20
-20400.0
30
0
11
82920.0
21
-20400.0
31
0
0
LINE
8
lighting
10
82320.0
20
-21000.0
30
0
11
82320.0
21
-20440.0
31
0
0
LINE
8
lighting
10
82880.0
20
-21000.0
30
0
11
82880.0
21
-20440.0
31
0
0
LINE
8
lighting
10
82320.0
20
-21000.0
30
0
11
82880.0
21
-21000.0
31
0
0
LINE
8
lighting
10
82320.0
20
-20440.0
30
0
11
82880.0
21
-20440.0
31
0
0
LINE
8
lighting
10
82354.0
20
-20990.0
30
0
11
82354.0
21
-20450.0
31
0
0
LINE
8
lighting
10
82366.0
20
-20990.0
30
0
11
82366.0
21
-20450.0
31
0
0
LINE
8
lighting
10
82354.0
20
-20990.0
30
0
11
82366.0
21
-20990.0
31
0
0
LINE
8
lighting
10
82354.0
20
-20450.0
30
0
11
82366.0
21
-20450.0
31
0
0
LINE
8
lighting
10
82434.0
20
-20990.0
30
0
11
82434.0
21
-20450.0
31
0
0
LINE
8
lighting
10
82446.0
20
-20990.0
30
0
11
82446.0
21
-20450.0
31
0
0
LINE
8
lighting
10
82434.0
20
-20990.0
30
0
11
82446.0
21
-20990.0
31
0
0
LINE
8
lighting
10
82434.0
20
-20450.0
30
0
11
82446.0
21
-20450.0
31
0
0
LINE
8
lighting
10
82514.0
20
-20990.0
30
0
11
82514.0
21
-20450.0
31
0
0
LINE
8
lighting
10
82526.0
20
-20990.0
30
0
11
82526.0
21
-20450.0
31
0
0
LINE
8
lighting
10
82514.0
20
-20990.0
30
0
11
82526.0
21
-20990.0
31
0
0
LINE
8
lighting
10
82514.0
20
-20450.0
30
0
11
82526.0
21
-20450.0
31
0
0
LINE
8
lighting
10
82594.0
20
-20990.0
30
0
11
82594.0
21
-20450.0
31
0
0
LINE
8
lighting
10
82606.0
20
-20990.0
30
0
11
82606.0
21
-20450.0
31
0
0
LINE
8
lighting
10
82594.0
20
-20990.0
30
0
11
82606.0
21
-20990.0
31
0
0
LINE
8
lighting
10
82594.0
20
-20450.0
30
0
11
82606.0
21
-20450.0
31
0
0
LINE
8
lighting
10
82674.0
20
-20990.0
30
0
11
82674.0
21
-20450.0
31
0
0
LINE
8
lighting
10
82686.0
20
-20990.0
30
0
11
82686.0
21
-20450.0
31
0
0
LINE
8
lighting
10
82674.0
20
-20990.0
30
0
11
82686.0
21
-20990.0
31
0
0
LINE
8
lighting
10
82674.0
20
-20450.0
30
0
11
82686.0
21
-20450.0
31
0
0
LINE
8
lighting
10
82754.0
20
-20990.0
30
0
11
82754.0
21
-20450.0
31
0
0
LINE
8
lighting
10
82766.0
20
-20990.0
30
0
11
82766.0
21
-20450.0
31
0
0
LINE
8
lighting
10
82754.0
20
-20990.0
30
0
11
82766.0
21
-20990.0
31
0
0
LINE
8
lighting
10
82754.0
20
-20450.0
30
0
11
82766.0
21
-20450.0
31
0
0
LINE
8
lighting
10
82834.0
20
-20990.0
30
0
11
82834.0
21
-20450.0
31
0
0
LINE
8
lighting
10
82846.0
20
-20990.0
30
0
11
82846.0
21
-20450.0
31
0
0
LINE
8
lighting
10
82834.0
20
-20990.0
30
0
11
82846.0
21
-20990.0
31
0
0
LINE
8
lighting
10
82834.0
20
-20450.0
30
0
11
82846.0
21
-20450.0
31
0
0
LINE
8
lighting
10
82609.0
20
-20720.0
30
0
11
82595.5
21
-20712.21
31
0
0
LINE
8
lighting
10
82595.5
20
-20712.21
30
0
11
82595.5
21
-20727.79
31
0
0
LINE
8
lighting
10
82595.5
20
-20727.79
30
0
11
82609.0
21
-20720.0
31
0
0
LINE
8
lighting
10
75080.0
20
-15600.0
30
0
11
75080.0
21
-14960.0
31
0
0
LINE
8
lighting
10
75720.0
20
-15600.0
30
0
11
75720.0
21
-14960.0
31
0
0
LINE
8
lighting
10
75080.0
20
-15600.0
30
0
11
75720.0
21
-15600.0
31
0
0
LINE
8
lighting
10
75080.0
20
-14960.0
30
0
11
75720.0
21
-14960.0
31
0
0
LINE
8
lighting
10
75120.0
20
-15560.0
30
0
11
75120.0
21
-15000.0
31
0
0
LINE
8
lighting
10
75680.0
20
-15560.0
30
0
11
75680.0
21
-15000.0
31
0
0
LINE
8
lighting
10
75120.0
20
-15560.0
30
0
11
75680.0
21
-15560.0
31
0
0
LINE
8
lighting
10
75120.0
20
-15000.0
30
0
11
75680.0
21
-15000.0
31
0
0
LINE
8
lighting
10
75154.0
20
-15550.0
30
0
11
75154.0
21
-15010.0
31
0
0
LINE
8
lighting
10
75166.0
20
-15550.0
30
0
11
75166.0
21
-15010.0
31
0
0
LINE
8
lighting
10
75154.0
20
-15550.0
30
0
11
75166.0
21
-15550.0
31
0
0
LINE
8
lighting
10
75154.0
20
-15010.0
30
0
11
75166.0
21
-15010.0
31
0
0
LINE
8
lighting
10
75234.0
20
-15550.0
30
0
11
75234.0
21
-15010.0
31
0
0
LINE
8
lighting
10
75246.0
20
-15550.0
30
0
11
75246.0
21
-15010.0
31
0
0
LINE
8
lighting
10
75234.0
20
-15550.0
30
0
11
75246.0
21
-15550.0
31
0
0
LINE
8
lighting
10
75234.0
20
-15010.0
30
0
11
75246.0
21
-15010.0
31
0
0
LINE
8
lighting
10
75314.0
20
-15550.0
30
0
11
75314.0
21
-15010.0
31
0
0
LINE
8
lighting
10
75326.0
20
-15550.0
30
0
11
75326.0
21
-15010.0
31
0
0
LINE
8
lighting
10
75314.0
20
-15550.0
30
0
11
75326.0
21
-15550.0
31
0
0
LINE
8
lighting
10
75314.0
20
-15010.0
30
0
11
75326.0
21
-15010.0
31
0
0
LINE
8
lighting
10
75394.0
20
-15550.0
30
0
11
75394.0
21
-15010.0
31
0
0
LINE
8
lighting
10
75406.0
20
-15550.0
30
0
11
75406.0
21
-15010.0
31
0
0
LINE
8
lighting
10
75394.0
20
-15550.0
30
0
11
75406.0
21
-15550.0
31
0
0
LINE
8
lighting
10
75394.0
20
-15010.0
30
0
11
75406.0
21
-15010.0
31
0
0
LINE
8
lighting
10
75474.0
20
-15550.0
30
0
11
75474.0
21
-15010.0
31
0
0
LINE
8
lighting
10
75486.0
20
-15550.0
30
0
11
75486.0
21
-15010.0
31
0
0
LINE
8
lighting
10
75474.0
20
-15550.0
30
0
11
75486.0
21
-15550.0
31
0
0
LINE
8
lighting
10
75474.0
20
-15010.0
30
0
11
75486.0
21
-15010.0
31
0
0
LINE
8
lighting
10
75554.0
20
-15550.0
30
0
11
75554.0
21
-15010.0
31
0
0
LINE
8
lighting
10
75566.0
20
-15550.0
30
0
11
75566.0
21
-15010.0
31
0
0
LINE
8
lighting
10
75554.0
20
-15550.0
30
0
11
75566.0
21
-15550.0
31
0
0
LINE
8
lighting
10
75554.0
20
-15010.0
30
0
11
75566.0
21
-15010.0
31
0
0
LINE
8
lighting
10
75634.0
20
-15550.0
30
0
11
75634.0
21
-15010.0
31
0
0
LINE
8
lighting
10
75646.0
20
-15550.0
30
0
11
75646.0
21
-15010.0
31
0
0
LINE
8
lighting
10
75634.0
20
-15550.0
30
0
11
75646.0
21
-15550.0
31
0
0
LINE
8
lighting
10
75634.0
20
-15010.0
30
0
11
75646.0
21
-15010.0
31
0
0
LINE
8
lighting
10
75409.0
20
-15280.0
30
0
11
75395.5
21
-15272.21
31
0
0
LINE
8
lighting
10
75395.5
20
-15272.21
30
0
11
75395.5
21
-15287.79
31
0
0
LINE
8
lighting
10
75395.5
20
-15287.79
30
0
11
75409.0
21
-15280.0
31
0
0
LINE
8
lighting
10
82280.0
20
-15600.0
30
0
11
82280.0
21
-14960.0
31
0
0
LINE
8
lighting
10
82920.0
20
-15600.0
30
0
11
82920.0
21
-14960.0
31
0
0
LINE
8
lighting
10
82280.0
20
-15600.0
30
0
11
82920.0
21
-15600.0
31
0
0
LINE
8
lighting
10
82280.0
20
-14960.0
30
0
11
82920.0
21
-14960.0
31
0
0
LINE
8
lighting
10
82320.0
20
-15560.0
30
0
11
82320.0
21
-15000.0
31
0
0
LINE
8
lighting
10
82880.0
20
-15560.0
30
0
11
82880.0
21
-15000.0
31
0
0
LINE
8
lighting
10
82320.0
20
-15560.0
30
0
11
82880.0
21
-15560.0
31
0
0
LINE
8
lighting
10
82320.0
20
-15000.0
30
0
11
82880.0
21
-15000.0
31
0
0
LINE
8
lighting
10
82354.0
20
-15550.0
30
0
11
82354.0
21
-15010.0
31
0
0
LINE
8
lighting
10
82366.0
20
-15550.0
30
0
11
82366.0
21
-15010.0
31
0
0
LINE
8
lighting
10
82354.0
20
-15550.0
30
0
11
82366.0
21
-15550.0
31
0
0
LINE
8
lighting
10
82354.0
20
-15010.0
30
0
11
82366.0
21
-15010.0
31
0
0
LINE
8
lighting
10
82434.0
20
-15550.0
30
0
11
82434.0
21
-15010.0
31
0
0
LINE
8
lighting
10
82446.0
20
-15550.0
30
0
11
82446.0
21
-15010.0
31
0
0
LINE
8
lighting
10
82434.0
20
-15550.0
30
0
11
82446.0
21
-15550.0
31
0
0
LINE
8
lighting
10
82434.0
20
-15010.0
30
0
11
82446.0
21
-15010.0
31
0
0
LINE
8
lighting
10
82514.0
20
-15550.0
30
0
11
82514.0
21
-15010.0
31
0
0
LINE
8
lighting
10
82526.0
20
-15550.0
30
0
11
82526.0
21
-15010.0
31
0
0
LINE
8
lighting
10
82514.0
20
-15550.0
30
0
11
82526.0
21
-15550.0
31
0
0
LINE
8
lighting
10
82514.0
20
-15010.0
30
0
11
82526.0
21
-15010.0
31
0
0
LINE
8
lighting
10
82594.0
20
-15550.0
30
0
11
82594.0
21
-15010.0
31
0
0
LINE
8
lighting
10
82606.0
20
-15550.0
30
0
11
82606.0
21
-15010.0
31
0
0
LINE
8
lighting
10
82594.0
20
-15550.0
30
0
11
82606.0
21
-15550.0
31
0
0
LINE
8
lighting
10
82594.0
20
-15010.0
30
0
11
82606.0
21
-15010.0
31
0
0
LINE
8
lighting
10
82674.0
20
-15550.0
30
0
11
82674.0
21
-15010.0
31
0
0
LINE
8
lighting
10
82686.0
20
-15550.0
30
0
11
82686.0
21
-15010.0
31
0
0
LINE
8
lighting
10
82674.0
20
-15550.0
30
0
11
82686.0
21
-15550.0
31
0
0
LINE
8
lighting
10
82674.0
20
-15010.0
30
0
11
82686.0
21
-15010.0
31
0
0
LINE
8
lighting
10
82754.0
20
-15550.0
30
0
11
82754.0
21
-15010.0
31
0
0
LINE
8
lighting
10
82766.0
20
-15550.0
30
0
11
82766.0
21
-15010.0
31
0
0
LINE
8
lighting
10
82754.0
20
-15550.0
30
0
11
82766.0
21
-15550.0
31
0
0
LINE
8
lighting
10
82754.0
20
-15010.0
30
0
11
82766.0
21
-15010.0
31
0
0
LINE
8
lighting
10
82834.0
20
-15550.0
30
0
11
82834.0
21
-15010.0
31
0
0
LINE
8
lighting
10
82846.0
20
-15550.0
30
0
11
82846.0
21
-15010.0
31
0
0
LINE
8
lighting
10
82834.0
20
-15550.0
30
0
11
82846.0
21
-15550.0
31
0
0
LINE
8
lighting
10
82834.0
20
-15010.0
30
0
11
82846.0
21
-15010.0
31
0
0
LINE
8
lighting
10
82609.0
20
-15280.0
30
0
11
82595.5
21
-15272.21
31
0
0
LINE
8
lighting
10
82595.5
20
-15272.21
30
0
11
82595.5
21
-15287.79
31
0
0
LINE
8
lighting
10
82595.5
20
-15287.79
30
0
11
82609.0
21
-15280.0
31
0
0
LINE
8
electrical
10
75400.0
20
-20920.0
30
0
11
75400.0
21
-20927.79
31
0
0
LINE
8
electrical
10
75400.0
20
-20927.79
30
0
11
75400.0
21
-20912.21
31
0
0
LINE
8
electrical
10
75400.0
20
-20912.21
30
0
11
75400.0
21
-20920.0
31
0
0
LINE
8
electrical
10
83550.0
20
-20920.0
30
0
11
75400.0
21
-20920.0
31
0
0
LINE
8
electrical
10
83550.0
20
-20920.0
30
0
11
83550.0
21
-20927.79
31
0
0
LINE
8
electrical
10
83550.0
20
-20927.79
30
0
11
83550.0
21
-20912.21
31
0
0
LINE
8
electrical
10
83550.0
20
-20912.21
30
0
11
83550.0
21
-20920.0
31
0
0
LINE
8
electrical
10
75400.0
20
-15280.0
30
0
11
75407.79
21
-15280.0
31
0
0
LINE
8
electrical
10
75407.79
20
-15280.0
30
0
11
75392.21
21
-15280.0
31
0
0
LINE
8
electrical
10
75392.21
20
-15280.0
30
0
11
75400.0
21
-15280.0
31
0
0
LINE
8
electrical
10
75400.0
20
-20920.0
30
0
11
75400.0
21
-15280.0
31
0
0
LINE
8
electrical
10
75400.0
20
-20920.0
30
0
11
75407.79
21
-20920.0
31
0
0
LINE
8
electrical
10
75407.79
20
-20920.0
30
0
11
75392.21
21
-20920.0
31
0
0
LINE
8
electrical
10
75392.21
20
-20920.0
30
0
11
75400.0
21
-20920.0
31
0
0
LINE
8
electrical
10
82600.0
20
-15280.0
30
0
11
82607.79
21
-15280.0
31
0
0
LINE
8
electrical
10
82607.79
20
-15280.0
30
0
11
82592.21
21
-15280.0
31
0
0
LINE
8
electrical
10
82592.21
20
-15280.0
30
0
11
82600.0
21
-15280.0
31
0
0
LINE
8
electrical
10
82600.0
20
-20920.0
30
0
11
82600.0
21
-15280.0
31
0
0
LINE
8
electrical
10
82600.0
20
-20920.0
30
0
11
82607.79
21
-20920.0
31
0
0
LINE
8
electrical
10
82607.79
20
-20920.0
30
0
11
82592.21
21
-20920.0
31
0
0
LINE
8
electrical
10
82592.21
20
-20920.0
30
0
11
82600.0
21
-20920.0
31
0
0
LINE
8
electrical
10
83563.0
20
-21800.0
30
0
11
83543.5
21
-21788.74
31
0
0
LINE
8
electrical
10
83543.5
20
-21788.74
30
0
11
83543.5
21
-21811.26
31
0
0
LINE
8
electrical
10
83543.5
20
-21811.26
30
0
11
83563.0
21
-21800.0
31
0
0
LINE
8
electrical
10
82491.65
20
-20929.96
30
0
11
82504.18
21
-20915.02
31
0
0
LINE
8
electrical
10
82504.18
20
-20915.02
30
0
11
82504.18
21
-20915.02
31
0
0
LINE
8
electrical
10
82504.18
20
-20915.02
30
0
11
82491.65
21
-20929.96
31
0
0
LINE
8
electrical
10
83541.65
20
-21809.96
30
0
11
82491.65
21
-20929.96
31
0
0
LINE
8
electrical
10
83541.65
20
-21809.96
30
0
11
83554.18
21
-21795.02
31
0
0
LINE
8
electrical
10
83554.18
20
-21795.02
30
0
11
83554.18
21
-21795.02
31
0
0
LINE
8
electrical
10
83554.18
20
-21795.02
30
0
11
83541.65
21
-21809.96
31
0
0
LINE
8
electrical
10
75500.0
20
-20920.0
30
0
11
75500.0
21
-20931.26
31
0
0
LINE
8
electrical
10
75500.0
20
-20931.26
30
0
11
75500.0
21
-20908.74
31
0
0
LINE
8
electrical
10
75500.0
20
-20908.74
30
0
11
75500.0
21
-20920.0
31
0
0
LINE
8
electrical
10
82500.0
20
-20920.0
30
0
11
75500.0
21
-20920.0
31
0
0
LINE
8
electrical
10
82500.0
20
-20920.0
30
0
11
82500.0
21
-20931.26
31
0
0
LINE
8
electrical
10
82500.0
20
-20931.26
30
0
11
82500.0
21
-20908.74
31
0
0
LINE
8
electrical
10
82500.0
20
-20908.74
30
0
11
82500.0
21
-20920.0
31
0
0
LINE
8
electrical
10
83550.0
20
-21800.0
30
0
11
83564.04
21
-21800.0
31
0
0
LINE
8
electrical
10
83564.04
20
-21800.0
30
0
11
83550.0
21
-21800.0
31
0
0
LINE
8
electrical
10
82500.0
20
-20920.0
30
0
11
82514.04
21
-20920.0
31
0
0
LINE
8
electrical
10
82514.04
20
-20920.0
30
0
11
82500.0
21
-20920.0
31
0
0
LINE
8
electrical
10
83563.0
20
-21800.0
30
0
11
83543.5
21
-21788.74
31
0
0
LINE
8
electrical
10
83543.5
20
-21788.74
30
0
11
83543.5
21
-21811.26
31
0
0
LINE
8
electrical
10
83543.5
20
-21811.26
30
0
11
83563.0
21
-21800.0
31
0
0
LINE
8
electrical
10
82491.03
20
-20809.41
30
0
11
82504.48
21
-20795.29
31
0
0
LINE
8
electrical
10
82504.48
20
-20795.29
30
0
11
82504.48
21
-20795.29
31
0
0
LINE
8
electrical
10
82504.48
20
-20795.29
30
0
11
82491.03
21
-20809.41
31
0
0
LINE
8
electrical
10
83541.03
20
-21809.41
30
0
11
82491.03
21
-20809.41
31
0
0
LINE
8
electrical
10
83541.03
20
-21809.41
30
0
11
83554.48
21
-21795.29
31
0
0
LINE
8
electrical
10
83554.48
20
-21795.29
30
0
11
83554.48
21
-21795.29
31
0
0
LINE
8
electrical
10
83554.48
20
-21795.29
30
0
11
83541.03
21
-21809.41
31
0
0
LINE
8
electrical
10
75500.0
20
-20800.0
30
0
11
75500.0
21
-20811.26
31
0
0
LINE
8
electrical
10
75500.0
20
-20811.26
30
0
11
75500.0
21
-20788.74
31
0
0
LINE
8
electrical
10
75500.0
20
-20788.74
30
0
11
75500.0
21
-20800.0
31
0
0
LINE
8
electrical
10
82500.0
20
-20800.0
30
0
11
75500.0
21
-20800.0
31
0
0
LINE
8
electrical
10
82500.0
20
-20800.0
30
0
11
82500.0
21
-20811.26
31
0
0
LINE
8
electrical
10
82500.0
20
-20811.26
30
0
11
82500.0
21
-20788.74
31
0
0
LINE
8
electrical
10
82500.0
20
-20788.74
30
0
11
82500.0
21
-20800.0
31
0
0
LINE
8
electrical
10
83550.0
20
-21800.0
30
0
11
83564.04
21
-21800.0
31
0
0
LINE
8
electrical
10
83564.04
20
-21800.0
30
0
11
83550.0
21
-21800.0
31
0
0
LINE
8
electrical
10
82500.0
20
-20800.0
30
0
11
82514.04
21
-20800.0
31
0
0
LINE
8
electrical
10
82514.04
20
-20800.0
30
0
11
82500.0
21
-20800.0
31
0
0
LINE
8
electrical
10
83563.0
20
-21800.0
30
0
11
83543.5
21
-21788.74
31
0
0
LINE
8
electrical
10
83543.5
20
-21788.74
30
0
11
83543.5
21
-21811.26
31
0
0
LINE
8
electrical
10
83543.5
20
-21811.26
30
0
11
83563.0
21
-21800.0
31
0
0
LINE
8
electrical
10
82509.48
20
-20671.11
30
0
11
82495.26
21
-20684.45
31
0
0
LINE
8
electrical
10
82495.26
20
-20684.45
30
0
11
82495.26
21
-20684.45
31
0
0
LINE
8
electrical
10
82495.26
20
-20684.45
30
0
11
82509.48
21
-20671.11
31
0
0
LINE
8
electrical
10
83559.48
20
-21791.11
30
0
11
82509.48
21
-20671.11
31
0
0
LINE
8
electrical
10
83559.48
20
-21791.11
30
0
11
83545.26
21
-21804.45
31
0
0
LINE
8
electrical
10
83545.26
20
-21804.45
30
0
11
83545.26
21
-21804.45
31
0
0
LINE
8
electrical
10
83545.26
20
-21804.45
30
0
11
83559.48
21
-21791.11
31
0
0
LINE
8
electrical
10
75500.0
20
-20680.0
30
0
11
75500.0
21
-20691.26
31
0
0
LINE
8
electrical
10
75500.0
20
-20691.26
30
0
11
75500.0
21
-20668.74
31
0
0
LINE
8
electrical
10
75500.0
20
-20668.74
30
0
11
75500.0
21
-20680.0
31
0
0
LINE
8
electrical
10
82500.0
20
-20680.0
30
0
11
75500.0
21
-20680.0
31
0
0
LINE
8
electrical
10
82500.0
20
-20680.0
30
0
11
82500.0
21
-20691.26
31
0
0
LINE
8
electrical
10
82500.0
20
-20691.26
30
0
11
82500.0
21
-20668.74
31
0
0
LINE
8
electrical
10
82500.0
20
-20668.74
30
0
11
82500.0
21
-20680.0
31
0
0
LINE
8
electrical
10
83550.0
20
-21800.0
30
0
11
83564.04
21
-21800.0
31
0
0
LINE
8
electrical
10
83564.04
20
-21800.0
30
0
11
83550.0
21
-21800.0
31
0
0
LINE
8
electrical
10
82500.0
20
-20680.0
30
0
11
82514.04
21
-20680.0
31
0
0
LINE
8
electrical
10
82514.04
20
-20680.0
30
0
11
82500.0
21
-20680.0
31
0
0
LINE
8
electrical
10
75935.0
20
-21850.0
30
0
11
75935.0
21
-21790.0
31
0
0
LINE
8
electrical
10
76065.0
20
-21850.0
30
0
11
76065.0
21
-21790.0
31
0
0
LINE
8
electrical
10
75935.0
20
-21850.0
30
0
11
76065.0
21
-21850.0
31
0
0
LINE
8
electrical
10
75935.0
20
-21790.0
30
0
11
76065.0
21
-21790.0
31
0
0
LINE
8
electrical
10
76009.0
20
-21820.0
30
0
11
75995.5
21
-21812.21
31
0
0
LINE
8
electrical
10
75995.5
20
-21812.21
30
0
11
75995.5
21
-21827.79
31
0
0
LINE
8
electrical
10
75995.5
20
-21827.79
30
0
11
76009.0
21
-21820.0
31
0
0
LINE
8
electrical
10
83550.0
20
-21820.0
30
0
11
83550.0
21
-21827.79
31
0
0
LINE
8
electrical
10
83550.0
20
-21827.79
30
0
11
83550.0
21
-21812.21
31
0
0
LINE
8
electrical
10
83550.0
20
-21812.21
30
0
11
83550.0
21
-21820.0
31
0
0
LINE
8
electrical
10
76000.0
20
-21820.0
30
0
11
83550.0
21
-21820.0
31
0
0
LINE
8
electrical
10
76000.0
20
-21820.0
30
0
11
76000.0
21
-21827.79
31
0
0
LINE
8
electrical
10
76000.0
20
-21827.79
30
0
11
76000.0
21
-21812.21
31
0
0
LINE
8
electrical
10
76000.0
20
-21812.21
30
0
11
76000.0
21
-21820.0
31
0
0
LINE
8
electrical
10
76000.0
20
-21820.0
30
0
11
76009.72
21
-21820.0
31
0
0
LINE
8
electrical
10
76009.72
20
-21820.0
30
0
11
76000.0
21
-21820.0
31
0
0
LINE
8
electrical
10
81935.0
20
-21850.0
30
0
11
81935.0
21
-21790.0
31
0
0
LINE
8
electrical
10
82065.0
20
-21850.0
30
0
11
82065.0
21
-21790.0
31
0
0
LINE
8
electrical
10
81935.0
20
-21850.0
30
0
11
82065.0
21
-21850.0
31
0
0
LINE
8
electrical
10
81935.0
20
-21790.0
30
0
11
82065.0
21
-21790.0
31
0
0
LINE
8
electrical
10
82009.0
20
-21820.0
30
0
11
81995.5
21
-21812.21
31
0
0
LINE
8
electrical
10
81995.5
20
-21812.21
30
0
11
81995.5
21
-21827.79
31
0
0
LINE
8
electrical
10
81995.5
20
-21827.79
30
0
11
82009.0
21
-21820.0
31
0
0
LINE
8
electrical
10
83550.0
20
-21820.0
30
0
11
83550.0
21
-21827.79
31
0
0
LINE
8
electrical
10
83550.0
20
-21827.79
30
0
11
83550.0
21
-21812.21
31
0
0
LINE
8
electrical
10
83550.0
20
-21812.21
30
0
11
83550.0
21
-21820.0
31
0
0
LINE
8
electrical
10
82000.0
20
-21820.0
30
0
11
83550.0
21
-21820.0
31
0
0
LINE
8
electrical
10
82000.0
20
-21820.0
30
0
11
82000.0
21
-21827.79
31
0
0
LINE
8
electrical
10
82000.0
20
-21827.79
30
0
11
82000.0
21
-21812.21
31
0
0
LINE
8
electrical
10
82000.0
20
-21812.21
30
0
11
82000.0
21
-21820.0
31
0
0
LINE
8
electrical
10
82000.0
20
-21820.0
30
0
11
82009.72
21
-21820.0
31
0
0
LINE
8
electrical
10
82009.72
20
-21820.0
30
0
11
82000.0
21
-21820.0
31
0
0
LINE
8
hvac
10
74475.0
20
-21275.0
30
0
11
74475.0
21
-20525.0
31
0
0
LINE
8
hvac
10
76125.0
20
-21275.0
30
0
11
76125.0
21
-20525.0
31
0
0
LINE
8
hvac
10
74475.0
20
-21275.0
30
0
11
76125.0
21
-21275.0
31
0
0
LINE
8
hvac
10
74475.0
20
-20525.0
30
0
11
76125.0
21
-20525.0
31
0
0
LINE
8
hvac
10
74575.0
20
-21320.0
30
0
11
74575.0
21
-21280.0
31
0
0
LINE
8
hvac
10
76025.0
20
-21320.0
30
0
11
76025.0
21
-21280.0
31
0
0
LINE
8
hvac
10
74575.0
20
-21320.0
30
0
11
76025.0
21
-21320.0
31
0
0
LINE
8
hvac
10
74575.0
20
-21280.0
30
0
11
76025.0
21
-21280.0
31
0
0
LINE
8
hvac
10
74640.0
20
-21360.0
30
0
11
74640.0
21
-21300.0
31
0
0
LINE
8
hvac
10
74680.0
20
-21360.0
30
0
11
74680.0
21
-21300.0
31
0
0
LINE
8
hvac
10
74640.0
20
-21360.0
30
0
11
74680.0
21
-21360.0
31
0
0
LINE
8
hvac
10
74640.0
20
-21300.0
30
0
11
74680.0
21
-21300.0
31
0
0
LINE
8
hvac
10
74800.0
20
-21360.0
30
0
11
74800.0
21
-21300.0
31
0
0
LINE
8
hvac
10
74840.0
20
-21360.0
30
0
11
74840.0
21
-21300.0
31
0
0
LINE
8
hvac
10
74800.0
20
-21360.0
30
0
11
74840.0
21
-21360.0
31
0
0
LINE
8
hvac
10
74800.0
20
-21300.0
30
0
11
74840.0
21
-21300.0
31
0
0
LINE
8
hvac
10
74960.0
20
-21360.0
30
0
11
74960.0
21
-21300.0
31
0
0
LINE
8
hvac
10
75000.0
20
-21360.0
30
0
11
75000.0
21
-21300.0
31
0
0
LINE
8
hvac
10
74960.0
20
-21360.0
30
0
11
75000.0
21
-21360.0
31
0
0
LINE
8
hvac
10
74960.0
20
-21300.0
30
0
11
75000.0
21
-21300.0
31
0
0
LINE
8
hvac
10
75120.0
20
-21360.0
30
0
11
75120.0
21
-21300.0
31
0
0
LINE
8
hvac
10
75160.0
20
-21360.0
30
0
11
75160.0
21
-21300.0
31
0
0
LINE
8
hvac
10
75120.0
20
-21360.0
30
0
11
75160.0
21
-21360.0
31
0
0
LINE
8
hvac
10
75120.0
20
-21300.0
30
0
11
75160.0
21
-21300.0
31
0
0
LINE
8
hvac
10
75280.0
20
-21360.0
30
0
11
75280.0
21
-21300.0
31
0
0
LINE
8
hvac
10
75320.0
20
-21360.0
30
0
11
75320.0
21
-21300.0
31
0
0
LINE
8
hvac
10
75280.0
20
-21360.0
30
0
11
75320.0
21
-21360.0
31
0
0
LINE
8
hvac
10
75280.0
20
-21300.0
30
0
11
75320.0
21
-21300.0
31
0
0
LINE
8
hvac
10
75440.0
20
-21360.0
30
0
11
75440.0
21
-21300.0
31
0
0
LINE
8
hvac
10
75480.0
20
-21360.0
30
0
11
75480.0
21
-21300.0
31
0
0
LINE
8
hvac
10
75440.0
20
-21360.0
30
0
11
75480.0
21
-21360.0
31
0
0
LINE
8
hvac
10
75440.0
20
-21300.0
30
0
11
75480.0
21
-21300.0
31
0
0
LINE
8
hvac
10
75600.0
20
-21360.0
30
0
11
75600.0
21
-21300.0
31
0
0
LINE
8
hvac
10
75640.0
20
-21360.0
30
0
11
75640.0
21
-21300.0
31
0
0
LINE
8
hvac
10
75600.0
20
-21360.0
30
0
11
75640.0
21
-21360.0
31
0
0
LINE
8
hvac
10
75600.0
20
-21300.0
30
0
11
75640.0
21
-21300.0
31
0
0
LINE
8
hvac
10
75760.0
20
-21360.0
30
0
11
75760.0
21
-21300.0
31
0
0
LINE
8
hvac
10
75800.0
20
-21360.0
30
0
11
75800.0
21
-21300.0
31
0
0
LINE
8
hvac
10
75760.0
20
-21360.0
30
0
11
75800.0
21
-21360.0
31
0
0
LINE
8
hvac
10
75760.0
20
-21300.0
30
0
11
75800.0
21
-21300.0
31
0
0
LINE
8
hvac
10
75920.0
20
-21360.0
30
0
11
75920.0
21
-21300.0
31
0
0
LINE
8
hvac
10
75960.0
20
-21360.0
30
0
11
75960.0
21
-21300.0
31
0
0
LINE
8
hvac
10
75920.0
20
-21360.0
30
0
11
75960.0
21
-21360.0
31
0
0
LINE
8
hvac
10
75920.0
20
-21300.0
30
0
11
75960.0
21
-21300.0
31
0
0
LINE
8
hvac
10
75075.0
20
-21125.0
30
0
11
75075.0
21
-20675.0
31
0
0
LINE
8
hvac
10
75525.0
20
-21125.0
30
0
11
75525.0
21
-20675.0
31
0
0
LINE
8
hvac
10
75075.0
20
-21125.0
30
0
11
75525.0
21
-21125.0
31
0
0
LINE
8
hvac
10
75075.0
20
-20675.0
30
0
11
75525.0
21
-20675.0
31
0
0
LINE
8
hvac
10
75500.0
20
-18175.0
30
0
11
75500.0
21
-17825.0
31
0
0
LINE
8
hvac
10
82500.0
20
-18175.0
30
0
11
82500.0
21
-17825.0
31
0
0
LINE
8
hvac
10
75500.0
20
-18175.0
30
0
11
82500.0
21
-18175.0
31
0
0
LINE
8
hvac
10
75500.0
20
-17825.0
30
0
11
82500.0
21
-17825.0
31
0
0
LINE
8
hvac
10
75125.0
20
-21075.0
30
0
11
75125.0
21
-20725.0
31
0
0
LINE
8
hvac
10
79175.0
20
-21075.0
30
0
11
79175.0
21
-20725.0
31
0
0
LINE
8
hvac
10
75125.0
20
-21075.0
30
0
11
79175.0
21
-21075.0
31
0
0
LINE
8
hvac
10
75125.0
20
-20725.0
30
0
11
79175.0
21
-20725.0
31
0
0
LINE
8
hvac
10
78825.0
20
-21075.0
30
0
11
78825.0
21
-17825.0
31
0
0
LINE
8
hvac
10
79175.0
20
-21075.0
30
0
11
79175.0
21
-17825.0
31
0
0
LINE
8
hvac
10
78825.0
20
-21075.0
30
0
11
79175.0
21
-21075.0
31
0
0
LINE
8
hvac
10
78825.0
20
-17825.0
30
0
11
79175.0
21
-17825.0
31
0
0
LINE
8
hvac
10
76650.0
20
-18350.0
30
0
11
76650.0
21
-17650.0
31
0
0
LINE
8
hvac
10
77350.0
20
-18350.0
30
0
11
77350.0
21
-17650.0
31
0
0
LINE
8
hvac
10
76650.0
20
-18350.0
30
0
11
77350.0
21
-18350.0
31
0
0
LINE
8
hvac
10
76650.0
20
-17650.0
30
0
11
77350.0
21
-17650.0
31
0
0
LINE
8
hvac
10
80650.0
20
-18350.0
30
0
11
80650.0
21
-17650.0
31
0
0
LINE
8
hvac
10
81350.0
20
-18350.0
30
0
11
81350.0
21
-17650.0
31
0
0
LINE
8
hvac
10
80650.0
20
-18350.0
30
0
11
81350.0
21
-18350.0
31
0
0
LINE
8
hvac
10
80650.0
20
-17650.0
30
0
11
81350.0
21
-17650.0
31
0
0
LINE
8
water
10
82490.0
20
-17120.0
30
0
11
82490.0
21
-16480.0
31
0
0
LINE
8
water
10
83410.0
20
-17120.0
30
0
11
83410.0
21
-16480.0
31
0
0
LINE
8
water
10
82490.0
20
-17120.0
30
0
11
83410.0
21
-17120.0
31
0
0
LINE
8
water
10
82490.0
20
-16480.0
30
0
11
83410.0
21
-16480.0
31
0
0
LINE
8
water
10
82500.0
20
-17110.0
30
0
11
82500.0
21
-16490.0
31
0
0
LINE
8
water
10
82500.0
20
-17110.0
30
0
11
83400.0
21
-17110.0
31
0
0
LINE
8
water
10
82500.0
20
-16490.0
30
0
11
83400.0
21
-16490.0
31
0
0
LINE
8
water
10
83400.0
20
-17110.0
30
0
11
83400.0
21
-16490.0
31
0
0
LINE
8
water
10
83275.0
20
-17015.0
30
0
11
82625.0
21
-17015.0
31
0
0
LINE
8
water
10
83275.0
20
-17015.0
30
0
11
83275.0
21
-16585.0
31
0
0
LINE
8
water
10
83275.0
20
-16585.0
30
0
11
82625.0
21
-16585.0
31
0
0
LINE
8
water
10
82625.0
20
-17015.0
30
0
11
82625.0
21
-16585.0
31
0
0
LINE
8
water
10
82968.0
20
-16580.0
30
0
11
82941.0
21
-16564.41
31
0
0
LINE
8
water
10
82941.0
20
-16564.41
30
0
11
82941.0
21
-16595.59
31
0
0
LINE
8
water
10
82941.0
20
-16595.59
30
0
11
82968.0
21
-16580.0
31
0
0
LINE
8
water
10
82950.0
20
-16800.0
30
0
11
82965.59
21
-16800.0
31
0
0
LINE
8
water
10
82965.59
20
-16800.0
30
0
11
82934.41
21
-16800.0
31
0
0
LINE
8
water
10
82934.41
20
-16800.0
30
0
11
82950.0
21
-16800.0
31
0
0
LINE
8
water
10
82950.0
20
-16580.0
30
0
11
82950.0
21
-16800.0
31
0
0
LINE
8
water
10
82950.0
20
-16580.0
30
0
11
82965.59
21
-16580.0
31
0
0
LINE
8
water
10
82965.59
20
-16580.0
30
0
11
82934.41
21
-16580.0
31
0
0
LINE
8
water
10
82934.41
20
-16580.0
30
0
11
82950.0
21
-16580.0
31
0
0
LINE
8
water
10
82950.0
20
-16580.0
30
0
11
82969.44
21
-16580.0
31
0
0
LINE
8
water
10
82969.44
20
-16580.0
30
0
11
82950.0
21
-16580.0
31
0
0
LINE
8
water
10
76375.0
20
-16825.0
30
0
11
76375.0
21
-15975.0
31
0
0
LINE
8
water
10
77025.0
20
-16825.0
30
0
11
77025.0
21
-15975.0
31
0
0
LINE
8
water
10
76375.0
20
-16825.0
30
0
11
77025.0
21
-16825.0
31
0
0
LINE
8
water
10
76375.0
20
-15975.0
30
0
11
77025.0
21
-15975.0
31
0
0
LINE
8
water
10
76950.0
20
-16400.0
30
0
11
76855.87
21
-16204.54
31
0
0
LINE
8
water
10
76855.87
20
-16204.54
30
0
11
76644.37
21
-16156.27
31
0
0
LINE
8
water
10
76644.37
20
-16156.27
30
0
11
76474.76
21
-16291.53
31
0
0
LINE
8
water
10
76474.76
20
-16291.53
30
0
11
76474.76
21
-16508.47
31
0
0
LINE
8
water
10
76474.76
20
-16508.47
30
0
11
76644.37
21
-16643.73
31
0
0
LINE
8
water
10
76644.37
20
-16643.73
30
0
11
76855.87
21
-16595.46
31
0
0
LINE
8
water
10
76855.87
20
-16595.46
30
0
11
76950.0
21
-16400.0
31
0
0
LINE
8
water
10
76400.0
20
-16050.0
30
0
11
76400.0
21
-15850.0
31
0
0
LINE
8
water
10
77000.0
20
-16050.0
30
0
11
77000.0
21
-15850.0
31
0
0
LINE
8
water
10
76400.0
20
-16050.0
30
0
11
77000.0
21
-16050.0
31
0
0
LINE
8
water
10
76400.0
20
-15850.0
30
0
11
77000.0
21
-15850.0
31
0
0
LINE
8
water
10
82895.0
20
-16800.0
30
0
11
82950.0
21
-16745.0
31
0
0
LINE
8
water
10
82950.0
20
-16745.0
30
0
11
83005.0
21
-16800.0
31
0
0
LINE
8
water
10
83005.0
20
-16800.0
30
0
11
82950.0
21
-16855.0
31
0
0
LINE
8
water
10
82950.0
20
-16855.0
30
0
11
82895.0
21
-16800.0
31
0
0
LINE
8
water
10
82950.0
20
-30500.0
30
0
11
83005.0
21
-30500.0
31
0
0
LINE
8
water
10
83005.0
20
-30500.0
30
0
11
82950.0
21
-30500.0
31
0
0
LINE
8
water
10
82950.0
20
-30500.0
30
0
11
82895.0
21
-30500.0
31
0
0
LINE
8
water
10
82895.0
20
-30500.0
30
0
11
82950.0
21
-30500.0
31
0
0
LINE
8
water
10
82950.0
20
-16800.0
30
0
11
82950.0
21
-30500.0
31
0
0
LINE
8
water
10
82950.0
20
-16800.0
30
0
11
83005.0
21
-16800.0
31
0
0
LINE
8
water
10
83005.0
20
-16800.0
30
0
11
82950.0
21
-16800.0
31
0
0
LINE
8
water
10
82950.0
20
-16800.0
30
0
11
82895.0
21
-16800.0
31
0
0
LINE
8
water
10
82895.0
20
-16800.0
30
0
11
82950.0
21
-16800.0
31
0
0
LINE
8
water
10
-90000.0
20
-30500.0
30
0
11
-90000.0
21
-30555.0
31
0
0
LINE
8
water
10
-90000.0
20
-30555.0
30
0
11
-90000.0
21
-30500.0
31
0
0
LINE
8
water
10
-90000.0
20
-30500.0
30
0
11
-90000.0
21
-30445.0
31
0
0
LINE
8
water
10
-90000.0
20
-30445.0
30
0
11
-90000.0
21
-30500.0
31
0
0
LINE
8
water
10
82950.0
20
-30500.0
30
0
11
-90000.0
21
-30500.0
31
0
0
LINE
8
water
10
82950.0
20
-30500.0
30
0
11
82950.0
21
-30555.0
31
0
0
LINE
8
water
10
82950.0
20
-30555.0
30
0
11
82950.0
21
-30500.0
31
0
0
LINE
8
water
10
82950.0
20
-30500.0
30
0
11
82950.0
21
-30445.0
31
0
0
LINE
8
water
10
82950.0
20
-30445.0
30
0
11
82950.0
21
-30500.0
31
0
0
LINE
8
water
10
82950.0
20
-16800.0
30
0
11
83009.4
21
-16800.0
31
0
0
LINE
8
water
10
83009.4
20
-16800.0
30
0
11
82950.0
21
-16800.0
31
0
0
LINE
8
water
10
82950.0
20
-30500.0
30
0
11
83009.4
21
-30500.0
31
0
0
LINE
8
water
10
83009.4
20
-30500.0
30
0
11
82950.0
21
-30500.0
31
0
0
LINE
8
water
10
81155.0
20
-21600.0
30
0
11
81155.0
21
-21675.0
31
0
0
LINE
8
water
10
81155.0
20
-21675.0
30
0
11
81155.0
21
-21600.0
31
0
0
LINE
8
water
10
81155.0
20
-21600.0
30
0
11
81155.0
21
-21525.0
31
0
0
LINE
8
water
10
81155.0
20
-21525.0
30
0
11
81155.0
21
-21600.0
31
0
0
LINE
8
water
10
80755.0
20
-21600.0
30
0
11
81155.0
21
-21600.0
31
0
0
LINE
8
water
10
80755.0
20
-21600.0
30
0
11
80755.0
21
-21675.0
31
0
0
LINE
8
water
10
80755.0
20
-21675.0
30
0
11
80755.0
21
-21600.0
31
0
0
LINE
8
water
10
80755.0
20
-21600.0
30
0
11
80755.0
21
-21525.0
31
0
0
LINE
8
water
10
80755.0
20
-21525.0
30
0
11
80755.0
21
-21600.0
31
0
0
LINE
8
water
10
81045.0
20
-21600.0
30
0
11
80982.81
21
-21514.4
31
0
0
LINE
8
water
10
80982.81
20
-21514.4
30
0
11
80882.19
21
-21547.1
31
0
0
LINE
8
water
10
80882.19
20
-21547.1
30
0
11
80882.19
21
-21652.9
31
0
0
LINE
8
water
10
80882.19
20
-21652.9
30
0
11
80982.81
21
-21685.6
31
0
0
LINE
8
water
10
80982.81
20
-21685.6
30
0
11
81045.0
21
-21600.0
31
0
0
LINE
8
water
10
80765.0
20
-21625.0
30
0
11
80765.0
21
-21575.0
31
0
0
LINE
8
water
10
81145.0
20
-21625.0
30
0
11
81145.0
21
-21575.0
31
0
0
LINE
8
water
10
80765.0
20
-21625.0
30
0
11
81145.0
21
-21625.0
31
0
0
LINE
8
water
10
80765.0
20
-21575.0
30
0
11
81145.0
21
-21575.0
31
0
0
LINE
8
water
10
80830.0
20
-21600.0
30
0
11
80830.0
21
-21704.62
31
0
0
LINE
8
water
10
80830.0
20
-21704.62
30
0
11
80830.0
21
-21664.66
31
0
0
LINE
8
water
10
80830.0
20
-21664.66
30
0
11
80830.0
21
-21535.34
31
0
0
LINE
8
water
10
80830.0
20
-21535.34
30
0
11
80830.0
21
-21495.38
31
0
0
LINE
8
water
10
80830.0
20
-21495.38
30
0
11
80830.0
21
-21600.0
31
0
0
LINE
8
water
10
80805.0
20
-21600.0
30
0
11
80830.0
21
-21600.0
31
0
0
LINE
8
water
10
80805.0
20
-21600.0
30
0
11
80805.0
21
-21704.62
31
0
0
LINE
8
water
10
80805.0
20
-21704.62
30
0
11
80805.0
21
-21664.66
31
0
0
LINE
8
water
10
80805.0
20
-21664.66
30
0
11
80805.0
21
-21535.34
31
0
0
LINE
8
water
10
80805.0
20
-21535.34
30
0
11
80805.0
21
-21495.38
31
0
0
LINE
8
water
10
80805.0
20
-21495.38
30
0
11
80805.0
21
-21600.0
31
0
0
LINE
8
water
10
81130.0
20
-21600.0
30
0
11
81130.0
21
-21704.62
31
0
0
LINE
8
water
10
81130.0
20
-21704.62
30
0
11
81130.0
21
-21664.66
31
0
0
LINE
8
water
10
81130.0
20
-21664.66
30
0
11
81130.0
21
-21535.34
31
0
0
LINE
8
water
10
81130.0
20
-21535.34
30
0
11
81130.0
21
-21495.38
31
0
0
LINE
8
water
10
81130.0
20
-21495.38
30
0
11
81130.0
21
-21600.0
31
0
0
LINE
8
water
10
81105.0
20
-21600.0
30
0
11
81130.0
21
-21600.0
31
0
0
LINE
8
water
10
81105.0
20
-21600.0
30
0
11
81105.0
21
-21704.62
31
0
0
LINE
8
water
10
81105.0
20
-21704.62
30
0
11
81105.0
21
-21664.66
31
0
0
LINE
8
water
10
81105.0
20
-21664.66
30
0
11
81105.0
21
-21535.34
31
0
0
LINE
8
water
10
81105.0
20
-21535.34
30
0
11
81105.0
21
-21495.38
31
0
0
LINE
8
water
10
81105.0
20
-21495.38
30
0
11
81105.0
21
-21600.0
31
0
0
LINE
8
water
10
80100.0
20
-21600.0
30
0
11
80130.31
21
-21600.0
31
0
0
LINE
8
water
10
80130.31
20
-21600.0
30
0
11
80069.69
21
-21600.0
31
0
0
LINE
8
water
10
80069.69
20
-21600.0
30
0
11
80100.0
21
-21600.0
31
0
0
LINE
8
water
10
80100.0
20
-33000.0
30
0
11
80100.0
21
-21600.0
31
0
0
LINE
8
water
10
80100.0
20
-33000.0
30
0
11
80130.31
21
-33000.0
31
0
0
LINE
8
water
10
80130.31
20
-33000.0
30
0
11
80069.69
21
-33000.0
31
0
0
LINE
8
water
10
80069.69
20
-33000.0
30
0
11
80100.0
21
-33000.0
31
0
0
LINE
8
water
10
82950.0
20
-21600.0
30
0
11
82950.0
21
-21630.31
31
0
0
LINE
8
water
10
82950.0
20
-21630.31
30
0
11
82950.0
21
-21569.69
31
0
0
LINE
8
water
10
82950.0
20
-21569.69
30
0
11
82950.0
21
-21600.0
31
0
0
LINE
8
water
10
80100.0
20
-21600.0
30
0
11
82950.0
21
-21600.0
31
0
0
LINE
8
water
10
80100.0
20
-21600.0
30
0
11
80100.0
21
-21630.31
31
0
0
LINE
8
water
10
80100.0
20
-21630.31
30
0
11
80100.0
21
-21569.69
31
0
0
LINE
8
water
10
80100.0
20
-21569.69
30
0
11
80100.0
21
-21600.0
31
0
0
LINE
8
water
10
82950.0
20
-16570.0
30
0
11
82980.31
21
-16570.0
31
0
0
LINE
8
water
10
82980.31
20
-16570.0
30
0
11
82919.69
21
-16570.0
31
0
0
LINE
8
water
10
82919.69
20
-16570.0
30
0
11
82950.0
21
-16570.0
31
0
0
LINE
8
water
10
82950.0
20
-21600.0
30
0
11
82950.0
21
-16570.0
31
0
0
LINE
8
water
10
82950.0
20
-21600.0
30
0
11
82980.31
21
-21600.0
31
0
0
LINE
8
water
10
82980.31
20
-21600.0
30
0
11
82919.69
21
-21600.0
31
0
0
LINE
8
water
10
82919.69
20
-21600.0
30
0
11
82950.0
21
-21600.0
31
0
0
LINE
8
water
10
82915.0
20
-16570.0
30
0
11
82967.5
21
-16539.69
31
0
0
LINE
8
water
10
82967.5
20
-16539.69
30
0
11
82967.5
21
-16600.31
31
0
0
LINE
8
water
10
82967.5
20
-16600.31
30
0
11
82915.0
21
-16570.0
31
0
0
LINE
8
water
10
80100.0
20
-21600.0
30
0
11
80137.8
21
-21600.0
31
0
0
LINE
8
water
10
80137.8
20
-21600.0
30
0
11
80100.0
21
-21600.0
31
0
0
LINE
8
water
10
82950.0
20
-21600.0
30
0
11
82987.8
21
-21600.0
31
0
0
LINE
8
water
10
82987.8
20
-21600.0
30
0
11
82950.0
21
-21600.0
31
0
0
LINE
8
water
10
82950.0
20
-16570.0
30
0
11
82987.8
21
-16570.0
31
0
0
LINE
8
water
10
82987.8
20
-16570.0
30
0
11
82950.0
21
-16570.0
31
0
0
LINE
8
water
10
81364.0
20
-21600.0
30
0
11
81364.0
21
-21675.0
31
0
0
LINE
8
water
10
81364.0
20
-21675.0
30
0
11
81364.0
21
-21600.0
31
0
0
LINE
8
water
10
81364.0
20
-21600.0
30
0
11
81364.0
21
-21525.0
31
0
0
LINE
8
water
10
81364.0
20
-21525.0
30
0
11
81364.0
21
-21600.0
31
0
0
LINE
8
water
10
80964.0
20
-21600.0
30
0
11
81364.0
21
-21600.0
31
0
0
LINE
8
water
10
80964.0
20
-21600.0
30
0
11
80964.0
21
-21675.0
31
0
0
LINE
8
water
10
80964.0
20
-21675.0
30
0
11
80964.0
21
-21600.0
31
0
0
LINE
8
water
10
80964.0
20
-21600.0
30
0
11
80964.0
21
-21525.0
31
0
0
LINE
8
water
10
80964.0
20
-21525.0
30
0
11
80964.0
21
-21600.0
31
0
0
LINE
8
water
10
81254.0
20
-21600.0
30
0
11
81191.81
21
-21514.4
31
0
0
LINE
8
water
10
81191.81
20
-21514.4
30
0
11
81091.19
21
-21547.1
31
0
0
LINE
8
water
10
81091.19
20
-21547.1
30
0
11
81091.19
21
-21652.9
31
0
0
LINE
8
water
10
81091.19
20
-21652.9
30
0
11
81191.81
21
-21685.6
31
0
0
LINE
8
water
10
81191.81
20
-21685.6
30
0
11
81254.0
21
-21600.0
31
0
0
LINE
8
water
10
80974.0
20
-21625.0
30
0
11
80974.0
21
-21575.0
31
0
0
LINE
8
water
10
81354.0
20
-21625.0
30
0
11
81354.0
21
-21575.0
31
0
0
LINE
8
water
10
80974.0
20
-21625.0
30
0
11
81354.0
21
-21625.0
31
0
0
LINE
8
water
10
80974.0
20
-21575.0
30
0
11
81354.0
21
-21575.0
31
0
0
LINE
8
water
10
81039.0
20
-21600.0
30
0
11
81039.0
21
-21704.62
31
0
0
LINE
8
water
10
81039.0
20
-21704.62
30
0
11
81039.0
21
-21664.66
31
0
0
LINE
8
water
10
81039.0
20
-21664.66
30
0
11
81039.0
21
-21535.34
31
0
0
LINE
8
water
10
81039.0
20
-21535.34
30
0
11
81039.0
21
-21495.38
31
0
0
LINE
8
water
10
81039.0
20
-21495.38
30
0
11
81039.0
21
-21600.0
31
0
0
LINE
8
water
10
81014.0
20
-21600.0
30
0
11
81039.0
21
-21600.0
31
0
0
LINE
8
water
10
81014.0
20
-21600.0
30
0
11
81014.0
21
-21704.62
31
0
0
LINE
8
water
10
81014.0
20
-21704.62
30
0
11
81014.0
21
-21664.66
31
0
0
LINE
8
water
10
81014.0
20
-21664.66
30
0
11
81014.0
21
-21535.34
31
0
0
LINE
8
water
10
81014.0
20
-21535.34
30
0
11
81014.0
21
-21495.38
31
0
0
LINE
8
water
10
81014.0
20
-21495.38
30
0
11
81014.0
21
-21600.0
31
0
0
LINE
8
water
10
81339.0
20
-21600.0
30
0
11
81339.0
21
-21704.62
31
0
0
LINE
8
water
10
81339.0
20
-21704.62
30
0
11
81339.0
21
-21664.66
31
0
0
LINE
8
water
10
81339.0
20
-21664.66
30
0
11
81339.0
21
-21535.34
31
0
0
LINE
8
water
10
81339.0
20
-21535.34
30
0
11
81339.0
21
-21495.38
31
0
0
LINE
8
water
10
81339.0
20
-21495.38
30
0
11
81339.0
21
-21600.0
31
0
0
LINE
8
water
10
81314.0
20
-21600.0
30
0
11
81339.0
21
-21600.0
31
0
0
LINE
8
water
10
81314.0
20
-21600.0
30
0
11
81314.0
21
-21704.62
31
0
0
LINE
8
water
10
81314.0
20
-21704.62
30
0
11
81314.0
21
-21664.66
31
0
0
LINE
8
water
10
81314.0
20
-21664.66
30
0
11
81314.0
21
-21535.34
31
0
0
LINE
8
water
10
81314.0
20
-21535.34
30
0
11
81314.0
21
-21495.38
31
0
0
LINE
8
water
10
81314.0
20
-21495.38
30
0
11
81314.0
21
-21600.0
31
0
0
LINE
8
water
10
80450.0
20
-21600.0
30
0
11
80480.31
21
-21600.0
31
0
0
LINE
8
water
10
80480.31
20
-21600.0
30
0
11
80419.69
21
-21600.0
31
0
0
LINE
8
water
10
80419.69
20
-21600.0
30
0
11
80450.0
21
-21600.0
31
0
0
LINE
8
water
10
80450.0
20
-32000.0
30
0
11
80450.0
21
-21600.0
31
0
0
LINE
8
water
10
80450.0
20
-32000.0
30
0
11
80480.31
21
-32000.0
31
0
0
LINE
8
water
10
80480.31
20
-32000.0
30
0
11
80419.69
21
-32000.0
31
0
0
LINE
8
water
10
80419.69
20
-32000.0
30
0
11
80450.0
21
-32000.0
31
0
0
LINE
8
water
10
82830.0
20
-21600.0
30
0
11
82830.0
21
-21630.31
31
0
0
LINE
8
water
10
82830.0
20
-21630.31
30
0
11
82830.0
21
-21569.69
31
0
0
LINE
8
water
10
82830.0
20
-21569.69
30
0
11
82830.0
21
-21600.0
31
0
0
LINE
8
water
10
80450.0
20
-21600.0
30
0
11
82830.0
21
-21600.0
31
0
0
LINE
8
water
10
80450.0
20
-21600.0
30
0
11
80450.0
21
-21630.31
31
0
0
LINE
8
water
10
80450.0
20
-21630.31
30
0
11
80450.0
21
-21569.69
31
0
0
LINE
8
water
10
80450.0
20
-21569.69
30
0
11
80450.0
21
-21600.0
31
0
0
LINE
8
water
10
82830.0
20
-16570.0
30
0
11
82860.31
21
-16570.0
31
0
0
LINE
8
water
10
82860.31
20
-16570.0
30
0
11
82799.69
21
-16570.0
31
0
0
LINE
8
water
10
82799.69
20
-16570.0
30
0
11
82830.0
21
-16570.0
31
0
0
LINE
8
water
10
82830.0
20
-21600.0
30
0
11
82830.0
21
-16570.0
31
0
0
LINE
8
water
10
82830.0
20
-21600.0
30
0
11
82860.31
21
-21600.0
31
0
0
LINE
8
water
10
82860.31
20
-21600.0
30
0
11
82799.69
21
-21600.0
31
0
0
LINE
8
water
10
82799.69
20
-21600.0
30
0
11
82830.0
21
-21600.0
31
0
0
LINE
8
water
10
82795.0
20
-16570.0
30
0
11
82847.5
21
-16539.69
31
0
0
LINE
8
water
10
82847.5
20
-16539.69
30
0
11
82847.5
21
-16600.31
31
0
0
LINE
8
water
10
82847.5
20
-16600.31
30
0
11
82795.0
21
-16570.0
31
0
0
LINE
8
water
10
80450.0
20
-21600.0
30
0
11
80487.8
21
-21600.0
31
0
0
LINE
8
water
10
80487.8
20
-21600.0
30
0
11
80450.0
21
-21600.0
31
0
0
LINE
8
water
10
82830.0
20
-21600.0
30
0
11
82867.8
21
-21600.0
31
0
0
LINE
8
water
10
82867.8
20
-21600.0
30
0
11
82830.0
21
-21600.0
31
0
0
LINE
8
water
10
82830.0
20
-16570.0
30
0
11
82867.8
21
-16570.0
31
0
0
LINE
8
water
10
82867.8
20
-16570.0
30
0
11
82830.0
21
-16570.0
31
0
0
LINE
8
sensors
10
74040.0
20
-20320.0
30
0
11
74040.0
21
-20160.0
31
0
0
LINE
8
sensors
10
74140.0
20
-20320.0
30
0
11
74140.0
21
-20160.0
31
0
0
LINE
8
sensors
10
74040.0
20
-20320.0
30
0
11
74140.0
21
-20320.0
31
0
0
LINE
8
sensors
10
74040.0
20
-20160.0
30
0
11
74140.0
21
-20160.0
31
0
0
LINE
8
sensors
10
74145.0
20
-20295.0
30
0
11
74145.0
21
-20185.0
31
0
0
LINE
8
sensors
10
74165.0
20
-20295.0
30
0
11
74165.0
21
-20185.0
31
0
0
LINE
8
sensors
10
74145.0
20
-20295.0
30
0
11
74165.0
21
-20295.0
31
0
0
LINE
8
sensors
10
74145.0
20
-20185.0
30
0
11
74165.0
21
-20185.0
31
0
0
LINE
8
sensors
10
74040.0
20
-20020.0
30
0
11
74040.0
21
-19860.0
31
0
0
LINE
8
sensors
10
74140.0
20
-20020.0
30
0
11
74140.0
21
-19860.0
31
0
0
LINE
8
sensors
10
74040.0
20
-20020.0
30
0
11
74140.0
21
-20020.0
31
0
0
LINE
8
sensors
10
74040.0
20
-19860.0
30
0
11
74140.0
21
-19860.0
31
0
0
LINE
8
sensors
10
74145.0
20
-19995.0
30
0
11
74145.0
21
-19885.0
31
0
0
LINE
8
sensors
10
74165.0
20
-19995.0
30
0
11
74165.0
21
-19885.0
31
0
0
LINE
8
sensors
10
74145.0
20
-19995.0
30
0
11
74165.0
21
-19995.0
31
0
0
LINE
8
sensors
10
74145.0
20
-19885.0
30
0
11
74165.0
21
-19885.0
31
0
0
LINE
8
sensors
10
74040.0
20
-19720.0
30
0
11
74040.0
21
-19560.0
31
0
0
LINE
8
sensors
10
74140.0
20
-19720.0
30
0
11
74140.0
21
-19560.0
31
0
0
LINE
8
sensors
10
74040.0
20
-19720.0
30
0
11
74140.0
21
-19720.0
31
0
0
LINE
8
sensors
10
74040.0
20
-19560.0
30
0
11
74140.0
21
-19560.0
31
0
0
LINE
8
sensors
10
74145.0
20
-19695.0
30
0
11
74145.0
21
-19585.0
31
0
0
LINE
8
sensors
10
74165.0
20
-19695.0
30
0
11
74165.0
21
-19585.0
31
0
0
LINE
8
sensors
10
74145.0
20
-19695.0
30
0
11
74165.0
21
-19695.0
31
0
0
LINE
8
sensors
10
74145.0
20
-19585.0
30
0
11
74165.0
21
-19585.0
31
0
0
LINE
8
sensors
10
79080.0
20
-18000.0
30
0
11
79000.0
21
-17920.0
31
0
0
LINE
8
sensors
10
79000.0
20
-17920.0
30
0
11
78920.0
21
-18000.0
31
0
0
LINE
8
sensors
10
78920.0
20
-18000.0
30
0
11
79000.0
21
-18080.0
31
0
0
LINE
8
sensors
10
79000.0
20
-18080.0
30
0
11
79080.0
21
-18000.0
31
0
0
LINE
8
sensors
10
79000.0
20
-18000.0
30
0
11
79065.0
21
-18000.0
31
0
0
LINE
8
sensors
10
79065.0
20
-18000.0
30
0
11
79000.0
21
-18000.0
31
0
0
LINE
8
sensors
10
74040.0
20
-19120.0
30
0
11
74040.0
21
-18960.0
31
0
0
LINE
8
sensors
10
74140.0
20
-19120.0
30
0
11
74140.0
21
-18960.0
31
0
0
LINE
8
sensors
10
74040.0
20
-19120.0
30
0
11
74140.0
21
-19120.0
31
0
0
LINE
8
sensors
10
74040.0
20
-18960.0
30
0
11
74140.0
21
-18960.0
31
0
0
LINE
8
sensors
10
74145.0
20
-19095.0
30
0
11
74145.0
21
-18985.0
31
0
0
LINE
8
sensors
10
74165.0
20
-19095.0
30
0
11
74165.0
21
-18985.0
31
0
0
LINE
8
sensors
10
74145.0
20
-19095.0
30
0
11
74165.0
21
-19095.0
31
0
0
LINE
8
sensors
10
74145.0
20
-18985.0
30
0
11
74165.0
21
-18985.0
31
0
0
LINE
8
sensors
10
82062.5
20
-21600.0
30
0
11
82062.5
21
-21675.0
31
0
0
LINE
8
sensors
10
82062.5
20
-21675.0
30
0
11
82062.5
21
-21600.0
31
0
0
LINE
8
sensors
10
82062.5
20
-21600.0
30
0
11
82062.5
21
-21525.0
31
0
0
LINE
8
sensors
10
82062.5
20
-21525.0
30
0
11
82062.5
21
-21600.0
31
0
0
LINE
8
sensors
10
81842.5
20
-21600.0
30
0
11
82062.5
21
-21600.0
31
0
0
LINE
8
sensors
10
81842.5
20
-21600.0
30
0
11
81842.5
21
-21675.0
31
0
0
LINE
8
sensors
10
81842.5
20
-21675.0
30
0
11
81842.5
21
-21600.0
31
0
0
LINE
8
sensors
10
81842.5
20
-21600.0
30
0
11
81842.5
21
-21525.0
31
0
0
LINE
8
sensors
10
81842.5
20
-21525.0
30
0
11
81842.5
21
-21600.0
31
0
0
LINE
8
sensors
10
81872.5
20
-21670.0
30
0
11
81872.5
21
-21530.0
31
0
0
LINE
8
sensors
10
82032.5
20
-21670.0
30
0
11
82032.5
21
-21530.0
31
0
0
LINE
8
sensors
10
81872.5
20
-21670.0
30
0
11
82032.5
21
-21670.0
31
0
0
LINE
8
sensors
10
81872.5
20
-21530.0
30
0
11
82032.5
21
-21530.0
31
0
0
LINE
8
sensors
10
82107.0
20
-21600.0
30
0
11
82107.0
21
-21675.0
31
0
0
LINE
8
sensors
10
82107.0
20
-21675.0
30
0
11
82107.0
21
-21600.0
31
0
0
LINE
8
sensors
10
82107.0
20
-21600.0
30
0
11
82107.0
21
-21525.0
31
0
0
LINE
8
sensors
10
82107.0
20
-21525.0
30
0
11
82107.0
21
-21600.0
31
0
0
LINE
8
sensors
10
81887.0
20
-21600.0
30
0
11
82107.0
21
-21600.0
31
0
0
LINE
8
sensors
10
81887.0
20
-21600.0
30
0
11
81887.0
21
-21675.0
31
0
0
LINE
8
sensors
10
81887.0
20
-21675.0
30
0
11
81887.0
21
-21600.0
31
0
0
LINE
8
sensors
10
81887.0
20
-21600.0
30
0
11
81887.0
21
-21525.0
31
0
0
LINE
8
sensors
10
81887.0
20
-21525.0
30
0
11
81887.0
21
-21600.0
31
0
0
LINE
8
sensors
10
81917.0
20
-21670.0
30
0
11
81917.0
21
-21530.0
31
0
0
LINE
8
sensors
10
82077.0
20
-21670.0
30
0
11
82077.0
21
-21530.0
31
0
0
LINE
8
sensors
10
81917.0
20
-21670.0
30
0
11
82077.0
21
-21670.0
31
0
0
LINE
8
sensors
10
81917.0
20
-21530.0
30
0
11
82077.0
21
-21530.0
31
0
0
ENDSEC
0
EOF
