0
SECTION
2
HEADER
9
$ACADVER
1
AC1015
9
$INSUNITS
70
4
0
ENDSEC
0
SECTION
2
ENTITIES
0
LINE
8
electrical
10
303550.0
20
-62625.0
30
0
11
303550.0
21
-62375.0
31
0
0
LINE
8
electrical
10
304450.0
20
-62625.0
30
0
11
304450.0
21
-62375.0
31
0
0
LINE
8
electrical
10
303550.0
20
-62625.0
30
0
11
304450.0
21
-62625.0
31
0
0
LINE
8
electrical
10
303550.0
20
-62375.0
30
0
11
304450.0
21
-62375.0
31
0
0
LINE
8
electrical
10
303590.0
20
-62652.5
30
0
11
303590.0
21
-62617.5
31
0
0
LINE
8
electrical
10
304410.0
20
-62652.5
30
0
11
304410.0
21
-62617.5
31
0
0
LINE
8
electrical
10
303590.0
20
-62652.5
30
0
11
304410.0
21
-62652.5
31
0
0
LINE
8
electrical
10
303590.0
20
-62617.5
30
0
11
304410.0
21
-62617.5
31
0
0
LINE
8
electrical
10
303725.0
20
-62690.0
30
0
11
303725.0
21
-62650.0
31
0
0
LINE
8
electrical
10
303825.0
20
-62690.0
30
0
11
303825.0
21
-62650.0
31
0
0
LINE
8
electrical
10
303725.0
20
-62690.0
30
0
11
303825.0
21
-62690.0
31
0
0
LINE
8
electrical
10
303725.0
20
-62650.0
30
0
11
303825.0
21
-62650.0
31
0
0
LINE
8
electrical
10
303950.0
20
-62690.0
30
0
11
303950.0
21
-62650.0
31
0
0
LINE
8
electrical
10
304050.0
20
-62690.0
30
0
11
304050.0
21
-62650.0
31
0
0
LINE
8
electrical
10
303950.0
20
-62690.0
30
0
11
304050.0
21
-62690.0
31
0
0
LINE
8
electrical
10
303950.0
20
-62650.0
30
0
11
304050.0
21
-62650.0
31
0
0
LINE
8
electrical
10
304175.0
20
-62690.0
30
0
11
304175.0
21
-62650.0
31
0
0
LINE
8
electrical
10
304275.0
20
-62690.0
30
0
11
304275.0
21
-62650.0
31
0
0
LINE
8
electrical
10
304175.0
20
-62690.0
30
0
11
304275.0
21
-62690.0
31
0
0
LINE
8
electrical
10
304175.0
20
-62650.0
30
0
11
304275.0
21
-62650.0
31
0
0
LINE
8
electrical
10
303775.0
20
-62705.0
30
0
11
303798.38
21
-62705.0
31
0
0
LINE
8
electrical
10
303798.38
20
-62705.0
30
0
11
303751.62
21
-62705.0
31
0
0
LINE
8
electrical
10
303751.62
20
-62705.0
30
0
11
303775.0
21
-62705.0
31
0
0
LINE
8
electrical
10
303775.0
20
-62680.0
30
0
11
303775.0
21
-62705.0
31
0
0
LINE
8
electrical
10
303775.0
20
-62680.0
30
0
11
303798.38
21
-62680.0
31
0
0
LINE
8
electrical
10
303798.38
20
-62680.0
30
0
11
303751.62
21
-62680.0
31
0
0
LINE
8
electrical
10
303751.62
20
-62680.0
30
0
11
303775.0
21
-62680.0
31
0
0
LINE
8
electrical
10
304000.0
20
-62705.0
30
0
11
304023.38
21
-62705.0
31
0
0
LINE
8
electrical
10
304023.38
20
-62705.0
30
0
11
303976.62
21
-62705.0
31
0
0
LINE
8
electrical
10
303976.62
20
-62705.0
30
0
11
304000.0
21
-62705.0
31
0
0
LINE
8
electrical
10
304000.0
20
-62680.0
30
0
11
304000.0
21
-62705.0
31
0
0
LINE
8
electrical
10
304000.0
20
-62680.0
30
0
11
304023.38
21
-62680.0
31
0
0
LINE
8
electrical
10
304023.38
20
-62680.0
30
0
11
303976.62
21
-62680.0
31
0
0
LINE
8
electrical
10
303976.62
20
-62680.0
30
0
11
304000.0
21
-62680.0
31
0
0
LINE
8
electrical
10
304225.0
20
-62705.0
30
0
11
304248.38
21
-62705.0
31
0
0
LINE
8
electrical
10
304248.38
20
-62705.0
30
0
11
304201.62
21
-62705.0
31
0
0
LINE
8
electrical
10
304201.62
20
-62705.0
30
0
11
304225.0
21
-62705.0
31
0
0
LINE
8
electrical
10
304225.0
20
-62680.0
30
0
11
304225.0
21
-62705.0
31
0
0
LINE
8
electrical
10
304225.0
20
-62680.0
30
0
11
304248.38
21
-62680.0
31
0
0
LINE
8
electrical
10
304248.38
20
-62680.0
30
0
11
304201.62
21
-62680.0
31
0
0
LINE
8
electrical
10
304201.62
20
-62680.0
30
0
11
304225.0
21
-62680.0
31
0
0
LINE
8
water
10
307200.0
20
-60500.0
30
0
11
307200.0
21
-60575.0
31
0
0
LINE
8
water
10
307200.0
20
-60575.0
30
0
11
307200.0
21
-60500.0
31
0
0
LINE
8
water
10
307200.0
20
-60500.0
30
0
11
307200.0
21
-60425.0
31
0
0
LINE
8
water
10
307200.0
20
-60425.0
30
0
11
307200.0
21
-60500.0
31
0
0
LINE
8
water
10
306800.0
20
-60500.0
30
0
11
307200.0
21
-60500.0
31
0
0
LINE
8
water
10
306800.0
20
-60500.0
30
0
11
306800.0
21
-60575.0
31
0
0
LINE
8
water
10
306800.0
20
-60575.0
30
0
11
306800.0
21
-60500.0
31
0
0
LINE
8
water
10
306800.0
20
-60500.0
30
0
11
306800.0
21
-60425.0
31
0
0
LINE
8
water
10
306800.0
20
-60425.0
30
0
11
306800.0
21
-60500.0
31
0
0
LINE
8
water
10
307090.0
20
-60500.0
30
0
11
307027.81
21
-60414.4
31
0
0
LINE
8
water
10
307027.81
20
-60414.4
30
0
11
306927.19
21
-60447.1
31
0
0
LINE
8
water
10
306927.19
20
-60447.1
30
0
11
306927.19
21
-60552.9
31
0
0
LINE
8
water
10
306927.19
20
-60552.9
30
0
11
307027.81
21
-60585.6
31
0
0
LINE
8
water
10
307027.81
20
-60585.6
30
0
11
307090.0
21
-60500.0
31
0
0
LINE
8
water
10
306810.0
20
-60525.0
30
0
11
306810.0
21
-60475.0
31
0
0
LINE
8
water
10
307190.0
20
-60525.0
30
0
11
307190.0
21
-60475.0
31
0
0
LINE
8
water
10
306810.0
20
-60525.0
30
0
11
307190.0
21
-60525.0
31
0
0
LINE
8
water
10
306810.0
20
-60475.0
30
0
11
307190.0
21
-60475.0
31
0
0
LINE
8
water
10
306875.0
20
-60500.0
30
0
11
306875.0
21
-60604.62
31
0
0
LINE
8
water
10
306875.0
20
-60604.62
30
0
11
306875.0
21
-60564.66
31
0
0
LINE
8
water
10
306875.0
20
-60564.66
30
0
11
306875.0
21
-60435.34
31
0
0
LINE
8
water
10
306875.0
20
-60435.34
30
0
11
306875.0
21
-60395.38
31
0
0
LINE
8
water
10
306875.0
20
-60395.38
30
0
11
306875.0
21
-60500.0
31
0
0
LINE
8
water
10
306850.0
20
-60500.0
30
0
11
306875.0
21
-60500.0
31
0
0
LINE
8
water
10
306850.0
20
-60500.0
30
0
11
306850.0
21
-60604.62
31
0
0
LINE
8
water
10
306850.0
20
-60604.62
30
0
11
306850.0
21
-60564.66
31
0
0
LINE
8
water
10
306850.0
20
-60564.66
30
0
11
306850.0
21
-60435.34
31
0
0
LINE
8
water
10
306850.0
20
-60435.34
30
0
11
306850.0
21
-60395.38
31
0
0
LINE
8
water
10
306850.0
20
-60395.38
30
0
11
306850.0
21
-60500.0
31
0
0
LINE
8
water
10
307175.0
20
-60500.0
30
0
11
307175.0
21
-60604.62
31
0
0
LINE
8
water
10
307175.0
20
-60604.62
30
0
11
307175.0
21
-60564.66
31
0
0
LINE
8
water
10
307175.0
20
-60564.66
30
0
11
307175.0
21
-60435.34
31
0
0
LINE
8
water
10
307175.0
20
-60435.34
30
0
11
307175.0
21
-60395.38
31
0
0
LINE
8
water
10
307175.0
20
-60395.38
30
0
11
307175.0
21
-60500.0
31
0
0
LINE
8
water
10
307150.0
20
-60500.0
30
0
11
307175.0
21
-60500.0
31
0
0
LINE
8
water
10
307150.0
20
-60500.0
30
0
11
307150.0
21
-60604.62
31
0
0
LINE
8
water
10
307150.0
20
-60604.62
30
0
11
307150.0
21
-60564.66
31
0
0
LINE
8
water
10
307150.0
20
-60564.66
30
0
11
307150.0
21
-60435.34
31
0
0
LINE
8
water
10
307150.0
20
-60435.34
30
0
11
307150.0
21
-60395.38
31
0
0
LINE
8
water
10
307150.0
20
-60395.38
30
0
11
307150.0
21
-60500.0
31
0
0
LINE
8
water
10
307200.0
20
-59500.0
30
0
11
307200.0
21
-59575.0
31
0
0
LINE
8
water
10
307200.0
20
-59575.0
30
0
11
307200.0
21
-59500.0
31
0
0
LINE
8
water
10
307200.0
20
-59500.0
30
0
11
307200.0
21
-59425.0
31
0
0
LINE
8
water
10
307200.0
20
-59425.0
30
0
11
307200.0
21
-59500.0
31
0
0
LINE
8
water
10
306800.0
20
-59500.0
30
0
11
307200.0
21
-59500.0
31
0
0
LINE
8
water
10
306800.0
20
-59500.0
30
0
11
306800.0
21
-59575.0
31
0
0
LINE
8
water
10
306800.0
20
-59575.0
30
0
11
306800.0
21
-59500.0
31
0
0
LINE
8
water
10
306800.0
20
-59500.0
30
0
11
306800.0
21
-59425.0
31
0
0
LINE
8
water
10
306800.0
20
-59425.0
30
0
11
306800.0
21
-59500.0
31
0
0
LINE
8
water
10
307090.0
20
-59500.0
30
0
11
307027.81
21
-59414.4
31
0
0
LINE
8
water
10
307027.81
20
-59414.4
30
0
11
306927.19
21
-59447.1
31
0
0
LINE
8
water
10
306927.19
20
-59447.1
30
0
11
306927.19
21
-59552.9
31
0
0
LINE
8
water
10
306927.19
20
-59552.9
30
0
11
307027.81
21
-59585.6
31
0
0
LINE
8
water
10
307027.81
20
-59585.6
30
0
11
307090.0
21
-59500.0
31
0
0
LINE
8
water
10
306810.0
20
-59525.0
30
0
11
306810.0
21
-59475.0
31
0
0
LINE
8
water
10
307190.0
20
-59525.0
30
0
11
307190.0
21
-59475.0
31
0
0
LINE
8
water
10
306810.0
20
-59525.0
30
0
11
307190.0
21
-59525.0
31
0
0
LINE
8
water
10
306810.0
20
-59475.0
30
0
11
307190.0
21
-59475.0
31
0
0
LINE
8
water
10
306875.0
20
-59500.0
30
0
11
306875.0
21
-59604.62
31
0
0
LINE
8
water
10
306875.0
20
-59604.62
30
0
11
306875.0
21
-59564.66
31
0
0
LINE
8
water
10
306875.0
20
-59564.66
30
0
11
306875.0
21
-59435.34
31
0
0
LINE
8
water
10
306875.0
20
-59435.34
30
0
11
306875.0
21
-59395.38
31
0
0
LINE
8
water
10
306875.0
20
-59395.38
30
0
11
306875.0
21
-59500.0
31
0
0
LINE
8
water
10
306850.0
20
-59500.0
30
0
11
306875.0
21
-59500.0
31
0
0
LINE
8
water
10
306850.0
20
-59500.0
30
0
11
306850.0
21
-59604.62
31
0
0
LINE
8
water
10
306850.0
20
-59604.62
30
0
11
306850.0
21
-59564.66
31
0
0
LINE
8
water
10
306850.0
20
-59564.66
30
0
11
306850.0
21
-59435.34
31
0
0
LINE
8
water
10
306850.0
20
-59435.34
30
0
11
306850.0
21
-59395.38
31
0
0
LINE
8
water
10
306850.0
20
-59395.38
30
0
11
306850.0
21
-59500.0
31
0
0
LINE
8
water
10
307175.0
20
-59500.0
30
0
11
307175.0
21
-59604.62
31
0
0
LINE
8
water
10
307175.0
20
-59604.62
30
0
11
307175.0
21
-59564.66
31
0
0
LINE
8
water
10
307175.0
20
-59564.66
30
0
11
307175.0
21
-59435.34
31
0
0
LINE
8
water
10
307175.0
20
-59435.34
30
0
11
307175.0
21
-59395.38
31
0
0
LINE
8
water
10
307175.0
20
-59395.38
30
0
11
307175.0
21
-59500.0
31
0
0
LINE
8
water
10
307150.0
20
-59500.0
30
0
11
307175.0
21
-59500.0
31
0
0
LINE
8
water
10
307150.0
20
-59500.0
30
0
11
307150.0
21
-59604.62
31
0
0
LINE
8
water
10
307150.0
20
-59604.62
30
0
11
307150.0
21
-59564.66
31
0
0
LINE
8
water
10
307150.0
20
-59564.66
30
0
11
307150.0
21
-59435.34
31
0
0
LINE
8
water
10
307150.0
20
-59435.34
30
0
11
307150.0
21
-59395.38
31
0
0
LINE
8
water
10
307150.0
20
-59395.38
30
0
11
307150.0
21
-59500.0
31
0
0
LINE
8
water
10
308200.0
20
-59225.0
30
0
11
308200.0
21
-58375.0
31
0
0
LINE
8
water
10
309800.0
20
-59225.0
30
0
11
309800.0
21
-58375.0
31
0
0
LINE
8
water
10
308200.0
20
-59225.0
30
0
11
309800.0
21
-59225.0
31
0
0
LINE
8
water
10
308200.0
20
-58375.0
30
0
11
309800.0
21
-58375.0
31
0
0
LINE
8
water
10
309100.0
20
-58800.0
30
0
11
309100.0
21
-58972.0
31
0
0
LINE
8
water
10
309100.0
20
-58972.0
30
0
11
309100.0
21
-59014.48
31
0
0
LINE
8
water
10
309100.0
20
-59014.48
30
0
11
309100.0
21
-58895.45
31
0
0
LINE
8
water
10
309100.0
20
-58895.45
30
0
11
309100.0
21
-58704.55
31
0
0
LINE
8
water
10
309100.0
20
-58704.55
30
0
11
309100.0
21
-58585.52
31
0
0
LINE
8
water
10
309100.0
20
-58585.52
30
0
11
309100.0
21
-58628.0
31
0
0
LINE
8
water
10
309100.0
20
-58628.0
30
0
11
309100.0
21
-58800.0
31
0
0
LINE
8
water
10
308450.0
20
-58800.0
30
0
11
309100.0
21
-58800.0
31
0
0
LINE
8
water
10
308450.0
20
-58800.0
30
0
11
308450.0
21
-58972.0
31
0
0
LINE
8
water
10
308450.0
20
-58972.0
30
0
11
308450.0
21
-59014.48
31
0
0
LINE
8
water
10
308450.0
20
-59014.48
30
0
11
308450.0
21
-58895.45
31
0
0
LINE
8
water
10
308450.0
20
-58895.45
30
0
11
308450.0
21
-58704.55
31
0
0
LINE
8
water
10
308450.0
20
-58704.55
30
0
11
308450.0
21
-58585.52
31
0
0
LINE
8
water
10
308450.0
20
-58585.52
30
0
11
308450.0
21
-58628.0
31
0
0
LINE
8
water
10
308450.0
20
-58628.0
30
0
11
308450.0
21
-58800.0
31
0
0
LINE
8
water
10
309300.0
20
-58800.0
30
0
11
309505.06
21
-58800.0
31
0
0
LINE
8
water
10
309505.06
20
-58800.0
30
0
11
309590.0
21
-58800.0
31
0
0
LINE
8
water
10
309590.0
20
-58800.0
30
0
11
309505.06
21
-58800.0
31
0
0
LINE
8
water
10
309505.06
20
-58800.0
30
0
11
309300.0
21
-58800.0
31
0
0
LINE
8
water
10
309380.0
20
-58800.0
30
0
11
309300.0
21
-58720.0
31
0
0
LINE
8
water
10
309300.0
20
-58720.0
30
0
11
309220.0
21
-58800.0
31
0
0
LINE
8
water
10
309220.0
20
-58800.0
30
0
11
309300.0
21
-58880.0
31
0
0
LINE
8
water
10
309300.0
20
-58880.0
30
0
11
309380.0
21
-58800.0
31
0
0
LINE
8
water
10
308488.0
20
-58800.0
30
0
11
308488.0
21
-58983.73
31
0
0
LINE
8
water
10
308488.0
20
-58983.73
30
0
11
308488.0
21
-59029.11
31
0
0
LINE
8
water
10
308488.0
20
-59029.11
30
0
11
308488.0
21
-58901.96
31
0
0
LINE
8
water
10
308488.0
20
-58901.96
30
0
11
308488.0
21
-58698.04
31
0
0
LINE
8
water
10
308488.0
20
-58698.04
30
0
11
308488.0
21
-58570.89
31
0
0
LINE
8
water
10
308488.0
20
-58570.89
30
0
11
308488.0
21
-58616.27
31
0
0
LINE
8
water
10
308488.0
20
-58616.27
30
0
11
308488.0
21
-58800.0
31
0
0
LINE
8
water
10
308470.0
20
-58800.0
30
0
11
308488.0
21
-58800.0
31
0
0
LINE
8
water
10
308470.0
20
-58800.0
30
0
11
308470.0
21
-58983.73
31
0
0
LINE
8
water
10
308470.0
20
-58983.73
30
0
11
308470.0
21
-59029.11
31
0
0
LINE
8
water
10
308470.0
20
-59029.11
30
0
11
308470.0
21
-58901.96
31
0
0
LINE
8
water
10
308470.0
20
-58901.96
30
0
11
308470.0
21
-58698.04
31
0
0
LINE
8
water
10
308470.0
20
-58698.04
30
0
11
308470.0
21
-58570.89
31
0
0
LINE
8
water
10
308470.0
20
-58570.89
30
0
11
308470.0
21
-58616.27
31
0
0
LINE
8
water
10
308470.0
20
-58616.27
30
0
11
308470.0
21
-58800.0
31
0
0
LINE
8
water
10
308573.0
20
-58800.0
30
0
11
308573.0
21
-58983.73
31
0
0
LINE
8
water
10
308573.0
20
-58983.73
30
0
11
308573.0
21
-59029.11
31
0
0
LINE
8
water
10
308573.0
20
-59029.11
30
0
11
308573.0
21
-58901.96
31
0
0
LINE
8
water
10
308573.0
20
-58901.96
30
0
11
308573.0
21
-58698.04
31
0
0
LINE
8
water
10
308573.0
20
-58698.04
30
0
11
308573.0
21
-58570.89
31
0
0
LINE
8
water
10
308573.0
20
-58570.89
30
0
11
308573.0
21
-58616.27
31
0
0
LINE
8
water
10
308573.0
20
-58616.27
30
0
11
308573.0
21
-58800.0
31
0
0
LINE
8
water
10
308555.0
20
-58800.0
30
0
11
308573.0
21
-58800.0
31
0
0
LINE
8
water
10
308555.0
20
-58800.0
30
0
11
308555.0
21
-58983.73
31
0
0
LINE
8
water
10
308555.0
20
-58983.73
30
0
11
308555.0
21
-59029.11
31
0
0
LINE
8
water
10
308555.0
20
-59029.11
30
0
11
308555.0
21
-58901.96
31
0
0
LINE
8
water
10
308555.0
20
-58901.96
30
0
11
308555.0
21
-58698.04
31
0
0
LINE
8
water
10
308555.0
20
-58698.04
30
0
11
308555.0
21
-58570.89
31
0
0
LINE
8
water
10
308555.0
20
-58570.89
30
0
11
308555.0
21
-58616.27
31
0
0
LINE
8
water
10
308555.0
20
-58616.27
30
0
11
308555.0
21
-58800.0
31
0
0
LINE
8
water
10
308658.0
20
-58800.0
30
0
11
308658.0
21
-58983.73
31
0
0
LINE
8
water
10
308658.0
20
-58983.73
30
0
11
308658.0
21
-59029.11
31
0
0
LINE
8
water
10
308658.0
20
-59029.11
30
0
11
308658.0
21
-58901.96
31
0
0
LINE
8
water
10
308658.0
20
-58901.96
30
0
11
308658.0
21
-58698.04
31
0
0
LINE
8
water
10
308658.0
20
-58698.04
30
0
11
308658.0
21
-58570.89
31
0
0
LINE
8
water
10
308658.0
20
-58570.89
30
0
11
308658.0
21
-58616.27
31
0
0
LINE
8
water
10
308658.0
20
-58616.27
30
0
11
308658.0
21
-58800.0
31
0
0
LINE
8
water
10
308640.0
20
-58800.0
30
0
11
308658.0
21
-58800.0
31
0
0
LINE
8
water
10
308640.0
20
-58800.0
30
0
11
308640.0
21
-58983.73
31
0
0
LINE
8
water
10
308640.0
20
-58983.73
30
0
11
308640.0
21
-59029.11
31
0
0
LINE
8
water
10
308640.0
20
-59029.11
30
0
11
308640.0
21
-58901.96
31
0
0
LINE
8
water
10
308640.0
20
-58901.96
30
0
11
308640.0
21
-58698.04
31
0
0
LINE
8
water
10
308640.0
20
-58698.04
30
0
11
308640.0
21
-58570.89
31
0
0
LINE
8
water
10
308640.0
20
-58570.89
30
0
11
308640.0
21
-58616.27
31
0
0
LINE
8
water
10
308640.0
20
-58616.27
30
0
11
308640.0
21
-58800.0
31
0
0
LINE
8
water
10
308743.0
20
-58800.0
30
0
11
308743.0
21
-58983.73
31
0
0
LINE
8
water
10
308743.0
20
-58983.73
30
0
11
308743.0
21
-59029.11
31
0
0
LINE
8
water
10
308743.0
20
-59029.11
30
0
11
308743.0
21
-58901.96
31
0
0
LINE
8
water
10
308743.0
20
-58901.96
30
0
11
308743.0
21
-58698.04
31
0
0
LINE
8
water
10
308743.0
20
-58698.04
30
0
11
308743.0
21
-58570.89
31
0
0
LINE
8
water
10
308743.0
20
-58570.89
30
0
11
308743.0
21
-58616.27
31
0
0
LINE
8
water
10
308743.0
20
-58616.27
30
0
11
308743.0
21
-58800.0
31
0
0
LINE
8
water
10
308725.0
20
-58800.0
30
0
11
308743.0
21
-58800.0
31
0
0
LINE
8
water
10
308725.0
20
-58800.0
30
0
11
308725.0
21
-58983.73
31
0
0
LINE
8
water
10
308725.0
20
-58983.73
30
0
11
308725.0
21
-59029.11
31
0
0
LINE
8
water
10
308725.0
20
-59029.11
30
0
11
308725.0
21
-58901.96
31
0
0
LINE
8
water
10
308725.0
20
-58901.96
30
0
11
308725.0
21
-58698.04
31
0
0
LINE
8
water
10
308725.0
20
-58698.04
30
0
11
308725.0
21
-58570.89
31
0
0
LINE
8
water
10
308725.0
20
-58570.89
30
0
11
308725.0
21
-58616.27
31
0
0
LINE
8
water
10
308725.0
20
-58616.27
30
0
11
308725.0
21
-58800.0
31
0
0
LINE
8
water
10
308828.0
20
-58800.0
30
0
11
308828.0
21
-58983.73
31
0
0
LINE
8
water
10
308828.0
20
-58983.73
30
0
11
308828.0
21
-59029.11
31
0
0
LINE
8
water
10
308828.0
20
-59029.11
30
0
11
308828.0
21
-58901.96
31
0
0
LINE
8
water
10
308828.0
20
-58901.96
30
0
11
308828.0
21
-58698.04
31
0
0
LINE
8
water
10
308828.0
20
-58698.04
30
0
11
308828.0
21
-58570.89
31
0
0
LINE
8
water
10
308828.0
20
-58570.89
30
0
11
308828.0
21
-58616.27
31
0
0
LINE
8
water
10
308828.0
20
-58616.27
30
0
11
308828.0
21
-58800.0
31
0
0
LINE
8
water
10
308810.0
20
-58800.0
30
0
11
308828.0
21
-58800.0
31
0
0
LINE
8
water
10
308810.0
20
-58800.0
30
0
11
308810.0
21
-58983.73
31
0
0
LINE
8
water
10
308810.0
20
-58983.73
30
0
11
308810.0
21
-59029.11
31
0
0
LINE
8
water
10
308810.0
20
-59029.11
30
0
11
308810.0
21
-58901.96
31
0
0
LINE
8
water
10
308810.0
20
-58901.96
30
0
11
308810.0
21
-58698.04
31
0
0
LINE
8
water
10
308810.0
20
-58698.04
30
0
11
308810.0
21
-58570.89
31
0
0
LINE
8
water
10
308810.0
20
-58570.89
30
0
11
308810.0
21
-58616.27
31
0
0
LINE
8
water
10
308810.0
20
-58616.27
30
0
11
308810.0
21
-58800.0
31
0
0
LINE
8
water
10
308913.0
20
-58800.0
30
0
11
308913.0
21
-58983.73
31
0
0
LINE
8
water
10
308913.0
20
-58983.73
30
0
11
308913.0
21
-59029.11
31
0
0
LINE
8
water
10
308913.0
20
-59029.11
30
0
11
308913.0
21
-58901.96
31
0
0
LINE
8
water
10
308913.0
20
-58901.96
30
0
11
308913.0
21
-58698.04
31
0
0
LINE
8
water
10
308913.0
20
-58698.04
30
0
11
308913.0
21
-58570.89
31
0
0
LINE
8
water
10
308913.0
20
-58570.89
30
0
11
308913.0
21
-58616.27
31
0
0
LINE
8
water
10
308913.0
20
-58616.27
30
0
11
308913.0
21
-58800.0
31
0
0
LINE
8
water
10
308895.0
20
-58800.0
30
0
11
308913.0
21
-58800.0
31
0
0
LINE
8
water
10
308895.0
20
-58800.0
30
0
11
308895.0
21
-58983.73
31
0
0
LINE
8
water
10
308895.0
20
-58983.73
30
0
11
308895.0
21
-59029.11
31
0
0
LINE
8
water
10
308895.0
20
-59029.11
30
0
11
308895.0
21
-58901.96
31
0
0
LINE
8
water
10
308895.0
20
-58901.96
30
0
11
308895.0
21
-58698.04
31
0
0
LINE
8
water
10
308895.0
20
-58698.04
30
0
11
308895.0
21
-58570.89
31
0
0
LINE
8
water
10
308895.0
20
-58570.89
30
0
11
308895.0
21
-58616.27
31
0
0
LINE
8
water
10
308895.0
20
-58616.27
30
0
11
308895.0
21
-58800.0
31
0
0
LINE
8
water
10
308998.0
20
-58800.0
30
0
11
308998.0
21
-58983.73
31
0
0
LINE
8
water
10
308998.0
20
-58983.73
30
0
11
308998.0
21
-59029.11
31
0
0
LINE
8
water
10
308998.0
20
-59029.11
30
0
11
308998.0
21
-58901.96
31
0
0
LINE
8
water
10
308998.0
20
-58901.96
30
0
11
308998.0
21
-58698.04
31
0
0
LINE
8
water
10
308998.0
20
-58698.04
30
0
11
308998.0
21
-58570.89
31
0
0
LINE
8
water
10
308998.0
20
-58570.89
30
0
11
308998.0
21
-58616.27
31
0
0
LINE
8
water
10
308998.0
20
-58616.27
30
0
11
308998.0
21
-58800.0
31
0
0
LINE
8
water
10
308980.0
20
-58800.0
30
0
11
308998.0
21
-58800.0
31
0
0
LINE
8
water
10
308980.0
20
-58800.0
30
0
11
308980.0
21
-58983.73
31
0
0
LINE
8
water
10
308980.0
20
-58983.73
30
0
11
308980.0
21
-59029.11
31
0
0
LINE
8
water
10
308980.0
20
-59029.11
30
0
11
308980.0
21
-58901.96
31
0
0
LINE
8
water
10
308980.0
20
-58901.96
30
0
11
308980.0
21
-58698.04
31
0
0
LINE
8
water
10
308980.0
20
-58698.04
30
0
11
308980.0
21
-58570.89
31
0
0
LINE
8
water
10
308980.0
20
-58570.89
30
0
11
308980.0
21
-58616.27
31
0
0
LINE
8
water
10
308980.0
20
-58616.27
30
0
11
308980.0
21
-58800.0
31
0
0
LINE
8
water
10
311550.0
20
-58800.0
30
0
11
311462.69
21
-58502.65
31
0
0
LINE
8
water
10
311462.69
20
-58502.65
30
0
11
311228.48
21
-58299.7
31
0
0
LINE
8
water
10
311228.48
20
-58299.7
30
0
11
310921.73
21
-58255.6
31
0
0
LINE
8
water
10
310921.73
20
-58255.6
30
0
11
310639.83
21
-58384.34
31
0
0
LINE
8
water
10
310639.83
20
-58384.34
30
0
11
310472.28
21
-58645.05
31
0
0
LINE
8
water
10
310472.28
20
-58645.05
30
0
11
310472.28
21
-58954.95
31
0
0
LINE
8
water
10
310472.28
20
-58954.95
30
0
11
310639.83
21
-59215.66
31
0
0
LINE
8
water
10
310639.83
20
-59215.66
30
0
11
310921.73
21
-59344.4
31
0
0
LINE
8
water
10
310921.73
20
-59344.4
30
0
11
311228.48
21
-59300.3
31
0
0
LINE
8
water
10
311228.48
20
-59300.3
30
0
11
311462.69
21
-59097.35
31
0
0
LINE
8
water
10
311462.69
20
-59097.35
30
0
11
311550.0
21
-58800.0
31
0
0
LINE
8
water
10
310350.0
20
-59450.0
30
0
11
310350.0
21
-58150.0
31
0
0
LINE
8
water
10
311650.0
20
-59450.0
30
0
11
311650.0
21
-58150.0
31
0
0
LINE
8
water
10
310350.0
20
-59450.0
30
0
11
311650.0
21
-59450.0
31
0
0
LINE
8
water
10
310350.0
20
-58150.0
30
0
11
311650.0
21
-58150.0
31
0
0
LINE
8
water
10
309300.0
20
-58700.0
30
0
11
309300.0
21
-58765.0
31
0
0
LINE
8
water
10
309300.0
20
-58765.0
30
0
11
309300.0
21
-58700.0
31
0
0
LINE
8
water
10
309300.0
20
-58700.0
30
0
11
309300.0
21
-58635.0
31
0
0
LINE
8
water
10
309300.0
20
-58635.0
30
0
11
309300.0
21
-58700.0
31
0
0
LINE
8
water
10
307000.0
20
-58700.0
30
0
11
309300.0
21
-58700.0
31
0
0
LINE
8
water
10
307000.0
20
-58700.0
30
0
11
307000.0
21
-58765.0
31
0
0
LINE
8
water
10
307000.0
20
-58765.0
30
0
11
307000.0
21
-58700.0
31
0
0
LINE
8
water
10
307000.0
20
-58700.0
30
0
11
307000.0
21
-58635.0
31
0
0
LINE
8
water
10
307000.0
20
-58635.0
30
0
11
307000.0
21
-58700.0
31
0
0
LINE
8
water
10
309300.0
20
-58864.92
30
0
11
309235.0
21
-58800.0
31
0
0
LINE
8
water
10
309235.0
20
-58800.0
30
0
11
309300.0
21
-58735.08
31
0
0
LINE
8
water
10
309300.0
20
-58735.08
30
0
11
309365.0
21
-58800.0
31
0
0
LINE
8
water
10
309365.0
20
-58800.0
30
0
11
309300.0
21
-58864.92
31
0
0
LINE
8
water
10
309300.0
20
-58764.92
30
0
11
309300.0
21
-58864.92
31
0
0
LINE
8
water
10
309300.0
20
-58764.92
30
0
11
309235.0
21
-58700.0
31
0
0
LINE
8
water
10
309235.0
20
-58700.0
30
0
11
309300.0
21
-58635.08
31
0
0
LINE
8
water
10
309300.0
20
-58635.08
30
0
11
309365.0
21
-58700.0
31
0
0
LINE
8
water
10
309365.0
20
-58700.0
30
0
11
309300.0
21
-58764.92
31
0
0
LINE
8
water
10
309300.0
20
-58700.0
30
0
11
309370.2
21
-58700.0
31
0
0
LINE
8
water
10
309370.2
20
-58700.0
30
0
11
309300.0
21
-58700.0
31
0
0
LINE
8
water
10
311000.0
20
-59100.0
30
0
11
311000.0
21
-59165.0
31
0
0
LINE
8
water
10
311000.0
20
-59165.0
30
0
11
311000.0
21
-59100.0
31
0
0
LINE
8
water
10
311000.0
20
-59100.0
30
0
11
311000.0
21
-59035.0
31
0
0
LINE
8
water
10
311000.0
20
-59035.0
30
0
11
311000.0
21
-59100.0
31
0
0
LINE
8
water
10
309300.0
20
-59100.0
30
0
11
311000.0
21
-59100.0
31
0
0
LINE
8
water
10
309300.0
20
-59100.0
30
0
11
309300.0
21
-59165.0
31
0
0
LINE
8
water
10
309300.0
20
-59165.0
30
0
11
309300.0
21
-59100.0
31
0
0
LINE
8
water
10
309300.0
20
-59100.0
30
0
11
309300.0
21
-59035.0
31
0
0
LINE
8
water
10
309300.0
20
-59035.0
30
0
11
309300.0
21
-59100.0
31
0
0
LINE
8
water
10
311000.0
20
-58800.0
30
0
11
311065.0
21
-58800.0
31
0
0
LINE
8
water
10
311065.0
20
-58800.0
30
0
11
311000.0
21
-58800.0
31
0
0
LINE
8
water
10
311000.0
20
-58800.0
30
0
11
310935.0
21
-58800.0
31
0
0
LINE
8
water
10
310935.0
20
-58800.0
30
0
11
311000.0
21
-58800.0
31
0
0
LINE
8
water
10
311000.0
20
-59100.0
30
0
11
311000.0
21
-58800.0
31
0
0
LINE
8
water
10
311000.0
20
-59100.0
30
0
11
311065.0
21
-59100.0
31
0
0
LINE
8
water
10
311065.0
20
-59100.0
30
0
11
311000.0
21
-59100.0
31
0
0
LINE
8
water
10
311000.0
20
-59100.0
30
0
11
310935.0
21
-59100.0
31
0
0
LINE
8
water
10
310935.0
20
-59100.0
30
0
11
311000.0
21
-59100.0
31
0
0
LINE
8
water
10
311000.0
20
-59100.0
30
0
11
311070.2
21
-59100.0
31
0
0
LINE
8
water
10
311070.2
20
-59100.0
30
0
11
311000.0
21
-59100.0
31
0
0
LINE
8
water
10
311000.0
20
-59500.0
30
0
11
311065.0
21
-59500.0
31
0
0
LINE
8
water
10
311065.0
20
-59500.0
30
0
11
311000.0
21
-59500.0
31
0
0
LINE
8
water
10
311000.0
20
-59500.0
30
0
11
310935.0
21
-59500.0
31
0
0
LINE
8
water
10
310935.0
20
-59500.0
30
0
11
311000.0
21
-59500.0
31
0
0
LINE
8
water
10
311000.0
20
-58800.0
30
0
11
311000.0
21
-59500.0
31
0
0
LINE
8
water
10
311065.0
20
-59500.0
30
0
11
311000.0
21
-59435.0
31
0
0
LINE
8
water
10
311000.0
20
-59435.0
30
0
11
310935.0
21
-59500.0
31
0
0
LINE
8
water
10
310935.0
20
-59500.0
30
0
11
311000.0
21
-59565.0
31
0
0
LINE
8
water
10
311000.0
20
-59565.0
30
0
11
311065.0
21
-59500.0
31
0
0
LINE
8
water
10
311000.0
20
-59500.0
30
0
11
311070.2
21
-59500.0
31
0
0
LINE
8
water
10
311070.2
20
-59500.0
30
0
11
311000.0
21
-59500.0
31
0
0
LINE
8
water
10
308200.0
20
-56925.0
30
0
11
308200.0
21
-56075.0
31
0
0
LINE
8
water
10
309800.0
20
-56925.0
30
0
11
309800.0
21
-56075.0
31
0
0
LINE
8
water
10
308200.0
20
-56925.0
30
0
11
309800.0
21
-56925.0
31
0
0
LINE
8
water
10
308200.0
20
-56075.0
30
0
11
309800.0
21
-56075.0
31
0
0
LINE
8
water
10
309100.0
20
-56500.0
30
0
11
309100.0
21
-56672.0
31
0
0
LINE
8
water
10
309100.0
20
-56672.0
30
0
11
309100.0
21
-56714.48
31
0
0
LINE
8
water
10
309100.0
20
-56714.48
30
0
11
309100.0
21
-56595.45
31
0
0
LINE
8
water
10
309100.0
20
-56595.45
30
0
11
309100.0
21
-56404.55
31
0
0
LINE
8
water
10
309100.0
20
-56404.55
30
0
11
309100.0
21
-56285.52
31
0
0
LINE
8
water
10
309100.0
20
-56285.52
30
0
11
309100.0
21
-56328.0
31
0
0
LINE
8
water
10
309100.0
20
-56328.0
30
0
11
309100.0
21
-56500.0
31
0
0
LINE
8
water
10
308450.0
20
-56500.0
30
0
11
309100.0
21
-56500.0
31
0
0
LINE
8
water
10
308450.0
20
-56500.0
30
0
11
308450.0
21
-56672.0
31
0
0
LINE
8
water
10
308450.0
20
-56672.0
30
0
11
308450.0
21
-56714.48
31
0
0
LINE
8
water
10
308450.0
20
-56714.48
30
0
11
308450.0
21
-56595.45
31
0
0
LINE
8
water
10
308450.0
20
-56595.45
30
0
11
308450.0
21
-56404.55
31
0
0
LINE
8
water
10
308450.0
20
-56404.55
30
0
11
308450.0
21
-56285.52
31
0
0
LINE
8
water
10
308450.0
20
-56285.52
30
0
11
308450.0
21
-56328.0
31
0
0
LINE
8
water
10
308450.0
20
-56328.0
30
0
11
308450.0
21
-56500.0
31
0
0
LINE
8
water
10
309300.0
20
-56500.0
30
0
11
309505.06
21
-56500.0
31
0
0
LINE
8
water
10
309505.06
20
-56500.0
30
0
11
309590.0
21
-56500.0
31
0
0
LINE
8
water
10
309590.0
20
-56500.0
30
0
11
309505.06
21
-56500.0
31
0
0
LINE
8
water
10
309505.06
20
-56500.0
30
0
11
309300.0
21
-56500.0
31
0
0
LINE
8
water
10
309380.0
20
-56500.0
30
0
11
309300.0
21
-56420.0
31
0
0
LINE
8
water
10
309300.0
20
-56420.0
30
0
11
309220.0
21
-56500.0
31
0
0
LINE
8
water
10
309220.0
20
-56500.0
30
0
11
309300.0
21
-56580.0
31
0
0
LINE
8
water
10
309300.0
20
-56580.0
30
0
11
309380.0
21
-56500.0
31
0
0
LINE
8
water
10
308488.0
20
-56500.0
30
0
11
308488.0
21
-56683.73
31
0
0
LINE
8
water
10
308488.0
20
-56683.73
30
0
11
308488.0
21
-56729.11
31
0
0
LINE
8
water
10
308488.0
20
-56729.11
30
0
11
308488.0
21
-56601.96
31
0
0
LINE
8
water
10
308488.0
20
-56601.96
30
0
11
308488.0
21
-56398.04
31
0
0
LINE
8
water
10
308488.0
20
-56398.04
30
0
11
308488.0
21
-56270.89
31
0
0
LINE
8
water
10
308488.0
20
-56270.89
30
0
11
308488.0
21
-56316.27
31
0
0
LINE
8
water
10
308488.0
20
-56316.27
30
0
11
308488.0
21
-56500.0
31
0
0
LINE
8
water
10
308470.0
20
-56500.0
30
0
11
308488.0
21
-56500.0
31
0
0
LINE
8
water
10
308470.0
20
-56500.0
30
0
11
308470.0
21
-56683.73
31
0
0
LINE
8
water
10
308470.0
20
-56683.73
30
0
11
308470.0
21
-56729.11
31
0
0
LINE
8
water
10
308470.0
20
-56729.11
30
0
11
308470.0
21
-56601.96
31
0
0
LINE
8
water
10
308470.0
20
-56601.96
30
0
11
308470.0
21
-56398.04
31
0
0
LINE
8
water
10
308470.0
20
-56398.04
30
0
11
308470.0
21
-56270.89
31
0
0
LINE
8
water
10
308470.0
20
-56270.89
30
0
11
308470.0
21
-56316.27
31
0
0
LINE
8
water
10
308470.0
20
-56316.27
30
0
11
308470.0
21
-56500.0
31
0
0
LINE
8
water
10
308573.0
20
-56500.0
30
0
11
308573.0
21
-56683.73
31
0
0
LINE
8
water
10
308573.0
20
-56683.73
30
0
11
308573.0
21
-56729.11
31
0
0
LINE
8
water
10
308573.0
20
-56729.11
30
0
11
308573.0
21
-56601.96
31
0
0
LINE
8
water
10
308573.0
20
-56601.96
30
0
11
308573.0
21
-56398.04
31
0
0
LINE
8
water
10
308573.0
20
-56398.04
30
0
11
308573.0
21
-56270.89
31
0
0
LINE
8
water
10
308573.0
20
-56270.89
30
0
11
308573.0
21
-56316.27
31
0
0
LINE
8
water
10
308573.0
20
-56316.27
30
0
11
308573.0
21
-56500.0
31
0
0
LINE
8
water
10
308555.0
20
-56500.0
30
0
11
308573.0
21
-56500.0
31
0
0
LINE
8
water
10
308555.0
20
-56500.0
30
0
11
308555.0
21
-56683.73
31
0
0
LINE
8
water
10
308555.0
20
-56683.73
30
0
11
308555.0
21
-56729.11
31
0
0
LINE
8
water
10
308555.0
20
-56729.11
30
0
11
308555.0
21
-56601.96
31
0
0
LINE
8
water
10
308555.0
20
-56601.96
30
0
11
308555.0
21
-56398.04
31
0
0
LINE
8
water
10
308555.0
20
-56398.04
30
0
11
308555.0
21
-56270.89
31
0
0
LINE
8
water
10
308555.0
20
-56270.89
30
0
11
308555.0
21
-56316.27
31
0
0
LINE
8
water
10
308555.0
20
-56316.27
30
0
11
308555.0
21
-56500.0
31
0
0
LINE
8
water
10
308658.0
20
-56500.0
30
0
11
308658.0
21
-56683.73
31
0
0
LINE
8
water
10
308658.0
20
-56683.73
30
0
11
308658.0
21
-56729.11
31
0
0
LINE
8
water
10
308658.0
20
-56729.11
30
0
11
308658.0
21
-56601.96
31
0
0
LINE
8
water
10
308658.0
20
-56601.96
30
0
11
308658.0
21
-56398.04
31
0
0
LINE
8
water
10
308658.0
20
-56398.04
30
0
11
308658.0
21
-56270.89
31
0
0
LINE
8
water
10
308658.0
20
-56270.89
30
0
11
308658.0
21
-56316.27
31
0
0
LINE
8
water
10
308658.0
20
-56316.27
30
0
11
308658.0
21
-56500.0
31
0
0
LINE
8
water
10
308640.0
20
-56500.0
30
0
11
308658.0
21
-56500.0
31
0
0
LINE
8
water
10
308640.0
20
-56500.0
30
0
11
308640.0
21
-56683.73
31
0
0
LINE
8
water
10
308640.0
20
-56683.73
30
0
11
308640.0
21
-56729.11
31
0
0
LINE
8
water
10
308640.0
20
-56729.11
30
0
11
308640.0
21
-56601.96
31
0
0
LINE
8
water
10
308640.0
20
-56601.96
30
0
11
308640.0
21
-56398.04
31
0
0
LINE
8
water
10
308640.0
20
-56398.04
30
0
11
308640.0
21
-56270.89
31
0
0
LINE
8
water
10
308640.0
20
-56270.89
30
0
11
308640.0
21
-56316.27
31
0
0
LINE
8
water
10
308640.0
20
-56316.27
30
0
11
308640.0
21
-56500.0
31
0
0
LINE
8
water
10
308743.0
20
-56500.0
30
0
11
308743.0
21
-56683.73
31
0
0
LINE
8
water
10
308743.0
20
-56683.73
30
0
11
308743.0
21
-56729.11
31
0
0
LINE
8
water
10
308743.0
20
-56729.11
30
0
11
308743.0
21
-56601.96
31
0
0
LINE
8
water
10
308743.0
20
-56601.96
30
0
11
308743.0
21
-56398.04
31
0
0
LINE
8
water
10
308743.0
20
-56398.04
30
0
11
308743.0
21
-56270.89
31
0
0
LINE
8
water
10
308743.0
20
-56270.89
30
0
11
308743.0
21
-56316.27
31
0
0
LINE
8
water
10
308743.0
20
-56316.27
30
0
11
308743.0
21
-56500.0
31
0
0
LINE
8
water
10
308725.0
20
-56500.0
30
0
11
308743.0
21
-56500.0
31
0
0
LINE
8
water
10
308725.0
20
-56500.0
30
0
11
308725.0
21
-56683.73
31
0
0
LINE
8
water
10
308725.0
20
-56683.73
30
0
11
308725.0
21
-56729.11
31
0
0
LINE
8
water
10
308725.0
20
-56729.11
30
0
11
308725.0
21
-56601.96
31
0
0
LINE
8
water
10
308725.0
20
-56601.96
30
0
11
308725.0
21
-56398.04
31
0
0
LINE
8
water
10
308725.0
20
-56398.04
30
0
11
308725.0
21
-56270.89
31
0
0
LINE
8
water
10
308725.0
20
-56270.89
30
0
11
308725.0
21
-56316.27
31
0
0
LINE
8
water
10
308725.0
20
-56316.27
30
0
11
308725.0
21
-56500.0
31
0
0
LINE
8
water
10
308828.0
20
-56500.0
30
0
11
308828.0
21
-56683.73
31
0
0
LINE
8
water
10
308828.0
20
-56683.73
30
0
11
308828.0
21
-56729.11
31
0
0
LINE
8
water
10
308828.0
20
-56729.11
30
0
11
308828.0
21
-56601.96
31
0
0
LINE
8
water
10
308828.0
20
-56601.96
30
0
11
308828.0
21
-56398.04
31
0
0
LINE
8
water
10
308828.0
20
-56398.04
30
0
11
308828.0
21
-56270.89
31
0
0
LINE
8
water
10
308828.0
20
-56270.89
30
0
11
308828.0
21
-56316.27
31
0
0
LINE
8
water
10
308828.0
20
-56316.27
30
0
11
308828.0
21
-56500.0
31
0
0
LINE
8
water
10
308810.0
20
-56500.0
30
0
11
308828.0
21
-56500.0
31
0
0
LINE
8
water
10
308810.0
20
-56500.0
30
0
11
308810.0
21
-56683.73
31
0
0
LINE
8
water
10
308810.0
20
-56683.73
30
0
11
308810.0
21
-56729.11
31
0
0
LINE
8
water
10
308810.0
20
-56729.11
30
0
11
308810.0
21
-56601.96
31
0
0
LINE
8
water
10
308810.0
20
-56601.96
30
0
11
308810.0
21
-56398.04
31
0
0
LINE
8
water
10
308810.0
20
-56398.04
30
0
11
308810.0
21
-56270.89
31
0
0
LINE
8
water
10
308810.0
20
-56270.89
30
0
11
308810.0
21
-56316.27
31
0
0
LINE
8
water
10
308810.0
20
-56316.27
30
0
11
308810.0
21
-56500.0
31
0
0
LINE
8
water
10
308913.0
20
-56500.0
30
0
11
308913.0
21
-56683.73
31
0
0
LINE
8
water
10
308913.0
20
-56683.73
30
0
11
308913.0
21
-56729.11
31
0
0
LINE
8
water
10
308913.0
20
-56729.11
30
0
11
308913.0
21
-56601.96
31
0
0
LINE
8
water
10
308913.0
20
-56601.96
30
0
11
308913.0
21
-56398.04
31
0
0
LINE
8
water
10
308913.0
20
-56398.04
30
0
11
308913.0
21
-56270.89
31
0
0
LINE
8
water
10
308913.0
20
-56270.89
30
0
11
308913.0
21
-56316.27
31
0
0
LINE
8
water
10
308913.0
20
-56316.27
30
0
11
308913.0
21
-56500.0
31
0
0
LINE
8
water
10
308895.0
20
-56500.0
30
0
11
308913.0
21
-56500.0
31
0
0
LINE
8
water
10
308895.0
20
-56500.0
30
0
11
308895.0
21
-56683.73
31
0
0
LINE
8
water
10
308895.0
20
-56683.73
30
0
11
308895.0
21
-56729.11
31
0
0
LINE
8
water
10
308895.0
20
-56729.11
30
0
11
308895.0
21
-56601.96
31
0
0
LINE
8
water
10
308895.0
20
-56601.96
30
0
11
308895.0
21
-56398.04
31
0
0
LINE
8
water
10
308895.0
20
-56398.04
30
0
11
308895.0
21
-56270.89
31
0
0
LINE
8
water
10
308895.0
20
-56270.89
30
0
11
308895.0
21
-56316.27
31
0
0
LINE
8
water
10
308895.0
20
-56316.27
30
0
11
308895.0
21
-56500.0
31
0
0
LINE
8
water
10
308998.0
20
-56500.0
30
0
11
308998.0
21
-56683.73
31
0
0
LINE
8
water
10
308998.0
20
-56683.73
30
0
11
308998.0
21
-56729.11
31
0
0
LINE
8
water
10
308998.0
20
-56729.11
30
0
11
308998.0
21
-56601.96
31
0
0
LINE
8
water
10
308998.0
20
-56601.96
30
0
11
308998.0
21
-56398.04
31
0
0
LINE
8
water
10
308998.0
20
-56398.04
30
0
11
308998.0
21
-56270.89
31
0
0
LINE
8
water
10
308998.0
20
-56270.89
30
0
11
308998.0
21
-56316.27
31
0
0
LINE
8
water
10
308998.0
20
-56316.27
30
0
11
308998.0
21
-56500.0
31
0
0
LINE
8
water
10
308980.0
20
-56500.0
30
0
11
308998.0
21
-56500.0
31
0
0
LINE
8
water
10
308980.0
20
-56500.0
30
0
11
308980.0
21
-56683.73
31
0
0
LINE
8
water
10
308980.0
20
-56683.73
30
0
11
308980.0
21
-56729.11
31
0
0
LINE
8
water
10
308980.0
20
-56729.11
30
0
11
308980.0
21
-56601.96
31
0
0
LINE
8
water
10
308980.0
20
-56601.96
30
0
11
308980.0
21
-56398.04
31
0
0
LINE
8
water
10
308980.0
20
-56398.04
30
0
11
308980.0
21
-56270.89
31
0
0
LINE
8
water
10
308980.0
20
-56270.89
30
0
11
308980.0
21
-56316.27
31
0
0
LINE
8
water
10
308980.0
20
-56316.27
30
0
11
308980.0
21
-56500.0
31
0
0
LINE
8
water
10
307200.0
20
-57500.0
30
0
11
307200.0
21
-57575.0
31
0
0
LINE
8
water
10
307200.0
20
-57575.0
30
0
11
307200.0
21
-57500.0
31
0
0
LINE
8
water
10
307200.0
20
-57500.0
30
0
11
307200.0
21
-57425.0
31
0
0
LINE
8
water
10
307200.0
20
-57425.0
30
0
11
307200.0
21
-57500.0
31
0
0
LINE
8
water
10
306800.0
20
-57500.0
30
0
11
307200.0
21
-57500.0
31
0
0
LINE
8
water
10
306800.0
20
-57500.0
30
0
11
306800.0
21
-57575.0
31
0
0
LINE
8
water
10
306800.0
20
-57575.0
30
0
11
306800.0
21
-57500.0
31
0
0
LINE
8
water
10
306800.0
20
-57500.0
30
0
11
306800.0
21
-57425.0
31
0
0
LINE
8
water
10
306800.0
20
-57425.0
30
0
11
306800.0
21
-57500.0
31
0
0
LINE
8
water
10
307090.0
20
-57500.0
30
0
11
307027.81
21
-57414.4
31
0
0
LINE
8
water
10
307027.81
20
-57414.4
30
0
11
306927.19
21
-57447.1
31
0
0
LINE
8
water
10
306927.19
20
-57447.1
30
0
11
306927.19
21
-57552.9
31
0
0
LINE
8
water
10
306927.19
20
-57552.9
30
0
11
307027.81
21
-57585.6
31
0
0
LINE
8
water
10
307027.81
20
-57585.6
30
0
11
307090.0
21
-57500.0
31
0
0
LINE
8
water
10
306810.0
20
-57525.0
30
0
11
306810.0
21
-57475.0
31
0
0
LINE
8
water
10
307190.0
20
-57525.0
30
0
11
307190.0
21
-57475.0
31
0
0
LINE
8
water
10
306810.0
20
-57525.0
30
0
11
307190.0
21
-57525.0
31
0
0
LINE
8
water
10
306810.0
20
-57475.0
30
0
11
307190.0
21
-57475.0
31
0
0
LINE
8
water
10
306875.0
20
-57500.0
30
0
11
306875.0
21
-57604.62
31
0
0
LINE
8
water
10
306875.0
20
-57604.62
30
0
11
306875.0
21
-57564.66
31
0
0
LINE
8
water
10
306875.0
20
-57564.66
30
0
11
306875.0
21
-57435.34
31
0
0
LINE
8
water
10
306875.0
20
-57435.34
30
0
11
306875.0
21
-57395.38
31
0
0
LINE
8
water
10
306875.0
20
-57395.38
30
0
11
306875.0
21
-57500.0
31
0
0
LINE
8
water
10
306850.0
20
-57500.0
30
0
11
306875.0
21
-57500.0
31
0
0
LINE
8
water
10
306850.0
20
-57500.0
30
0
11
306850.0
21
-57604.62
31
0
0
LINE
8
water
10
306850.0
20
-57604.62
30
0
11
306850.0
21
-57564.66
31
0
0
LINE
8
water
10
306850.0
20
-57564.66
30
0
11
306850.0
21
-57435.34
31
0
0
LINE
8
water
10
306850.0
20
-57435.34
30
0
11
306850.0
21
-57395.38
31
0
0
LINE
8
water
10
306850.0
20
-57395.38
30
0
11
306850.0
21
-57500.0
31
0
0
LINE
8
water
10
307175.0
20
-57500.0
30
0
11
307175.0
21
-57604.62
31
0
0
LINE
8
water
10
307175.0
20
-57604.62
30
0
11
307175.0
21
-57564.66
31
0
0
LINE
8
water
10
307175.0
20
-57564.66
30
0
11
307175.0
21
-57435.34
31
0
0
LINE
8
water
10
307175.0
20
-57435.34
30
0
11
307175.0
21
-57395.38
31
0
0
LINE
8
water
10
307175.0
20
-57395.38
30
0
11
307175.0
21
-57500.0
31
0
0
LINE
8
water
10
307150.0
20
-57500.0
30
0
11
307175.0
21
-57500.0
31
0
0
LINE
8
water
10
307150.0
20
-57500.0
30
0
11
307150.0
21
-57604.62
31
0
0
LINE
8
water
10
307150.0
20
-57604.62
30
0
11
307150.0
21
-57564.66
31
0
0
LINE
8
water
10
307150.0
20
-57564.66
30
0
11
307150.0
21
-57435.34
31
0
0
LINE
8
water
10
307150.0
20
-57435.34
30
0
11
307150.0
21
-57395.38
31
0
0
LINE
8
water
10
307150.0
20
-57395.38
30
0
11
307150.0
21
-57500.0
31
0
0
LINE
8
water
10
310987.5
20
-56900.0
30
0
11
310987.5
21
-56100.0
31
0
0
LINE
8
water
10
311012.5
20
-56900.0
30
0
11
311012.5
21
-56100.0
31
0
0
LINE
8
water
10
310987.5
20
-56900.0
30
0
11
311012.5
21
-56900.0
31
0
0
LINE
8
water
10
310987.5
20
-56100.0
30
0
11
311012.5
21
-56100.0
31
0
0
LINE
8
water
10
311032.5
20
-56900.0
30
0
11
311032.5
21
-56100.0
31
0
0
LINE
8
water
10
311057.5
20
-56900.0
30
0
11
311057.5
21
-56100.0
31
0
0
LINE
8
water
10
311032.5
20
-56900.0
30
0
11
311057.5
21
-56900.0
31
0
0
LINE
8
water
10
311032.5
20
-56100.0
30
0
11
311057.5
21
-56100.0
31
0
0
LINE
8
water
10
311077.5
20
-56900.0
30
0
11
311077.5
21
-56100.0
31
0
0
LINE
8
water
10
311102.5
20
-56900.0
30
0
11
311102.5
21
-56100.0
31
0
0
LINE
8
water
10
311077.5
20
-56900.0
30
0
11
311102.5
21
-56900.0
31
0
0
LINE
8
water
10
311077.5
20
-56100.0
30
0
11
311102.5
21
-56100.0
31
0
0
LINE
8
water
10
311122.5
20
-56900.0
30
0
11
311122.5
21
-56100.0
31
0
0
LINE
8
water
10
311147.5
20
-56900.0
30
0
11
311147.5
21
-56100.0
31
0
0
LINE
8
water
10
311122.5
20
-56900.0
30
0
11
311147.5
21
-56900.0
31
0
0
LINE
8
water
10
311122.5
20
-56100.0
30
0
11
311147.5
21
-56100.0
31
0
0
LINE
8
water
10
311167.5
20
-56900.0
30
0
11
311167.5
21
-56100.0
31
0
0
LINE
8
water
10
311192.5
20
-56900.0
30
0
11
311192.5
21
-56100.0
31
0
0
LINE
8
water
10
311167.5
20
-56900.0
30
0
11
311192.5
21
-56900.0
31
0
0
LINE
8
water
10
311167.5
20
-56100.0
30
0
11
311192.5
21
-56100.0
31
0
0
LINE
8
water
10
311212.5
20
-56900.0
30
0
11
311212.5
21
-56100.0
31
0
0
LINE
8
water
10
311237.5
20
-56900.0
30
0
11
311237.5
21
-56100.0
31
0
0
LINE
8
water
10
311212.5
20
-56900.0
30
0
11
311237.5
21
-56900.0
31
0
0
LINE
8
water
10
311212.5
20
-56100.0
30
0
11
311237.5
21
-56100.0
31
0
0
LINE
8
water
10
311257.5
20
-56900.0
30
0
11
311257.5
21
-56100.0
31
0
0
LINE
8
water
10
311282.5
20
-56900.0
30
0
11
311282.5
21
-56100.0
31
0
0
LINE
8
water
10
311257.5
20
-56900.0
30
0
11
311282.5
21
-56900.0
31
0
0
LINE
8
water
10
311257.5
20
-56100.0
30
0
11
311282.5
21
-56100.0
31
0
0
LINE
8
water
10
311302.5
20
-56900.0
30
0
11
311302.5
21
-56100.0
31
0
0
LINE
8
water
10
311327.5
20
-56900.0
30
0
11
311327.5
21
-56100.0
31
0
0
LINE
8
water
10
311302.5
20
-56900.0
30
0
11
311327.5
21
-56900.0
31
0
0
LINE
8
water
10
311302.5
20
-56100.0
30
0
11
311327.5
21
-56100.0
31
0
0
LINE
8
water
10
311347.5
20
-56900.0
30
0
11
311347.5
21
-56100.0
31
0
0
LINE
8
water
10
311372.5
20
-56900.0
30
0
11
311372.5
21
-56100.0
31
0
0
LINE
8
water
10
311347.5
20
-56900.0
30
0
11
311372.5
21
-56900.0
31
0
0
LINE
8
water
10
311347.5
20
-56100.0
30
0
11
311372.5
21
-56100.0
31
0
0
LINE
8
water
10
311392.5
20
-56900.0
30
0
11
311392.5
21
-56100.0
31
0
0
LINE
8
water
10
311417.5
20
-56900.0
30
0
11
311417.5
21
-56100.0
31
0
0
LINE
8
water
10
311392.5
20
-56900.0
30
0
11
311417.5
21
-56900.0
31
0
0
LINE
8
water
10
311392.5
20
-56100.0
30
0
11
311417.5
21
-56100.0
31
0
0
LINE
8
water
10
311437.5
20
-56900.0
30
0
11
311437.5
21
-56100.0
31
0
0
LINE
8
water
10
311462.5
20
-56900.0
30
0
11
311462.5
21
-56100.0
31
0
0
LINE
8
water
10
311437.5
20
-56900.0
30
0
11
311462.5
21
-56900.0
31
0
0
LINE
8
water
10
311437.5
20
-56100.0
30
0
11
311462.5
21
-56100.0
31
0
0
LINE
8
water
10
311482.5
20
-56900.0
30
0
11
311482.5
21
-56100.0
31
0
0
LINE
8
water
10
311507.5
20
-56900.0
30
0
11
311507.5
21
-56100.0
31
0
0
LINE
8
water
10
311482.5
20
-56900.0
30
0
11
311507.5
21
-56900.0
31
0
0
LINE
8
water
10
311482.5
20
-56100.0
30
0
11
311507.5
21
-56100.0
31
0
0
LINE
8
water
10
311527.5
20
-56900.0
30
0
11
311527.5
21
-56100.0
31
0
0
LINE
8
water
10
311552.5
20
-56900.0
30
0
11
311552.5
21
-56100.0
31
0
0
LINE
8
water
10
311527.5
20
-56900.0
30
0
11
311552.5
21
-56900.0
31
0
0
LINE
8
water
10
311527.5
20
-56100.0
30
0
11
311552.5
21
-56100.0
31
0
0
LINE
8
water
10
311572.5
20
-56900.0
30
0
11
311572.5
21
-56100.0
31
0
0
LINE
8
water
10
311597.5
20
-56900.0
30
0
11
311597.5
21
-56100.0
31
0
0
LINE
8
water
10
311572.5
20
-56900.0
30
0
11
311597.5
21
-56900.0
31
0
0
LINE
8
water
10
311572.5
20
-56100.0
30
0
11
311597.5
21
-56100.0
31
0
0
LINE
8
water
10
311617.5
20
-56900.0
30
0
11
311617.5
21
-56100.0
31
0
0
LINE
8
water
10
311642.5
20
-56900.0
30
0
11
311642.5
21
-56100.0
31
0
0
LINE
8
water
10
311617.5
20
-56900.0
30
0
11
311642.5
21
-56900.0
31
0
0
LINE
8
water
10
311617.5
20
-56100.0
30
0
11
311642.5
21
-56100.0
31
0
0
LINE
8
water
10
311662.5
20
-56900.0
30
0
11
311662.5
21
-56100.0
31
0
0
LINE
8
water
10
311687.5
20
-56900.0
30
0
11
311687.5
21
-56100.0
31
0
0
LINE
8
water
10
311662.5
20
-56900.0
30
0
11
311687.5
21
-56900.0
31
0
0
LINE
8
water
10
311662.5
20
-56100.0
30
0
11
311687.5
21
-56100.0
31
0
0
LINE
8
water
10
311707.5
20
-56900.0
30
0
11
311707.5
21
-56100.0
31
0
0
LINE
8
water
10
311732.5
20
-56900.0
30
0
11
311732.5
21
-56100.0
31
0
0
LINE
8
water
10
311707.5
20
-56900.0
30
0
11
311732.5
21
-56900.0
31
0
0
LINE
8
water
10
311707.5
20
-56100.0
30
0
11
311732.5
21
-56100.0
31
0
0
LINE
8
water
10
311752.5
20
-56900.0
30
0
11
311752.5
21
-56100.0
31
0
0
LINE
8
water
10
311777.5
20
-56900.0
30
0
11
311777.5
21
-56100.0
31
0
0
LINE
8
water
10
311752.5
20
-56900.0
30
0
11
311777.5
21
-56900.0
31
0
0
LINE
8
water
10
311752.5
20
-56100.0
30
0
11
311777.5
21
-56100.0
31
0
0
LINE
8
water
10
311797.5
20
-56900.0
30
0
11
311797.5
21
-56100.0
31
0
0
LINE
8
water
10
311822.5
20
-56900.0
30
0
11
311822.5
21
-56100.0
31
0
0
LINE
8
water
10
311797.5
20
-56900.0
30
0
11
311822.5
21
-56900.0
31
0
0
LINE
8
water
10
311797.5
20
-56100.0
30
0
11
311822.5
21
-56100.0
31
0
0
LINE
8
water
10
311842.5
20
-56900.0
30
0
11
311842.5
21
-56100.0
31
0
0
LINE
8
water
10
311867.5
20
-56900.0
30
0
11
311867.5
21
-56100.0
31
0
0
LINE
8
water
10
311842.5
20
-56900.0
30
0
11
311867.5
21
-56900.0
31
0
0
LINE
8
water
10
311842.5
20
-56100.0
30
0
11
311867.5
21
-56100.0
31
0
0
LINE
8
water
10
311887.5
20
-56900.0
30
0
11
311887.5
21
-56100.0
31
0
0
LINE
8
water
10
311912.5
20
-56900.0
30
0
11
311912.5
21
-56100.0
31
0
0
LINE
8
water
10
311887.5
20
-56900.0
30
0
11
311912.5
21
-56900.0
31
0
0
LINE
8
water
10
311887.5
20
-56100.0
30
0
11
311912.5
21
-56100.0
31
0
0
LINE
8
water
10
311932.5
20
-56900.0
30
0
11
311932.5
21
-56100.0
31
0
0
LINE
8
water
10
311957.5
20
-56900.0
30
0
11
311957.5
21
-56100.0
31
0
0
LINE
8
water
10
311932.5
20
-56900.0
30
0
11
311957.5
21
-56900.0
31
0
0
LINE
8
water
10
311932.5
20
-56100.0
30
0
11
311957.5
21
-56100.0
31
0
0
LINE
8
water
10
310850.0
20
-57000.0
30
0
11
310850.0
21
-56000.0
31
0
0
LINE
8
water
10
312150.0
20
-57000.0
30
0
11
312150.0
21
-56000.0
31
0
0
LINE
8
water
10
310850.0
20
-57000.0
30
0
11
312150.0
21
-57000.0
31
0
0
LINE
8
water
10
310850.0
20
-56000.0
30
0
11
312150.0
21
-56000.0
31
0
0
LINE
8
water
10
309300.0
20
-57500.0
30
0
11
309380.0
21
-57500.0
31
0
0
LINE
8
water
10
309380.0
20
-57500.0
30
0
11
309300.0
21
-57500.0
31
0
0
LINE
8
water
10
309300.0
20
-57500.0
30
0
11
309220.0
21
-57500.0
31
0
0
LINE
8
water
10
309220.0
20
-57500.0
30
0
11
309300.0
21
-57500.0
31
0
0
LINE
8
water
10
309300.0
20
-56500.0
30
0
11
309300.0
21
-57500.0
31
0
0
LINE
8
water
10
309300.0
20
-56500.0
30
0
11
309380.0
21
-56500.0
31
0
0
LINE
8
water
10
309380.0
20
-56500.0
30
0
11
309300.0
21
-56500.0
31
0
0
LINE
8
water
10
309300.0
20
-56500.0
30
0
11
309220.0
21
-56500.0
31
0
0
LINE
8
water
10
309220.0
20
-56500.0
30
0
11
309300.0
21
-56500.0
31
0
0
LINE
8
water
10
309380.0
20
-57500.0
30
0
11
309300.0
21
-57420.0
31
0
0
LINE
8
water
10
309300.0
20
-57420.0
30
0
11
309220.0
21
-57500.0
31
0
0
LINE
8
water
10
309220.0
20
-57500.0
30
0
11
309300.0
21
-57580.0
31
0
0
LINE
8
water
10
309300.0
20
-57580.0
30
0
11
309380.0
21
-57500.0
31
0
0
LINE
8
water
10
307000.0
20
-57500.0
30
0
11
307000.0
21
-57580.0
31
0
0
LINE
8
water
10
307000.0
20
-57580.0
30
0
11
307000.0
21
-57500.0
31
0
0
LINE
8
water
10
307000.0
20
-57500.0
30
0
11
307000.0
21
-57420.0
31
0
0
LINE
8
water
10
307000.0
20
-57420.0
30
0
11
307000.0
21
-57500.0
31
0
0
LINE
8
water
10
309300.0
20
-57500.0
30
0
11
307000.0
21
-57500.0
31
0
0
LINE
8
water
10
309300.0
20
-57500.0
30
0
11
309300.0
21
-57580.0
31
0
0
LINE
8
water
10
309300.0
20
-57580.0
30
0
11
309300.0
21
-57500.0
31
0
0
LINE
8
water
10
309300.0
20
-57500.0
30
0
11
309300.0
21
-57420.0
31
0
0
LINE
8
water
10
309300.0
20
-57420.0
30
0
11
309300.0
21
-57500.0
31
0
0
LINE
8
water
10
309300.0
20
-57500.0
30
0
11
309374.82
21
-57500.0
31
0
0
LINE
8
water
10
309374.82
20
-57500.0
30
0
11
309374.82
21
-57500.0
31
0
0
LINE
8
water
10
309374.82
20
-57500.0
30
0
11
309300.0
21
-57500.0
31
0
0
LINE
8
water
10
311580.0
20
-56500.0
30
0
11
311500.0
21
-56420.0
31
0
0
LINE
8
water
10
311500.0
20
-56420.0
30
0
11
311420.0
21
-56500.0
31
0
0
LINE
8
water
10
311420.0
20
-56500.0
30
0
11
311500.0
21
-56580.0
31
0
0
LINE
8
water
10
311500.0
20
-56580.0
30
0
11
311580.0
21
-56500.0
31
0
0
LINE
8
water
10
307000.0
20
-56500.0
30
0
11
307000.0
21
-56580.0
31
0
0
LINE
8
water
10
307000.0
20
-56580.0
30
0
11
307000.0
21
-56500.0
31
0
0
LINE
8
water
10
307000.0
20
-56500.0
30
0
11
307000.0
21
-56420.0
31
0
0
LINE
8
water
10
307000.0
20
-56420.0
30
0
11
307000.0
21
-56500.0
31
0
0
LINE
8
water
10
311500.0
20
-56500.0
30
0
11
307000.0
21
-56500.0
31
0
0
LINE
8
water
10
311500.0
20
-56500.0
30
0
11
311500.0
21
-56580.0
31
0
0
LINE
8
water
10
311500.0
20
-56580.0
30
0
11
311500.0
21
-56500.0
31
0
0
LINE
8
water
10
311500.0
20
-56500.0
30
0
11
311500.0
21
-56420.0
31
0
0
LINE
8
water
10
311500.0
20
-56420.0
30
0
11
311500.0
21
-56500.0
31
0
0
LINE
8
water
10
311500.0
20
-56500.0
30
0
11
311574.82
21
-56500.0
31
0
0
LINE
8
water
10
311574.82
20
-56500.0
30
0
11
311574.82
21
-56500.0
31
0
0
LINE
8
water
10
311574.82
20
-56500.0
30
0
11
311500.0
21
-56500.0
31
0
0
LINE
8
water
10
310200.0
20
-56500.0
30
0
11
310200.0
21
-56580.0
31
0
0
LINE
8
water
10
310200.0
20
-56580.0
30
0
11
310200.0
21
-56500.0
31
0
0
LINE
8
water
10
310200.0
20
-56500.0
30
0
11
310200.0
21
-56420.0
31
0
0
LINE
8
water
10
310200.0
20
-56420.0
30
0
11
310200.0
21
-56500.0
31
0
0
LINE
8
water
10
311500.0
20
-56500.0
30
0
11
310200.0
21
-56500.0
31
0
0
LINE
8
water
10
310120.0
20
-56500.0
30
0
11
310200.0
21
-56420.0
31
0
0
LINE
8
water
10
310200.0
20
-56420.0
30
0
11
310280.0
21
-56500.0
31
0
0
LINE
8
water
10
310280.0
20
-56500.0
30
0
11
310200.0
21
-56580.0
31
0
0
LINE
8
water
10
310200.0
20
-56580.0
30
0
11
310120.0
21
-56500.0
31
0
0
LINE
8
water
10
309300.0
20
-56500.0
30
0
11
309300.0
21
-56580.0
31
0
0
LINE
8
water
10
309300.0
20
-56580.0
30
0
11
309300.0
21
-56500.0
31
0
0
LINE
8
water
10
309300.0
20
-56500.0
30
0
11
309300.0
21
-56420.0
31
0
0
LINE
8
water
10
309300.0
20
-56420.0
30
0
11
309300.0
21
-56500.0
31
0
0
LINE
8
water
10
310200.0
20
-56500.0
30
0
11
309300.0
21
-56500.0
31
0
0
LINE
8
water
10
310200.0
20
-56500.0
30
0
11
310274.82
21
-56500.0
31
0
0
LINE
8
water
10
310274.82
20
-56500.0
30
0
11
310274.82
21
-56500.0
31
0
0
LINE
8
water
10
310274.82
20
-56500.0
30
0
11
310200.0
21
-56500.0
31
0
0
LINE
8
water
10
456000.0
20
-60500.0
30
0
11
456000.0
21
-60580.0
31
0
0
LINE
8
water
10
456000.0
20
-60580.0
30
0
11
456000.0
21
-60500.0
31
0
0
LINE
8
water
10
456000.0
20
-60500.0
30
0
11
456000.0
21
-60420.0
31
0
0
LINE
8
water
10
456000.0
20
-60420.0
30
0
11
456000.0
21
-60500.0
31
0
0
LINE
8
water
10
307000.0
20
-60500.0
30
0
11
456000.0
21
-60500.0
31
0
0
LINE
8
water
10
307000.0
20
-60500.0
30
0
11
307000.0
21
-60580.0
31
0
0
LINE
8
water
10
307000.0
20
-60580.0
30
0
11
307000.0
21
-60500.0
31
0
0
LINE
8
water
10
307000.0
20
-60500.0
30
0
11
307000.0
21
-60420.0
31
0
0
LINE
8
water
10
307000.0
20
-60420.0
30
0
11
307000.0
21
-60500.0
31
0
0
LINE
8
water
10
456000.0
20
-59500.0
30
0
11
456000.0
21
-59580.0
31
0
0
LINE
8
water
10
456000.0
20
-59580.0
30
0
11
456000.0
21
-59500.0
31
0
0
LINE
8
water
10
456000.0
20
-59500.0
30
0
11
456000.0
21
-59420.0
31
0
0
LINE
8
water
10
456000.0
20
-59420.0
30
0
11
456000.0
21
-59500.0
31
0
0
LINE
8
water
10
307000.0
20
-59500.0
30
0
11
456000.0
21
-59500.0
31
0
0
LINE
8
water
10
307000.0
20
-59500.0
30
0
11
307000.0
21
-59580.0
31
0
0
LINE
8
water
10
307000.0
20
-59580.0
30
0
11
307000.0
21
-59500.0
31
0
0
LINE
8
water
10
307000.0
20
-59500.0
30
0
11
307000.0
21
-59420.0
31
0
0
LINE
8
water
10
307000.0
20
-59420.0
30
0
11
307000.0
21
-59500.0
31
0
0
LINE
8
water
10
456000.0
20
-58700.0
30
0
11
456000.0
21
-58780.0
31
0
0
LINE
8
water
10
456000.0
20
-58780.0
30
0
11
456000.0
21
-58700.0
31
0
0
LINE
8
water
10
456000.0
20
-58700.0
30
0
11
456000.0
21
-58620.0
31
0
0
LINE
8
water
10
456000.0
20
-58620.0
30
0
11
456000.0
21
-58700.0
31
0
0
LINE
8
water
10
307000.0
20
-58700.0
30
0
11
456000.0
21
-58700.0
31
0
0
LINE
8
water
10
307000.0
20
-58700.0
30
0
11
307000.0
21
-58780.0
31
0
0
LINE
8
water
10
307000.0
20
-58780.0
30
0
11
307000.0
21
-58700.0
31
0
0
LINE
8
water
10
307000.0
20
-58700.0
30
0
11
307000.0
21
-58620.0
31
0
0
LINE
8
water
10
307000.0
20
-58620.0
30
0
11
307000.0
21
-58700.0
31
0
0
LINE
8
water
10
456000.0
20
-58700.0
30
0
11
456080.0
21
-58700.0
31
0
0
LINE
8
water
10
456080.0
20
-58700.0
30
0
11
456000.0
21
-58700.0
31
0
0
LINE
8
water
10
456000.0
20
-58700.0
30
0
11
455920.0
21
-58700.0
31
0
0
LINE
8
water
10
455920.0
20
-58700.0
30
0
11
456000.0
21
-58700.0
31
0
0
LINE
8
water
10
456000.0
20
-59500.0
30
0
11
456000.0
21
-58700.0
31
0
0
LINE
8
water
10
456000.0
20
-59500.0
30
0
11
456080.0
21
-59500.0
31
0
0
LINE
8
water
10
456080.0
20
-59500.0
30
0
11
456000.0
21
-59500.0
31
0
0
LINE
8
water
10
456000.0
20
-59500.0
30
0
11
455920.0
21
-59500.0
31
0
0
LINE
8
water
10
455920.0
20
-59500.0
30
0
11
456000.0
21
-59500.0
31
0
0
LINE
8
water
10
456000.0
20
-57500.0
30
0
11
456000.0
21
-57580.0
31
0
0
LINE
8
water
10
456000.0
20
-57580.0
30
0
11
456000.0
21
-57500.0
31
0
0
LINE
8
water
10
456000.0
20
-57500.0
30
0
11
456000.0
21
-57420.0
31
0
0
LINE
8
water
10
456000.0
20
-57420.0
30
0
11
456000.0
21
-57500.0
31
0
0
LINE
8
water
10
307000.0
20
-57500.0
30
0
11
456000.0
21
-57500.0
31
0
0
LINE
8
water
10
307000.0
20
-57500.0
30
0
11
307000.0
21
-57580.0
31
0
0
LINE
8
water
10
307000.0
20
-57580.0
30
0
11
307000.0
21
-57500.0
31
0
0
LINE
8
water
10
307000.0
20
-57500.0
30
0
11
307000.0
21
-57420.0
31
0
0
LINE
8
water
10
307000.0
20
-57420.0
30
0
11
307000.0
21
-57500.0
31
0
0
LINE
8
water
10
456000.0
20
-56500.0
30
0
11
456000.0
21
-56580.0
31
0
0
LINE
8
water
10
456000.0
20
-56580.0
30
0
11
456000.0
21
-56500.0
31
0
0
LINE
8
water
10
456000.0
20
-56500.0
30
0
11
456000.0
21
-56420.0
31
0
0
LINE
8
water
10
456000.0
20
-56420.0
30
0
11
456000.0
21
-56500.0
31
0
0
LINE
8
water
10
307000.0
20
-56500.0
30
0
11
456000.0
21
-56500.0
31
0
0
LINE
8
water
10
307000.0
20
-56500.0
30
0
11
307000.0
21
-56580.0
31
0
0
LINE
8
water
10
307000.0
20
-56580.0
30
0
11
307000.0
21
-56500.0
31
0
0
LINE
8
water
10
307000.0
20
-56500.0
30
0
11
307000.0
21
-56420.0
31
0
0
LINE
8
water
10
307000.0
20
-56420.0
30
0
11
307000.0
21
-56500.0
31
0
0
LINE
8
electrical
10
304000.0
20
-62500.0
30
0
11
304000.0
21
-62450.0
31
0
0
LINE
8
electrical
10
304000.0
20
-62150.0
30
0
11
304000.0
21
-62450.0
31
0
0
LINE
8
electrical
10
304000.0
20
-62150.0
30
0
11
304000.0
21
-62100.0
31
0
0
LINE
8
electrical
10
304000.0
20
-62500.0
30
0
11
304000.0
21
-62100.0
31
0
0
LINE
8
electrical
10
456000.0
20
-62450.0
30
0
11
304000.0
21
-62450.0
31
0
0
LINE
8
electrical
10
456000.0
20
-62500.0
30
0
11
456000.0
21
-62450.0
31
0
0
LINE
8
electrical
10
304000.0
20
-62500.0
30
0
11
456000.0
21
-62500.0
31
0
0
LINE
8
electrical
10
304000.0
20
-62150.0
30
0
11
456000.0
21
-62150.0
31
0
0
LINE
8
electrical
10
456000.0
20
-62150.0
30
0
11
456000.0
21
-62450.0
31
0
0
LINE
8
electrical
10
304000.0
20
-62100.0
30
0
11
456000.0
21
-62100.0
31
0
0
LINE
8
electrical
10
456000.0
20
-62150.0
30
0
11
456000.0
21
-62100.0
31
0
0
LINE
8
electrical
10
456000.0
20
-62500.0
30
0
11
456000.0
21
-62100.0
31
0
0
LINE
8
electrical
10
456000.0
20
-62300.0
30
0
11
456000.0
21
-62315.59
31
0
0
LINE
8
electrical
10
456000.0
20
-62315.59
30
0
11
456000.0
21
-62284.41
31
0
0
LINE
8
electrical
10
456000.0
20
-62284.41
30
0
11
456000.0
21
-62300.0
31
0
0
LINE
8
electrical
10
304000.0
20
-62300.0
30
0
11
456000.0
21
-62300.0
31
0
0
LINE
8
electrical
10
304000.0
20
-62300.0
30
0
11
304000.0
21
-62315.59
31
0
0
LINE
8
electrical
10
304000.0
20
-62315.59
30
0
11
304000.0
21
-62284.41
31
0
0
LINE
8
electrical
10
304000.0
20
-62284.41
30
0
11
304000.0
21
-62300.0
31
0
0
LINE
8
electrical
10
304000.0
20
-62300.0
30
0
11
304021.65
21
-62300.0
31
0
0
LINE
8
electrical
10
304021.65
20
-62300.0
30
0
11
303978.35
21
-62300.0
31
0
0
LINE
8
electrical
10
303978.35
20
-62300.0
30
0
11
304000.0
21
-62300.0
31
0
0
LINE
8
electrical
10
304000.0
20
-62500.0
30
0
11
304000.0
21
-62300.0
31
0
0
LINE
8
electrical
10
304000.0
20
-62500.0
30
0
11
304021.65
21
-62500.0
31
0
0
LINE
8
electrical
10
304021.65
20
-62500.0
30
0
11
303978.35
21
-62500.0
31
0
0
LINE
8
electrical
10
303978.35
20
-62500.0
30
0
11
304000.0
21
-62500.0
31
0
0
LINE
8
electrical
10
304025.0
20
-62300.0
30
0
11
303987.5
21
-62278.35
31
0
0
LINE
8
electrical
10
303987.5
20
-62278.35
30
0
11
303987.5
21
-62321.65
31
0
0
LINE
8
electrical
10
303987.5
20
-62321.65
30
0
11
304025.0
21
-62300.0
31
0
0
LINE
8
electrical
10
304000.0
20
-62300.0
30
0
11
304027.0
21
-62300.0
31
0
0
LINE
8
electrical
10
304027.0
20
-62300.0
30
0
11
304000.0
21
-62300.0
31
0
0
LINE
8
interiors
10
306000.0
20
2000.0
30
0
11
306000.0
21
22000.0
31
0
0
LINE
8
interiors
10
306000.0
20
2000.0
30
0
11
319800.0
21
2000.0
31
0
0
LINE
8
interiors
10
319800.0
20
2000.0
30
0
11
322200.0
21
2000.0
31
0
0
LINE
8
interiors
10
322200.0
20
2000.0
30
0
11
336000.0
21
2000.0
31
0
0
LINE
8
interiors
10
306000.0
20
2000.0
30
0
11
336000.0
21
2000.0
31
0
0
LINE
8
interiors
10
306000.0
20
22000.0
30
0
11
336000.0
21
22000.0
31
0
0
LINE
8
interiors
10
336000.0
20
2000.0
30
0
11
336000.0
21
22000.0
31
0
0
LINE
8
interiors
10
335880.0
20
2120.0
30
0
11
306120.0
21
2120.0
31
0
0
LINE
8
interiors
10
335880.0
20
2120.0
30
0
11
335880.0
21
21880.0
31
0
0
LINE
8
interiors
10
335880.0
20
21880.0
30
0
11
306120.0
21
21880.0
31
0
0
LINE
8
interiors
10
306120.0
20
2120.0
30
0
11
306120.0
21
21880.0
31
0
0
LINE
8
interiors
10
313200.0
20
22000.0
30
0
11
328800.0
21
22000.0
31
0
0
LINE
8
interiors
10
322200.0
20
2000.0
30
0
11
322200.0
21
2120.0
31
0
0
LINE
8
interiors
10
335880.0
20
2120.0
30
0
11
322200.0
21
2120.0
31
0
0
LINE
8
interiors
10
319800.0
20
2120.0
30
0
11
306120.0
21
2120.0
31
0
0
LINE
8
interiors
10
319800.0
20
2000.0
30
0
11
319800.0
21
2120.0
31
0
0
LINE
8
interiors
10
319800.0
20
2120.0
30
0
11
322200.0
21
2120.0
31
0
0
LINE
8
interiors
10
313200.0
20
21880.0
30
0
11
328800.0
21
21880.0
31
0
0
LINE
8
interiors
10
313200.0
20
21880.0
30
0
11
313200.0
21
22000.0
31
0
0
LINE
8
interiors
10
328800.0
20
21880.0
30
0
11
328800.0
21
22000.0
31
0
0
LINE
8
interiors
10
313200.0
20
21977.5
30
0
11
313200.0
21
22022.5
31
0
0
LINE
8
interiors
10
328800.0
20
21977.5
30
0
11
328800.0
21
22022.5
31
0
0
LINE
8
interiors
10
313200.0
20
21977.5
30
0
11
328800.0
21
21977.5
31
0
0
LINE
8
interiors
10
313200.0
20
22022.5
30
0
11
328800.0
21
22022.5
31
0
0
LINE
8
interiors
10
306125.0
20
2125.0
30
0
11
306125.0
21
21875.0
31
0
0
LINE
8
interiors
10
335875.0
20
2125.0
30
0
11
335875.0
21
21875.0
31
0
0
LINE
8
interiors
10
306125.0
20
2125.0
30
0
11
335875.0
21
2125.0
31
0
0
LINE
8
interiors
10
306125.0
20
21875.0
30
0
11
335875.0
21
21875.0
31
0
0
LINE
8
interiors
10
319845.0
20
1880.0
30
0
11
319845.0
21
2120.0
31
0
0
LINE
8
interiors
10
319915.0
20
1880.0
30
0
11
319915.0
21
2120.0
31
0
0
LINE
8
interiors
10
319845.0
20
1880.0
30
0
11
319915.0
21
1880.0
31
0
0
LINE
8
interiors
10
319845.0
20
2120.0
30
0
11
319915.0
21
2120.0
31
0
0
LINE
8
interiors
10
322085.0
20
1880.0
30
0
11
322085.0
21
2120.0
31
0
0
LINE
8
interiors
10
322155.0
20
1880.0
30
0
11
322155.0
21
2120.0
31
0
0
LINE
8
interiors
10
322085.0
20
1880.0
30
0
11
322155.0
21
1880.0
31
0
0
LINE
8
interiors
10
322085.0
20
2120.0
30
0
11
322155.0
21
2120.0
31
0
0
LINE
8
interiors
10
319850.0
20
1880.0
30
0
11
319850.0
21
2120.0
31
0
0
LINE
8
interiors
10
322150.0
20
1880.0
30
0
11
322150.0
21
2120.0
31
0
0
LINE
8
interiors
10
319850.0
20
1880.0
30
0
11
322150.0
21
1880.0
31
0
0
LINE
8
interiors
10
319850.0
20
2120.0
30
0
11
322150.0
21
2120.0
31
0
0
LINE
8
interiors
10
319930.39
20
2090.49
30
0
11
319889.61
21
2109.51
31
0
0
LINE
8
interiors
10
320386.82
20
3069.3
30
0
11
320346.04
21
3088.32
31
0
0
LINE
8
interiors
10
319930.39
20
2090.49
30
0
11
320386.82
21
3069.3
31
0
0
LINE
8
interiors
10
319889.61
20
2109.51
30
0
11
320346.04
21
3088.32
31
0
0
LINE
8
interiors
10
313500.0
20
7150.0
30
0
11
313500.0
21
8050.0
31
0
0
LINE
8
interiors
10
315300.0
20
7150.0
30
0
11
315300.0
21
8050.0
31
0
0
LINE
8
interiors
10
313500.0
20
7150.0
30
0
11
315300.0
21
7150.0
31
0
0
LINE
8
interiors
10
313500.0
20
8050.0
30
0
11
315300.0
21
8050.0
31
0
0
LINE
8
interiors
10
313565.0
20
7215.0
30
0
11
313565.0
21
7285.0
31
0
0
LINE
8
interiors
10
313635.0
20
7215.0
30
0
11
313635.0
21
7285.0
31
0
0
LINE
8
interiors
10
313565.0
20
7215.0
30
0
11
313635.0
21
7215.0
31
0
0
LINE
8
interiors
10
313565.0
20
7285.0
30
0
11
313635.0
21
7285.0
31
0
0
LINE
8
interiors
10
313565.0
20
7915.0
30
0
11
313565.0
21
7985.0
31
0
0
LINE
8
interiors
10
313635.0
20
7915.0
30
0
11
313635.0
21
7985.0
31
0
0
LINE
8
interiors
10
313565.0
20
7915.0
30
0
11
313635.0
21
7915.0
31
0
0
LINE
8
interiors
10
313565.0
20
7985.0
30
0
11
313635.0
21
7985.0
31
0
0
LINE
8
interiors
10
315165.0
20
7215.0
30
0
11
315165.0
21
7285.0
31
0
0
LINE
8
interiors
10
315235.0
20
7215.0
30
0
11
315235.0
21
7285.0
31
0
0
LINE
8
interiors
10
315165.0
20
7215.0
30
0
11
315235.0
21
7215.0
31
0
0
LINE
8
interiors
10
315165.0
20
7285.0
30
0
11
315235.0
21
7285.0
31
0
0
LINE
8
interiors
10
315165.0
20
7915.0
30
0
11
315165.0
21
7985.0
31
0
0
LINE
8
interiors
10
315235.0
20
7915.0
30
0
11
315235.0
21
7985.0
31
0
0
LINE
8
interiors
10
315165.0
20
7915.0
30
0
11
315235.0
21
7915.0
31
0
0
LINE
8
interiors
10
315165.0
20
7985.0
30
0
11
315235.0
21
7985.0
31
0
0
LINE
8
interiors
10
314160.0
20
6610.0
30
0
11
314160.0
21
7090.0
31
0
0
LINE
8
interiors
10
314640.0
20
6610.0
30
0
11
314640.0
21
7090.0
31
0
0
LINE
8
interiors
10
314160.0
20
6610.0
30
0
11
314640.0
21
6610.0
31
0
0
LINE
8
interiors
10
314160.0
20
7090.0
30
0
11
314640.0
21
7090.0
31
0
0
LINE
8
interiors
10
314160.0
20
7027.5
30
0
11
314160.0
21
7092.5
31
0
0
LINE
8
interiors
10
314640.0
20
7027.5
30
0
11
314640.0
21
7092.5
31
0
0
LINE
8
interiors
10
314160.0
20
7027.5
30
0
11
314640.0
21
7027.5
31
0
0
LINE
8
interiors
10
314160.0
20
7092.5
30
0
11
314640.0
21
7092.5
31
0
0
LINE
8
interiors
10
314192.5
20
6642.5
30
0
11
314192.5
21
6677.5
31
0
0
LINE
8
interiors
10
314227.5
20
6642.5
30
0
11
314227.5
21
6677.5
31
0
0
LINE
8
interiors
10
314192.5
20
6642.5
30
0
11
314227.5
21
6642.5
31
0
0
LINE
8
interiors
10
314192.5
20
6677.5
30
0
11
314227.5
21
6677.5
31
0
0
LINE
8
interiors
10
314192.5
20
7022.5
30
0
11
314192.5
21
7057.5
31
0
0
LINE
8
interiors
10
314227.5
20
7022.5
30
0
11
314227.5
21
7057.5
31
0
0
LINE
8
interiors
10
314192.5
20
7022.5
30
0
11
314227.5
21
7022.5
31
0
0
LINE
8
interiors
10
314192.5
20
7057.5
30
0
11
314227.5
21
7057.5
31
0
0
LINE
8
interiors
10
314572.5
20
6642.5
30
0
11
314572.5
21
6677.5
31
0
0
LINE
8
interiors
10
314607.5
20
6642.5
30
0
11
314607.5
21
6677.5
31
0
0
LINE
8
interiors
10
314572.5
20
6642.5
30
0
11
314607.5
21
6642.5
31
0
0
LINE
8
interiors
10
314572.5
20
6677.5
30
0
11
314607.5
21
6677.5
31
0
0
LINE
8
interiors
10
314572.5
20
7022.5
30
0
11
314572.5
21
7057.5
31
0
0
LINE
8
interiors
10
314607.5
20
7022.5
30
0
11
314607.5
21
7057.5
31
0
0
LINE
8
interiors
10
314572.5
20
7022.5
30
0
11
314607.5
21
7022.5
31
0
0
LINE
8
interiors
10
314572.5
20
7057.5
30
0
11
314607.5
21
7057.5
31
0
0
LINE
8
interiors
10
314100.0
20
7790.0
30
0
11
314100.0
21
7850.0
31
0
0
LINE
8
interiors
10
314700.0
20
7790.0
30
0
11
314700.0
21
7850.0
31
0
0
LINE
8
interiors
10
314100.0
20
7790.0
30
0
11
314700.0
21
7790.0
31
0
0
LINE
8
interiors
10
314100.0
20
7850.0
30
0
11
314700.0
21
7850.0
31
0
0
LINE
8
interiors
10
314370.0
20
7785.0
30
0
11
314370.0
21
7855.0
31
0
0
LINE
8
interiors
10
314430.0
20
7785.0
30
0
11
314430.0
21
7855.0
31
0
0
LINE
8
interiors
10
314370.0
20
7785.0
30
0
11
314430.0
21
7785.0
31
0
0
LINE
8
interiors
10
314370.0
20
7855.0
30
0
11
314430.0
21
7855.0
31
0
0
LINE
8
interiors
10
314250.0
20
7710.0
30
0
11
314250.0
21
7930.0
31
0
0
LINE
8
interiors
10
314550.0
20
7710.0
30
0
11
314550.0
21
7930.0
31
0
0
LINE
8
interiors
10
314250.0
20
7710.0
30
0
11
314550.0
21
7710.0
31
0
0
LINE
8
interiors
10
314250.0
20
7930.0
30
0
11
314550.0
21
7930.0
31
0
0
LINE
8
interiors
10
326700.0
20
7150.0
30
0
11
326700.0
21
8050.0
31
0
0
LINE
8
interiors
10
328500.0
20
7150.0
30
0
11
328500.0
21
8050.0
31
0
0
LINE
8
interiors
10
326700.0
20
7150.0
30
0
11
328500.0
21
7150.0
31
0
0
LINE
8
interiors
10
326700.0
20
8050.0
30
0
11
328500.0
21
8050.0
31
0
0
LINE
8
interiors
10
326765.0
20
7215.0
30
0
11
326765.0
21
7285.0
31
0
0
LINE
8
interiors
10
326835.0
20
7215.0
30
0
11
326835.0
21
7285.0
31
0
0
LINE
8
interiors
10
326765.0
20
7215.0
30
0
11
326835.0
21
7215.0
31
0
0
LINE
8
interiors
10
326765.0
20
7285.0
30
0
11
326835.0
21
7285.0
31
0
0
LINE
8
interiors
10
326765.0
20
7915.0
30
0
11
326765.0
21
7985.0
31
0
0
LINE
8
interiors
10
326835.0
20
7915.0
30
0
11
326835.0
21
7985.0
31
0
0
LINE
8
interiors
10
326765.0
20
7915.0
30
0
11
326835.0
21
7915.0
31
0
0
LINE
8
interiors
10
326765.0
20
7985.0
30
0
11
326835.0
21
7985.0
31
0
0
LINE
8
interiors
10
328365.0
20
7215.0
30
0
11
328365.0
21
7285.0
31
0
0
LINE
8
interiors
10
328435.0
20
7215.0
30
0
11
328435.0
21
7285.0
31
0
0
LINE
8
interiors
10
328365.0
20
7215.0
30
0
11
328435.0
21
7215.0
31
0
0
LINE
8
interiors
10
328365.0
20
7285.0
30
0
11
328435.0
21
7285.0
31
0
0
LINE
8
interiors
10
328365.0
20
7915.0
30
0
11
328365.0
21
7985.0
31
0
0
LINE
8
interiors
10
328435.0
20
7915.0
30
0
11
328435.0
21
7985.0
31
0
0
LINE
8
interiors
10
328365.0
20
7915.0
30
0
11
328435.0
21
7915.0
31
0
0
LINE
8
interiors
10
328365.0
20
7985.0
30
0
11
328435.0
21
7985.0
31
0
0
LINE
8
interiors
10
327360.0
20
6610.0
30
0
11
327360.0
21
7090.0
31
0
0
LINE
8
interiors
10
327840.0
20
6610.0
30
0
11
327840.0
21
7090.0
31
0
0
LINE
8
interiors
10
327360.0
20
6610.0
30
0
11
327840.0
21
6610.0
31
0
0
LINE
8
interiors
10
327360.0
20
7090.0
30
0
11
327840.0
21
7090.0
31
0
0
LINE
8
interiors
10
327360.0
20
7027.5
30
0
11
327360.0
21
7092.5
31
0
0
LINE
8
interiors
10
327840.0
20
7027.5
30
0
11
327840.0
21
7092.5
31
0
0
LINE
8
interiors
10
327360.0
20
7027.5
30
0
11
327840.0
21
7027.5
31
0
0
LINE
8
interiors
10
327360.0
20
7092.5
30
0
11
327840.0
21
7092.5
31
0
0
LINE
8
interiors
10
327392.5
20
6642.5
30
0
11
327392.5
21
6677.5
31
0
0
LINE
8
interiors
10
327427.5
20
6642.5
30
0
11
327427.5
21
6677.5
31
0
0
LINE
8
interiors
10
327392.5
20
6642.5
30
0
11
327427.5
21
6642.5
31
0
0
LINE
8
interiors
10
327392.5
20
6677.5
30
0
11
327427.5
21
6677.5
31
0
0
LINE
8
interiors
10
327392.5
20
7022.5
30
0
11
327392.5
21
7057.5
31
0
0
LINE
8
interiors
10
327427.5
20
7022.5
30
0
11
327427.5
21
7057.5
31
0
0
LINE
8
interiors
10
327392.5
20
7022.5
30
0
11
327427.5
21
7022.5
31
0
0
LINE
8
interiors
10
327392.5
20
7057.5
30
0
11
327427.5
21
7057.5
31
0
0
LINE
8
interiors
10
327772.5
20
6642.5
30
0
11
327772.5
21
6677.5
31
0
0
LINE
8
interiors
10
327807.5
20
6642.5
30
0
11
327807.5
21
6677.5
31
0
0
LINE
8
interiors
10
327772.5
20
6642.5
30
0
11
327807.5
21
6642.5
31
0
0
LINE
8
interiors
10
327772.5
20
6677.5
30
0
11
327807.5
21
6677.5
31
0
0
LINE
8
interiors
10
327772.5
20
7022.5
30
0
11
327772.5
21
7057.5
31
0
0
LINE
8
interiors
10
327807.5
20
7022.5
30
0
11
327807.5
21
7057.5
31
0
0
LINE
8
interiors
10
327772.5
20
7022.5
30
0
11
327807.5
21
7022.5
31
0
0
LINE
8
interiors
10
327772.5
20
7057.5
30
0
11
327807.5
21
7057.5
31
0
0
LINE
8
interiors
10
327300.0
20
7790.0
30
0
11
327300.0
21
7850.0
31
0
0
LINE
8
interiors
10
327900.0
20
7790.0
30
0
11
327900.0
21
7850.0
31
0
0
LINE
8
interiors
10
327300.0
20
7790.0
30
0
11
327900.0
21
7790.0
31
0
0
LINE
8
interiors
10
327300.0
20
7850.0
30
0
11
327900.0
21
7850.0
31
0
0
LINE
8
interiors
10
327570.0
20
7785.0
30
0
11
327570.0
21
7855.0
31
0
0
LINE
8
interiors
10
327630.0
20
7785.0
30
0
11
327630.0
21
7855.0
31
0
0
LINE
8
interiors
10
327570.0
20
7785.0
30
0
11
327630.0
21
7785.0
31
0
0
LINE
8
interiors
10
327570.0
20
7855.0
30
0
11
327630.0
21
7855.0
31
0
0
LINE
8
interiors
10
327450.0
20
7710.0
30
0
11
327450.0
21
7930.0
31
0
0
LINE
8
interiors
10
327750.0
20
7710.0
30
0
11
327750.0
21
7930.0
31
0
0
LINE
8
interiors
10
327450.0
20
7710.0
30
0
11
327750.0
21
7710.0
31
0
0
LINE
8
interiors
10
327450.0
20
7930.0
30
0
11
327750.0
21
7930.0
31
0
0
LINE
8
interiors
10
313500.0
20
15950.0
30
0
11
313500.0
21
16850.0
31
0
0
LINE
8
interiors
10
315300.0
20
15950.0
30
0
11
315300.0
21
16850.0
31
0
0
LINE
8
interiors
10
313500.0
20
15950.0
30
0
11
315300.0
21
15950.0
31
0
0
LINE
8
interiors
10
313500.0
20
16850.0
30
0
11
315300.0
21
16850.0
31
0
0
LINE
8
interiors
10
313565.0
20
16015.0
30
0
11
313565.0
21
16085.0
31
0
0
LINE
8
interiors
10
313635.0
20
16015.0
30
0
11
313635.0
21
16085.0
31
0
0
LINE
8
interiors
10
313565.0
20
16015.0
30
0
11
313635.0
21
16015.0
31
0
0
LINE
8
interiors
10
313565.0
20
16085.0
30
0
11
313635.0
21
16085.0
31
0
0
LINE
8
interiors
10
313565.0
20
16715.0
30
0
11
313565.0
21
16785.0
31
0
0
LINE
8
interiors
10
313635.0
20
16715.0
30
0
11
313635.0
21
16785.0
31
0
0
LINE
8
interiors
10
313565.0
20
16715.0
30
0
11
313635.0
21
16715.0
31
0
0
LINE
8
interiors
10
313565.0
20
16785.0
30
0
11
313635.0
21
16785.0
31
0
0
LINE
8
interiors
10
315165.0
20
16015.0
30
0
11
315165.0
21
16085.0
31
0
0
LINE
8
interiors
10
315235.0
20
16015.0
30
0
11
315235.0
21
16085.0
31
0
0
LINE
8
interiors
10
315165.0
20
16015.0
30
0
11
315235.0
21
16015.0
31
0
0
LINE
8
interiors
10
315165.0
20
16085.0
30
0
11
315235.0
21
16085.0
31
0
0
LINE
8
interiors
10
315165.0
20
16715.0
30
0
11
315165.0
21
16785.0
31
0
0
LINE
8
interiors
10
315235.0
20
16715.0
30
0
11
315235.0
21
16785.0
31
0
0
LINE
8
interiors
10
315165.0
20
16715.0
30
0
11
315235.0
21
16715.0
31
0
0
LINE
8
interiors
10
315165.0
20
16785.0
30
0
11
315235.0
21
16785.0
31
0
0
LINE
8
interiors
10
314160.0
20
15410.0
30
0
11
314160.0
21
15890.0
31
0
0
LINE
8
interiors
10
314640.0
20
15410.0
30
0
11
314640.0
21
15890.0
31
0
0
LINE
8
interiors
10
314160.0
20
15410.0
30
0
11
314640.0
21
15410.0
31
0
0
LINE
8
interiors
10
314160.0
20
15890.0
30
0
11
314640.0
21
15890.0
31
0
0
LINE
8
interiors
10
314160.0
20
15827.5
30
0
11
314160.0
21
15892.5
31
0
0
LINE
8
interiors
10
314640.0
20
15827.5
30
0
11
314640.0
21
15892.5
31
0
0
LINE
8
interiors
10
314160.0
20
15827.5
30
0
11
314640.0
21
15827.5
31
0
0
LINE
8
interiors
10
314160.0
20
15892.5
30
0
11
314640.0
21
15892.5
31
0
0
LINE
8
interiors
10
314192.5
20
15442.5
30
0
11
314192.5
21
15477.5
31
0
0
LINE
8
interiors
10
314227.5
20
15442.5
30
0
11
314227.5
21
15477.5
31
0
0
LINE
8
interiors
10
314192.5
20
15442.5
30
0
11
314227.5
21
15442.5
31
0
0
LINE
8
interiors
10
314192.5
20
15477.5
30
0
11
314227.5
21
15477.5
31
0
0
LINE
8
interiors
10
314192.5
20
15822.5
30
0
11
314192.5
21
15857.5
31
0
0
LINE
8
interiors
10
314227.5
20
15822.5
30
0
11
314227.5
21
15857.5
31
0
0
LINE
8
interiors
10
314192.5
20
15822.5
30
0
11
314227.5
21
15822.5
31
0
0
LINE
8
interiors
10
314192.5
20
15857.5
30
0
11
314227.5
21
15857.5
31
0
0
LINE
8
interiors
10
314572.5
20
15442.5
30
0
11
314572.5
21
15477.5
31
0
0
LINE
8
interiors
10
314607.5
20
15442.5
30
0
11
314607.5
21
15477.5
31
0
0
LINE
8
interiors
10
314572.5
20
15442.5
30
0
11
314607.5
21
15442.5
31
0
0
LINE
8
interiors
10
314572.5
20
15477.5
30
0
11
314607.5
21
15477.5
31
0
0
LINE
8
interiors
10
314572.5
20
15822.5
30
0
11
314572.5
21
15857.5
31
0
0
LINE
8
interiors
10
314607.5
20
15822.5
30
0
11
314607.5
21
15857.5
31
0
0
LINE
8
interiors
10
314572.5
20
15822.5
30
0
11
314607.5
21
15822.5
31
0
0
LINE
8
interiors
10
314572.5
20
15857.5
30
0
11
314607.5
21
15857.5
31
0
0
LINE
8
interiors
10
314100.0
20
16590.0
30
0
11
314100.0
21
16650.0
31
0
0
LINE
8
interiors
10
314700.0
20
16590.0
30
0
11
314700.0
21
16650.0
31
0
0
LINE
8
interiors
10
314100.0
20
16590.0
30
0
11
314700.0
21
16590.0
31
0
0
LINE
8
interiors
10
314100.0
20
16650.0
30
0
11
314700.0
21
16650.0
31
0
0
LINE
8
interiors
10
314370.0
20
16585.0
30
0
11
314370.0
21
16655.0
31
0
0
LINE
8
interiors
10
314430.0
20
16585.0
30
0
11
314430.0
21
16655.0
31
0
0
LINE
8
interiors
10
314370.0
20
16585.0
30
0
11
314430.0
21
16585.0
31
0
0
LINE
8
interiors
10
314370.0
20
16655.0
30
0
11
314430.0
21
16655.0
31
0
0
LINE
8
interiors
10
314250.0
20
16510.0
30
0
11
314250.0
21
16730.0
31
0
0
LINE
8
interiors
10
314550.0
20
16510.0
30
0
11
314550.0
21
16730.0
31
0
0
LINE
8
interiors
10
314250.0
20
16510.0
30
0
11
314550.0
21
16510.0
31
0
0
LINE
8
interiors
10
314250.0
20
16730.0
30
0
11
314550.0
21
16730.0
31
0
0
LINE
8
interiors
10
326700.0
20
15950.0
30
0
11
326700.0
21
16850.0
31
0
0
LINE
8
interiors
10
328500.0
20
15950.0
30
0
11
328500.0
21
16850.0
31
0
0
LINE
8
interiors
10
326700.0
20
15950.0
30
0
11
328500.0
21
15950.0
31
0
0
LINE
8
interiors
10
326700.0
20
16850.0
30
0
11
328500.0
21
16850.0
31
0
0
LINE
8
interiors
10
326765.0
20
16015.0
30
0
11
326765.0
21
16085.0
31
0
0
LINE
8
interiors
10
326835.0
20
16015.0
30
0
11
326835.0
21
16085.0
31
0
0
LINE
8
interiors
10
326765.0
20
16015.0
30
0
11
326835.0
21
16015.0
31
0
0
LINE
8
interiors
10
326765.0
20
16085.0
30
0
11
326835.0
21
16085.0
31
0
0
LINE
8
interiors
10
326765.0
20
16715.0
30
0
11
326765.0
21
16785.0
31
0
0
LINE
8
interiors
10
326835.0
20
16715.0
30
0
11
326835.0
21
16785.0
31
0
0
LINE
8
interiors
10
326765.0
20
16715.0
30
0
11
326835.0
21
16715.0
31
0
0
LINE
8
interiors
10
326765.0
20
16785.0
30
0
11
326835.0
21
16785.0
31
0
0
LINE
8
interiors
10
328365.0
20
16015.0
30
0
11
328365.0
21
16085.0
31
0
0
LINE
8
interiors
10
328435.0
20
16015.0
30
0
11
328435.0
21
16085.0
31
0
0
LINE
8
interiors
10
328365.0
20
16015.0
30
0
11
328435.0
21
16015.0
31
0
0
LINE
8
interiors
10
328365.0
20
16085.0
30
0
11
328435.0
21
16085.0
31
0
0
LINE
8
interiors
10
328365.0
20
16715.0
30
0
11
328365.0
21
16785.0
31
0
0
LINE
8
interiors
10
328435.0
20
16715.0
30
0
11
328435.0
21
16785.0
31
0
0
LINE
8
interiors
10
328365.0
20
16715.0
30
0
11
328435.0
21
16715.0
31
0
0
LINE
8
interiors
10
328365.0
20
16785.0
30
0
11
328435.0
21
16785.0
31
0
0
LINE
8
interiors
10
327360.0
20
15410.0
30
0
11
327360.0
21
15890.0
31
0
0
LINE
8
interiors
10
327840.0
20
15410.0
30
0
11
327840.0
21
15890.0
31
0
0
LINE
8
interiors
10
327360.0
20
15410.0
30
0
11
327840.0
21
15410.0
31
0
0
LINE
8
interiors
10
327360.0
20
15890.0
30
0
11
327840.0
21
15890.0
31
0
0
LINE
8
interiors
10
327360.0
20
15827.5
30
0
11
327360.0
21
15892.5
31
0
0
LINE
8
interiors
10
327840.0
20
15827.5
30
0
11
327840.0
21
15892.5
31
0
0
LINE
8
interiors
10
327360.0
20
15827.5
30
0
11
327840.0
21
15827.5
31
0
0
LINE
8
interiors
10
327360.0
20
15892.5
30
0
11
327840.0
21
15892.5
31
0
0
LINE
8
interiors
10
327392.5
20
15442.5
30
0
11
327392.5
21
15477.5
31
0
0
LINE
8
interiors
10
327427.5
20
15442.5
30
0
11
327427.5
21
15477.5
31
0
0
LINE
8
interiors
10
327392.5
20
15442.5
30
0
11
327427.5
21
15442.5
31
0
0
LINE
8
interiors
10
327392.5
20
15477.5
30
0
11
327427.5
21
15477.5
31
0
0
LINE
8
interiors
10
327392.5
20
15822.5
30
0
11
327392.5
21
15857.5
31
0
0
LINE
8
interiors
10
327427.5
20
15822.5
30
0
11
327427.5
21
15857.5
31
0
0
LINE
8
interiors
10
327392.5
20
15822.5
30
0
11
327427.5
21
15822.5
31
0
0
LINE
8
interiors
10
327392.5
20
15857.5
30
0
11
327427.5
21
15857.5
31
0
0
LINE
8
interiors
10
327772.5
20
15442.5
30
0
11
327772.5
21
15477.5
31
0
0
LINE
8
interiors
10
327807.5
20
15442.5
30
0
11
327807.5
21
15477.5
31
0
0
LINE
8
interiors
10
327772.5
20
15442.5
30
0
11
327807.5
21
15442.5
31
0
0
LINE
8
interiors
10
327772.5
20
15477.5
30
0
11
327807.5
21
15477.5
31
0
0
LINE
8
interiors
10
327772.5
20
15822.5
30
0
11
327772.5
21
15857.5
31
0
0
LINE
8
interiors
10
327807.5
20
15822.5
30
0
11
327807.5
21
15857.5
31
0
0
LINE
8
interiors
10
327772.5
20
15822.5
30
0
11
327807.5
21
15822.5
31
0
0
LINE
8
interiors
10
327772.5
20
15857.5
30
0
11
327807.5
21
15857.5
31
0
0
LINE
8
interiors
10
327300.0
20
16590.0
30
0
11
327300.0
21
16650.0
31
0
0
LINE
8
interiors
10
327900.0
20
16590.0
30
0
11
327900.0
21
16650.0
31
0
0
LINE
8
interiors
10
327300.0
20
16590.0
30
0
11
327900.0
21
16590.0
31
0
0
LINE
8
interiors
10
327300.0
20
16650.0
30
0
11
327900.0
21
16650.0
31
0
0
LINE
8
interiors
10
327570.0
20
16585.0
30
0
11
327570.0
21
16655.0
31
0
0
LINE
8
interiors
10
327630.0
20
16585.0
30
0
11
327630.0
21
16655.0
31
0
0
LINE
8
interiors
10
327570.0
20
16585.0
30
0
11
327630.0
21
16585.0
31
0
0
LINE
8
interiors
10
327570.0
20
16655.0
30
0
11
327630.0
21
16655.0
31
0
0
LINE
8
interiors
10
327450.0
20
16510.0
30
0
11
327450.0
21
16730.0
31
0
0
LINE
8
interiors
10
327750.0
20
16510.0
30
0
11
327750.0
21
16730.0
31
0
0
LINE
8
interiors
10
327450.0
20
16510.0
30
0
11
327750.0
21
16510.0
31
0
0
LINE
8
interiors
10
327450.0
20
16730.0
30
0
11
327750.0
21
16730.0
31
0
0
LINE
8
interiors
10
319800.0
20
17950.0
30
0
11
319800.0
21
19250.0
31
0
0
LINE
8
interiors
10
322200.0
20
17950.0
30
0
11
322200.0
21
19250.0
31
0
0
LINE
8
interiors
10
319800.0
20
17950.0
30
0
11
322200.0
21
17950.0
31
0
0
LINE
8
interiors
10
319800.0
20
19250.0
30
0
11
322200.0
21
19250.0
31
0
0
LINE
8
interiors
10
320300.0
20
17905.0
30
0
11
320300.0
21
17955.0
31
0
0
LINE
8
interiors
10
321700.0
20
17905.0
30
0
11
321700.0
21
17955.0
31
0
0
LINE
8
interiors
10
320300.0
20
17905.0
30
0
11
321700.0
21
17905.0
31
0
0
LINE
8
interiors
10
320300.0
20
17955.0
30
0
11
321700.0
21
17955.0
31
0
0
LINE
8
interiors
10
321280.0
20
18600.0
30
0
11
321197.99
21
18797.99
31
0
0
LINE
8
interiors
10
321197.99
20
18797.99
30
0
11
321000.0
21
18880.0
31
0
0
LINE
8
interiors
10
321000.0
20
18880.0
30
0
11
320802.01
21
18797.99
31
0
0
LINE
8
interiors
10
320802.01
20
18797.99
30
0
11
320720.0
21
18600.0
31
0
0
LINE
8
interiors
10
320720.0
20
18600.0
30
0
11
320802.01
21
18402.01
31
0
0
LINE
8
interiors
10
320802.01
20
18402.01
30
0
11
321000.0
21
18320.0
31
0
0
LINE
8
interiors
10
321000.0
20
18320.0
30
0
11
321197.99
21
18402.01
31
0
0
LINE
8
interiors
10
321197.99
20
18402.01
30
0
11
321280.0
21
18600.0
31
0
0
LINE
8
electrical
10
335275.0
20
2075.0
30
0
11
335275.0
21
2325.0
31
0
0
LINE
8
electrical
10
335825.0
20
2075.0
30
0
11
335825.0
21
2325.0
31
0
0
LINE
8
electrical
10
335275.0
20
2075.0
30
0
11
335825.0
21
2075.0
31
0
0
LINE
8
electrical
10
335275.0
20
2325.0
30
0
11
335825.0
21
2325.0
31
0
0
LINE
8
electrical
10
335315.0
20
2047.5
30
0
11
335315.0
21
2082.5
31
0
0
LINE
8
electrical
10
335785.0
20
2047.5
30
0
11
335785.0
21
2082.5
31
0
0
LINE
8
electrical
10
335315.0
20
2047.5
30
0
11
335785.0
21
2047.5
31
0
0
LINE
8
electrical
10
335315.0
20
2082.5
30
0
11
335785.0
21
2082.5
31
0
0
LINE
8
electrical
10
335362.5
20
2010.0
30
0
11
335362.5
21
2050.0
31
0
0
LINE
8
electrical
10
335462.5
20
2010.0
30
0
11
335462.5
21
2050.0
31
0
0
LINE
8
electrical
10
335362.5
20
2010.0
30
0
11
335462.5
21
2010.0
31
0
0
LINE
8
electrical
10
335362.5
20
2050.0
30
0
11
335462.5
21
2050.0
31
0
0
LINE
8
electrical
10
335500.0
20
2010.0
30
0
11
335500.0
21
2050.0
31
0
0
LINE
8
electrical
10
335600.0
20
2010.0
30
0
11
335600.0
21
2050.0
31
0
0
LINE
8
electrical
10
335500.0
20
2010.0
30
0
11
335600.0
21
2010.0
31
0
0
LINE
8
electrical
10
335500.0
20
2050.0
30
0
11
335600.0
21
2050.0
31
0
0
LINE
8
electrical
10
335637.5
20
2010.0
30
0
11
335637.5
21
2050.0
31
0
0
LINE
8
electrical
10
335737.5
20
2010.0
30
0
11
335737.5
21
2050.0
31
0
0
LINE
8
electrical
10
335637.5
20
2010.0
30
0
11
335737.5
21
2010.0
31
0
0
LINE
8
electrical
10
335637.5
20
2050.0
30
0
11
335737.5
21
2050.0
31
0
0
LINE
8
electrical
10
335412.5
20
1995.0
30
0
11
335435.88
21
1995.0
31
0
0
LINE
8
electrical
10
335435.88
20
1995.0
30
0
11
335389.12
21
1995.0
31
0
0
LINE
8
electrical
10
335389.12
20
1995.0
30
0
11
335412.5
21
1995.0
31
0
0
LINE
8
electrical
10
335412.5
20
2020.0
30
0
11
335412.5
21
1995.0
31
0
0
LINE
8
electrical
10
335412.5
20
2020.0
30
0
11
335435.88
21
2020.0
31
0
0
LINE
8
electrical
10
335435.88
20
2020.0
30
0
11
335389.12
21
2020.0
31
0
0
LINE
8
electrical
10
335389.12
20
2020.0
30
0
11
335412.5
21
2020.0
31
0
0
LINE
8
electrical
10
335550.0
20
1995.0
30
0
11
335573.38
21
1995.0
31
0
0
LINE
8
electrical
10
335573.38
20
1995.0
30
0
11
335526.62
21
1995.0
31
0
0
LINE
8
electrical
10
335526.62
20
1995.0
30
0
11
335550.0
21
1995.0
31
0
0
LINE
8
electrical
10
335550.0
20
2020.0
30
0
11
335550.0
21
1995.0
31
0
0
LINE
8
electrical
10
335550.0
20
2020.0
30
0
11
335573.38
21
2020.0
31
0
0
LINE
8
electrical
10
335573.38
20
2020.0
30
0
11
335526.62
21
2020.0
31
0
0
LINE
8
electrical
10
335526.62
20
2020.0
30
0
11
335550.0
21
2020.0
31
0
0
LINE
8
electrical
10
335687.5
20
1995.0
30
0
11
335710.88
21
1995.0
31
0
0
LINE
8
electrical
10
335710.88
20
1995.0
30
0
11
335664.12
21
1995.0
31
0
0
LINE
8
electrical
10
335664.12
20
1995.0
30
0
11
335687.5
21
1995.0
31
0
0
LINE
8
electrical
10
335687.5
20
2020.0
30
0
11
335687.5
21
1995.0
31
0
0
LINE
8
electrical
10
335687.5
20
2020.0
30
0
11
335710.88
21
2020.0
31
0
0
LINE
8
electrical
10
335710.88
20
2020.0
30
0
11
335664.12
21
2020.0
31
0
0
LINE
8
electrical
10
335664.12
20
2020.0
30
0
11
335687.5
21
2020.0
31
0
0
LINE
8
electrical
10
335550.0
20
2200.0
30
0
11
335565.59
21
2200.0
31
0
0
LINE
8
electrical
10
335565.59
20
2200.0
30
0
11
335534.41
21
2200.0
31
0
0
LINE
8
electrical
10
335534.41
20
2200.0
30
0
11
335550.0
21
2200.0
31
0
0
LINE
8
electrical
10
335550.0
20
-62300.0
30
0
11
335550.0
21
2200.0
31
0
0
LINE
8
electrical
10
335550.0
20
-62300.0
30
0
11
335565.59
21
-62300.0
31
0
0
LINE
8
electrical
10
335565.59
20
-62300.0
30
0
11
335534.41
21
-62300.0
31
0
0
LINE
8
electrical
10
335534.41
20
-62300.0
30
0
11
335550.0
21
-62300.0
31
0
0
LINE
8
electrical
10
335532.0
20
2200.0
30
0
11
335559.0
21
2215.59
31
0
0
LINE
8
electrical
10
335559.0
20
2215.59
30
0
11
335559.0
21
2184.41
31
0
0
LINE
8
electrical
10
335559.0
20
2184.41
30
0
11
335532.0
21
2200.0
31
0
0
LINE
8
electrical
10
335550.0
20
2200.0
30
0
11
335569.44
21
2200.0
31
0
0
LINE
8
electrical
10
335569.44
20
2200.0
30
0
11
335550.0
21
2200.0
31
0
0
LINE
8
lighting
10
309880.0
20
4880.0
30
0
11
309880.0
21
5520.0
31
0
0
LINE
8
lighting
10
310520.0
20
4880.0
30
0
11
310520.0
21
5520.0
31
0
0
LINE
8
lighting
10
309880.0
20
4880.0
30
0
11
310520.0
21
4880.0
31
0
0
LINE
8
lighting
10
309880.0
20
5520.0
30
0
11
310520.0
21
5520.0
31
0
0
LINE
8
lighting
10
309920.0
20
4920.0
30
0
11
309920.0
21
5480.0
31
0
0
LINE
8
lighting
10
310480.0
20
4920.0
30
0
11
310480.0
21
5480.0
31
0
0
LINE
8
lighting
10
309920.0
20
4920.0
30
0
11
310480.0
21
4920.0
31
0
0
LINE
8
lighting
10
309920.0
20
5480.0
30
0
11
310480.0
21
5480.0
31
0
0
LINE
8
lighting
10
309954.0
20
4930.0
30
0
11
309954.0
21
5470.0
31
0
0
LINE
8
lighting
10
309966.0
20
4930.0
30
0
11
309966.0
21
5470.0
31
0
0
LINE
8
lighting
10
309954.0
20
4930.0
30
0
11
309966.0
21
4930.0
31
0
0
LINE
8
lighting
10
309954.0
20
5470.0
30
0
11
309966.0
21
5470.0
31
0
0
LINE
8
lighting
10
310034.0
20
4930.0
30
0
11
310034.0
21
5470.0
31
0
0
LINE
8
lighting
10
310046.0
20
4930.0
30
0
11
310046.0
21
5470.0
31
0
0
LINE
8
lighting
10
310034.0
20
4930.0
30
0
11
310046.0
21
4930.0
31
0
0
LINE
8
lighting
10
310034.0
20
5470.0
30
0
11
310046.0
21
5470.0
31
0
0
LINE
8
lighting
10
310114.0
20
4930.0
30
0
11
310114.0
21
5470.0
31
0
0
LINE
8
lighting
10
310126.0
20
4930.0
30
0
11
310126.0
21
5470.0
31
0
0
LINE
8
lighting
10
310114.0
20
4930.0
30
0
11
310126.0
21
4930.0
31
0
0
LINE
8
lighting
10
310114.0
20
5470.0
30
0
11
310126.0
21
5470.0
31
0
0
LINE
8
lighting
10
310194.0
20
4930.0
30
0
11
310194.0
21
5470.0
31
0
0
LINE
8
lighting
10
310206.0
20
4930.0
30
0
11
310206.0
21
5470.0
31
0
0
LINE
8
lighting
10
310194.0
20
4930.0
30
0
11
310206.0
21
4930.0
31
0
0
LINE
8
lighting
10
310194.0
20
5470.0
30
0
11
310206.0
21
5470.0
31
0
0
LINE
8
lighting
10
310274.0
20
4930.0
30
0
11
310274.0
21
5470.0
31
0
0
LINE
8
lighting
10
310286.0
20
4930.0
30
0
11
310286.0
21
5470.0
31
0
0
LINE
8
lighting
10
310274.0
20
4930.0
30
0
11
310286.0
21
4930.0
31
0
0
LINE
8
lighting
10
310274.0
20
5470.0
30
0
11
310286.0
21
5470.0
31
0
0
LINE
8
lighting
10
310354.0
20
4930.0
30
0
11
310354.0
21
5470.0
31
0
0
LINE
8
lighting
10
310366.0
20
4930.0
30
0
11
310366.0
21
5470.0
31
0
0
LINE
8
lighting
10
310354.0
20
4930.0
30
0
11
310366.0
21
4930.0
31
0
0
LINE
8
lighting
10
310354.0
20
5470.0
30
0
11
310366.0
21
5470.0
31
0
0
LINE
8
lighting
10
310434.0
20
4930.0
30
0
11
310434.0
21
5470.0
31
0
0
LINE
8
lighting
10
310446.0
20
4930.0
30
0
11
310446.0
21
5470.0
31
0
0
LINE
8
lighting
10
310434.0
20
4930.0
30
0
11
310446.0
21
4930.0
31
0
0
LINE
8
lighting
10
310434.0
20
5470.0
30
0
11
310446.0
21
5470.0
31
0
0
LINE
8
lighting
10
310209.0
20
5200.0
30
0
11
310195.5
21
5207.79
31
0
0
LINE
8
lighting
10
310195.5
20
5207.79
30
0
11
310195.5
21
5192.21
31
0
0
LINE
8
lighting
10
310195.5
20
5192.21
30
0
11
310209.0
21
5200.0
31
0
0
LINE
8
lighting
10
331480.0
20
4880.0
30
0
11
331480.0
21
5520.0
31
0
0
LINE
8
lighting
10
332120.0
20
4880.0
30
0
11
332120.0
21
5520.0
31
0
0
LINE
8
lighting
10
331480.0
20
4880.0
30
0
11
332120.0
21
4880.0
31
0
0
LINE
8
lighting
10
331480.0
20
5520.0
30
0
11
332120.0
21
5520.0
31
0
0
LINE
8
lighting
10
331520.0
20
4920.0
30
0
11
331520.0
21
5480.0
31
0
0
LINE
8
lighting
10
332080.0
20
4920.0
30
0
11
332080.0
21
5480.0
31
0
0
LINE
8
lighting
10
331520.0
20
4920.0
30
0
11
332080.0
21
4920.0
31
0
0
LINE
8
lighting
10
331520.0
20
5480.0
30
0
11
332080.0
21
5480.0
31
0
0
LINE
8
lighting
10
331554.0
20
4930.0
30
0
11
331554.0
21
5470.0
31
0
0
LINE
8
lighting
10
331566.0
20
4930.0
30
0
11
331566.0
21
5470.0
31
0
0
LINE
8
lighting
10
331554.0
20
4930.0
30
0
11
331566.0
21
4930.0
31
0
0
LINE
8
lighting
10
331554.0
20
5470.0
30
0
11
331566.0
21
5470.0
31
0
0
LINE
8
lighting
10
331634.0
20
4930.0
30
0
11
331634.0
21
5470.0
31
0
0
LINE
8
lighting
10
331646.0
20
4930.0
30
0
11
331646.0
21
5470.0
31
0
0
LINE
8
lighting
10
331634.0
20
4930.0
30
0
11
331646.0
21
4930.0
31
0
0
LINE
8
lighting
10
331634.0
20
5470.0
30
0
11
331646.0
21
5470.0
31
0
0
LINE
8
lighting
10
331714.0
20
4930.0
30
0
11
331714.0
21
5470.0
31
0
0
LINE
8
lighting
10
331726.0
20
4930.0
30
0
11
331726.0
21
5470.0
31
0
0
LINE
8
lighting
10
331714.0
20
4930.0
30
0
11
331726.0
21
4930.0
31
0
0
LINE
8
lighting
10
331714.0
20
5470.0
30
0
11
331726.0
21
5470.0
31
0
0
LINE
8
lighting
10
331794.0
20
4930.0
30
0
11
331794.0
21
5470.0
31
0
0
LINE
8
lighting
10
331806.0
20
4930.0
30
0
11
331806.0
21
5470.0
31
0
0
LINE
8
lighting
10
331794.0
20
4930.0
30
0
11
331806.0
21
4930.0
31
0
0
LINE
8
lighting
10
331794.0
20
5470.0
30
0
11
331806.0
21
5470.0
31
0
0
LINE
8
lighting
10
331874.0
20
4930.0
30
0
11
331874.0
21
5470.0
31
0
0
LINE
8
lighting
10
331886.0
20
4930.0
30
0
11
331886.0
21
5470.0
31
0
0
LINE
8
lighting
10
331874.0
20
4930.0
30
0
11
331886.0
21
4930.0
31
0
0
LINE
8
lighting
10
331874.0
20
5470.0
30
0
11
331886.0
21
5470.0
31
0
0
LINE
8
lighting
10
331954.0
20
4930.0
30
0
11
331954.0
21
5470.0
31
0
0
LINE
8
lighting
10
331966.0
20
4930.0
30
0
11
331966.0
21
5470.0
31
0
0
LINE
8
lighting
10
331954.0
20
4930.0
30
0
11
331966.0
21
4930.0
31
0
0
LINE
8
lighting
10
331954.0
20
5470.0
30
0
11
331966.0
21
5470.0
31
0
0
LINE
8
lighting
10
332034.0
20
4930.0
30
0
11
332034.0
21
5470.0
31
0
0
LINE
8
lighting
10
332046.0
20
4930.0
30
0
11
332046.0
21
5470.0
31
0
0
LINE
8
lighting
10
332034.0
20
4930.0
30
0
11
332046.0
21
4930.0
31
0
0
LINE
8
lighting
10
332034.0
20
5470.0
30
0
11
332046.0
21
5470.0
31
0
0
LINE
8
lighting
10
331809.0
20
5200.0
30
0
11
331795.5
21
5207.79
31
0
0
LINE
8
lighting
10
331795.5
20
5207.79
30
0
11
331795.5
21
5192.21
31
0
0
LINE
8
lighting
10
331795.5
20
5192.21
30
0
11
331809.0
21
5200.0
31
0
0
LINE
8
lighting
10
320680.0
20
4880.0
30
0
11
320680.0
21
5520.0
31
0
0
LINE
8
lighting
10
321320.0
20
4880.0
30
0
11
321320.0
21
5520.0
31
0
0
LINE
8
lighting
10
320680.0
20
4880.0
30
0
11
321320.0
21
4880.0
31
0
0
LINE
8
lighting
10
320680.0
20
5520.0
30
0
11
321320.0
21
5520.0
31
0
0
LINE
8
lighting
10
320720.0
20
4920.0
30
0
11
320720.0
21
5480.0
31
0
0
LINE
8
lighting
10
321280.0
20
4920.0
30
0
11
321280.0
21
5480.0
31
0
0
LINE
8
lighting
10
320720.0
20
4920.0
30
0
11
321280.0
21
4920.0
31
0
0
LINE
8
lighting
10
320720.0
20
5480.0
30
0
11
321280.0
21
5480.0
31
0
0
LINE
8
lighting
10
320754.0
20
4930.0
30
0
11
320754.0
21
5470.0
31
0
0
LINE
8
lighting
10
320766.0
20
4930.0
30
0
11
320766.0
21
5470.0
31
0
0
LINE
8
lighting
10
320754.0
20
4930.0
30
0
11
320766.0
21
4930.0
31
0
0
LINE
8
lighting
10
320754.0
20
5470.0
30
0
11
320766.0
21
5470.0
31
0
0
LINE
8
lighting
10
320834.0
20
4930.0
30
0
11
320834.0
21
5470.0
31
0
0
LINE
8
lighting
10
320846.0
20
4930.0
30
0
11
320846.0
21
5470.0
31
0
0
LINE
8
lighting
10
320834.0
20
4930.0
30
0
11
320846.0
21
4930.0
31
0
0
LINE
8
lighting
10
320834.0
20
5470.0
30
0
11
320846.0
21
5470.0
31
0
0
LINE
8
lighting
10
320914.0
20
4930.0
30
0
11
320914.0
21
5470.0
31
0
0
LINE
8
lighting
10
320926.0
20
4930.0
30
0
11
320926.0
21
5470.0
31
0
0
LINE
8
lighting
10
320914.0
20
4930.0
30
0
11
320926.0
21
4930.0
31
0
0
LINE
8
lighting
10
320914.0
20
5470.0
30
0
11
320926.0
21
5470.0
31
0
0
LINE
8
lighting
10
320994.0
20
4930.0
30
0
11
320994.0
21
5470.0
31
0
0
LINE
8
lighting
10
321006.0
20
4930.0
30
0
11
321006.0
21
5470.0
31
0
0
LINE
8
lighting
10
320994.0
20
4930.0
30
0
11
321006.0
21
4930.0
31
0
0
LINE
8
lighting
10
320994.0
20
5470.0
30
0
11
321006.0
21
5470.0
31
0
0
LINE
8
lighting
10
321074.0
20
4930.0
30
0
11
321074.0
21
5470.0
31
0
0
LINE
8
lighting
10
321086.0
20
4930.0
30
0
11
321086.0
21
5470.0
31
0
0
LINE
8
lighting
10
321074.0
20
4930.0
30
0
11
321086.0
21
4930.0
31
0
0
LINE
8
lighting
10
321074.0
20
5470.0
30
0
11
321086.0
21
5470.0
31
0
0
LINE
8
lighting
10
321154.0
20
4930.0
30
0
11
321154.0
21
5470.0
31
0
0
LINE
8
lighting
10
321166.0
20
4930.0
30
0
11
321166.0
21
5470.0
31
0
0
LINE
8
lighting
10
321154.0
20
4930.0
30
0
11
321166.0
21
4930.0
31
0
0
LINE
8
lighting
10
321154.0
20
5470.0
30
0
11
321166.0
21
5470.0
31
0
0
LINE
8
lighting
10
321234.0
20
4930.0
30
0
11
321234.0
21
5470.0
31
0
0
LINE
8
lighting
10
321246.0
20
4930.0
30
0
11
321246.0
21
5470.0
31
0
0
LINE
8
lighting
10
321234.0
20
4930.0
30
0
11
321246.0
21
4930.0
31
0
0
LINE
8
lighting
10
321234.0
20
5470.0
30
0
11
321246.0
21
5470.0
31
0
0
LINE
8
lighting
10
321009.0
20
5200.0
30
0
11
320995.5
21
5207.79
31
0
0
LINE
8
lighting
10
320995.5
20
5207.79
30
0
11
320995.5
21
5192.21
31
0
0
LINE
8
lighting
10
320995.5
20
5192.21
30
0
11
321009.0
21
5200.0
31
0
0
LINE
8
lighting
10
309880.0
20
18480.0
30
0
11
309880.0
21
19120.0
31
0
0
LINE
8
lighting
10
310520.0
20
18480.0
30
0
11
310520.0
21
19120.0
31
0
0
LINE
8
lighting
10
309880.0
20
18480.0
30
0
11
310520.0
21
18480.0
31
0
0
LINE
8
lighting
10
309880.0
20
19120.0
30
0
11
310520.0
21
19120.0
31
0
0
LINE
8
lighting
10
309920.0
20
18520.0
30
0
11
309920.0
21
19080.0
31
0
0
LINE
8
lighting
10
310480.0
20
18520.0
30
0
11
310480.0
21
19080.0
31
0
0
LINE
8
lighting
10
309920.0
20
18520.0
30
0
11
310480.0
21
18520.0
31
0
0
LINE
8
lighting
10
309920.0
20
19080.0
30
0
11
310480.0
21
19080.0
31
0
0
LINE
8
lighting
10
309954.0
20
18530.0
30
0
11
309954.0
21
19070.0
31
0
0
LINE
8
lighting
10
309966.0
20
18530.0
30
0
11
309966.0
21
19070.0
31
0
0
LINE
8
lighting
10
309954.0
20
18530.0
30
0
11
309966.0
21
18530.0
31
0
0
LINE
8
lighting
10
309954.0
20
19070.0
30
0
11
309966.0
21
19070.0
31
0
0
LINE
8
lighting
10
310034.0
20
18530.0
30
0
11
310034.0
21
19070.0
31
0
0
LINE
8
lighting
10
310046.0
20
18530.0
30
0
11
310046.0
21
19070.0
31
0
0
LINE
8
lighting
10
310034.0
20
18530.0
30
0
11
310046.0
21
18530.0
31
0
0
LINE
8
lighting
10
310034.0
20
19070.0
30
0
11
310046.0
21
19070.0
31
0
0
LINE
8
lighting
10
310114.0
20
18530.0
30
0
11
310114.0
21
19070.0
31
0
0
LINE
8
lighting
10
310126.0
20
18530.0
30
0
11
310126.0
21
19070.0
31
0
0
LINE
8
lighting
10
310114.0
20
18530.0
30
0
11
310126.0
21
18530.0
31
0
0
LINE
8
lighting
10
310114.0
20
19070.0
30
0
11
310126.0
21
19070.0
31
0
0
LINE
8
lighting
10
310194.0
20
18530.0
30
0
11
310194.0
21
19070.0
31
0
0
LINE
8
lighting
10
310206.0
20
18530.0
30
0
11
310206.0
21
19070.0
31
0
0
LINE
8
lighting
10
310194.0
20
18530.0
30
0
11
310206.0
21
18530.0
31
0
0
LINE
8
lighting
10
310194.0
20
19070.0
30
0
11
310206.0
21
19070.0
31
0
0
LINE
8
lighting
10
310274.0
20
18530.0
30
0
11
310274.0
21
19070.0
31
0
0
LINE
8
lighting
10
310286.0
20
18530.0
30
0
11
310286.0
21
19070.0
31
0
0
LINE
8
lighting
10
310274.0
20
18530.0
30
0
11
310286.0
21
18530.0
31
0
0
LINE
8
lighting
10
310274.0
20
19070.0
30
0
11
310286.0
21
19070.0
31
0
0
LINE
8
lighting
10
310354.0
20
18530.0
30
0
11
310354.0
21
19070.0
31
0
0
LINE
8
lighting
10
310366.0
20
18530.0
30
0
11
310366.0
21
19070.0
31
0
0
LINE
8
lighting
10
310354.0
20
18530.0
30
0
11
310366.0
21
18530.0
31
0
0
LINE
8
lighting
10
310354.0
20
19070.0
30
0
11
310366.0
21
19070.0
31
0
0
LINE
8
lighting
10
310434.0
20
18530.0
30
0
11
310434.0
21
19070.0
31
0
0
LINE
8
lighting
10
310446.0
20
18530.0
30
0
11
310446.0
21
19070.0
31
0
0
LINE
8
lighting
10
310434.0
20
18530.0
30
0
11
310446.0
21
18530.0
31
0
0
LINE
8
lighting
10
310434.0
20
19070.0
30
0
11
310446.0
21
19070.0
31
0
0
LINE
8
lighting
10
310209.0
20
18800.0
30
0
11
310195.5
21
18807.79
31
0
0
LINE
8
lighting
10
310195.5
20
18807.79
30
0
11
310195.5
21
18792.21
31
0
0
LINE
8
lighting
10
310195.5
20
18792.21
30
0
11
310209.0
21
18800.0
31
0
0
LINE
8
lighting
10
331480.0
20
18480.0
30
0
11
331480.0
21
19120.0
31
0
0
LINE
8
lighting
10
332120.0
20
18480.0
30
0
11
332120.0
21
19120.0
31
0
0
LINE
8
lighting
10
331480.0
20
18480.0
30
0
11
332120.0
21
18480.0
31
0
0
LINE
8
lighting
10
331480.0
20
19120.0
30
0
11
332120.0
21
19120.0
31
0
0
LINE
8
lighting
10
331520.0
20
18520.0
30
0
11
331520.0
21
19080.0
31
0
0
LINE
8
lighting
10
332080.0
20
18520.0
30
0
11
332080.0
21
19080.0
31
0
0
LINE
8
lighting
10
331520.0
20
18520.0
30
0
11
332080.0
21
18520.0
31
0
0
LINE
8
lighting
10
331520.0
20
19080.0
30
0
11
332080.0
21
19080.0
31
0
0
LINE
8
lighting
10
331554.0
20
18530.0
30
0
11
331554.0
21
19070.0
31
0
0
LINE
8
lighting
10
331566.0
20
18530.0
30
0
11
331566.0
21
19070.0
31
0
0
LINE
8
lighting
10
331554.0
20
18530.0
30
0
11
331566.0
21
18530.0
31
0
0
LINE
8
lighting
10
331554.0
20
19070.0
30
0
11
331566.0
21
19070.0
31
0
0
LINE
8
lighting
10
331634.0
20
18530.0
30
0
11
331634.0
21
19070.0
31
0
0
LINE
8
lighting
10
331646.0
20
18530.0
30
0
11
331646.0
21
19070.0
31
0
0
LINE
8
lighting
10
331634.0
20
18530.0
30
0
11
331646.0
21
18530.0
31
0
0
LINE
8
lighting
10
331634.0
20
19070.0
30
0
11
331646.0
21
19070.0
31
0
0
LINE
8
lighting
10
331714.0
20
18530.0
30
0
11
331714.0
21
19070.0
31
0
0
LINE
8
lighting
10
331726.0
20
18530.0
30
0
11
331726.0
21
19070.0
31
0
0
LINE
8
lighting
10
331714.0
20
18530.0
30
0
11
331726.0
21
18530.0
31
0
0
LINE
8
lighting
10
331714.0
20
19070.0
30
0
11
331726.0
21
19070.0
31
0
0
LINE
8
lighting
10
331794.0
20
18530.0
30
0
11
331794.0
21
19070.0
31
0
0
LINE
8
lighting
10
331806.0
20
18530.0
30
0
11
331806.0
21
19070.0
31
0
0
LINE
8
lighting
10
331794.0
20
18530.0
30
0
11
331806.0
21
18530.0
31
0
0
LINE
8
lighting
10
331794.0
20
19070.0
30
0
11
331806.0
21
19070.0
31
0
0
LINE
8
lighting
10
331874.0
20
18530.0
30
0
11
331874.0
21
19070.0
31
0
0
LINE
8
lighting
10
331886.0
20
18530.0
30
0
11
331886.0
21
19070.0
31
0
0
LINE
8
lighting
10
331874.0
20
18530.0
30
0
11
331886.0
21
18530.0
31
0
0
LINE
8
lighting
10
331874.0
20
19070.0
30
0
11
331886.0
21
19070.0
31
0
0
LINE
8
lighting
10
331954.0
20
18530.0
30
0
11
331954.0
21
19070.0
31
0
0
LINE
8
lighting
10
331966.0
20
18530.0
30
0
11
331966.0
21
19070.0
31
0
0
LINE
8
lighting
10
331954.0
20
18530.0
30
0
11
331966.0
21
18530.0
31
0
0
LINE
8
lighting
10
331954.0
20
19070.0
30
0
11
331966.0
21
19070.0
31
0
0
LINE
8
lighting
10
332034.0
20
18530.0
30
0
11
332034.0
21
19070.0
31
0
0
LINE
8
lighting
10
332046.0
20
18530.0
30
0
11
332046.0
21
19070.0
31
0
0
LINE
8
lighting
10
332034.0
20
18530.0
30
0
11
332046.0
21
18530.0
31
0
0
LINE
8
lighting
10
332034.0
20
19070.0
30
0
11
332046.0
21
19070.0
31
0
0
LINE
8
lighting
10
331809.0
20
18800.0
30
0
11
331795.5
21
18807.79
31
0
0
LINE
8
lighting
10
331795.5
20
18807.79
30
0
11
331795.5
21
18792.21
31
0
0
LINE
8
lighting
10
331795.5
20
18792.21
30
0
11
331809.0
21
18800.0
31
0
0
LINE
8
lighting
10
320680.0
20
18480.0
30
0
11
320680.0
21
19120.0
31
0
0
LINE
8
lighting
10
321320.0
20
18480.0
30
0
11
321320.0
21
19120.0
31
0
0
LINE
8
lighting
10
320680.0
20
18480.0
30
0
11
321320.0
21
18480.0
31
0
0
LINE
8
lighting
10
320680.0
20
19120.0
30
0
11
321320.0
21
19120.0
31
0
0
LINE
8
lighting
10
320720.0
20
18520.0
30
0
11
320720.0
21
19080.0
31
0
0
LINE
8
lighting
10
321280.0
20
18520.0
30
0
11
321280.0
21
19080.0
31
0
0
LINE
8
lighting
10
320720.0
20
18520.0
30
0
11
321280.0
21
18520.0
31
0
0
LINE
8
lighting
10
320720.0
20
19080.0
30
0
11
321280.0
21
19080.0
31
0
0
LINE
8
lighting
10
320754.0
20
18530.0
30
0
11
320754.0
21
19070.0
31
0
0
LINE
8
lighting
10
320766.0
20
18530.0
30
0
11
320766.0
21
19070.0
31
0
0
LINE
8
lighting
10
320754.0
20
18530.0
30
0
11
320766.0
21
18530.0
31
0
0
LINE
8
lighting
10
320754.0
20
19070.0
30
0
11
320766.0
21
19070.0
31
0
0
LINE
8
lighting
10
320834.0
20
18530.0
30
0
11
320834.0
21
19070.0
31
0
0
LINE
8
lighting
10
320846.0
20
18530.0
30
0
11
320846.0
21
19070.0
31
0
0
LINE
8
lighting
10
320834.0
20
18530.0
30
0
11
320846.0
21
18530.0
31
0
0
LINE
8
lighting
10
320834.0
20
19070.0
30
0
11
320846.0
21
19070.0
31
0
0
LINE
8
lighting
10
320914.0
20
18530.0
30
0
11
320914.0
21
19070.0
31
0
0
LINE
8
lighting
10
320926.0
20
18530.0
30
0
11
320926.0
21
19070.0
31
0
0
LINE
8
lighting
10
320914.0
20
18530.0
30
0
11
320926.0
21
18530.0
31
0
0
LINE
8
lighting
10
320914.0
20
19070.0
30
0
11
320926.0
21
19070.0
31
0
0
LINE
8
lighting
10
320994.0
20
18530.0
30
0
11
320994.0
21
19070.0
31
0
0
LINE
8
lighting
10
321006.0
20
18530.0
30
0
11
321006.0
21
19070.0
31
0
0
LINE
8
lighting
10
320994.0
20
18530.0
30
0
11
321006.0
21
18530.0
31
0
0
LINE
8
lighting
10
320994.0
20
19070.0
30
0
11
321006.0
21
19070.0
31
0
0
LINE
8
lighting
10
321074.0
20
18530.0
30
0
11
321074.0
21
19070.0
31
0
0
LINE
8
lighting
10
321086.0
20
18530.0
30
0
11
321086.0
21
19070.0
31
0
0
LINE
8
lighting
10
321074.0
20
18530.0
30
0
11
321086.0
21
18530.0
31
0
0
LINE
8
lighting
10
321074.0
20
19070.0
30
0
11
321086.0
21
19070.0
31
0
0
LINE
8
lighting
10
321154.0
20
18530.0
30
0
11
321154.0
21
19070.0
31
0
0
LINE
8
lighting
10
321166.0
20
18530.0
30
0
11
321166.0
21
19070.0
31
0
0
LINE
8
lighting
10
321154.0
20
18530.0
30
0
11
321166.0
21
18530.0
31
0
0
LINE
8
lighting
10
321154.0
20
19070.0
30
0
11
321166.0
21
19070.0
31
0
0
LINE
8
lighting
10
321234.0
20
18530.0
30
0
11
321234.0
21
19070.0
31
0
0
LINE
8
lighting
10
321246.0
20
18530.0
30
0
11
321246.0
21
19070.0
31
0
0
LINE
8
lighting
10
321234.0
20
18530.0
30
0
11
321246.0
21
18530.0
31
0
0
LINE
8
lighting
10
321234.0
20
19070.0
30
0
11
321246.0
21
19070.0
31
0
0
LINE
8
lighting
10
321009.0
20
18800.0
30
0
11
320995.5
21
18807.79
31
0
0
LINE
8
lighting
10
320995.5
20
18807.79
30
0
11
320995.5
21
18792.21
31
0
0
LINE
8
lighting
10
320995.5
20
18792.21
30
0
11
321009.0
21
18800.0
31
0
0
LINE
8
electrical
10
310200.0
20
4880.0
30
0
11
310200.0
21
4872.21
31
0
0
LINE
8
electrical
10
310200.0
20
4872.21
30
0
11
310200.0
21
4887.79
31
0
0
LINE
8
electrical
10
310200.0
20
4887.79
30
0
11
310200.0
21
4880.0
31
0
0
LINE
8
electrical
10
335550.0
20
4880.0
30
0
11
310200.0
21
4880.0
31
0
0
LINE
8
electrical
10
335550.0
20
4880.0
30
0
11
335550.0
21
4872.21
31
0
0
LINE
8
electrical
10
335550.0
20
4872.21
30
0
11
335550.0
21
4887.79
31
0
0
LINE
8
electrical
10
335550.0
20
4887.79
30
0
11
335550.0
21
4880.0
31
0
0
LINE
8
electrical
10
310200.0
20
18800.0
30
0
11
310207.79
21
18800.0
31
0
0
LINE
8
electrical
10
310207.79
20
18800.0
30
0
11
310192.21
21
18800.0
31
0
0
LINE
8
electrical
10
310192.21
20
18800.0
30
0
11
310200.0
21
18800.0
31
0
0
LINE
8
electrical
10
310200.0
20
4880.0
30
0
11
310200.0
21
18800.0
31
0
0
LINE
8
electrical
10
310200.0
20
4880.0
30
0
11
310207.79
21
4880.0
31
0
0
LINE
8
electrical
10
310207.79
20
4880.0
30
0
11
310192.21
21
4880.0
31
0
0
LINE
8
electrical
10
310192.21
20
4880.0
30
0
11
310200.0
21
4880.0
31
0
0
LINE
8
electrical
10
331800.0
20
18800.0
30
0
11
331807.79
21
18800.0
31
0
0
LINE
8
electrical
10
331807.79
20
18800.0
30
0
11
331792.21
21
18800.0
31
0
0
LINE
8
electrical
10
331792.21
20
18800.0
30
0
11
331800.0
21
18800.0
31
0
0
LINE
8
electrical
10
331800.0
20
4880.0
30
0
11
331800.0
21
18800.0
31
0
0
LINE
8
electrical
10
331800.0
20
4880.0
30
0
11
331807.79
21
4880.0
31
0
0
LINE
8
electrical
10
331807.79
20
4880.0
30
0
11
331792.21
21
4880.0
31
0
0
LINE
8
electrical
10
331792.21
20
4880.0
30
0
11
331800.0
21
4880.0
31
0
0
LINE
8
electrical
10
321000.0
20
18800.0
30
0
11
321007.79
21
18800.0
31
0
0
LINE
8
electrical
10
321007.79
20
18800.0
30
0
11
320992.21
21
18800.0
31
0
0
LINE
8
electrical
10
320992.21
20
18800.0
30
0
11
321000.0
21
18800.0
31
0
0
LINE
8
electrical
10
321000.0
20
4880.0
30
0
11
321000.0
21
18800.0
31
0
0
LINE
8
electrical
10
321000.0
20
4880.0
30
0
11
321007.79
21
4880.0
31
0
0
LINE
8
electrical
10
321007.79
20
4880.0
30
0
11
320992.21
21
4880.0
31
0
0
LINE
8
electrical
10
320992.21
20
4880.0
30
0
11
321000.0
21
4880.0
31
0
0
LINE
8
electrical
10
335563.0
20
2200.0
30
0
11
335543.5
21
2211.26
31
0
0
LINE
8
electrical
10
335543.5
20
2211.26
30
0
11
335543.5
21
2188.74
31
0
0
LINE
8
electrical
10
335543.5
20
2188.74
30
0
11
335563.0
21
2200.0
31
0
0
LINE
8
electrical
10
331492.83
20
4869.16
30
0
11
331503.59
21
4885.42
31
0
0
LINE
8
electrical
10
331503.59
20
4885.42
30
0
11
331503.59
21
4885.42
31
0
0
LINE
8
electrical
10
331503.59
20
4885.42
30
0
11
331492.83
21
4869.16
31
0
0
LINE
8
electrical
10
335542.83
20
2189.16
30
0
11
331492.83
21
4869.16
31
0
0
LINE
8
electrical
10
335542.83
20
2189.16
30
0
11
335553.59
21
2205.42
31
0
0
LINE
8
electrical
10
335553.59
20
2205.42
30
0
11
335553.59
21
2205.42
31
0
0
LINE
8
electrical
10
335553.59
20
2205.42
30
0
11
335542.83
21
2189.16
31
0
0
LINE
8
electrical
10
310500.0
20
4880.0
30
0
11
310500.0
21
4868.74
31
0
0
LINE
8
electrical
10
310500.0
20
4868.74
30
0
11
310500.0
21
4891.26
31
0
0
LINE
8
electrical
10
310500.0
20
4891.26
30
0
11
310500.0
21
4880.0
31
0
0
LINE
8
electrical
10
331500.0
20
4880.0
30
0
11
310500.0
21
4880.0
31
0
0
LINE
8
electrical
10
331500.0
20
4880.0
30
0
11
331500.0
21
4868.74
31
0
0
LINE
8
electrical
10
331500.0
20
4868.74
30
0
11
331500.0
21
4891.26
31
0
0
LINE
8
electrical
10
331500.0
20
4891.26
30
0
11
331500.0
21
4880.0
31
0
0
LINE
8
electrical
10
335550.0
20
2200.0
30
0
11
335564.04
21
2200.0
31
0
0
LINE
8
electrical
10
335564.04
20
2200.0
30
0
11
335550.0
21
2200.0
31
0
0
LINE
8
electrical
10
331500.0
20
4880.0
30
0
11
331514.04
21
4880.0
31
0
0
LINE
8
electrical
10
331514.04
20
4880.0
30
0
11
331500.0
21
4880.0
31
0
0
LINE
8
electrical
10
335563.0
20
2200.0
30
0
11
335543.5
21
2211.26
31
0
0
LINE
8
electrical
10
335543.5
20
2211.26
30
0
11
335543.5
21
2188.74
31
0
0
LINE
8
electrical
10
335543.5
20
2188.74
30
0
11
335563.0
21
2200.0
31
0
0
LINE
8
electrical
10
331492.61
20
4989.31
30
0
11
331503.7
21
5005.35
31
0
0
LINE
8
electrical
10
331503.7
20
5005.35
30
0
11
331503.7
21
5005.35
31
0
0
LINE
8
electrical
10
331503.7
20
5005.35
30
0
11
331492.61
21
4989.31
31
0
0
LINE
8
electrical
10
335542.61
20
2189.31
30
0
11
331492.61
21
4989.31
31
0
0
LINE
8
electrical
10
335542.61
20
2189.31
30
0
11
335553.7
21
2205.35
31
0
0
LINE
8
electrical
10
335553.7
20
2205.35
30
0
11
335553.7
21
2205.35
31
0
0
LINE
8
electrical
10
335553.7
20
2205.35
30
0
11
335542.61
21
2189.31
31
0
0
LINE
8
electrical
10
310500.0
20
5000.0
30
0
11
310500.0
21
4988.74
31
0
0
LINE
8
electrical
10
310500.0
20
4988.74
30
0
11
310500.0
21
5011.26
31
0
0
LINE
8
electrical
10
310500.0
20
5011.26
30
0
11
310500.0
21
5000.0
31
0
0
LINE
8
electrical
10
331500.0
20
5000.0
30
0
11
310500.0
21
5000.0
31
0
0
LINE
8
electrical
10
331500.0
20
5000.0
30
0
11
331500.0
21
4988.74
31
0
0
LINE
8
electrical
10
331500.0
20
4988.74
30
0
11
331500.0
21
5011.26
31
0
0
LINE
8
electrical
10
331500.0
20
5011.26
30
0
11
331500.0
21
5000.0
31
0
0
LINE
8
electrical
10
335550.0
20
2200.0
30
0
11
335564.04
21
2200.0
31
0
0
LINE
8
electrical
10
335564.04
20
2200.0
30
0
11
335550.0
21
2200.0
31
0
0
LINE
8
electrical
10
331500.0
20
5000.0
30
0
11
331514.04
21
5000.0
31
0
0
LINE
8
electrical
10
331514.04
20
5000.0
30
0
11
331500.0
21
5000.0
31
0
0
LINE
8
electrical
10
335563.0
20
2200.0
30
0
11
335543.5
21
2211.26
31
0
0
LINE
8
electrical
10
335543.5
20
2211.26
30
0
11
335543.5
21
2188.74
31
0
0
LINE
8
electrical
10
335543.5
20
2188.74
30
0
11
335563.0
21
2200.0
31
0
0
LINE
8
electrical
10
331492.4
20
5109.45
30
0
11
331503.8
21
5125.27
31
0
0
LINE
8
electrical
10
331503.8
20
5125.27
30
0
11
331503.8
21
5125.27
31
0
0
LINE
8
electrical
10
331503.8
20
5125.27
30
0
11
331492.4
21
5109.45
31
0
0
LINE
8
electrical
10
335542.4
20
2189.45
30
0
11
331492.4
21
5109.45
31
0
0
LINE
8
electrical
10
335542.4
20
2189.45
30
0
11
335553.8
21
2205.27
31
0
0
LINE
8
electrical
10
335553.8
20
2205.27
30
0
11
335553.8
21
2205.27
31
0
0
LINE
8
electrical
10
335553.8
20
2205.27
30
0
11
335542.4
21
2189.45
31
0
0
LINE
8
electrical
10
310500.0
20
5120.0
30
0
11
310500.0
21
5108.74
31
0
0
LINE
8
electrical
10
310500.0
20
5108.74
30
0
11
310500.0
21
5131.26
31
0
0
LINE
8
electrical
10
310500.0
20
5131.26
30
0
11
310500.0
21
5120.0
31
0
0
LINE
8
electrical
10
331500.0
20
5120.0
30
0
11
310500.0
21
5120.0
31
0
0
LINE
8
electrical
10
331500.0
20
5120.0
30
0
11
331500.0
21
5108.74
31
0
0
LINE
8
electrical
10
331500.0
20
5108.74
30
0
11
331500.0
21
5131.26
31
0
0
LINE
8
electrical
10
331500.0
20
5131.26
30
0
11
331500.0
21
5120.0
31
0
0
LINE
8
electrical
10
335550.0
20
2200.0
30
0
11
335564.04
21
2200.0
31
0
0
LINE
8
electrical
10
335564.04
20
2200.0
30
0
11
335550.0
21
2200.0
31
0
0
LINE
8
electrical
10
331500.0
20
5120.0
30
0
11
331514.04
21
5120.0
31
0
0
LINE
8
electrical
10
331514.04
20
5120.0
30
0
11
331500.0
21
5120.0
31
0
0
LINE
8
electrical
10
311935.0
20
2150.0
30
0
11
311935.0
21
2210.0
31
0
0
LINE
8
electrical
10
312065.0
20
2150.0
30
0
11
312065.0
21
2210.0
31
0
0
LINE
8
electrical
10
311935.0
20
2150.0
30
0
11
312065.0
21
2150.0
31
0
0
LINE
8
electrical
10
311935.0
20
2210.0
30
0
11
312065.0
21
2210.0
31
0
0
LINE
8
electrical
10
312009.0
20
2180.0
30
0
11
311995.5
21
2187.79
31
0
0
LINE
8
electrical
10
311995.5
20
2187.79
30
0
11
311995.5
21
2172.21
31
0
0
LINE
8
electrical
10
311995.5
20
2172.21
30
0
11
312009.0
21
2180.0
31
0
0
LINE
8
electrical
10
335550.0
20
2180.0
30
0
11
335550.0
21
2172.21
31
0
0
LINE
8
electrical
10
335550.0
20
2172.21
30
0
11
335550.0
21
2187.79
31
0
0
LINE
8
electrical
10
335550.0
20
2187.79
30
0
11
335550.0
21
2180.0
31
0
0
LINE
8
electrical
10
312000.0
20
2180.0
30
0
11
335550.0
21
2180.0
31
0
0
LINE
8
electrical
10
312000.0
20
2180.0
30
0
11
312000.0
21
2172.21
31
0
0
LINE
8
electrical
10
312000.0
20
2172.21
30
0
11
312000.0
21
2187.79
31
0
0
LINE
8
electrical
10
312000.0
20
2187.79
30
0
11
312000.0
21
2180.0
31
0
0
LINE
8
electrical
10
312000.0
20
2180.0
30
0
11
312009.72
21
2180.0
31
0
0
LINE
8
electrical
10
312009.72
20
2180.0
30
0
11
312000.0
21
2180.0
31
0
0
LINE
8
electrical
10
329935.0
20
2150.0
30
0
11
329935.0
21
2210.0
31
0
0
LINE
8
electrical
10
330065.0
20
2150.0
30
0
11
330065.0
21
2210.0
31
0
0
LINE
8
electrical
10
329935.0
20
2150.0
30
0
11
330065.0
21
2150.0
31
0
0
LINE
8
electrical
10
329935.0
20
2210.0
30
0
11
330065.0
21
2210.0
31
0
0
LINE
8
electrical
10
330009.0
20
2180.0
30
0
11
329995.5
21
2187.79
31
0
0
LINE
8
electrical
10
329995.5
20
2187.79
30
0
11
329995.5
21
2172.21
31
0
0
LINE
8
electrical
10
329995.5
20
2172.21
30
0
11
330009.0
21
2180.0
31
0
0
LINE
8
electrical
10
335550.0
20
2180.0
30
0
11
335550.0
21
2172.21
31
0
0
LINE
8
electrical
10
335550.0
20
2172.21
30
0
11
335550.0
21
2187.79
31
0
0
LINE
8
electrical
10
335550.0
20
2187.79
30
0
11
335550.0
21
2180.0
31
0
0
LINE
8
electrical
10
330000.0
20
2180.0
30
0
11
335550.0
21
2180.0
31
0
0
LINE
8
electrical
10
330000.0
20
2180.0
30
0
11
330000.0
21
2172.21
31
0
0
LINE
8
electrical
10
330000.0
20
2172.21
30
0
11
330000.0
21
2187.79
31
0
0
LINE
8
electrical
10
330000.0
20
2187.79
30
0
11
330000.0
21
2180.0
31
0
0
LINE
8
electrical
10
330000.0
20
2180.0
30
0
11
330009.72
21
2180.0
31
0
0
LINE
8
electrical
10
330009.72
20
2180.0
30
0
11
330000.0
21
2180.0
31
0
0
LINE
8
hvac
10
306475.0
20
2725.0
30
0
11
306475.0
21
3475.0
31
0
0
LINE
8
hvac
10
308125.0
20
2725.0
30
0
11
308125.0
21
3475.0
31
0
0
LINE
8
hvac
10
306475.0
20
2725.0
30
0
11
308125.0
21
2725.0
31
0
0
LINE
8
hvac
10
306475.0
20
3475.0
30
0
11
308125.0
21
3475.0
31
0
0
LINE
8
hvac
10
306575.0
20
2680.0
30
0
11
306575.0
21
2720.0
31
0
0
LINE
8
hvac
10
308025.0
20
2680.0
30
0
11
308025.0
21
2720.0
31
0
0
LINE
8
hvac
10
306575.0
20
2680.0
30
0
11
308025.0
21
2680.0
31
0
0
LINE
8
hvac
10
306575.0
20
2720.0
30
0
11
308025.0
21
2720.0
31
0
0
LINE
8
hvac
10
306640.0
20
2640.0
30
0
11
306640.0
21
2700.0
31
0
0
LINE
8
hvac
10
306680.0
20
2640.0
30
0
11
306680.0
21
2700.0
31
0
0
LINE
8
hvac
10
306640.0
20
2640.0
30
0
11
306680.0
21
2640.0
31
0
0
LINE
8
hvac
10
306640.0
20
2700.0
30
0
11
306680.0
21
2700.0
31
0
0
LINE
8
hvac
10
306800.0
20
2640.0
30
0
11
306800.0
21
2700.0
31
0
0
LINE
8
hvac
10
306840.0
20
2640.0
30
0
11
306840.0
21
2700.0
31
0
0
LINE
8
hvac
10
306800.0
20
2640.0
30
0
11
306840.0
21
2640.0
31
0
0
LINE
8
hvac
10
306800.0
20
2700.0
30
0
11
306840.0
21
2700.0
31
0
0
LINE
8
hvac
10
306960.0
20
2640.0
30
0
11
306960.0
21
2700.0
31
0
0
LINE
8
hvac
10
307000.0
20
2640.0
30
0
11
307000.0
21
2700.0
31
0
0
LINE
8
hvac
10
306960.0
20
2640.0
30
0
11
307000.0
21
2640.0
31
0
0
LINE
8
hvac
10
306960.0
20
2700.0
30
0
11
307000.0
21
2700.0
31
0
0
LINE
8
hvac
10
307120.0
20
2640.0
30
0
11
307120.0
21
2700.0
31
0
0
LINE
8
hvac
10
307160.0
20
2640.0
30
0
11
307160.0
21
2700.0
31
0
0
LINE
8
hvac
10
307120.0
20
2640.0
30
0
11
307160.0
21
2640.0
31
0
0
LINE
8
hvac
10
307120.0
20
2700.0
30
0
11
307160.0
21
2700.0
31
0
0
LINE
8
hvac
10
307280.0
20
2640.0
30
0
11
307280.0
21
2700.0
31
0
0
LINE
8
hvac
10
307320.0
20
2640.0
30
0
11
307320.0
21
2700.0
31
0
0
LINE
8
hvac
10
307280.0
20
2640.0
30
0
11
307320.0
21
2640.0
31
0
0
LINE
8
hvac
10
307280.0
20
2700.0
30
0
11
307320.0
21
2700.0
31
0
0
LINE
8
hvac
10
307440.0
20
2640.0
30
0
11
307440.0
21
2700.0
31
0
0
LINE
8
hvac
10
307480.0
20
2640.0
30
0
11
307480.0
21
2700.0
31
0
0
LINE
8
hvac
10
307440.0
20
2640.0
30
0
11
307480.0
21
2640.0
31
0
0
LINE
8
hvac
10
307440.0
20
2700.0
30
0
11
307480.0
21
2700.0
31
0
0
LINE
8
hvac
10
307600.0
20
2640.0
30
0
11
307600.0
21
2700.0
31
0
0
LINE
8
hvac
10
307640.0
20
2640.0
30
0
11
307640.0
21
2700.0
31
0
0
LINE
8
hvac
10
307600.0
20
2640.0
30
0
11
307640.0
21
2640.0
31
0
0
LINE
8
hvac
10
307600.0
20
2700.0
30
0
11
307640.0
21
2700.0
31
0
0
LINE
8
hvac
10
307760.0
20
2640.0
30
0
11
307760.0
21
2700.0
31
0
0
LINE
8
hvac
10
307800.0
20
2640.0
30
0
11
307800.0
21
2700.0
31
0
0
LINE
8
hvac
10
307760.0
20
2640.0
30
0
11
307800.0
21
2640.0
31
0
0
LINE
8
hvac
10
307760.0
20
2700.0
30
0
11
307800.0
21
2700.0
31
0
0
LINE
8
hvac
10
307920.0
20
2640.0
30
0
11
307920.0
21
2700.0
31
0
0
LINE
8
hvac
10
307960.0
20
2640.0
30
0
11
307960.0
21
2700.0
31
0
0
LINE
8
hvac
10
307920.0
20
2640.0
30
0
11
307960.0
21
2640.0
31
0
0
LINE
8
hvac
10
307920.0
20
2700.0
30
0
11
307960.0
21
2700.0
31
0
0
LINE
8
hvac
10
307075.0
20
2875.0
30
0
11
307075.0
21
3325.0
31
0
0
LINE
8
hvac
10
307525.0
20
2875.0
30
0
11
307525.0
21
3325.0
31
0
0
LINE
8
hvac
10
307075.0
20
2875.0
30
0
11
307525.0
21
2875.0
31
0
0
LINE
8
hvac
10
307075.0
20
3325.0
30
0
11
307525.0
21
3325.0
31
0
0
LINE
8
hvac
10
310500.0
20
11825.0
30
0
11
310500.0
21
12175.0
31
0
0
LINE
8
hvac
10
331500.0
20
11825.0
30
0
11
331500.0
21
12175.0
31
0
0
LINE
8
hvac
10
310500.0
20
11825.0
30
0
11
331500.0
21
11825.0
31
0
0
LINE
8
hvac
10
310500.0
20
12175.0
30
0
11
331500.0
21
12175.0
31
0
0
LINE
8
hvac
10
307125.0
20
2925.0
30
0
11
307125.0
21
3275.0
31
0
0
LINE
8
hvac
10
321175.0
20
2925.0
30
0
11
321175.0
21
3275.0
31
0
0
LINE
8
hvac
10
307125.0
20
2925.0
30
0
11
321175.0
21
2925.0
31
0
0
LINE
8
hvac
10
307125.0
20
3275.0
30
0
11
321175.0
21
3275.0
31
0
0
LINE
8
hvac
10
320825.0
20
2925.0
30
0
11
320825.0
21
12175.0
31
0
0
LINE
8
hvac
10
321175.0
20
2925.0
30
0
11
321175.0
21
12175.0
31
0
0
LINE
8
hvac
10
320825.0
20
2925.0
30
0
11
321175.0
21
2925.0
31
0
0
LINE
8
hvac
10
320825.0
20
12175.0
30
0
11
321175.0
21
12175.0
31
0
0
LINE
8
hvac
10
314650.0
20
11650.0
30
0
11
314650.0
21
12350.0
31
0
0
LINE
8
hvac
10
315350.0
20
11650.0
30
0
11
315350.0
21
12350.0
31
0
0
LINE
8
hvac
10
314650.0
20
11650.0
30
0
11
315350.0
21
11650.0
31
0
0
LINE
8
hvac
10
314650.0
20
12350.0
30
0
11
315350.0
21
12350.0
31
0
0
LINE
8
hvac
10
326650.0
20
11650.0
30
0
11
326650.0
21
12350.0
31
0
0
LINE
8
hvac
10
327350.0
20
11650.0
30
0
11
327350.0
21
12350.0
31
0
0
LINE
8
hvac
10
326650.0
20
11650.0
30
0
11
327350.0
21
11650.0
31
0
0
LINE
8
hvac
10
326650.0
20
12350.0
30
0
11
327350.0
21
12350.0
31
0
0
LINE
8
water
10
319940.0
20
2400.0
30
0
11
319940.0
21
2325.0
31
0
0
LINE
8
water
10
319940.0
20
2325.0
30
0
11
319940.0
21
2400.0
31
0
0
LINE
8
water
10
319940.0
20
2400.0
30
0
11
319940.0
21
2475.0
31
0
0
LINE
8
water
10
319940.0
20
2475.0
30
0
11
319940.0
21
2400.0
31
0
0
LINE
8
water
10
319540.0
20
2400.0
30
0
11
319940.0
21
2400.0
31
0
0
LINE
8
water
10
319540.0
20
2400.0
30
0
11
319540.0
21
2325.0
31
0
0
LINE
8
water
10
319540.0
20
2325.0
30
0
11
319540.0
21
2400.0
31
0
0
LINE
8
water
10
319540.0
20
2400.0
30
0
11
319540.0
21
2475.0
31
0
0
LINE
8
water
10
319540.0
20
2475.0
30
0
11
319540.0
21
2400.0
31
0
0
LINE
8
water
10
319830.0
20
2400.0
30
0
11
319767.81
21
2485.6
31
0
0
LINE
8
water
10
319767.81
20
2485.6
30
0
11
319667.19
21
2452.9
31
0
0
LINE
8
water
10
319667.19
20
2452.9
30
0
11
319667.19
21
2347.1
31
0
0
LINE
8
water
10
319667.19
20
2347.1
30
0
11
319767.81
21
2314.4
31
0
0
LINE
8
water
10
319767.81
20
2314.4
30
0
11
319830.0
21
2400.0
31
0
0
LINE
8
water
10
319550.0
20
2375.0
30
0
11
319550.0
21
2425.0
31
0
0
LINE
8
water
10
319930.0
20
2375.0
30
0
11
319930.0
21
2425.0
31
0
0
LINE
8
water
10
319550.0
20
2375.0
30
0
11
319930.0
21
2375.0
31
0
0
LINE
8
water
10
319550.0
20
2425.0
30
0
11
319930.0
21
2425.0
31
0
0
LINE
8
water
10
319615.0
20
2400.0
30
0
11
319615.0
21
2295.38
31
0
0
LINE
8
water
10
319615.0
20
2295.38
30
0
11
319615.0
21
2335.34
31
0
0
LINE
8
water
10
319615.0
20
2335.34
30
0
11
319615.0
21
2464.66
31
0
0
LINE
8
water
10
319615.0
20
2464.66
30
0
11
319615.0
21
2504.62
31
0
0
LINE
8
water
10
319615.0
20
2504.62
30
0
11
319615.0
21
2400.0
31
0
0
LINE
8
water
10
319590.0
20
2400.0
30
0
11
319615.0
21
2400.0
31
0
0
LINE
8
water
10
319590.0
20
2400.0
30
0
11
319590.0
21
2295.38
31
0
0
LINE
8
water
10
319590.0
20
2295.38
30
0
11
319590.0
21
2335.34
31
0
0
LINE
8
water
10
319590.0
20
2335.34
30
0
11
319590.0
21
2464.66
31
0
0
LINE
8
water
10
319590.0
20
2464.66
30
0
11
319590.0
21
2504.62
31
0
0
LINE
8
water
10
319590.0
20
2504.62
30
0
11
319590.0
21
2400.0
31
0
0
LINE
8
water
10
319915.0
20
2400.0
30
0
11
319915.0
21
2295.38
31
0
0
LINE
8
water
10
319915.0
20
2295.38
30
0
11
319915.0
21
2335.34
31
0
0
LINE
8
water
10
319915.0
20
2335.34
30
0
11
319915.0
21
2464.66
31
0
0
LINE
8
water
10
319915.0
20
2464.66
30
0
11
319915.0
21
2504.62
31
0
0
LINE
8
water
10
319915.0
20
2504.62
30
0
11
319915.0
21
2400.0
31
0
0
LINE
8
water
10
319890.0
20
2400.0
30
0
11
319915.0
21
2400.0
31
0
0
LINE
8
water
10
319890.0
20
2400.0
30
0
11
319890.0
21
2295.38
31
0
0
LINE
8
water
10
319890.0
20
2295.38
30
0
11
319890.0
21
2335.34
31
0
0
LINE
8
water
10
319890.0
20
2335.34
30
0
11
319890.0
21
2464.66
31
0
0
LINE
8
water
10
319890.0
20
2464.66
30
0
11
319890.0
21
2504.62
31
0
0
LINE
8
water
10
319890.0
20
2504.62
30
0
11
319890.0
21
2400.0
31
0
0
LINE
8
water
10
322800.0
20
2400.0
30
0
11
322843.3
21
2400.0
31
0
0
LINE
8
water
10
322843.3
20
2400.0
30
0
11
322756.7
21
2400.0
31
0
0
LINE
8
water
10
322756.7
20
2400.0
30
0
11
322800.0
21
2400.0
31
0
0
LINE
8
water
10
322800.0
20
-57500.0
30
0
11
322800.0
21
2400.0
31
0
0
LINE
8
water
10
322800.0
20
-57500.0
30
0
11
322843.3
21
-57500.0
31
0
0
LINE
8
water
10
322843.3
20
-57500.0
30
0
11
322756.7
21
-57500.0
31
0
0
LINE
8
water
10
322756.7
20
-57500.0
30
0
11
322800.0
21
-57500.0
31
0
0
LINE
8
water
10
312600.0
20
2400.0
30
0
11
312600.0
21
2356.7
31
0
0
LINE
8
water
10
312600.0
20
2356.7
30
0
11
312600.0
21
2443.3
31
0
0
LINE
8
water
10
312600.0
20
2443.3
30
0
11
312600.0
21
2400.0
31
0
0
LINE
8
water
10
322800.0
20
2400.0
30
0
11
312600.0
21
2400.0
31
0
0
LINE
8
water
10
322800.0
20
2400.0
30
0
11
322800.0
21
2356.7
31
0
0
LINE
8
water
10
322800.0
20
2356.7
30
0
11
322800.0
21
2443.3
31
0
0
LINE
8
water
10
322800.0
20
2443.3
30
0
11
322800.0
21
2400.0
31
0
0
LINE
8
water
10
312600.0
20
16600.0
30
0
11
312643.3
21
16600.0
31
0
0
LINE
8
water
10
312643.3
20
16600.0
30
0
11
312556.7
21
16600.0
31
0
0
LINE
8
water
10
312556.7
20
16600.0
30
0
11
312600.0
21
16600.0
31
0
0
LINE
8
water
10
312600.0
20
2400.0
30
0
11
312600.0
21
16600.0
31
0
0
LINE
8
water
10
312600.0
20
2400.0
30
0
11
312643.3
21
2400.0
31
0
0
LINE
8
water
10
312643.3
20
2400.0
30
0
11
312556.7
21
2400.0
31
0
0
LINE
8
water
10
312556.7
20
2400.0
30
0
11
312600.0
21
2400.0
31
0
0
LINE
8
water
10
312550.0
20
16600.0
30
0
11
312625.0
21
16643.3
31
0
0
LINE
8
water
10
312625.0
20
16643.3
30
0
11
312625.0
21
16556.7
31
0
0
LINE
8
water
10
312625.0
20
16556.7
30
0
11
312550.0
21
16600.0
31
0
0
LINE
8
water
10
322800.0
20
2400.0
30
0
11
322854.0
21
2400.0
31
0
0
LINE
8
water
10
322854.0
20
2400.0
30
0
11
322800.0
21
2400.0
31
0
0
LINE
8
water
10
312600.0
20
2400.0
30
0
11
312654.0
21
2400.0
31
0
0
LINE
8
water
10
312654.0
20
2400.0
30
0
11
312600.0
21
2400.0
31
0
0
LINE
8
water
10
312600.0
20
16600.0
30
0
11
312654.0
21
16600.0
31
0
0
LINE
8
water
10
312654.0
20
16600.0
30
0
11
312600.0
21
16600.0
31
0
0
LINE
8
water
10
311900.0
20
16200.0
30
0
11
311900.0
21
17000.0
31
0
0
LINE
8
water
10
313300.0
20
16200.0
30
0
11
313300.0
21
17000.0
31
0
0
LINE
8
water
10
311900.0
20
16200.0
30
0
11
313300.0
21
16200.0
31
0
0
LINE
8
water
10
311900.0
20
17000.0
30
0
11
313300.0
21
17000.0
31
0
0
LINE
8
water
10
312225.0
20
16275.0
30
0
11
312225.0
21
16925.0
31
0
0
LINE
8
water
10
312975.0
20
16275.0
30
0
11
312975.0
21
16925.0
31
0
0
LINE
8
water
10
312225.0
20
16275.0
30
0
11
312975.0
21
16275.0
31
0
0
LINE
8
water
10
312225.0
20
16925.0
30
0
11
312975.0
21
16925.0
31
0
0
LINE
8
water
10
312650.0
20
16600.0
30
0
11
312650.0
21
16504.89
31
0
0
LINE
8
water
10
312650.0
20
16504.89
30
0
11
312650.0
21
16541.22
31
0
0
LINE
8
water
10
312650.0
20
16541.22
30
0
11
312650.0
21
16658.78
31
0
0
LINE
8
water
10
312650.0
20
16658.78
30
0
11
312650.0
21
16695.11
31
0
0
LINE
8
water
10
312650.0
20
16695.11
30
0
11
312650.0
21
16600.0
31
0
0
LINE
8
water
10
312200.0
20
16600.0
30
0
11
312650.0
21
16600.0
31
0
0
LINE
8
water
10
312200.0
20
16600.0
30
0
11
312200.0
21
16504.89
31
0
0
LINE
8
water
10
312200.0
20
16504.89
30
0
11
312200.0
21
16541.22
31
0
0
LINE
8
water
10
312200.0
20
16541.22
30
0
11
312200.0
21
16658.78
31
0
0
LINE
8
water
10
312200.0
20
16658.78
30
0
11
312200.0
21
16695.11
31
0
0
LINE
8
water
10
312200.0
20
16695.11
30
0
11
312200.0
21
16600.0
31
0
0
LINE
8
water
10
313000.0
20
16600.0
30
0
11
312925.0
21
16643.3
31
0
0
LINE
8
water
10
312925.0
20
16643.3
30
0
11
312925.0
21
16556.7
31
0
0
LINE
8
water
10
312925.0
20
16556.7
30
0
11
313000.0
21
16600.0
31
0
0
LINE
8
water
10
323250.0
20
16600.0
30
0
11
323250.0
21
16556.7
31
0
0
LINE
8
water
10
323250.0
20
16556.7
30
0
11
323250.0
21
16643.3
31
0
0
LINE
8
water
10
323250.0
20
16643.3
30
0
11
323250.0
21
16600.0
31
0
0
LINE
8
water
10
312950.0
20
16600.0
30
0
11
323250.0
21
16600.0
31
0
0
LINE
8
water
10
312950.0
20
16600.0
30
0
11
312950.0
21
16556.7
31
0
0
LINE
8
water
10
312950.0
20
16556.7
30
0
11
312950.0
21
16643.3
31
0
0
LINE
8
water
10
312950.0
20
16643.3
30
0
11
312950.0
21
16600.0
31
0
0
LINE
8
water
10
323250.0
20
-56500.0
30
0
11
323293.3
21
-56500.0
31
0
0
LINE
8
water
10
323293.3
20
-56500.0
30
0
11
323206.7
21
-56500.0
31
0
0
LINE
8
water
10
323206.7
20
-56500.0
30
0
11
323250.0
21
-56500.0
31
0
0
LINE
8
water
10
323250.0
20
16600.0
30
0
11
323250.0
21
-56500.0
31
0
0
LINE
8
water
10
323250.0
20
16600.0
30
0
11
323293.3
21
16600.0
31
0
0
LINE
8
water
10
323293.3
20
16600.0
30
0
11
323206.7
21
16600.0
31
0
0
LINE
8
water
10
323206.7
20
16600.0
30
0
11
323250.0
21
16600.0
31
0
0
LINE
8
water
10
323300.0
20
-56500.0
30
0
11
323225.0
21
-56456.7
31
0
0
LINE
8
water
10
323225.0
20
-56456.7
30
0
11
323225.0
21
-56543.3
31
0
0
LINE
8
water
10
323225.0
20
-56543.3
30
0
11
323300.0
21
-56500.0
31
0
0
LINE
8
water
10
312950.0
20
16600.0
30
0
11
313004.0
21
16600.0
31
0
0
LINE
8
water
10
313004.0
20
16600.0
30
0
11
312950.0
21
16600.0
31
0
0
LINE
8
water
10
323250.0
20
16600.0
30
0
11
323304.0
21
16600.0
31
0
0
LINE
8
water
10
323304.0
20
16600.0
30
0
11
323250.0
21
16600.0
31
0
0
LINE
8
water
10
323250.0
20
-56500.0
30
0
11
323304.0
21
-56500.0
31
0
0
LINE
8
water
10
323304.0
20
-56500.0
30
0
11
323250.0
21
-56500.0
31
0
0
LINE
8
sensors
10
306040.0
20
6320.0
30
0
11
306040.0
21
6480.0
31
0
0
LINE
8
sensors
10
306140.0
20
6320.0
30
0
11
306140.0
21
6480.0
31
0
0
LINE
8
sensors
10
306040.0
20
6320.0
30
0
11
306140.0
21
6320.0
31
0
0
LINE
8
sensors
10
306040.0
20
6480.0
30
0
11
306140.0
21
6480.0
31
0
0
LINE
8
sensors
10
306145.0
20
6345.0
30
0
11
306145.0
21
6455.0
31
0
0
LINE
8
sensors
10
306165.0
20
6345.0
30
0
11
306165.0
21
6455.0
31
0
0
LINE
8
sensors
10
306145.0
20
6345.0
30
0
11
306165.0
21
6345.0
31
0
0
LINE
8
sensors
10
306145.0
20
6455.0
30
0
11
306165.0
21
6455.0
31
0
0
LINE
8
sensors
10
306040.0
20
6620.0
30
0
11
306040.0
21
6780.0
31
0
0
LINE
8
sensors
10
306140.0
20
6620.0
30
0
11
306140.0
21
6780.0
31
0
0
LINE
8
sensors
10
306040.0
20
6620.0
30
0
11
306140.0
21
6620.0
31
0
0
LINE
8
sensors
10
306040.0
20
6780.0
30
0
11
306140.0
21
6780.0
31
0
0
LINE
8
sensors
10
306145.0
20
6645.0
30
0
11
306145.0
21
6755.0
31
0
0
LINE
8
sensors
10
306165.0
20
6645.0
30
0
11
306165.0
21
6755.0
31
0
0
LINE
8
sensors
10
306145.0
20
6645.0
30
0
11
306165.0
21
6645.0
31
0
0
LINE
8
sensors
10
306145.0
20
6755.0
30
0
11
306165.0
21
6755.0
31
0
0
LINE
8
sensors
10
306040.0
20
6920.0
30
0
11
306040.0
21
7080.0
31
0
0
LINE
8
sensors
10
306140.0
20
6920.0
30
0
11
306140.0
21
7080.0
31
0
0
LINE
8
sensors
10
306040.0
20
6920.0
30
0
11
306140.0
21
6920.0
31
0
0
LINE
8
sensors
10
306040.0
20
7080.0
30
0
11
306140.0
21
7080.0
31
0
0
LINE
8
sensors
10
306145.0
20
6945.0
30
0
11
306145.0
21
7055.0
31
0
0
LINE
8
sensors
10
306165.0
20
6945.0
30
0
11
306165.0
21
7055.0
31
0
0
LINE
8
sensors
10
306145.0
20
6945.0
30
0
11
306165.0
21
6945.0
31
0
0
LINE
8
sensors
10
306145.0
20
7055.0
30
0
11
306165.0
21
7055.0
31
0
0
LINE
8
sensors
10
321080.0
20
12000.0
30
0
11
321000.0
21
12080.0
31
0
0
LINE
8
sensors
10
321000.0
20
12080.0
30
0
11
320920.0
21
12000.0
31
0
0
LINE
8
sensors
10
320920.0
20
12000.0
30
0
11
321000.0
21
11920.0
31
0
0
LINE
8
sensors
10
321000.0
20
11920.0
30
0
11
321080.0
21
12000.0
31
0
0
LINE
8
sensors
10
321000.0
20
12000.0
30
0
11
321065.0
21
12000.0
31
0
0
LINE
8
sensors
10
321065.0
20
12000.0
30
0
11
321000.0
21
12000.0
31
0
0
LINE
8
sensors
10
306040.0
20
7520.0
30
0
11
306040.0
21
7680.0
31
0
0
LINE
8
sensors
10
306140.0
20
7520.0
30
0
11
306140.0
21
7680.0
31
0
0
LINE
8
sensors
10
306040.0
20
7520.0
30
0
11
306140.0
21
7520.0
31
0
0
LINE
8
sensors
10
306040.0
20
7680.0
30
0
11
306140.0
21
7680.0
31
0
0
LINE
8
sensors
10
306145.0
20
7545.0
30
0
11
306145.0
21
7655.0
31
0
0
LINE
8
sensors
10
306165.0
20
7545.0
30
0
11
306165.0
21
7655.0
31
0
0
LINE
8
sensors
10
306145.0
20
7545.0
30
0
11
306165.0
21
7545.0
31
0
0
LINE
8
sensors
10
306145.0
20
7655.0
30
0
11
306165.0
21
7655.0
31
0
0
LINE
8
sensors
10
316280.0
20
2400.0
30
0
11
316280.0
21
2325.0
31
0
0
LINE
8
sensors
10
316280.0
20
2325.0
30
0
11
316280.0
21
2400.0
31
0
0
LINE
8
sensors
10
316280.0
20
2400.0
30
0
11
316280.0
21
2475.0
31
0
0
LINE
8
sensors
10
316280.0
20
2475.0
30
0
11
316280.0
21
2400.0
31
0
0
LINE
8
sensors
10
316060.0
20
2400.0
30
0
11
316280.0
21
2400.0
31
0
0
LINE
8
sensors
10
316060.0
20
2400.0
30
0
11
316060.0
21
2325.0
31
0
0
LINE
8
sensors
10
316060.0
20
2325.0
30
0
11
316060.0
21
2400.0
31
0
0
LINE
8
sensors
10
316060.0
20
2400.0
30
0
11
316060.0
21
2475.0
31
0
0
LINE
8
sensors
10
316060.0
20
2475.0
30
0
11
316060.0
21
2400.0
31
0
0
LINE
8
sensors
10
316090.0
20
2330.0
30
0
11
316090.0
21
2470.0
31
0
0
LINE
8
sensors
10
316250.0
20
2330.0
30
0
11
316250.0
21
2470.0
31
0
0
LINE
8
sensors
10
316090.0
20
2330.0
30
0
11
316250.0
21
2330.0
31
0
0
LINE
8
sensors
10
316090.0
20
2470.0
30
0
11
316250.0
21
2470.0
31
0
0
LINE
8
interiors
10
345000.0
20
2000.0
30
0
11
345000.0
21
22000.0
31
0
0
LINE
8
interiors
10
345000.0
20
2000.0
30
0
11
358800.0
21
2000.0
31
0
0
LINE
8
interiors
10
358800.0
20
2000.0
30
0
11
361200.0
21
2000.0
31
0
0
LINE
8
interiors
10
361200.0
20
2000.0
30
0
11
375000.0
21
2000.0
31
0
0
LINE
8
interiors
10
345000.0
20
2000.0
30
0
11
375000.0
21
2000.0
31
0
0
LINE
8
interiors
10
345000.0
20
22000.0
30
0
11
375000.0
21
22000.0
31
0
0
LINE
8
interiors
10
375000.0
20
2000.0
30
0
11
375000.0
21
22000.0
31
0
0
LINE
8
interiors
10
374880.0
20
2120.0
30
0
11
345120.0
21
2120.0
31
0
0
LINE
8
interiors
10
374880.0
20
2120.0
30
0
11
374880.0
21
21880.0
31
0
0
LINE
8
interiors
10
374880.0
20
21880.0
30
0
11
345120.0
21
21880.0
31
0
0
LINE
8
interiors
10
345120.0
20
2120.0
30
0
11
345120.0
21
21880.0
31
0
0
LINE
8
interiors
10
352200.0
20
22000.0
30
0
11
367800.0
21
22000.0
31
0
0
LINE
8
interiors
10
361200.0
20
2000.0
30
0
11
361200.0
21
2120.0
31
0
0
LINE
8
interiors
10
374880.0
20
2120.0
30
0
11
361200.0
21
2120.0
31
0
0
LINE
8
interiors
10
358800.0
20
2120.0
30
0
11
345120.0
21
2120.0
31
0
0
LINE
8
interiors
10
358800.0
20
2000.0
30
0
11
358800.0
21
2120.0
31
0
0
LINE
8
interiors
10
358800.0
20
2120.0
30
0
11
361200.0
21
2120.0
31
0
0
LINE
8
interiors
10
352200.0
20
21880.0
30
0
11
367800.0
21
21880.0
31
0
0
LINE
8
interiors
10
352200.0
20
21880.0
30
0
11
352200.0
21
22000.0
31
0
0
LINE
8
interiors
10
367800.0
20
21880.0
30
0
11
367800.0
21
22000.0
31
0
0
LINE
8
interiors
10
352200.0
20
21977.5
30
0
11
352200.0
21
22022.5
31
0
0
LINE
8
interiors
10
367800.0
20
21977.5
30
0
11
367800.0
21
22022.5
31
0
0
LINE
8
interiors
10
352200.0
20
21977.5
30
0
11
367800.0
21
21977.5
31
0
0
LINE
8
interiors
10
352200.0
20
22022.5
30
0
11
367800.0
21
22022.5
31
0
0
LINE
8
interiors
10
345125.0
20
2125.0
30
0
11
345125.0
21
21875.0
31
0
0
LINE
8
interiors
10
374875.0
20
2125.0
30
0
11
374875.0
21
21875.0
31
0
0
LINE
8
interiors
10
345125.0
20
2125.0
30
0
11
374875.0
21
2125.0
31
0
0
LINE
8
interiors
10
345125.0
20
21875.0
30
0
11
374875.0
21
21875.0
31
0
0
LINE
8
interiors
10
358845.0
20
1880.0
30
0
11
358845.0
21
2120.0
31
0
0
LINE
8
interiors
10
358915.0
20
1880.0
30
0
11
358915.0
21
2120.0
31
0
0
LINE
8
interiors
10
358845.0
20
1880.0
30
0
11
358915.0
21
1880.0
31
0
0
LINE
8
interiors
10
358845.0
20
2120.0
30
0
11
358915.0
21
2120.0
31
0
0
LINE
8
interiors
10
361085.0
20
1880.0
30
0
11
361085.0
21
2120.0
31
0
0
LINE
8
interiors
10
361155.0
20
1880.0
30
0
11
361155.0
21
2120.0
31
0
0
LINE
8
interiors
10
361085.0
20
1880.0
30
0
11
361155.0
21
1880.0
31
0
0
LINE
8
interiors
10
361085.0
20
2120.0
30
0
11
361155.0
21
2120.0
31
0
0
LINE
8
interiors
10
358850.0
20
1880.0
30
0
11
358850.0
21
2120.0
31
0
0
LINE
8
interiors
10
361150.0
20
1880.0
30
0
11
361150.0
21
2120.0
31
0
0
LINE
8
interiors
10
358850.0
20
1880.0
30
0
11
361150.0
21
1880.0
31
0
0
LINE
8
interiors
10
358850.0
20
2120.0
30
0
11
361150.0
21
2120.0
31
0
0
LINE
8
interiors
10
358930.39
20
2090.49
30
0
11
358889.61
21
2109.51
31
0
0
LINE
8
interiors
10
359386.82
20
3069.3
30
0
11
359346.04
21
3088.32
31
0
0
LINE
8
interiors
10
358930.39
20
2090.49
30
0
11
359386.82
21
3069.3
31
0
0
LINE
8
interiors
10
358889.61
20
2109.51
30
0
11
359346.04
21
3088.32
31
0
0
LINE
8
interiors
10
352600.0
20
7900.0
30
0
11
352600.0
21
8900.0
31
0
0
LINE
8
interiors
10
355400.0
20
7900.0
30
0
11
355400.0
21
8900.0
31
0
0
LINE
8
interiors
10
352600.0
20
7900.0
30
0
11
355400.0
21
7900.0
31
0
0
LINE
8
interiors
10
352600.0
20
8900.0
30
0
11
355400.0
21
8900.0
31
0
0
LINE
8
interiors
10
352665.0
20
7965.0
30
0
11
352665.0
21
8035.0
31
0
0
LINE
8
interiors
10
352735.0
20
7965.0
30
0
11
352735.0
21
8035.0
31
0
0
LINE
8
interiors
10
352665.0
20
7965.0
30
0
11
352735.0
21
7965.0
31
0
0
LINE
8
interiors
10
352665.0
20
8035.0
30
0
11
352735.0
21
8035.0
31
0
0
LINE
8
interiors
10
352665.0
20
8765.0
30
0
11
352665.0
21
8835.0
31
0
0
LINE
8
interiors
10
352735.0
20
8765.0
30
0
11
352735.0
21
8835.0
31
0
0
LINE
8
interiors
10
352665.0
20
8765.0
30
0
11
352735.0
21
8765.0
31
0
0
LINE
8
interiors
10
352665.0
20
8835.0
30
0
11
352735.0
21
8835.0
31
0
0
LINE
8
interiors
10
355265.0
20
7965.0
30
0
11
355265.0
21
8035.0
31
0
0
LINE
8
interiors
10
355335.0
20
7965.0
30
0
11
355335.0
21
8035.0
31
0
0
LINE
8
interiors
10
355265.0
20
7965.0
30
0
11
355335.0
21
7965.0
31
0
0
LINE
8
interiors
10
355265.0
20
8035.0
30
0
11
355335.0
21
8035.0
31
0
0
LINE
8
interiors
10
355265.0
20
8765.0
30
0
11
355265.0
21
8835.0
31
0
0
LINE
8
interiors
10
355335.0
20
8765.0
30
0
11
355335.0
21
8835.0
31
0
0
LINE
8
interiors
10
355265.0
20
8765.0
30
0
11
355335.0
21
8765.0
31
0
0
LINE
8
interiors
10
355265.0
20
8835.0
30
0
11
355335.0
21
8835.0
31
0
0
LINE
8
interiors
10
351500.0
20
16650.0
30
0
11
351500.0
21
17350.0
31
0
0
LINE
8
interiors
10
353500.0
20
16650.0
30
0
11
353500.0
21
17350.0
31
0
0
LINE
8
interiors
10
351500.0
20
16650.0
30
0
11
353500.0
21
16650.0
31
0
0
LINE
8
interiors
10
351500.0
20
17350.0
30
0
11
353500.0
21
17350.0
31
0
0
LINE
8
interiors
10
351600.0
20
16627.5
30
0
11
351600.0
21
16652.5
31
0
0
LINE
8
interiors
10
353400.0
20
16627.5
30
0
11
353400.0
21
16652.5
31
0
0
LINE
8
interiors
10
351600.0
20
16627.5
30
0
11
353400.0
21
16627.5
31
0
0
LINE
8
interiors
10
351600.0
20
16652.5
30
0
11
353400.0
21
16652.5
31
0
0
LINE
8
interiors
10
358900.0
20
16500.0
30
0
11
358900.0
21
17500.0
31
0
0
LINE
8
interiors
10
361100.0
20
16500.0
30
0
11
361100.0
21
17500.0
31
0
0
LINE
8
interiors
10
358900.0
20
16500.0
30
0
11
361100.0
21
16500.0
31
0
0
LINE
8
interiors
10
358900.0
20
17500.0
30
0
11
361100.0
21
17500.0
31
0
0
LINE
8
interiors
10
358900.0
20
17325.0
30
0
11
358900.0
21
17475.0
31
0
0
LINE
8
interiors
10
361100.0
20
17325.0
30
0
11
361100.0
21
17475.0
31
0
0
LINE
8
interiors
10
358900.0
20
17325.0
30
0
11
361100.0
21
17325.0
31
0
0
LINE
8
interiors
10
358900.0
20
17475.0
30
0
11
361100.0
21
17475.0
31
0
0
LINE
8
interiors
10
358850.0
20
16450.0
30
0
11
358850.0
21
17550.0
31
0
0
LINE
8
interiors
10
361150.0
20
16450.0
30
0
11
361150.0
21
17550.0
31
0
0
LINE
8
interiors
10
358850.0
20
16450.0
30
0
11
361150.0
21
16450.0
31
0
0
LINE
8
interiors
10
358850.0
20
17550.0
30
0
11
361150.0
21
17550.0
31
0
0
LINE
8
electrical
10
374275.0
20
2075.0
30
0
11
374275.0
21
2325.0
31
0
0
LINE
8
electrical
10
374825.0
20
2075.0
30
0
11
374825.0
21
2325.0
31
0
0
LINE
8
electrical
10
374275.0
20
2075.0
30
0
11
374825.0
21
2075.0
31
0
0
LINE
8
electrical
10
374275.0
20
2325.0
30
0
11
374825.0
21
2325.0
31
0
0
LINE
8
electrical
10
374315.0
20
2047.5
30
0
11
374315.0
21
2082.5
31
0
0
LINE
8
electrical
10
374785.0
20
2047.5
30
0
11
374785.0
21
2082.5
31
0
0
LINE
8
electrical
10
374315.0
20
2047.5
30
0
11
374785.0
21
2047.5
31
0
0
LINE
8
electrical
10
374315.0
20
2082.5
30
0
11
374785.0
21
2082.5
31
0
0
LINE
8
electrical
10
374362.5
20
2010.0
30
0
11
374362.5
21
2050.0
31
0
0
LINE
8
electrical
10
374462.5
20
2010.0
30
0
11
374462.5
21
2050.0
31
0
0
LINE
8
electrical
10
374362.5
20
2010.0
30
0
11
374462.5
21
2010.0
31
0
0
LINE
8
electrical
10
374362.5
20
2050.0
30
0
11
374462.5
21
2050.0
31
0
0
LINE
8
electrical
10
374500.0
20
2010.0
30
0
11
374500.0
21
2050.0
31
0
0
LINE
8
electrical
10
374600.0
20
2010.0
30
0
11
374600.0
21
2050.0
31
0
0
LINE
8
electrical
10
374500.0
20
2010.0
30
0
11
374600.0
21
2010.0
31
0
0
LINE
8
electrical
10
374500.0
20
2050.0
30
0
11
374600.0
21
2050.0
31
0
0
LINE
8
electrical
10
374637.5
20
2010.0
30
0
11
374637.5
21
2050.0
31
0
0
LINE
8
electrical
10
374737.5
20
2010.0
30
0
11
374737.5
21
2050.0
31
0
0
LINE
8
electrical
10
374637.5
20
2010.0
30
0
11
374737.5
21
2010.0
31
0
0
LINE
8
electrical
10
374637.5
20
2050.0
30
0
11
374737.5
21
2050.0
31
0
0
LINE
8
electrical
10
374412.5
20
1995.0
30
0
11
374435.88
21
1995.0
31
0
0
LINE
8
electrical
10
374435.88
20
1995.0
30
0
11
374389.12
21
1995.0
31
0
0
LINE
8
electrical
10
374389.12
20
1995.0
30
0
11
374412.5
21
1995.0
31
0
0
LINE
8
electrical
10
374412.5
20
2020.0
30
0
11
374412.5
21
1995.0
31
0
0
LINE
8
electrical
10
374412.5
20
2020.0
30
0
11
374435.88
21
2020.0
31
0
0
LINE
8
electrical
10
374435.88
20
2020.0
30
0
11
374389.12
21
2020.0
31
0
0
LINE
8
electrical
10
374389.12
20
2020.0
30
0
11
374412.5
21
2020.0
31
0
0
LINE
8
electrical
10
374550.0
20
1995.0
30
0
11
374573.38
21
1995.0
31
0
0
LINE
8
electrical
10
374573.38
20
1995.0
30
0
11
374526.62
21
1995.0
31
0
0
LINE
8
electrical
10
374526.62
20
1995.0
30
0
11
374550.0
21
1995.0
31
0
0
LINE
8
electrical
10
374550.0
20
2020.0
30
0
11
374550.0
21
1995.0
31
0
0
LINE
8
electrical
10
374550.0
20
2020.0
30
0
11
374573.38
21
2020.0
31
0
0
LINE
8
electrical
10
374573.38
20
2020.0
30
0
11
374526.62
21
2020.0
31
0
0
LINE
8
electrical
10
374526.62
20
2020.0
30
0
11
374550.0
21
2020.0
31
0
0
LINE
8
electrical
10
374687.5
20
1995.0
30
0
11
374710.88
21
1995.0
31
0
0
LINE
8
electrical
10
374710.88
20
1995.0
30
0
11
374664.12
21
1995.0
31
0
0
LINE
8
electrical
10
374664.12
20
1995.0
30
0
11
374687.5
21
1995.0
31
0
0
LINE
8
electrical
10
374687.5
20
2020.0
30
0
11
374687.5
21
1995.0
31
0
0
LINE
8
electrical
10
374687.5
20
2020.0
30
0
11
374710.88
21
2020.0
31
0
0
LINE
8
electrical
10
374710.88
20
2020.0
30
0
11
374664.12
21
2020.0
31
0
0
LINE
8
electrical
10
374664.12
20
2020.0
30
0
11
374687.5
21
2020.0
31
0
0
LINE
8
electrical
10
374550.0
20
2200.0
30
0
11
374565.59
21
2200.0
31
0
0
LINE
8
electrical
10
374565.59
20
2200.0
30
0
11
374534.41
21
2200.0
31
0
0
LINE
8
electrical
10
374534.41
20
2200.0
30
0
11
374550.0
21
2200.0
31
0
0
LINE
8
electrical
10
374550.0
20
-62300.0
30
0
11
374550.0
21
2200.0
31
0
0
LINE
8
electrical
10
374550.0
20
-62300.0
30
0
11
374565.59
21
-62300.0
31
0
0
LINE
8
electrical
10
374565.59
20
-62300.0
30
0
11
374534.41
21
-62300.0
31
0
0
LINE
8
electrical
10
374534.41
20
-62300.0
30
0
11
374550.0
21
-62300.0
31
0
0
LINE
8
electrical
10
374532.0
20
2200.0
30
0
11
374559.0
21
2215.59
31
0
0
LINE
8
electrical
10
374559.0
20
2215.59
30
0
11
374559.0
21
2184.41
31
0
0
LINE
8
electrical
10
374559.0
20
2184.41
30
0
11
374532.0
21
2200.0
31
0
0
LINE
8
electrical
10
374550.0
20
2200.0
30
0
11
374569.44
21
2200.0
31
0
0
LINE
8
electrical
10
374569.44
20
2200.0
30
0
11
374550.0
21
2200.0
31
0
0
LINE
8
lighting
10
348880.0
20
4880.0
30
0
11
348880.0
21
5520.0
31
0
0
LINE
8
lighting
10
349520.0
20
4880.0
30
0
11
349520.0
21
5520.0
31
0
0
LINE
8
lighting
10
348880.0
20
4880.0
30
0
11
349520.0
21
4880.0
31
0
0
LINE
8
lighting
10
348880.0
20
5520.0
30
0
11
349520.0
21
5520.0
31
0
0
LINE
8
lighting
10
348920.0
20
4920.0
30
0
11
348920.0
21
5480.0
31
0
0
LINE
8
lighting
10
349480.0
20
4920.0
30
0
11
349480.0
21
5480.0
31
0
0
LINE
8
lighting
10
348920.0
20
4920.0
30
0
11
349480.0
21
4920.0
31
0
0
LINE
8
lighting
10
348920.0
20
5480.0
30
0
11
349480.0
21
5480.0
31
0
0
LINE
8
lighting
10
348954.0
20
4930.0
30
0
11
348954.0
21
5470.0
31
0
0
LINE
8
lighting
10
348966.0
20
4930.0
30
0
11
348966.0
21
5470.0
31
0
0
LINE
8
lighting
10
348954.0
20
4930.0
30
0
11
348966.0
21
4930.0
31
0
0
LINE
8
lighting
10
348954.0
20
5470.0
30
0
11
348966.0
21
5470.0
31
0
0
LINE
8
lighting
10
349034.0
20
4930.0
30
0
11
349034.0
21
5470.0
31
0
0
LINE
8
lighting
10
349046.0
20
4930.0
30
0
11
349046.0
21
5470.0
31
0
0
LINE
8
lighting
10
349034.0
20
4930.0
30
0
11
349046.0
21
4930.0
31
0
0
LINE
8
lighting
10
349034.0
20
5470.0
30
0
11
349046.0
21
5470.0
31
0
0
LINE
8
lighting
10
349114.0
20
4930.0
30
0
11
349114.0
21
5470.0
31
0
0
LINE
8
lighting
10
349126.0
20
4930.0
30
0
11
349126.0
21
5470.0
31
0
0
LINE
8
lighting
10
349114.0
20
4930.0
30
0
11
349126.0
21
4930.0
31
0
0
LINE
8
lighting
10
349114.0
20
5470.0
30
0
11
349126.0
21
5470.0
31
0
0
LINE
8
lighting
10
349194.0
20
4930.0
30
0
11
349194.0
21
5470.0
31
0
0
LINE
8
lighting
10
349206.0
20
4930.0
30
0
11
349206.0
21
5470.0
31
0
0
LINE
8
lighting
10
349194.0
20
4930.0
30
0
11
349206.0
21
4930.0
31
0
0
LINE
8
lighting
10
349194.0
20
5470.0
30
0
11
349206.0
21
5470.0
31
0
0
LINE
8
lighting
10
349274.0
20
4930.0
30
0
11
349274.0
21
5470.0
31
0
0
LINE
8
lighting
10
349286.0
20
4930.0
30
0
11
349286.0
21
5470.0
31
0
0
LINE
8
lighting
10
349274.0
20
4930.0
30
0
11
349286.0
21
4930.0
31
0
0
LINE
8
lighting
10
349274.0
20
5470.0
30
0
11
349286.0
21
5470.0
31
0
0
LINE
8
lighting
10
349354.0
20
4930.0
30
0
11
349354.0
21
5470.0
31
0
0
LINE
8
lighting
10
349366.0
20
4930.0
30
0
11
349366.0
21
5470.0
31
0
0
LINE
8
lighting
10
349354.0
20
4930.0
30
0
11
349366.0
21
4930.0
31
0
0
LINE
8
lighting
10
349354.0
20
5470.0
30
0
11
349366.0
21
5470.0
31
0
0
LINE
8
lighting
10
349434.0
20
4930.0
30
0
11
349434.0
21
5470.0
31
0
0
LINE
8
lighting
10
349446.0
20
4930.0
30
0
11
349446.0
21
5470.0
31
0
0
LINE
8
lighting
10
349434.0
20
4930.0
30
0
11
349446.0
21
4930.0
31
0
0
LINE
8
lighting
10
349434.0
20
5470.0
30
0
11
349446.0
21
5470.0
31
0
0
LINE
8
lighting
10
349209.0
20
5200.0
30
0
11
349195.5
21
5207.79
31
0
0
LINE
8
lighting
10
349195.5
20
5207.79
30
0
11
349195.5
21
5192.21
31
0
0
LINE
8
lighting
10
349195.5
20
5192.21
30
0
11
349209.0
21
5200.0
31
0
0
LINE
8
lighting
10
370480.0
20
4880.0
30
0
11
370480.0
21
5520.0
31
0
0
LINE
8
lighting
10
371120.0
20
4880.0
30
0
11
371120.0
21
5520.0
31
0
0
LINE
8
lighting
10
370480.0
20
4880.0
30
0
11
371120.0
21
4880.0
31
0
0
LINE
8
lighting
10
370480.0
20
5520.0
30
0
11
371120.0
21
5520.0
31
0
0
LINE
8
lighting
10
370520.0
20
4920.0
30
0
11
370520.0
21
5480.0
31
0
0
LINE
8
lighting
10
371080.0
20
4920.0
30
0
11
371080.0
21
5480.0
31
0
0
LINE
8
lighting
10
370520.0
20
4920.0
30
0
11
371080.0
21
4920.0
31
0
0
LINE
8
lighting
10
370520.0
20
5480.0
30
0
11
371080.0
21
5480.0
31
0
0
LINE
8
lighting
10
370554.0
20
4930.0
30
0
11
370554.0
21
5470.0
31
0
0
LINE
8
lighting
10
370566.0
20
4930.0
30
0
11
370566.0
21
5470.0
31
0
0
LINE
8
lighting
10
370554.0
20
4930.0
30
0
11
370566.0
21
4930.0
31
0
0
LINE
8
lighting
10
370554.0
20
5470.0
30
0
11
370566.0
21
5470.0
31
0
0
LINE
8
lighting
10
370634.0
20
4930.0
30
0
11
370634.0
21
5470.0
31
0
0
LINE
8
lighting
10
370646.0
20
4930.0
30
0
11
370646.0
21
5470.0
31
0
0
LINE
8
lighting
10
370634.0
20
4930.0
30
0
11
370646.0
21
4930.0
31
0
0
LINE
8
lighting
10
370634.0
20
5470.0
30
0
11
370646.0
21
5470.0
31
0
0
LINE
8
lighting
10
370714.0
20
4930.0
30
0
11
370714.0
21
5470.0
31
0
0
LINE
8
lighting
10
370726.0
20
4930.0
30
0
11
370726.0
21
5470.0
31
0
0
LINE
8
lighting
10
370714.0
20
4930.0
30
0
11
370726.0
21
4930.0
31
0
0
LINE
8
lighting
10
370714.0
20
5470.0
30
0
11
370726.0
21
5470.0
31
0
0
LINE
8
lighting
10
370794.0
20
4930.0
30
0
11
370794.0
21
5470.0
31
0
0
LINE
8
lighting
10
370806.0
20
4930.0
30
0
11
370806.0
21
5470.0
31
0
0
LINE
8
lighting
10
370794.0
20
4930.0
30
0
11
370806.0
21
4930.0
31
0
0
LINE
8
lighting
10
370794.0
20
5470.0
30
0
11
370806.0
21
5470.0
31
0
0
LINE
8
lighting
10
370874.0
20
4930.0
30
0
11
370874.0
21
5470.0
31
0
0
LINE
8
lighting
10
370886.0
20
4930.0
30
0
11
370886.0
21
5470.0
31
0
0
LINE
8
lighting
10
370874.0
20
4930.0
30
0
11
370886.0
21
4930.0
31
0
0
LINE
8
lighting
10
370874.0
20
5470.0
30
0
11
370886.0
21
5470.0
31
0
0
LINE
8
lighting
10
370954.0
20
4930.0
30
0
11
370954.0
21
5470.0
31
0
0
LINE
8
lighting
10
370966.0
20
4930.0
30
0
11
370966.0
21
5470.0
31
0
0
LINE
8
lighting
10
370954.0
20
4930.0
30
0
11
370966.0
21
4930.0
31
0
0
LINE
8
lighting
10
370954.0
20
5470.0
30
0
11
370966.0
21
5470.0
31
0
0
LINE
8
lighting
10
371034.0
20
4930.0
30
0
11
371034.0
21
5470.0
31
0
0
LINE
8
lighting
10
371046.0
20
4930.0
30
0
11
371046.0
21
5470.0
31
0
0
LINE
8
lighting
10
371034.0
20
4930.0
30
0
11
371046.0
21
4930.0
31
0
0
LINE
8
lighting
10
371034.0
20
5470.0
30
0
11
371046.0
21
5470.0
31
0
0
LINE
8
lighting
10
370809.0
20
5200.0
30
0
11
370795.5
21
5207.79
31
0
0
LINE
8
lighting
10
370795.5
20
5207.79
30
0
11
370795.5
21
5192.21
31
0
0
LINE
8
lighting
10
370795.5
20
5192.21
30
0
11
370809.0
21
5200.0
31
0
0
LINE
8
lighting
10
359680.0
20
4880.0
30
0
11
359680.0
21
5520.0
31
0
0
LINE
8
lighting
10
360320.0
20
4880.0
30
0
11
360320.0
21
5520.0
31
0
0
LINE
8
lighting
10
359680.0
20
4880.0
30
0
11
360320.0
21
4880.0
31
0
0
LINE
8
lighting
10
359680.0
20
5520.0
30
0
11
360320.0
21
5520.0
31
0
0
LINE
8
lighting
10
359720.0
20
4920.0
30
0
11
359720.0
21
5480.0
31
0
0
LINE
8
lighting
10
360280.0
20
4920.0
30
0
11
360280.0
21
5480.0
31
0
0
LINE
8
lighting
10
359720.0
20
4920.0
30
0
11
360280.0
21
4920.0
31
0
0
LINE
8
lighting
10
359720.0
20
5480.0
30
0
11
360280.0
21
5480.0
31
0
0
LINE
8
lighting
10
359754.0
20
4930.0
30
0
11
359754.0
21
5470.0
31
0
0
LINE
8
lighting
10
359766.0
20
4930.0
30
0
11
359766.0
21
5470.0
31
0
0
LINE
8
lighting
10
359754.0
20
4930.0
30
0
11
359766.0
21
4930.0
31
0
0
LINE
8
lighting
10
359754.0
20
5470.0
30
0
11
359766.0
21
5470.0
31
0
0
LINE
8
lighting
10
359834.0
20
4930.0
30
0
11
359834.0
21
5470.0
31
0
0
LINE
8
lighting
10
359846.0
20
4930.0
30
0
11
359846.0
21
5470.0
31
0
0
LINE
8
lighting
10
359834.0
20
4930.0
30
0
11
359846.0
21
4930.0
31
0
0
LINE
8
lighting
10
359834.0
20
5470.0
30
0
11
359846.0
21
5470.0
31
0
0
LINE
8
lighting
10
359914.0
20
4930.0
30
0
11
359914.0
21
5470.0
31
0
0
LINE
8
lighting
10
359926.0
20
4930.0
30
0
11
359926.0
21
5470.0
31
0
0
LINE
8
lighting
10
359914.0
20
4930.0
30
0
11
359926.0
21
4930.0
31
0
0
LINE
8
lighting
10
359914.0
20
5470.0
30
0
11
359926.0
21
5470.0
31
0
0
LINE
8
lighting
10
359994.0
20
4930.0
30
0
11
359994.0
21
5470.0
31
0
0
LINE
8
lighting
10
360006.0
20
4930.0
30
0
11
360006.0
21
5470.0
31
0
0
LINE
8
lighting
10
359994.0
20
4930.0
30
0
11
360006.0
21
4930.0
31
0
0
LINE
8
lighting
10
359994.0
20
5470.0
30
0
11
360006.0
21
5470.0
31
0
0
LINE
8
lighting
10
360074.0
20
4930.0
30
0
11
360074.0
21
5470.0
31
0
0
LINE
8
lighting
10
360086.0
20
4930.0
30
0
11
360086.0
21
5470.0
31
0
0
LINE
8
lighting
10
360074.0
20
4930.0
30
0
11
360086.0
21
4930.0
31
0
0
LINE
8
lighting
10
360074.0
20
5470.0
30
0
11
360086.0
21
5470.0
31
0
0
LINE
8
lighting
10
360154.0
20
4930.0
30
0
11
360154.0
21
5470.0
31
0
0
LINE
8
lighting
10
360166.0
20
4930.0
30
0
11
360166.0
21
5470.0
31
0
0
LINE
8
lighting
10
360154.0
20
4930.0
30
0
11
360166.0
21
4930.0
31
0
0
LINE
8
lighting
10
360154.0
20
5470.0
30
0
11
360166.0
21
5470.0
31
0
0
LINE
8
lighting
10
360234.0
20
4930.0
30
0
11
360234.0
21
5470.0
31
0
0
LINE
8
lighting
10
360246.0
20
4930.0
30
0
11
360246.0
21
5470.0
31
0
0
LINE
8
lighting
10
360234.0
20
4930.0
30
0
11
360246.0
21
4930.0
31
0
0
LINE
8
lighting
10
360234.0
20
5470.0
30
0
11
360246.0
21
5470.0
31
0
0
LINE
8
lighting
10
360009.0
20
5200.0
30
0
11
359995.5
21
5207.79
31
0
0
LINE
8
lighting
10
359995.5
20
5207.79
30
0
11
359995.5
21
5192.21
31
0
0
LINE
8
lighting
10
359995.5
20
5192.21
30
0
11
360009.0
21
5200.0
31
0
0
LINE
8
lighting
10
348880.0
20
18480.0
30
0
11
348880.0
21
19120.0
31
0
0
LINE
8
lighting
10
349520.0
20
18480.0
30
0
11
349520.0
21
19120.0
31
0
0
LINE
8
lighting
10
348880.0
20
18480.0
30
0
11
349520.0
21
18480.0
31
0
0
LINE
8
lighting
10
348880.0
20
19120.0
30
0
11
349520.0
21
19120.0
31
0
0
LINE
8
lighting
10
348920.0
20
18520.0
30
0
11
348920.0
21
19080.0
31
0
0
LINE
8
lighting
10
349480.0
20
18520.0
30
0
11
349480.0
21
19080.0
31
0
0
LINE
8
lighting
10
348920.0
20
18520.0
30
0
11
349480.0
21
18520.0
31
0
0
LINE
8
lighting
10
348920.0
20
19080.0
30
0
11
349480.0
21
19080.0
31
0
0
LINE
8
lighting
10
348954.0
20
18530.0
30
0
11
348954.0
21
19070.0
31
0
0
LINE
8
lighting
10
348966.0
20
18530.0
30
0
11
348966.0
21
19070.0
31
0
0
LINE
8
lighting
10
348954.0
20
18530.0
30
0
11
348966.0
21
18530.0
31
0
0
LINE
8
lighting
10
348954.0
20
19070.0
30
0
11
348966.0
21
19070.0
31
0
0
LINE
8
lighting
10
349034.0
20
18530.0
30
0
11
349034.0
21
19070.0
31
0
0
LINE
8
lighting
10
349046.0
20
18530.0
30
0
11
349046.0
21
19070.0
31
0
0
LINE
8
lighting
10
349034.0
20
18530.0
30
0
11
349046.0
21
18530.0
31
0
0
LINE
8
lighting
10
349034.0
20
19070.0
30
0
11
349046.0
21
19070.0
31
0
0
LINE
8
lighting
10
349114.0
20
18530.0
30
0
11
349114.0
21
19070.0
31
0
0
LINE
8
lighting
10
349126.0
20
18530.0
30
0
11
349126.0
21
19070.0
31
0
0
LINE
8
lighting
10
349114.0
20
18530.0
30
0
11
349126.0
21
18530.0
31
0
0
LINE
8
lighting
10
349114.0
20
19070.0
30
0
11
349126.0
21
19070.0
31
0
0
LINE
8
lighting
10
349194.0
20
18530.0
30
0
11
349194.0
21
19070.0
31
0
0
LINE
8
lighting
10
349206.0
20
18530.0
30
0
11
349206.0
21
19070.0
31
0
0
LINE
8
lighting
10
349194.0
20
18530.0
30
0
11
349206.0
21
18530.0
31
0
0
LINE
8
lighting
10
349194.0
20
19070.0
30
0
11
349206.0
21
19070.0
31
0
0
LINE
8
lighting
10
349274.0
20
18530.0
30
0
11
349274.0
21
19070.0
31
0
0
LINE
8
lighting
10
349286.0
20
18530.0
30
0
11
349286.0
21
19070.0
31
0
0
LINE
8
lighting
10
349274.0
20
18530.0
30
0
11
349286.0
21
18530.0
31
0
0
LINE
8
lighting
10
349274.0
20
19070.0
30
0
11
349286.0
21
19070.0
31
0
0
LINE
8
lighting
10
349354.0
20
18530.0
30
0
11
349354.0
21
19070.0
31
0
0
LINE
8
lighting
10
349366.0
20
18530.0
30
0
11
349366.0
21
19070.0
31
0
0
LINE
8
lighting
10
349354.0
20
18530.0
30
0
11
349366.0
21
18530.0
31
0
0
LINE
8
lighting
10
349354.0
20
19070.0
30
0
11
349366.0
21
19070.0
31
0
0
LINE
8
lighting
10
349434.0
20
18530.0
30
0
11
349434.0
21
19070.0
31
0
0
LINE
8
lighting
10
349446.0
20
18530.0
30
0
11
349446.0
21
19070.0
31
0
0
LINE
8
lighting
10
349434.0
20
18530.0
30
0
11
349446.0
21
18530.0
31
0
0
LINE
8
lighting
10
349434.0
20
19070.0
30
0
11
349446.0
21
19070.0
31
0
0
LINE
8
lighting
10
349209.0
20
18800.0
30
0
11
349195.5
21
18807.79
31
0
0
LINE
8
lighting
10
349195.5
20
18807.79
30
0
11
349195.5
21
18792.21
31
0
0
LINE
8
lighting
10
349195.5
20
18792.21
30
0
11
349209.0
21
18800.0
31
0
0
LINE
8
lighting
10
370480.0
20
18480.0
30
0
11
370480.0
21
19120.0
31
0
0
LINE
8
lighting
10
371120.0
20
18480.0
30
0
11
371120.0
21
19120.0
31
0
0
LINE
8
lighting
10
370480.0
20
18480.0
30
0
11
371120.0
21
18480.0
31
0
0
LINE
8
lighting
10
370480.0
20
19120.0
30
0
11
371120.0
21
19120.0
31
0
0
LINE
8
lighting
10
370520.0
20
18520.0
30
0
11
370520.0
21
19080.0
31
0
0
LINE
8
lighting
10
371080.0
20
18520.0
30
0
11
371080.0
21
19080.0
31
0
0
LINE
8
lighting
10
370520.0
20
18520.0
30
0
11
371080.0
21
18520.0
31
0
0
LINE
8
lighting
10
370520.0
20
19080.0
30
0
11
371080.0
21
19080.0
31
0
0
LINE
8
lighting
10
370554.0
20
18530.0
30
0
11
370554.0
21
19070.0
31
0
0
LINE
8
lighting
10
370566.0
20
18530.0
30
0
11
370566.0
21
19070.0
31
0
0
LINE
8
lighting
10
370554.0
20
18530.0
30
0
11
370566.0
21
18530.0
31
0
0
LINE
8
lighting
10
370554.0
20
19070.0
30
0
11
370566.0
21
19070.0
31
0
0
LINE
8
lighting
10
370634.0
20
18530.0
30
0
11
370634.0
21
19070.0
31
0
0
LINE
8
lighting
10
370646.0
20
18530.0
30
0
11
370646.0
21
19070.0
31
0
0
LINE
8
lighting
10
370634.0
20
18530.0
30
0
11
370646.0
21
18530.0
31
0
0
LINE
8
lighting
10
370634.0
20
19070.0
30
0
11
370646.0
21
19070.0
31
0
0
LINE
8
lighting
10
370714.0
20
18530.0
30
0
11
370714.0
21
19070.0
31
0
0
LINE
8
lighting
10
370726.0
20
18530.0
30
0
11
370726.0
21
19070.0
31
0
0
LINE
8
lighting
10
370714.0
20
18530.0
30
0
11
370726.0
21
18530.0
31
0
0
LINE
8
lighting
10
370714.0
20
19070.0
30
0
11
370726.0
21
19070.0
31
0
0
LINE
8
lighting
10
370794.0
20
18530.0
30
0
11
370794.0
21
19070.0
31
0
0
LINE
8
lighting
10
370806.0
20
18530.0
30
0
11
370806.0
21
19070.0
31
0
0
LINE
8
lighting
10
370794.0
20
18530.0
30
0
11
370806.0
21
18530.0
31
0
0
LINE
8
lighting
10
370794.0
20
19070.0
30
0
11
370806.0
21
19070.0
31
0
0
LINE
8
lighting
10
370874.0
20
18530.0
30
0
11
370874.0
21
19070.0
31
0
0
LINE
8
lighting
10
370886.0
20
18530.0
30
0
11
370886.0
21
19070.0
31
0
0
LINE
8
lighting
10
370874.0
20
18530.0
30
0
11
370886.0
21
18530.0
31
0
0
LINE
8
lighting
10
370874.0
20
19070.0
30
0
11
370886.0
21
19070.0
31
0
0
LINE
8
lighting
10
370954.0
20
18530.0
30
0
11
370954.0
21
19070.0
31
0
0
LINE
8
lighting
10
370966.0
20
18530.0
30
0
11
370966.0
21
19070.0
31
0
0
LINE
8
lighting
10
370954.0
20
18530.0
30
0
11
370966.0
21
18530.0
31
0
0
LINE
8
lighting
10
370954.0
20
19070.0
30
0
11
370966.0
21
19070.0
31
0
0
LINE
8
lighting
10
371034.0
20
18530.0
30
0
11
371034.0
21
19070.0
31
0
0
LINE
8
lighting
10
371046.0
20
18530.0
30
0
11
371046.0
21
19070.0
31
0
0
LINE
8
lighting
10
371034.0
20
18530.0
30
0
11
371046.0
21
18530.0
31
0
0
LINE
8
lighting
10
371034.0
20
19070.0
30
0
11
371046.0
21
19070.0
31
0
0
LINE
8
lighting
10
370809.0
20
18800.0
30
0
11
370795.5
21
18807.79
31
0
0
LINE
8
lighting
10
370795.5
20
18807.79
30
0
11
370795.5
21
18792.21
31
0
0
LINE
8
lighting
10
370795.5
20
18792.21
30
0
11
370809.0
21
18800.0
31
0
0
LINE
8
lighting
10
359680.0
20
18480.0
30
0
11
359680.0
21
19120.0
31
0
0
LINE
8
lighting
10
360320.0
20
18480.0
30
0
11
360320.0
21
19120.0
31
0
0
LINE
8
lighting
10
359680.0
20
18480.0
30
0
11
360320.0
21
18480.0
31
0
0
LINE
8
lighting
10
359680.0
20
19120.0
30
0
11
360320.0
21
19120.0
31
0
0
LINE
8
lighting
10
359720.0
20
18520.0
30
0
11
359720.0
21
19080.0
31
0
0
LINE
8
lighting
10
360280.0
20
18520.0
30
0
11
360280.0
21
19080.0
31
0
0
LINE
8
lighting
10
359720.0
20
18520.0
30
0
11
360280.0
21
18520.0
31
0
0
LINE
8
lighting
10
359720.0
20
19080.0
30
0
11
360280.0
21
19080.0
31
0
0
LINE
8
lighting
10
359754.0
20
18530.0
30
0
11
359754.0
21
19070.0
31
0
0
LINE
8
lighting
10
359766.0
20
18530.0
30
0
11
359766.0
21
19070.0
31
0
0
LINE
8
lighting
10
359754.0
20
18530.0
30
0
11
359766.0
21
18530.0
31
0
0
LINE
8
lighting
10
359754.0
20
19070.0
30
0
11
359766.0
21
19070.0
31
0
0
LINE
8
lighting
10
359834.0
20
18530.0
30
0
11
359834.0
21
19070.0
31
0
0
LINE
8
lighting
10
359846.0
20
18530.0
30
0
11
359846.0
21
19070.0
31
0
0
LINE
8
lighting
10
359834.0
20
18530.0
30
0
11
359846.0
21
18530.0
31
0
0
LINE
8
lighting
10
359834.0
20
19070.0
30
0
11
359846.0
21
19070.0
31
0
0
LINE
8
lighting
10
359914.0
20
18530.0
30
0
11
359914.0
21
19070.0
31
0
0
LINE
8
lighting
10
359926.0
20
18530.0
30
0
11
359926.0
21
19070.0
31
0
0
LINE
8
lighting
10
359914.0
20
18530.0
30
0
11
359926.0
21
18530.0
31
0
0
LINE
8
lighting
10
359914.0
20
19070.0
30
0
11
359926.0
21
19070.0
31
0
0
LINE
8
lighting
10
359994.0
20
18530.0
30
0
11
359994.0
21
19070.0
31
0
0
LINE
8
lighting
10
360006.0
20
18530.0
30
0
11
360006.0
21
19070.0
31
0
0
LINE
8
lighting
10
359994.0
20
18530.0
30
0
11
360006.0
21
18530.0
31
0
0
LINE
8
lighting
10
359994.0
20
19070.0
30
0
11
360006.0
21
19070.0
31
0
0
LINE
8
lighting
10
360074.0
20
18530.0
30
0
11
360074.0
21
19070.0
31
0
0
LINE
8
lighting
10
360086.0
20
18530.0
30
0
11
360086.0
21
19070.0
31
0
0
LINE
8
lighting
10
360074.0
20
18530.0
30
0
11
360086.0
21
18530.0
31
0
0
LINE
8
lighting
10
360074.0
20
19070.0
30
0
11
360086.0
21
19070.0
31
0
0
LINE
8
lighting
10
360154.0
20
18530.0
30
0
11
360154.0
21
19070.0
31
0
0
LINE
8
lighting
10
360166.0
20
18530.0
30
0
11
360166.0
21
19070.0
31
0
0
LINE
8
lighting
10
360154.0
20
18530.0
30
0
11
360166.0
21
18530.0
31
0
0
LINE
8
lighting
10
360154.0
20
19070.0
30
0
11
360166.0
21
19070.0
31
0
0
LINE
8
lighting
10
360234.0
20
18530.0
30
0
11
360234.0
21
19070.0
31
0
0
LINE
8
lighting
10
360246.0
20
18530.0
30
0
11
360246.0
21
19070.0
31
0
0
LINE
8
lighting
10
360234.0
20
18530.0
30
0
11
360246.0
21
18530.0
31
0
0
LINE
8
lighting
10
360234.0
20
19070.0
30
0
11
360246.0
21
19070.0
31
0
0
LINE
8
lighting
10
360009.0
20
18800.0
30
0
11
359995.5
21
18807.79
31
0
0
LINE
8
lighting
10
359995.5
20
18807.79
30
0
11
359995.5
21
18792.21
31
0
0
LINE
8
lighting
10
359995.5
20
18792.21
30
0
11
360009.0
21
18800.0
31
0
0
LINE
8
electrical
10
349200.0
20
4880.0
30
0
11
349200.0
21
4872.21
31
0
0
LINE
8
electrical
10
349200.0
20
4872.21
30
0
11
349200.0
21
4887.79
31
0
0
LINE
8
electrical
10
349200.0
20
4887.79
30
0
11
349200.0
21
4880.0
31
0
0
LINE
8
electrical
10
374550.0
20
4880.0
30
0
11
349200.0
21
4880.0
31
0
0
LINE
8
electrical
10
374550.0
20
4880.0
30
0
11
374550.0
21
4872.21
31
0
0
LINE
8
electrical
10
374550.0
20
4872.21
30
0
11
374550.0
21
4887.79
31
0
0
LINE
8
electrical
10
374550.0
20
4887.79
30
0
11
374550.0
21
4880.0
31
0
0
LINE
8
electrical
10
349200.0
20
18800.0
30
0
11
349207.79
21
18800.0
31
0
0
LINE
8
electrical
10
349207.79
20
18800.0
30
0
11
349192.21
21
18800.0
31
0
0
LINE
8
electrical
10
349192.21
20
18800.0
30
0
11
349200.0
21
18800.0
31
0
0
LINE
8
electrical
10
349200.0
20
4880.0
30
0
11
349200.0
21
18800.0
31
0
0
LINE
8
electrical
10
349200.0
20
4880.0
30
0
11
349207.79
21
4880.0
31
0
0
LINE
8
electrical
10
349207.79
20
4880.0
30
0
11
349192.21
21
4880.0
31
0
0
LINE
8
electrical
10
349192.21
20
4880.0
30
0
11
349200.0
21
4880.0
31
0
0
LINE
8
electrical
10
370800.0
20
18800.0
30
0
11
370807.79
21
18800.0
31
0
0
LINE
8
electrical
10
370807.79
20
18800.0
30
0
11
370792.21
21
18800.0
31
0
0
LINE
8
electrical
10
370792.21
20
18800.0
30
0
11
370800.0
21
18800.0
31
0
0
LINE
8
electrical
10
370800.0
20
4880.0
30
0
11
370800.0
21
18800.0
31
0
0
LINE
8
electrical
10
370800.0
20
4880.0
30
0
11
370807.79
21
4880.0
31
0
0
LINE
8
electrical
10
370807.79
20
4880.0
30
0
11
370792.21
21
4880.0
31
0
0
LINE
8
electrical
10
370792.21
20
4880.0
30
0
11
370800.0
21
4880.0
31
0
0
LINE
8
electrical
10
360000.0
20
18800.0
30
0
11
360007.79
21
18800.0
31
0
0
LINE
8
electrical
10
360007.79
20
18800.0
30
0
11
359992.21
21
18800.0
31
0
0
LINE
8
electrical
10
359992.21
20
18800.0
30
0
11
360000.0
21
18800.0
31
0
0
LINE
8
electrical
10
360000.0
20
4880.0
30
0
11
360000.0
21
18800.0
31
0
0
LINE
8
electrical
10
360000.0
20
4880.0
30
0
11
360007.79
21
4880.0
31
0
0
LINE
8
electrical
10
360007.79
20
4880.0
30
0
11
359992.21
21
4880.0
31
0
0
LINE
8
electrical
10
359992.21
20
4880.0
30
0
11
360000.0
21
4880.0
31
0
0
LINE
8
electrical
10
374563.0
20
2200.0
30
0
11
374543.5
21
2211.26
31
0
0
LINE
8
electrical
10
374543.5
20
2211.26
30
0
11
374543.5
21
2188.74
31
0
0
LINE
8
electrical
10
374543.5
20
2188.74
30
0
11
374563.0
21
2200.0
31
0
0
LINE
8
electrical
10
370492.83
20
4869.16
30
0
11
370503.59
21
4885.42
31
0
0
LINE
8
electrical
10
370503.59
20
4885.42
30
0
11
370503.59
21
4885.42
31
0
0
LINE
8
electrical
10
370503.59
20
4885.42
30
0
11
370492.83
21
4869.16
31
0
0
LINE
8
electrical
10
374542.83
20
2189.16
30
0
11
370492.83
21
4869.16
31
0
0
LINE
8
electrical
10
374542.83
20
2189.16
30
0
11
374553.59
21
2205.42
31
0
0
LINE
8
electrical
10
374553.59
20
2205.42
30
0
11
374553.59
21
2205.42
31
0
0
LINE
8
electrical
10
374553.59
20
2205.42
30
0
11
374542.83
21
2189.16
31
0
0
LINE
8
electrical
10
349500.0
20
4880.0
30
0
11
349500.0
21
4868.74
31
0
0
LINE
8
electrical
10
349500.0
20
4868.74
30
0
11
349500.0
21
4891.26
31
0
0
LINE
8
electrical
10
349500.0
20
4891.26
30
0
11
349500.0
21
4880.0
31
0
0
LINE
8
electrical
10
370500.0
20
4880.0
30
0
11
349500.0
21
4880.0
31
0
0
LINE
8
electrical
10
370500.0
20
4880.0
30
0
11
370500.0
21
4868.74
31
0
0
LINE
8
electrical
10
370500.0
20
4868.74
30
0
11
370500.0
21
4891.26
31
0
0
LINE
8
electrical
10
370500.0
20
4891.26
30
0
11
370500.0
21
4880.0
31
0
0
LINE
8
electrical
10
374550.0
20
2200.0
30
0
11
374564.04
21
2200.0
31
0
0
LINE
8
electrical
10
374564.04
20
2200.0
30
0
11
374550.0
21
2200.0
31
0
0
LINE
8
electrical
10
370500.0
20
4880.0
30
0
11
370514.04
21
4880.0
31
0
0
LINE
8
electrical
10
370514.04
20
4880.0
30
0
11
370500.0
21
4880.0
31
0
0
LINE
8
electrical
10
374563.0
20
2200.0
30
0
11
374543.5
21
2211.26
31
0
0
LINE
8
electrical
10
374543.5
20
2211.26
30
0
11
374543.5
21
2188.74
31
0
0
LINE
8
electrical
10
374543.5
20
2188.74
30
0
11
374563.0
21
2200.0
31
0
0
LINE
8
electrical
10
370492.61
20
4989.31
30
0
11
370503.7
21
5005.35
31
0
0
LINE
8
electrical
10
370503.7
20
5005.35
30
0
11
370503.7
21
5005.35
31
0
0
LINE
8
electrical
10
370503.7
20
5005.35
30
0
11
370492.61
21
4989.31
31
0
0
LINE
8
electrical
10
374542.61
20
2189.31
30
0
11
370492.61
21
4989.31
31
0
0
LINE
8
electrical
10
374542.61
20
2189.31
30
0
11
374553.7
21
2205.35
31
0
0
LINE
8
electrical
10
374553.7
20
2205.35
30
0
11
374553.7
21
2205.35
31
0
0
LINE
8
electrical
10
374553.7
20
2205.35
30
0
11
374542.61
21
2189.31
31
0
0
LINE
8
electrical
10
349500.0
20
5000.0
30
0
11
349500.0
21
4988.74
31
0
0
LINE
8
electrical
10
349500.0
20
4988.74
30
0
11
349500.0
21
5011.26
31
0
0
LINE
8
electrical
10
349500.0
20
5011.26
30
0
11
349500.0
21
5000.0
31
0
0
LINE
8
electrical
10
370500.0
20
5000.0
30
0
11
349500.0
21
5000.0
31
0
0
LINE
8
electrical
10
370500.0
20
5000.0
30
0
11
370500.0
21
4988.74
31
0
0
LINE
8
electrical
10
370500.0
20
4988.74
30
0
11
370500.0
21
5011.26
31
0
0
LINE
8
electrical
10
370500.0
20
5011.26
30
0
11
370500.0
21
5000.0
31
0
0
LINE
8
electrical
10
374550.0
20
2200.0
30
0
11
374564.04
21
2200.0
31
0
0
LINE
8
electrical
10
374564.04
20
2200.0
30
0
11
374550.0
21
2200.0
31
0
0
LINE
8
electrical
10
370500.0
20
5000.0
30
0
11
370514.04
21
5000.0
31
0
0
LINE
8
electrical
10
370514.04
20
5000.0
30
0
11
370500.0
21
5000.0
31
0
0
LINE
8
electrical
10
374563.0
20
2200.0
30
0
11
374543.5
21
2211.26
31
0
0
LINE
8
electrical
10
374543.5
20
2211.26
30
0
11
374543.5
21
2188.74
31
0
0
LINE
8
electrical
10
374543.5
20
2188.74
30
0
11
374563.0
21
2200.0
31
0
0
LINE
8
electrical
10
370492.4
20
5109.45
30
0
11
370503.8
21
5125.27
31
0
0
LINE
8
electrical
10
370503.8
20
5125.27
30
0
11
370503.8
21
5125.27
31
0
0
LINE
8
electrical
10
370503.8
20
5125.27
30
0
11
370492.4
21
5109.45
31
0
0
LINE
8
electrical
10
374542.4
20
2189.45
30
0
11
370492.4
21
5109.45
31
0
0
LINE
8
electrical
10
374542.4
20
2189.45
30
0
11
374553.8
21
2205.27
31
0
0
LINE
8
electrical
10
374553.8
20
2205.27
30
0
11
374553.8
21
2205.27
31
0
0
LINE
8
electrical
10
374553.8
20
2205.27
30
0
11
374542.4
21
2189.45
31
0
0
LINE
8
electrical
10
349500.0
20
5120.0
30
0
11
349500.0
21
5108.74
31
0
0
LINE
8
electrical
10
349500.0
20
5108.74
30
0
11
349500.0
21
5131.26
31
0
0
LINE
8
electrical
10
349500.0
20
5131.26
30
0
11
349500.0
21
5120.0
31
0
0
LINE
8
electrical
10
370500.0
20
5120.0
30
0
11
349500.0
21
5120.0
31
0
0
LINE
8
electrical
10
370500.0
20
5120.0
30
0
11
370500.0
21
5108.74
31
0
0
LINE
8
electrical
10
370500.0
20
5108.74
30
0
11
370500.0
21
5131.26
31
0
0
LINE
8
electrical
10
370500.0
20
5131.26
30
0
11
370500.0
21
5120.0
31
0
0
LINE
8
electrical
10
374550.0
20
2200.0
30
0
11
374564.04
21
2200.0
31
0
0
LINE
8
electrical
10
374564.04
20
2200.0
30
0
11
374550.0
21
2200.0
31
0
0
LINE
8
electrical
10
370500.0
20
5120.0
30
0
11
370514.04
21
5120.0
31
0
0
LINE
8
electrical
10
370514.04
20
5120.0
30
0
11
370500.0
21
5120.0
31
0
0
LINE
8
electrical
10
350935.0
20
2150.0
30
0
11
350935.0
21
2210.0
31
0
0
LINE
8
electrical
10
351065.0
20
2150.0
30
0
11
351065.0
21
2210.0
31
0
0
LINE
8
electrical
10
350935.0
20
2150.0
30
0
11
351065.0
21
2150.0
31
0
0
LINE
8
electrical
10
350935.0
20
2210.0
30
0
11
351065.0
21
2210.0
31
0
0
LINE
8
electrical
10
351009.0
20
2180.0
30
0
11
350995.5
21
2187.79
31
0
0
LINE
8
electrical
10
350995.5
20
2187.79
30
0
11
350995.5
21
2172.21
31
0
0
LINE
8
electrical
10
350995.5
20
2172.21
30
0
11
351009.0
21
2180.0
31
0
0
LINE
8
electrical
10
374550.0
20
2180.0
30
0
11
374550.0
21
2172.21
31
0
0
LINE
8
electrical
10
374550.0
20
2172.21
30
0
11
374550.0
21
2187.79
31
0
0
LINE
8
electrical
10
374550.0
20
2187.79
30
0
11
374550.0
21
2180.0
31
0
0
LINE
8
electrical
10
351000.0
20
2180.0
30
0
11
374550.0
21
2180.0
31
0
0
LINE
8
electrical
10
351000.0
20
2180.0
30
0
11
351000.0
21
2172.21
31
0
0
LINE
8
electrical
10
351000.0
20
2172.21
30
0
11
351000.0
21
2187.79
31
0
0
LINE
8
electrical
10
351000.0
20
2187.79
30
0
11
351000.0
21
2180.0
31
0
0
LINE
8
electrical
10
351000.0
20
2180.0
30
0
11
351009.72
21
2180.0
31
0
0
LINE
8
electrical
10
351009.72
20
2180.0
30
0
11
351000.0
21
2180.0
31
0
0
LINE
8
electrical
10
368935.0
20
2150.0
30
0
11
368935.0
21
2210.0
31
0
0
LINE
8
electrical
10
369065.0
20
2150.0
30
0
11
369065.0
21
2210.0
31
0
0
LINE
8
electrical
10
368935.0
20
2150.0
30
0
11
369065.0
21
2150.0
31
0
0
LINE
8
electrical
10
368935.0
20
2210.0
30
0
11
369065.0
21
2210.0
31
0
0
LINE
8
electrical
10
369009.0
20
2180.0
30
0
11
368995.5
21
2187.79
31
0
0
LINE
8
electrical
10
368995.5
20
2187.79
30
0
11
368995.5
21
2172.21
31
0
0
LINE
8
electrical
10
368995.5
20
2172.21
30
0
11
369009.0
21
2180.0
31
0
0
LINE
8
electrical
10
374550.0
20
2180.0
30
0
11
374550.0
21
2172.21
31
0
0
LINE
8
electrical
10
374550.0
20
2172.21
30
0
11
374550.0
21
2187.79
31
0
0
LINE
8
electrical
10
374550.0
20
2187.79
30
0
11
374550.0
21
2180.0
31
0
0
LINE
8
electrical
10
369000.0
20
2180.0
30
0
11
374550.0
21
2180.0
31
0
0
LINE
8
electrical
10
369000.0
20
2180.0
30
0
11
369000.0
21
2172.21
31
0
0
LINE
8
electrical
10
369000.0
20
2172.21
30
0
11
369000.0
21
2187.79
31
0
0
LINE
8
electrical
10
369000.0
20
2187.79
30
0
11
369000.0
21
2180.0
31
0
0
LINE
8
electrical
10
369000.0
20
2180.0
30
0
11
369009.72
21
2180.0
31
0
0
LINE
8
electrical
10
369009.72
20
2180.0
30
0
11
369000.0
21
2180.0
31
0
0
LINE
8
hvac
10
345475.0
20
2725.0
30
0
11
345475.0
21
3475.0
31
0
0
LINE
8
hvac
10
347125.0
20
2725.0
30
0
11
347125.0
21
3475.0
31
0
0
LINE
8
hvac
10
345475.0
20
2725.0
30
0
11
347125.0
21
2725.0
31
0
0
LINE
8
hvac
10
345475.0
20
3475.0
30
0
11
347125.0
21
3475.0
31
0
0
LINE
8
hvac
10
345575.0
20
2680.0
30
0
11
345575.0
21
2720.0
31
0
0
LINE
8
hvac
10
347025.0
20
2680.0
30
0
11
347025.0
21
2720.0
31
0
0
LINE
8
hvac
10
345575.0
20
2680.0
30
0
11
347025.0
21
2680.0
31
0
0
LINE
8
hvac
10
345575.0
20
2720.0
30
0
11
347025.0
21
2720.0
31
0
0
LINE
8
hvac
10
345640.0
20
2640.0
30
0
11
345640.0
21
2700.0
31
0
0
LINE
8
hvac
10
345680.0
20
2640.0
30
0
11
345680.0
21
2700.0
31
0
0
LINE
8
hvac
10
345640.0
20
2640.0
30
0
11
345680.0
21
2640.0
31
0
0
LINE
8
hvac
10
345640.0
20
2700.0
30
0
11
345680.0
21
2700.0
31
0
0
LINE
8
hvac
10
345800.0
20
2640.0
30
0
11
345800.0
21
2700.0
31
0
0
LINE
8
hvac
10
345840.0
20
2640.0
30
0
11
345840.0
21
2700.0
31
0
0
LINE
8
hvac
10
345800.0
20
2640.0
30
0
11
345840.0
21
2640.0
31
0
0
LINE
8
hvac
10
345800.0
20
2700.0
30
0
11
345840.0
21
2700.0
31
0
0
LINE
8
hvac
10
345960.0
20
2640.0
30
0
11
345960.0
21
2700.0
31
0
0
LINE
8
hvac
10
346000.0
20
2640.0
30
0
11
346000.0
21
2700.0
31
0
0
LINE
8
hvac
10
345960.0
20
2640.0
30
0
11
346000.0
21
2640.0
31
0
0
LINE
8
hvac
10
345960.0
20
2700.0
30
0
11
346000.0
21
2700.0
31
0
0
LINE
8
hvac
10
346120.0
20
2640.0
30
0
11
346120.0
21
2700.0
31
0
0
LINE
8
hvac
10
346160.0
20
2640.0
30
0
11
346160.0
21
2700.0
31
0
0
LINE
8
hvac
10
346120.0
20
2640.0
30
0
11
346160.0
21
2640.0
31
0
0
LINE
8
hvac
10
346120.0
20
2700.0
30
0
11
346160.0
21
2700.0
31
0
0
LINE
8
hvac
10
346280.0
20
2640.0
30
0
11
346280.0
21
2700.0
31
0
0
LINE
8
hvac
10
346320.0
20
2640.0
30
0
11
346320.0
21
2700.0
31
0
0
LINE
8
hvac
10
346280.0
20
2640.0
30
0
11
346320.0
21
2640.0
31
0
0
LINE
8
hvac
10
346280.0
20
2700.0
30
0
11
346320.0
21
2700.0
31
0
0
LINE
8
hvac
10
346440.0
20
2640.0
30
0
11
346440.0
21
2700.0
31
0
0
LINE
8
hvac
10
346480.0
20
2640.0
30
0
11
346480.0
21
2700.0
31
0
0
LINE
8
hvac
10
346440.0
20
2640.0
30
0
11
346480.0
21
2640.0
31
0
0
LINE
8
hvac
10
346440.0
20
2700.0
30
0
11
346480.0
21
2700.0
31
0
0
LINE
8
hvac
10
346600.0
20
2640.0
30
0
11
346600.0
21
2700.0
31
0
0
LINE
8
hvac
10
346640.0
20
2640.0
30
0
11
346640.0
21
2700.0
31
0
0
LINE
8
hvac
10
346600.0
20
2640.0
30
0
11
346640.0
21
2640.0
31
0
0
LINE
8
hvac
10
346600.0
20
2700.0
30
0
11
346640.0
21
2700.0
31
0
0
LINE
8
hvac
10
346760.0
20
2640.0
30
0
11
346760.0
21
2700.0
31
0
0
LINE
8
hvac
10
346800.0
20
2640.0
30
0
11
346800.0
21
2700.0
31
0
0
LINE
8
hvac
10
346760.0
20
2640.0
30
0
11
346800.0
21
2640.0
31
0
0
LINE
8
hvac
10
346760.0
20
2700.0
30
0
11
346800.0
21
2700.0
31
0
0
LINE
8
hvac
10
346920.0
20
2640.0
30
0
11
346920.0
21
2700.0
31
0
0
LINE
8
hvac
10
346960.0
20
2640.0
30
0
11
346960.0
21
2700.0
31
0
0
LINE
8
hvac
10
346920.0
20
2640.0
30
0
11
346960.0
21
2640.0
31
0
0
LINE
8
hvac
10
346920.0
20
2700.0
30
0
11
346960.0
21
2700.0
31
0
0
LINE
8
hvac
10
346075.0
20
2875.0
30
0
11
346075.0
21
3325.0
31
0
0
LINE
8
hvac
10
346525.0
20
2875.0
30
0
11
346525.0
21
3325.0
31
0
0
LINE
8
hvac
10
346075.0
20
2875.0
30
0
11
346525.0
21
2875.0
31
0
0
LINE
8
hvac
10
346075.0
20
3325.0
30
0
11
346525.0
21
3325.0
31
0
0
LINE
8
hvac
10
349500.0
20
11825.0
30
0
11
349500.0
21
12175.0
31
0
0
LINE
8
hvac
10
370500.0
20
11825.0
30
0
11
370500.0
21
12175.0
31
0
0
LINE
8
hvac
10
349500.0
20
11825.0
30
0
11
370500.0
21
11825.0
31
0
0
LINE
8
hvac
10
349500.0
20
12175.0
30
0
11
370500.0
21
12175.0
31
0
0
LINE
8
hvac
10
346125.0
20
2925.0
30
0
11
346125.0
21
3275.0
31
0
0
LINE
8
hvac
10
360175.0
20
2925.0
30
0
11
360175.0
21
3275.0
31
0
0
LINE
8
hvac
10
346125.0
20
2925.0
30
0
11
360175.0
21
2925.0
31
0
0
LINE
8
hvac
10
346125.0
20
3275.0
30
0
11
360175.0
21
3275.0
31
0
0
LINE
8
hvac
10
359825.0
20
2925.0
30
0
11
359825.0
21
12175.0
31
0
0
LINE
8
hvac
10
360175.0
20
2925.0
30
0
11
360175.0
21
12175.0
31
0
0
LINE
8
hvac
10
359825.0
20
2925.0
30
0
11
360175.0
21
2925.0
31
0
0
LINE
8
hvac
10
359825.0
20
12175.0
30
0
11
360175.0
21
12175.0
31
0
0
LINE
8
hvac
10
353650.0
20
11650.0
30
0
11
353650.0
21
12350.0
31
0
0
LINE
8
hvac
10
354350.0
20
11650.0
30
0
11
354350.0
21
12350.0
31
0
0
LINE
8
hvac
10
353650.0
20
11650.0
30
0
11
354350.0
21
11650.0
31
0
0
LINE
8
hvac
10
353650.0
20
12350.0
30
0
11
354350.0
21
12350.0
31
0
0
LINE
8
hvac
10
365650.0
20
11650.0
30
0
11
365650.0
21
12350.0
31
0
0
LINE
8
hvac
10
366350.0
20
11650.0
30
0
11
366350.0
21
12350.0
31
0
0
LINE
8
hvac
10
365650.0
20
11650.0
30
0
11
366350.0
21
11650.0
31
0
0
LINE
8
hvac
10
365650.0
20
12350.0
30
0
11
366350.0
21
12350.0
31
0
0
LINE
8
water
10
373490.0
20
14680.0
30
0
11
373490.0
21
15320.0
31
0
0
LINE
8
water
10
374410.0
20
14680.0
30
0
11
374410.0
21
15320.0
31
0
0
LINE
8
water
10
373490.0
20
14680.0
30
0
11
374410.0
21
14680.0
31
0
0
LINE
8
water
10
373490.0
20
15320.0
30
0
11
374410.0
21
15320.0
31
0
0
LINE
8
water
10
373500.0
20
14690.0
30
0
11
373500.0
21
15310.0
31
0
0
LINE
8
water
10
373500.0
20
14690.0
30
0
11
374400.0
21
14690.0
31
0
0
LINE
8
water
10
373500.0
20
15310.0
30
0
11
374400.0
21
15310.0
31
0
0
LINE
8
water
10
374400.0
20
14690.0
30
0
11
374400.0
21
15310.0
31
0
0
LINE
8
water
10
374275.0
20
14785.0
30
0
11
373625.0
21
14785.0
31
0
0
LINE
8
water
10
374275.0
20
14785.0
30
0
11
374275.0
21
15215.0
31
0
0
LINE
8
water
10
374275.0
20
15215.0
30
0
11
373625.0
21
15215.0
31
0
0
LINE
8
water
10
373625.0
20
14785.0
30
0
11
373625.0
21
15215.0
31
0
0
LINE
8
water
10
373968.0
20
15220.0
30
0
11
373941.0
21
15235.59
31
0
0
LINE
8
water
10
373941.0
20
15235.59
30
0
11
373941.0
21
15204.41
31
0
0
LINE
8
water
10
373941.0
20
15204.41
30
0
11
373968.0
21
15220.0
31
0
0
LINE
8
water
10
373950.0
20
15000.0
30
0
11
373965.59
21
15000.0
31
0
0
LINE
8
water
10
373965.59
20
15000.0
30
0
11
373934.41
21
15000.0
31
0
0
LINE
8
water
10
373934.41
20
15000.0
30
0
11
373950.0
21
15000.0
31
0
0
LINE
8
water
10
373950.0
20
15220.0
30
0
11
373950.0
21
15000.0
31
0
0
LINE
8
water
10
373950.0
20
15220.0
30
0
11
373965.59
21
15220.0
31
0
0
LINE
8
water
10
373965.59
20
15220.0
30
0
11
373934.41
21
15220.0
31
0
0
LINE
8
water
10
373934.41
20
15220.0
30
0
11
373950.0
21
15220.0
31
0
0
LINE
8
water
10
373950.0
20
15220.0
30
0
11
373969.44
21
15220.0
31
0
0
LINE
8
water
10
373969.44
20
15220.0
30
0
11
373950.0
21
15220.0
31
0
0
LINE
8
water
10
373895.0
20
15000.0
30
0
11
373950.0
21
15055.0
31
0
0
LINE
8
water
10
373950.0
20
15055.0
30
0
11
374005.0
21
15000.0
31
0
0
LINE
8
water
10
374005.0
20
15000.0
30
0
11
373950.0
21
14945.0
31
0
0
LINE
8
water
10
373950.0
20
14945.0
30
0
11
373895.0
21
15000.0
31
0
0
LINE
8
water
10
373950.0
20
13800.0
30
0
11
374005.0
21
13800.0
31
0
0
LINE
8
water
10
374005.0
20
13800.0
30
0
11
373950.0
21
13800.0
31
0
0
LINE
8
water
10
373950.0
20
13800.0
30
0
11
373895.0
21
13800.0
31
0
0
LINE
8
water
10
373895.0
20
13800.0
30
0
11
373950.0
21
13800.0
31
0
0
LINE
8
water
10
373950.0
20
15000.0
30
0
11
373950.0
21
13800.0
31
0
0
LINE
8
water
10
373950.0
20
15000.0
30
0
11
374005.0
21
15000.0
31
0
0
LINE
8
water
10
374005.0
20
15000.0
30
0
11
373950.0
21
15000.0
31
0
0
LINE
8
water
10
373950.0
20
15000.0
30
0
11
373895.0
21
15000.0
31
0
0
LINE
8
water
10
373895.0
20
15000.0
30
0
11
373950.0
21
15000.0
31
0
0
LINE
8
water
10
373895.0
20
13800.0
30
0
11
373950.0
21
13855.0
31
0
0
LINE
8
water
10
373950.0
20
13855.0
30
0
11
374005.0
21
13800.0
31
0
0
LINE
8
water
10
374005.0
20
13800.0
30
0
11
373950.0
21
13745.0
31
0
0
LINE
8
water
10
373950.0
20
13745.0
30
0
11
373895.0
21
13800.0
31
0
0
LINE
8
water
10
373950.0
20
-58000.0
30
0
11
374005.0
21
-58000.0
31
0
0
LINE
8
water
10
374005.0
20
-58000.0
30
0
11
373950.0
21
-58000.0
31
0
0
LINE
8
water
10
373950.0
20
-58000.0
30
0
11
373895.0
21
-58000.0
31
0
0
LINE
8
water
10
373895.0
20
-58000.0
30
0
11
373950.0
21
-58000.0
31
0
0
LINE
8
water
10
373950.0
20
13800.0
30
0
11
373950.0
21
-58000.0
31
0
0
LINE
8
water
10
305000.0
20
-58000.0
30
0
11
305000.0
21
-58055.0
31
0
0
LINE
8
water
10
305000.0
20
-58055.0
30
0
11
305000.0
21
-58000.0
31
0
0
LINE
8
water
10
305000.0
20
-58000.0
30
0
11
305000.0
21
-57945.0
31
0
0
LINE
8
water
10
305000.0
20
-57945.0
30
0
11
305000.0
21
-58000.0
31
0
0
LINE
8
water
10
373950.0
20
-58000.0
30
0
11
305000.0
21
-58000.0
31
0
0
LINE
8
water
10
373950.0
20
-58000.0
30
0
11
373950.0
21
-58055.0
31
0
0
LINE
8
water
10
373950.0
20
-58055.0
30
0
11
373950.0
21
-58000.0
31
0
0
LINE
8
water
10
373950.0
20
-58000.0
30
0
11
373950.0
21
-57945.0
31
0
0
LINE
8
water
10
373950.0
20
-57945.0
30
0
11
373950.0
21
-58000.0
31
0
0
LINE
8
water
10
373950.0
20
15000.0
30
0
11
374009.4
21
15000.0
31
0
0
LINE
8
water
10
374009.4
20
15000.0
30
0
11
373950.0
21
15000.0
31
0
0
LINE
8
water
10
373950.0
20
13800.0
30
0
11
374009.4
21
13800.0
31
0
0
LINE
8
water
10
374009.4
20
13800.0
30
0
11
373950.0
21
13800.0
31
0
0
LINE
8
water
10
373950.0
20
-58000.0
30
0
11
374009.4
21
-58000.0
31
0
0
LINE
8
water
10
374009.4
20
-58000.0
30
0
11
373950.0
21
-58000.0
31
0
0
LINE
8
water
10
374270.0
20
13750.0
30
0
11
374176.27
21
13976.27
31
0
0
LINE
8
water
10
374176.27
20
13976.27
30
0
11
373950.0
21
14070.0
31
0
0
LINE
8
water
10
373950.0
20
14070.0
30
0
11
373723.73
21
13976.27
31
0
0
LINE
8
water
10
373723.73
20
13976.27
30
0
11
373630.0
21
13750.0
31
0
0
LINE
8
water
10
373630.0
20
13750.0
30
0
11
373723.73
21
13523.73
31
0
0
LINE
8
water
10
373723.73
20
13523.73
30
0
11
373950.0
21
13430.0
31
0
0
LINE
8
water
10
373950.0
20
13430.0
30
0
11
374176.27
21
13523.73
31
0
0
LINE
8
water
10
374176.27
20
13523.73
30
0
11
374270.0
21
13750.0
31
0
0
LINE
8
water
10
373760.0
20
13625.0
30
0
11
373760.0
21
13875.0
31
0
0
LINE
8
water
10
374140.0
20
13625.0
30
0
11
374140.0
21
13875.0
31
0
0
LINE
8
water
10
373760.0
20
13625.0
30
0
11
374140.0
21
13625.0
31
0
0
LINE
8
water
10
373760.0
20
13875.0
30
0
11
374140.0
21
13875.0
31
0
0
LINE
8
water
10
365155.0
20
2400.0
30
0
11
365155.0
21
2325.0
31
0
0
LINE
8
water
10
365155.0
20
2325.0
30
0
11
365155.0
21
2400.0
31
0
0
LINE
8
water
10
365155.0
20
2400.0
30
0
11
365155.0
21
2475.0
31
0
0
LINE
8
water
10
365155.0
20
2475.0
30
0
11
365155.0
21
2400.0
31
0
0
LINE
8
water
10
364755.0
20
2400.0
30
0
11
365155.0
21
2400.0
31
0
0
LINE
8
water
10
364755.0
20
2400.0
30
0
11
364755.0
21
2325.0
31
0
0
LINE
8
water
10
364755.0
20
2325.0
30
0
11
364755.0
21
2400.0
31
0
0
LINE
8
water
10
364755.0
20
2400.0
30
0
11
364755.0
21
2475.0
31
0
0
LINE
8
water
10
364755.0
20
2475.0
30
0
11
364755.0
21
2400.0
31
0
0
LINE
8
water
10
365045.0
20
2400.0
30
0
11
364982.81
21
2485.6
31
0
0
LINE
8
water
10
364982.81
20
2485.6
30
0
11
364882.19
21
2452.9
31
0
0
LINE
8
water
10
364882.19
20
2452.9
30
0
11
364882.19
21
2347.1
31
0
0
LINE
8
water
10
364882.19
20
2347.1
30
0
11
364982.81
21
2314.4
31
0
0
LINE
8
water
10
364982.81
20
2314.4
30
0
11
365045.0
21
2400.0
31
0
0
LINE
8
water
10
364765.0
20
2375.0
30
0
11
364765.0
21
2425.0
31
0
0
LINE
8
water
10
365145.0
20
2375.0
30
0
11
365145.0
21
2425.0
31
0
0
LINE
8
water
10
364765.0
20
2375.0
30
0
11
365145.0
21
2375.0
31
0
0
LINE
8
water
10
364765.0
20
2425.0
30
0
11
365145.0
21
2425.0
31
0
0
LINE
8
water
10
364830.0
20
2400.0
30
0
11
364830.0
21
2295.38
31
0
0
LINE
8
water
10
364830.0
20
2295.38
30
0
11
364830.0
21
2335.34
31
0
0
LINE
8
water
10
364830.0
20
2335.34
30
0
11
364830.0
21
2464.66
31
0
0
LINE
8
water
10
364830.0
20
2464.66
30
0
11
364830.0
21
2504.62
31
0
0
LINE
8
water
10
364830.0
20
2504.62
30
0
11
364830.0
21
2400.0
31
0
0
LINE
8
water
10
364805.0
20
2400.0
30
0
11
364830.0
21
2400.0
31
0
0
LINE
8
water
10
364805.0
20
2400.0
30
0
11
364805.0
21
2295.38
31
0
0
LINE
8
water
10
364805.0
20
2295.38
30
0
11
364805.0
21
2335.34
31
0
0
LINE
8
water
10
364805.0
20
2335.34
30
0
11
364805.0
21
2464.66
31
0
0
LINE
8
water
10
364805.0
20
2464.66
30
0
11
364805.0
21
2504.62
31
0
0
LINE
8
water
10
364805.0
20
2504.62
30
0
11
364805.0
21
2400.0
31
0
0
LINE
8
water
10
365130.0
20
2400.0
30
0
11
365130.0
21
2295.38
31
0
0
LINE
8
water
10
365130.0
20
2295.38
30
0
11
365130.0
21
2335.34
31
0
0
LINE
8
water
10
365130.0
20
2335.34
30
0
11
365130.0
21
2464.66
31
0
0
LINE
8
water
10
365130.0
20
2464.66
30
0
11
365130.0
21
2504.62
31
0
0
LINE
8
water
10
365130.0
20
2504.62
30
0
11
365130.0
21
2400.0
31
0
0
LINE
8
water
10
365105.0
20
2400.0
30
0
11
365130.0
21
2400.0
31
0
0
LINE
8
water
10
365105.0
20
2400.0
30
0
11
365105.0
21
2295.38
31
0
0
LINE
8
water
10
365105.0
20
2295.38
30
0
11
365105.0
21
2335.34
31
0
0
LINE
8
water
10
365105.0
20
2335.34
30
0
11
365105.0
21
2464.66
31
0
0
LINE
8
water
10
365105.0
20
2464.66
30
0
11
365105.0
21
2504.62
31
0
0
LINE
8
water
10
365105.0
20
2504.62
30
0
11
365105.0
21
2400.0
31
0
0
LINE
8
water
10
361100.0
20
2400.0
30
0
11
361130.31
21
2400.0
31
0
0
LINE
8
water
10
361130.31
20
2400.0
30
0
11
361069.69
21
2400.0
31
0
0
LINE
8
water
10
361069.69
20
2400.0
30
0
11
361100.0
21
2400.0
31
0
0
LINE
8
water
10
361100.0
20
-60500.0
30
0
11
361100.0
21
2400.0
31
0
0
LINE
8
water
10
361100.0
20
-60500.0
30
0
11
361130.31
21
-60500.0
31
0
0
LINE
8
water
10
361130.31
20
-60500.0
30
0
11
361069.69
21
-60500.0
31
0
0
LINE
8
water
10
361069.69
20
-60500.0
30
0
11
361100.0
21
-60500.0
31
0
0
LINE
8
water
10
373950.0
20
2400.0
30
0
11
373950.0
21
2369.69
31
0
0
LINE
8
water
10
373950.0
20
2369.69
30
0
11
373950.0
21
2430.31
31
0
0
LINE
8
water
10
373950.0
20
2430.31
30
0
11
373950.0
21
2400.0
31
0
0
LINE
8
water
10
361100.0
20
2400.0
30
0
11
373950.0
21
2400.0
31
0
0
LINE
8
water
10
361100.0
20
2400.0
30
0
11
361100.0
21
2369.69
31
0
0
LINE
8
water
10
361100.0
20
2369.69
30
0
11
361100.0
21
2430.31
31
0
0
LINE
8
water
10
361100.0
20
2430.31
30
0
11
361100.0
21
2400.0
31
0
0
LINE
8
water
10
373950.0
20
15230.0
30
0
11
373980.31
21
15230.0
31
0
0
LINE
8
water
10
373980.31
20
15230.0
30
0
11
373919.69
21
15230.0
31
0
0
LINE
8
water
10
373919.69
20
15230.0
30
0
11
373950.0
21
15230.0
31
0
0
LINE
8
water
10
373950.0
20
2400.0
30
0
11
373950.0
21
15230.0
31
0
0
LINE
8
water
10
373950.0
20
2400.0
30
0
11
373980.31
21
2400.0
31
0
0
LINE
8
water
10
373980.31
20
2400.0
30
0
11
373919.69
21
2400.0
31
0
0
LINE
8
water
10
373919.69
20
2400.0
30
0
11
373950.0
21
2400.0
31
0
0
LINE
8
water
10
373915.0
20
15230.0
30
0
11
373967.5
21
15260.31
31
0
0
LINE
8
water
10
373967.5
20
15260.31
30
0
11
373967.5
21
15199.69
31
0
0
LINE
8
water
10
373967.5
20
15199.69
30
0
11
373915.0
21
15230.0
31
0
0
LINE
8
water
10
361100.0
20
2400.0
30
0
11
361137.8
21
2400.0
31
0
0
LINE
8
water
10
361137.8
20
2400.0
30
0
11
361100.0
21
2400.0
31
0
0
LINE
8
water
10
373950.0
20
2400.0
30
0
11
373987.8
21
2400.0
31
0
0
LINE
8
water
10
373987.8
20
2400.0
30
0
11
373950.0
21
2400.0
31
0
0
LINE
8
water
10
373950.0
20
15230.0
30
0
11
373987.8
21
15230.0
31
0
0
LINE
8
water
10
373987.8
20
15230.0
30
0
11
373950.0
21
15230.0
31
0
0
LINE
8
water
10
365364.0
20
2400.0
30
0
11
365364.0
21
2325.0
31
0
0
LINE
8
water
10
365364.0
20
2325.0
30
0
11
365364.0
21
2400.0
31
0
0
LINE
8
water
10
365364.0
20
2400.0
30
0
11
365364.0
21
2475.0
31
0
0
LINE
8
water
10
365364.0
20
2475.0
30
0
11
365364.0
21
2400.0
31
0
0
LINE
8
water
10
364964.0
20
2400.0
30
0
11
365364.0
21
2400.0
31
0
0
LINE
8
water
10
364964.0
20
2400.0
30
0
11
364964.0
21
2325.0
31
0
0
LINE
8
water
10
364964.0
20
2325.0
30
0
11
364964.0
21
2400.0
31
0
0
LINE
8
water
10
364964.0
20
2400.0
30
0
11
364964.0
21
2475.0
31
0
0
LINE
8
water
10
364964.0
20
2475.0
30
0
11
364964.0
21
2400.0
31
0
0
LINE
8
water
10
365254.0
20
2400.0
30
0
11
365191.81
21
2485.6
31
0
0
LINE
8
water
10
365191.81
20
2485.6
30
0
11
365091.19
21
2452.9
31
0
0
LINE
8
water
10
365091.19
20
2452.9
30
0
11
365091.19
21
2347.1
31
0
0
LINE
8
water
10
365091.19
20
2347.1
30
0
11
365191.81
21
2314.4
31
0
0
LINE
8
water
10
365191.81
20
2314.4
30
0
11
365254.0
21
2400.0
31
0
0
LINE
8
water
10
364974.0
20
2375.0
30
0
11
364974.0
21
2425.0
31
0
0
LINE
8
water
10
365354.0
20
2375.0
30
0
11
365354.0
21
2425.0
31
0
0
LINE
8
water
10
364974.0
20
2375.0
30
0
11
365354.0
21
2375.0
31
0
0
LINE
8
water
10
364974.0
20
2425.0
30
0
11
365354.0
21
2425.0
31
0
0
LINE
8
water
10
365039.0
20
2400.0
30
0
11
365039.0
21
2295.38
31
0
0
LINE
8
water
10
365039.0
20
2295.38
30
0
11
365039.0
21
2335.34
31
0
0
LINE
8
water
10
365039.0
20
2335.34
30
0
11
365039.0
21
2464.66
31
0
0
LINE
8
water
10
365039.0
20
2464.66
30
0
11
365039.0
21
2504.62
31
0
0
LINE
8
water
10
365039.0
20
2504.62
30
0
11
365039.0
21
2400.0
31
0
0
LINE
8
water
10
365014.0
20
2400.0
30
0
11
365039.0
21
2400.0
31
0
0
LINE
8
water
10
365014.0
20
2400.0
30
0
11
365014.0
21
2295.38
31
0
0
LINE
8
water
10
365014.0
20
2295.38
30
0
11
365014.0
21
2335.34
31
0
0
LINE
8
water
10
365014.0
20
2335.34
30
0
11
365014.0
21
2464.66
31
0
0
LINE
8
water
10
365014.0
20
2464.66
30
0
11
365014.0
21
2504.62
31
0
0
LINE
8
water
10
365014.0
20
2504.62
30
0
11
365014.0
21
2400.0
31
0
0
LINE
8
water
10
365339.0
20
2400.0
30
0
11
365339.0
21
2295.38
31
0
0
LINE
8
water
10
365339.0
20
2295.38
30
0
11
365339.0
21
2335.34
31
0
0
LINE
8
water
10
365339.0
20
2335.34
30
0
11
365339.0
21
2464.66
31
0
0
LINE
8
water
10
365339.0
20
2464.66
30
0
11
365339.0
21
2504.62
31
0
0
LINE
8
water
10
365339.0
20
2504.62
30
0
11
365339.0
21
2400.0
31
0
0
LINE
8
water
10
365314.0
20
2400.0
30
0
11
365339.0
21
2400.0
31
0
0
LINE
8
water
10
365314.0
20
2400.0
30
0
11
365314.0
21
2295.38
31
0
0
LINE
8
water
10
365314.0
20
2295.38
30
0
11
365314.0
21
2335.34
31
0
0
LINE
8
water
10
365314.0
20
2335.34
30
0
11
365314.0
21
2464.66
31
0
0
LINE
8
water
10
365314.0
20
2464.66
30
0
11
365314.0
21
2504.62
31
0
0
LINE
8
water
10
365314.0
20
2504.62
30
0
11
365314.0
21
2400.0
31
0
0
LINE
8
water
10
361450.0
20
2400.0
30
0
11
361480.31
21
2400.0
31
0
0
LINE
8
water
10
361480.31
20
2400.0
30
0
11
361419.69
21
2400.0
31
0
0
LINE
8
water
10
361419.69
20
2400.0
30
0
11
361450.0
21
2400.0
31
0
0
LINE
8
water
10
361450.0
20
-59500.0
30
0
11
361450.0
21
2400.0
31
0
0
LINE
8
water
10
361450.0
20
-59500.0
30
0
11
361480.31
21
-59500.0
31
0
0
LINE
8
water
10
361480.31
20
-59500.0
30
0
11
361419.69
21
-59500.0
31
0
0
LINE
8
water
10
361419.69
20
-59500.0
30
0
11
361450.0
21
-59500.0
31
0
0
LINE
8
water
10
373830.0
20
2400.0
30
0
11
373830.0
21
2369.69
31
0
0
LINE
8
water
10
373830.0
20
2369.69
30
0
11
373830.0
21
2430.31
31
0
0
LINE
8
water
10
373830.0
20
2430.31
30
0
11
373830.0
21
2400.0
31
0
0
LINE
8
water
10
361450.0
20
2400.0
30
0
11
373830.0
21
2400.0
31
0
0
LINE
8
water
10
361450.0
20
2400.0
30
0
11
361450.0
21
2369.69
31
0
0
LINE
8
water
10
361450.0
20
2369.69
30
0
11
361450.0
21
2430.31
31
0
0
LINE
8
water
10
361450.0
20
2430.31
30
0
11
361450.0
21
2400.0
31
0
0
LINE
8
water
10
373830.0
20
15230.0
30
0
11
373860.31
21
15230.0
31
0
0
LINE
8
water
10
373860.31
20
15230.0
30
0
11
373799.69
21
15230.0
31
0
0
LINE
8
water
10
373799.69
20
15230.0
30
0
11
373830.0
21
15230.0
31
0
0
LINE
8
water
10
373830.0
20
2400.0
30
0
11
373830.0
21
15230.0
31
0
0
LINE
8
water
10
373830.0
20
2400.0
30
0
11
373860.31
21
2400.0
31
0
0
LINE
8
water
10
373860.31
20
2400.0
30
0
11
373799.69
21
2400.0
31
0
0
LINE
8
water
10
373799.69
20
2400.0
30
0
11
373830.0
21
2400.0
31
0
0
LINE
8
water
10
373795.0
20
15230.0
30
0
11
373847.5
21
15260.31
31
0
0
LINE
8
water
10
373847.5
20
15260.31
30
0
11
373847.5
21
15199.69
31
0
0
LINE
8
water
10
373847.5
20
15199.69
30
0
11
373795.0
21
15230.0
31
0
0
LINE
8
water
10
361450.0
20
2400.0
30
0
11
361487.8
21
2400.0
31
0
0
LINE
8
water
10
361487.8
20
2400.0
30
0
11
361450.0
21
2400.0
31
0
0
LINE
8
water
10
373830.0
20
2400.0
30
0
11
373867.8
21
2400.0
31
0
0
LINE
8
water
10
373867.8
20
2400.0
30
0
11
373830.0
21
2400.0
31
0
0
LINE
8
water
10
373830.0
20
15230.0
30
0
11
373867.8
21
15230.0
31
0
0
LINE
8
water
10
373867.8
20
15230.0
30
0
11
373830.0
21
15230.0
31
0
0
LINE
8
sensors
10
345040.0
20
6320.0
30
0
11
345040.0
21
6480.0
31
0
0
LINE
8
sensors
10
345140.0
20
6320.0
30
0
11
345140.0
21
6480.0
31
0
0
LINE
8
sensors
10
345040.0
20
6320.0
30
0
11
345140.0
21
6320.0
31
0
0
LINE
8
sensors
10
345040.0
20
6480.0
30
0
11
345140.0
21
6480.0
31
0
0
LINE
8
sensors
10
345145.0
20
6345.0
30
0
11
345145.0
21
6455.0
31
0
0
LINE
8
sensors
10
345165.0
20
6345.0
30
0
11
345165.0
21
6455.0
31
0
0
LINE
8
sensors
10
345145.0
20
6345.0
30
0
11
345165.0
21
6345.0
31
0
0
LINE
8
sensors
10
345145.0
20
6455.0
30
0
11
345165.0
21
6455.0
31
0
0
LINE
8
sensors
10
345040.0
20
6620.0
30
0
11
345040.0
21
6780.0
31
0
0
LINE
8
sensors
10
345140.0
20
6620.0
30
0
11
345140.0
21
6780.0
31
0
0
LINE
8
sensors
10
345040.0
20
6620.0
30
0
11
345140.0
21
6620.0
31
0
0
LINE
8
sensors
10
345040.0
20
6780.0
30
0
11
345140.0
21
6780.0
31
0
0
LINE
8
sensors
10
345145.0
20
6645.0
30
0
11
345145.0
21
6755.0
31
0
0
LINE
8
sensors
10
345165.0
20
6645.0
30
0
11
345165.0
21
6755.0
31
0
0
LINE
8
sensors
10
345145.0
20
6645.0
30
0
11
345165.0
21
6645.0
31
0
0
LINE
8
sensors
10
345145.0
20
6755.0
30
0
11
345165.0
21
6755.0
31
0
0
LINE
8
sensors
10
345040.0
20
6920.0
30
0
11
345040.0
21
7080.0
31
0
0
LINE
8
sensors
10
345140.0
20
6920.0
30
0
11
345140.0
21
7080.0
31
0
0
LINE
8
sensors
10
345040.0
20
6920.0
30
0
11
345140.0
21
6920.0
31
0
0
LINE
8
sensors
10
345040.0
20
7080.0
30
0
11
345140.0
21
7080.0
31
0
0
LINE
8
sensors
10
345145.0
20
6945.0
30
0
11
345145.0
21
7055.0
31
0
0
LINE
8
sensors
10
345165.0
20
6945.0
30
0
11
345165.0
21
7055.0
31
0
0
LINE
8
sensors
10
345145.0
20
6945.0
30
0
11
345165.0
21
6945.0
31
0
0
LINE
8
sensors
10
345145.0
20
7055.0
30
0
11
345165.0
21
7055.0
31
0
0
LINE
8
sensors
10
360080.0
20
12000.0
30
0
11
360000.0
21
12080.0
31
0
0
LINE
8
sensors
10
360000.0
20
12080.0
30
0
11
359920.0
21
12000.0
31
0
0
LINE
8
sensors
10
359920.0
20
12000.0
30
0
11
360000.0
21
11920.0
31
0
0
LINE
8
sensors
10
360000.0
20
11920.0
30
0
11
360080.0
21
12000.0
31
0
0
LINE
8
sensors
10
360000.0
20
12000.0
30
0
11
360065.0
21
12000.0
31
0
0
LINE
8
sensors
10
360065.0
20
12000.0
30
0
11
360000.0
21
12000.0
31
0
0
LINE
8
sensors
10
345040.0
20
7520.0
30
0
11
345040.0
21
7680.0
31
0
0
LINE
8
sensors
10
345140.0
20
7520.0
30
0
11
345140.0
21
7680.0
31
0
0
LINE
8
sensors
10
345040.0
20
7520.0
30
0
11
345140.0
21
7520.0
31
0
0
LINE
8
sensors
10
345040.0
20
7680.0
30
0
11
345140.0
21
7680.0
31
0
0
LINE
8
sensors
10
345145.0
20
7545.0
30
0
11
345145.0
21
7655.0
31
0
0
LINE
8
sensors
10
345165.0
20
7545.0
30
0
11
345165.0
21
7655.0
31
0
0
LINE
8
sensors
10
345145.0
20
7545.0
30
0
11
345165.0
21
7545.0
31
0
0
LINE
8
sensors
10
345145.0
20
7655.0
30
0
11
345165.0
21
7655.0
31
0
0
LINE
8
sensors
10
369562.5
20
2400.0
30
0
11
369562.5
21
2325.0
31
0
0
LINE
8
sensors
10
369562.5
20
2325.0
30
0
11
369562.5
21
2400.0
31
0
0
LINE
8
sensors
10
369562.5
20
2400.0
30
0
11
369562.5
21
2475.0
31
0
0
LINE
8
sensors
10
369562.5
20
2475.0
30
0
11
369562.5
21
2400.0
31
0
0
LINE
8
sensors
10
369342.5
20
2400.0
30
0
11
369562.5
21
2400.0
31
0
0
LINE
8
sensors
10
369342.5
20
2400.0
30
0
11
369342.5
21
2325.0
31
0
0
LINE
8
sensors
10
369342.5
20
2325.0
30
0
11
369342.5
21
2400.0
31
0
0
LINE
8
sensors
10
369342.5
20
2400.0
30
0
11
369342.5
21
2475.0
31
0
0
LINE
8
sensors
10
369342.5
20
2475.0
30
0
11
369342.5
21
2400.0
31
0
0
LINE
8
sensors
10
369372.5
20
2330.0
30
0
11
369372.5
21
2470.0
31
0
0
LINE
8
sensors
10
369532.5
20
2330.0
30
0
11
369532.5
21
2470.0
31
0
0
LINE
8
sensors
10
369372.5
20
2330.0
30
0
11
369532.5
21
2330.0
31
0
0
LINE
8
sensors
10
369372.5
20
2470.0
30
0
11
369532.5
21
2470.0
31
0
0
LINE
8
sensors
10
369607.0
20
2400.0
30
0
11
369607.0
21
2325.0
31
0
0
LINE
8
sensors
10
369607.0
20
2325.0
30
0
11
369607.0
21
2400.0
31
0
0
LINE
8
sensors
10
369607.0
20
2400.0
30
0
11
369607.0
21
2475.0
31
0
0
LINE
8
sensors
10
369607.0
20
2475.0
30
0
11
369607.0
21
2400.0
31
0
0
LINE
8
sensors
10
369387.0
20
2400.0
30
0
11
369607.0
21
2400.0
31
0
0
LINE
8
sensors
10
369387.0
20
2400.0
30
0
11
369387.0
21
2325.0
31
0
0
LINE
8
sensors
10
369387.0
20
2325.0
30
0
11
369387.0
21
2400.0
31
0
0
LINE
8
sensors
10
369387.0
20
2400.0
30
0
11
369387.0
21
2475.0
31
0
0
LINE
8
sensors
10
369387.0
20
2475.0
30
0
11
369387.0
21
2400.0
31
0
0
LINE
8
sensors
10
369417.0
20
2330.0
30
0
11
369417.0
21
2470.0
31
0
0
LINE
8
sensors
10
369577.0
20
2330.0
30
0
11
369577.0
21
2470.0
31
0
0
LINE
8
sensors
10
369417.0
20
2330.0
30
0
11
369577.0
21
2330.0
31
0
0
LINE
8
sensors
10
369417.0
20
2470.0
30
0
11
369577.0
21
2470.0
31
0
0
LINE
8
interiors
10
385000.0
20
2000.0
30
0
11
385000.0
21
22000.0
31
0
0
LINE
8
interiors
10
385000.0
20
2000.0
30
0
11
398800.0
21
2000.0
31
0
0
LINE
8
interiors
10
398800.0
20
2000.0
30
0
11
401200.0
21
2000.0
31
0
0
LINE
8
interiors
10
401200.0
20
2000.0
30
0
11
415000.0
21
2000.0
31
0
0
LINE
8
interiors
10
385000.0
20
2000.0
30
0
11
415000.0
21
2000.0
31
0
0
LINE
8
interiors
10
385000.0
20
22000.0
30
0
11
415000.0
21
22000.0
31
0
0
LINE
8
interiors
10
415000.0
20
2000.0
30
0
11
415000.0
21
22000.0
31
0
0
LINE
8
interiors
10
414880.0
20
2120.0
30
0
11
385120.0
21
2120.0
31
0
0
LINE
8
interiors
10
414880.0
20
2120.0
30
0
11
414880.0
21
21880.0
31
0
0
LINE
8
interiors
10
414880.0
20
21880.0
30
0
11
385120.0
21
21880.0
31
0
0
LINE
8
interiors
10
385120.0
20
2120.0
30
0
11
385120.0
21
21880.0
31
0
0
LINE
8
interiors
10
392200.0
20
22000.0
30
0
11
407800.0
21
22000.0
31
0
0
LINE
8
interiors
10
401200.0
20
2000.0
30
0
11
401200.0
21
2120.0
31
0
0
LINE
8
interiors
10
414880.0
20
2120.0
30
0
11
401200.0
21
2120.0
31
0
0
LINE
8
interiors
10
398800.0
20
2120.0
30
0
11
385120.0
21
2120.0
31
0
0
LINE
8
interiors
10
398800.0
20
2000.0
30
0
11
398800.0
21
2120.0
31
0
0
LINE
8
interiors
10
398800.0
20
2120.0
30
0
11
401200.0
21
2120.0
31
0
0
LINE
8
interiors
10
392200.0
20
21880.0
30
0
11
407800.0
21
21880.0
31
0
0
LINE
8
interiors
10
392200.0
20
21880.0
30
0
11
392200.0
21
22000.0
31
0
0
LINE
8
interiors
10
407800.0
20
21880.0
30
0
11
407800.0
21
22000.0
31
0
0
LINE
8
interiors
10
392200.0
20
21977.5
30
0
11
392200.0
21
22022.5
31
0
0
LINE
8
interiors
10
407800.0
20
21977.5
30
0
11
407800.0
21
22022.5
31
0
0
LINE
8
interiors
10
392200.0
20
21977.5
30
0
11
407800.0
21
21977.5
31
0
0
LINE
8
interiors
10
392200.0
20
22022.5
30
0
11
407800.0
21
22022.5
31
0
0
LINE
8
interiors
10
385125.0
20
2125.0
30
0
11
385125.0
21
21875.0
31
0
0
LINE
8
interiors
10
414875.0
20
2125.0
30
0
11
414875.0
21
21875.0
31
0
0
LINE
8
interiors
10
385125.0
20
2125.0
30
0
11
414875.0
21
2125.0
31
0
0
LINE
8
interiors
10
385125.0
20
21875.0
30
0
11
414875.0
21
21875.0
31
0
0
LINE
8
interiors
10
398845.0
20
1880.0
30
0
11
398845.0
21
2120.0
31
0
0
LINE
8
interiors
10
398915.0
20
1880.0
30
0
11
398915.0
21
2120.0
31
0
0
LINE
8
interiors
10
398845.0
20
1880.0
30
0
11
398915.0
21
1880.0
31
0
0
LINE
8
interiors
10
398845.0
20
2120.0
30
0
11
398915.0
21
2120.0
31
0
0
LINE
8
interiors
10
401085.0
20
1880.0
30
0
11
401085.0
21
2120.0
31
0
0
LINE
8
interiors
10
401155.0
20
1880.0
30
0
11
401155.0
21
2120.0
31
0
0
LINE
8
interiors
10
401085.0
20
1880.0
30
0
11
401155.0
21
1880.0
31
0
0
LINE
8
interiors
10
401085.0
20
2120.0
30
0
11
401155.0
21
2120.0
31
0
0
LINE
8
interiors
10
398850.0
20
1880.0
30
0
11
398850.0
21
2120.0
31
0
0
LINE
8
interiors
10
401150.0
20
1880.0
30
0
11
401150.0
21
2120.0
31
0
0
LINE
8
interiors
10
398850.0
20
1880.0
30
0
11
401150.0
21
1880.0
31
0
0
LINE
8
interiors
10
398850.0
20
2120.0
30
0
11
401150.0
21
2120.0
31
0
0
LINE
8
interiors
10
398930.39
20
2090.49
30
0
11
398889.61
21
2109.51
31
0
0
LINE
8
interiors
10
399386.82
20
3069.3
30
0
11
399346.04
21
3088.32
31
0
0
LINE
8
interiors
10
398930.39
20
2090.49
30
0
11
399386.82
21
3069.3
31
0
0
LINE
8
interiors
10
398889.61
20
2109.51
30
0
11
399346.04
21
3088.32
31
0
0
LINE
8
interiors
10
392500.0
20
7150.0
30
0
11
392500.0
21
8050.0
31
0
0
LINE
8
interiors
10
394300.0
20
7150.0
30
0
11
394300.0
21
8050.0
31
0
0
LINE
8
interiors
10
392500.0
20
7150.0
30
0
11
394300.0
21
7150.0
31
0
0
LINE
8
interiors
10
392500.0
20
8050.0
30
0
11
394300.0
21
8050.0
31
0
0
LINE
8
interiors
10
392565.0
20
7215.0
30
0
11
392565.0
21
7285.0
31
0
0
LINE
8
interiors
10
392635.0
20
7215.0
30
0
11
392635.0
21
7285.0
31
0
0
LINE
8
interiors
10
392565.0
20
7215.0
30
0
11
392635.0
21
7215.0
31
0
0
LINE
8
interiors
10
392565.0
20
7285.0
30
0
11
392635.0
21
7285.0
31
0
0
LINE
8
interiors
10
392565.0
20
7915.0
30
0
11
392565.0
21
7985.0
31
0
0
LINE
8
interiors
10
392635.0
20
7915.0
30
0
11
392635.0
21
7985.0
31
0
0
LINE
8
interiors
10
392565.0
20
7915.0
30
0
11
392635.0
21
7915.0
31
0
0
LINE
8
interiors
10
392565.0
20
7985.0
30
0
11
392635.0
21
7985.0
31
0
0
LINE
8
interiors
10
394165.0
20
7215.0
30
0
11
394165.0
21
7285.0
31
0
0
LINE
8
interiors
10
394235.0
20
7215.0
30
0
11
394235.0
21
7285.0
31
0
0
LINE
8
interiors
10
394165.0
20
7215.0
30
0
11
394235.0
21
7215.0
31
0
0
LINE
8
interiors
10
394165.0
20
7285.0
30
0
11
394235.0
21
7285.0
31
0
0
LINE
8
interiors
10
394165.0
20
7915.0
30
0
11
394165.0
21
7985.0
31
0
0
LINE
8
interiors
10
394235.0
20
7915.0
30
0
11
394235.0
21
7985.0
31
0
0
LINE
8
interiors
10
394165.0
20
7915.0
30
0
11
394235.0
21
7915.0
31
0
0
LINE
8
interiors
10
394165.0
20
7985.0
30
0
11
394235.0
21
7985.0
31
0
0
LINE
8
interiors
10
393160.0
20
6610.0
30
0
11
393160.0
21
7090.0
31
0
0
LINE
8
interiors
10
393640.0
20
6610.0
30
0
11
393640.0
21
7090.0
31
0
0
LINE
8
interiors
10
393160.0
20
6610.0
30
0
11
393640.0
21
6610.0
31
0
0
LINE
8
interiors
10
393160.0
20
7090.0
30
0
11
393640.0
21
7090.0
31
0
0
LINE
8
interiors
10
393160.0
20
7027.5
30
0
11
393160.0
21
7092.5
31
0
0
LINE
8
interiors
10
393640.0
20
7027.5
30
0
11
393640.0
21
7092.5
31
0
0
LINE
8
interiors
10
393160.0
20
7027.5
30
0
11
393640.0
21
7027.5
31
0
0
LINE
8
interiors
10
393160.0
20
7092.5
30
0
11
393640.0
21
7092.5
31
0
0
LINE
8
interiors
10
393192.5
20
6642.5
30
0
11
393192.5
21
6677.5
31
0
0
LINE
8
interiors
10
393227.5
20
6642.5
30
0
11
393227.5
21
6677.5
31
0
0
LINE
8
interiors
10
393192.5
20
6642.5
30
0
11
393227.5
21
6642.5
31
0
0
LINE
8
interiors
10
393192.5
20
6677.5
30
0
11
393227.5
21
6677.5
31
0
0
LINE
8
interiors
10
393192.5
20
7022.5
30
0
11
393192.5
21
7057.5
31
0
0
LINE
8
interiors
10
393227.5
20
7022.5
30
0
11
393227.5
21
7057.5
31
0
0
LINE
8
interiors
10
393192.5
20
7022.5
30
0
11
393227.5
21
7022.5
31
0
0
LINE
8
interiors
10
393192.5
20
7057.5
30
0
11
393227.5
21
7057.5
31
0
0
LINE
8
interiors
10
393572.5
20
6642.5
30
0
11
393572.5
21
6677.5
31
0
0
LINE
8
interiors
10
393607.5
20
6642.5
30
0
11
393607.5
21
6677.5
31
0
0
LINE
8
interiors
10
393572.5
20
6642.5
30
0
11
393607.5
21
6642.5
31
0
0
LINE
8
interiors
10
393572.5
20
6677.5
30
0
11
393607.5
21
6677.5
31
0
0
LINE
8
interiors
10
393572.5
20
7022.5
30
0
11
393572.5
21
7057.5
31
0
0
LINE
8
interiors
10
393607.5
20
7022.5
30
0
11
393607.5
21
7057.5
31
0
0
LINE
8
interiors
10
393572.5
20
7022.5
30
0
11
393607.5
21
7022.5
31
0
0
LINE
8
interiors
10
393572.5
20
7057.5
30
0
11
393607.5
21
7057.5
31
0
0
LINE
8
interiors
10
393100.0
20
7790.0
30
0
11
393100.0
21
7850.0
31
0
0
LINE
8
interiors
10
393700.0
20
7790.0
30
0
11
393700.0
21
7850.0
31
0
0
LINE
8
interiors
10
393100.0
20
7790.0
30
0
11
393700.0
21
7790.0
31
0
0
LINE
8
interiors
10
393100.0
20
7850.0
30
0
11
393700.0
21
7850.0
31
0
0
LINE
8
interiors
10
393370.0
20
7785.0
30
0
11
393370.0
21
7855.0
31
0
0
LINE
8
interiors
10
393430.0
20
7785.0
30
0
11
393430.0
21
7855.0
31
0
0
LINE
8
interiors
10
393370.0
20
7785.0
30
0
11
393430.0
21
7785.0
31
0
0
LINE
8
interiors
10
393370.0
20
7855.0
30
0
11
393430.0
21
7855.0
31
0
0
LINE
8
interiors
10
393250.0
20
7710.0
30
0
11
393250.0
21
7930.0
31
0
0
LINE
8
interiors
10
393550.0
20
7710.0
30
0
11
393550.0
21
7930.0
31
0
0
LINE
8
interiors
10
393250.0
20
7710.0
30
0
11
393550.0
21
7710.0
31
0
0
LINE
8
interiors
10
393250.0
20
7930.0
30
0
11
393550.0
21
7930.0
31
0
0
LINE
8
interiors
10
405700.0
20
7150.0
30
0
11
405700.0
21
8050.0
31
0
0
LINE
8
interiors
10
407500.0
20
7150.0
30
0
11
407500.0
21
8050.0
31
0
0
LINE
8
interiors
10
405700.0
20
7150.0
30
0
11
407500.0
21
7150.0
31
0
0
LINE
8
interiors
10
405700.0
20
8050.0
30
0
11
407500.0
21
8050.0
31
0
0
LINE
8
interiors
10
405765.0
20
7215.0
30
0
11
405765.0
21
7285.0
31
0
0
LINE
8
interiors
10
405835.0
20
7215.0
30
0
11
405835.0
21
7285.0
31
0
0
LINE
8
interiors
10
405765.0
20
7215.0
30
0
11
405835.0
21
7215.0
31
0
0
LINE
8
interiors
10
405765.0
20
7285.0
30
0
11
405835.0
21
7285.0
31
0
0
LINE
8
interiors
10
405765.0
20
7915.0
30
0
11
405765.0
21
7985.0
31
0
0
LINE
8
interiors
10
405835.0
20
7915.0
30
0
11
405835.0
21
7985.0
31
0
0
LINE
8
interiors
10
405765.0
20
7915.0
30
0
11
405835.0
21
7915.0
31
0
0
LINE
8
interiors
10
405765.0
20
7985.0
30
0
11
405835.0
21
7985.0
31
0
0
LINE
8
interiors
10
407365.0
20
7215.0
30
0
11
407365.0
21
7285.0
31
0
0
LINE
8
interiors
10
407435.0
20
7215.0
30
0
11
407435.0
21
7285.0
31
0
0
LINE
8
interiors
10
407365.0
20
7215.0
30
0
11
407435.0
21
7215.0
31
0
0
LINE
8
interiors
10
407365.0
20
7285.0
30
0
11
407435.0
21
7285.0
31
0
0
LINE
8
interiors
10
407365.0
20
7915.0
30
0
11
407365.0
21
7985.0
31
0
0
LINE
8
interiors
10
407435.0
20
7915.0
30
0
11
407435.0
21
7985.0
31
0
0
LINE
8
interiors
10
407365.0
20
7915.0
30
0
11
407435.0
21
7915.0
31
0
0
LINE
8
interiors
10
407365.0
20
7985.0
30
0
11
407435.0
21
7985.0
31
0
0
LINE
8
interiors
10
406360.0
20
6610.0
30
0
11
406360.0
21
7090.0
31
0
0
LINE
8
interiors
10
406840.0
20
6610.0
30
0
11
406840.0
21
7090.0
31
0
0
LINE
8
interiors
10
406360.0
20
6610.0
30
0
11
406840.0
21
6610.0
31
0
0
LINE
8
interiors
10
406360.0
20
7090.0
30
0
11
406840.0
21
7090.0
31
0
0
LINE
8
interiors
10
406360.0
20
7027.5
30
0
11
406360.0
21
7092.5
31
0
0
LINE
8
interiors
10
406840.0
20
7027.5
30
0
11
406840.0
21
7092.5
31
0
0
LINE
8
interiors
10
406360.0
20
7027.5
30
0
11
406840.0
21
7027.5
31
0
0
LINE
8
interiors
10
406360.0
20
7092.5
30
0
11
406840.0
21
7092.5
31
0
0
LINE
8
interiors
10
406392.5
20
6642.5
30
0
11
406392.5
21
6677.5
31
0
0
LINE
8
interiors
10
406427.5
20
6642.5
30
0
11
406427.5
21
6677.5
31
0
0
LINE
8
interiors
10
406392.5
20
6642.5
30
0
11
406427.5
21
6642.5
31
0
0
LINE
8
interiors
10
406392.5
20
6677.5
30
0
11
406427.5
21
6677.5
31
0
0
LINE
8
interiors
10
406392.5
20
7022.5
30
0
11
406392.5
21
7057.5
31
0
0
LINE
8
interiors
10
406427.5
20
7022.5
30
0
11
406427.5
21
7057.5
31
0
0
LINE
8
interiors
10
406392.5
20
7022.5
30
0
11
406427.5
21
7022.5
31
0
0
LINE
8
interiors
10
406392.5
20
7057.5
30
0
11
406427.5
21
7057.5
31
0
0
LINE
8
interiors
10
406772.5
20
6642.5
30
0
11
406772.5
21
6677.5
31
0
0
LINE
8
interiors
10
406807.5
20
6642.5
30
0
11
406807.5
21
6677.5
31
0
0
LINE
8
interiors
10
406772.5
20
6642.5
30
0
11
406807.5
21
6642.5
31
0
0
LINE
8
interiors
10
406772.5
20
6677.5
30
0
11
406807.5
21
6677.5
31
0
0
LINE
8
interiors
10
406772.5
20
7022.5
30
0
11
406772.5
21
7057.5
31
0
0
LINE
8
interiors
10
406807.5
20
7022.5
30
0
11
406807.5
21
7057.5
31
0
0
LINE
8
interiors
10
406772.5
20
7022.5
30
0
11
406807.5
21
7022.5
31
0
0
LINE
8
interiors
10
406772.5
20
7057.5
30
0
11
406807.5
21
7057.5
31
0
0
LINE
8
interiors
10
406300.0
20
7790.0
30
0
11
406300.0
21
7850.0
31
0
0
LINE
8
interiors
10
406900.0
20
7790.0
30
0
11
406900.0
21
7850.0
31
0
0
LINE
8
interiors
10
406300.0
20
7790.0
30
0
11
406900.0
21
7790.0
31
0
0
LINE
8
interiors
10
406300.0
20
7850.0
30
0
11
406900.0
21
7850.0
31
0
0
LINE
8
interiors
10
406570.0
20
7785.0
30
0
11
406570.0
21
7855.0
31
0
0
LINE
8
interiors
10
406630.0
20
7785.0
30
0
11
406630.0
21
7855.0
31
0
0
LINE
8
interiors
10
406570.0
20
7785.0
30
0
11
406630.0
21
7785.0
31
0
0
LINE
8
interiors
10
406570.0
20
7855.0
30
0
11
406630.0
21
7855.0
31
0
0
LINE
8
interiors
10
406450.0
20
7710.0
30
0
11
406450.0
21
7930.0
31
0
0
LINE
8
interiors
10
406750.0
20
7710.0
30
0
11
406750.0
21
7930.0
31
0
0
LINE
8
interiors
10
406450.0
20
7710.0
30
0
11
406750.0
21
7710.0
31
0
0
LINE
8
interiors
10
406450.0
20
7930.0
30
0
11
406750.0
21
7930.0
31
0
0
LINE
8
interiors
10
392500.0
20
15950.0
30
0
11
392500.0
21
16850.0
31
0
0
LINE
8
interiors
10
394300.0
20
15950.0
30
0
11
394300.0
21
16850.0
31
0
0
LINE
8
interiors
10
392500.0
20
15950.0
30
0
11
394300.0
21
15950.0
31
0
0
LINE
8
interiors
10
392500.0
20
16850.0
30
0
11
394300.0
21
16850.0
31
0
0
LINE
8
interiors
10
392565.0
20
16015.0
30
0
11
392565.0
21
16085.0
31
0
0
LINE
8
interiors
10
392635.0
20
16015.0
30
0
11
392635.0
21
16085.0
31
0
0
LINE
8
interiors
10
392565.0
20
16015.0
30
0
11
392635.0
21
16015.0
31
0
0
LINE
8
interiors
10
392565.0
20
16085.0
30
0
11
392635.0
21
16085.0
31
0
0
LINE
8
interiors
10
392565.0
20
16715.0
30
0
11
392565.0
21
16785.0
31
0
0
LINE
8
interiors
10
392635.0
20
16715.0
30
0
11
392635.0
21
16785.0
31
0
0
LINE
8
interiors
10
392565.0
20
16715.0
30
0
11
392635.0
21
16715.0
31
0
0
LINE
8
interiors
10
392565.0
20
16785.0
30
0
11
392635.0
21
16785.0
31
0
0
LINE
8
interiors
10
394165.0
20
16015.0
30
0
11
394165.0
21
16085.0
31
0
0
LINE
8
interiors
10
394235.0
20
16015.0
30
0
11
394235.0
21
16085.0
31
0
0
LINE
8
interiors
10
394165.0
20
16015.0
30
0
11
394235.0
21
16015.0
31
0
0
LINE
8
interiors
10
394165.0
20
16085.0
30
0
11
394235.0
21
16085.0
31
0
0
LINE
8
interiors
10
394165.0
20
16715.0
30
0
11
394165.0
21
16785.0
31
0
0
LINE
8
interiors
10
394235.0
20
16715.0
30
0
11
394235.0
21
16785.0
31
0
0
LINE
8
interiors
10
394165.0
20
16715.0
30
0
11
394235.0
21
16715.0
31
0
0
LINE
8
interiors
10
394165.0
20
16785.0
30
0
11
394235.0
21
16785.0
31
0
0
LINE
8
interiors
10
393160.0
20
15410.0
30
0
11
393160.0
21
15890.0
31
0
0
LINE
8
interiors
10
393640.0
20
15410.0
30
0
11
393640.0
21
15890.0
31
0
0
LINE
8
interiors
10
393160.0
20
15410.0
30
0
11
393640.0
21
15410.0
31
0
0
LINE
8
interiors
10
393160.0
20
15890.0
30
0
11
393640.0
21
15890.0
31
0
0
LINE
8
interiors
10
393160.0
20
15827.5
30
0
11
393160.0
21
15892.5
31
0
0
LINE
8
interiors
10
393640.0
20
15827.5
30
0
11
393640.0
21
15892.5
31
0
0
LINE
8
interiors
10
393160.0
20
15827.5
30
0
11
393640.0
21
15827.5
31
0
0
LINE
8
interiors
10
393160.0
20
15892.5
30
0
11
393640.0
21
15892.5
31
0
0
LINE
8
interiors
10
393192.5
20
15442.5
30
0
11
393192.5
21
15477.5
31
0
0
LINE
8
interiors
10
393227.5
20
15442.5
30
0
11
393227.5
21
15477.5
31
0
0
LINE
8
interiors
10
393192.5
20
15442.5
30
0
11
393227.5
21
15442.5
31
0
0
LINE
8
interiors
10
393192.5
20
15477.5
30
0
11
393227.5
21
15477.5
31
0
0
LINE
8
interiors
10
393192.5
20
15822.5
30
0
11
393192.5
21
15857.5
31
0
0
LINE
8
interiors
10
393227.5
20
15822.5
30
0
11
393227.5
21
15857.5
31
0
0
LINE
8
interiors
10
393192.5
20
15822.5
30
0
11
393227.5
21
15822.5
31
0
0
LINE
8
interiors
10
393192.5
20
15857.5
30
0
11
393227.5
21
15857.5
31
0
0
LINE
8
interiors
10
393572.5
20
15442.5
30
0
11
393572.5
21
15477.5
31
0
0
LINE
8
interiors
10
393607.5
20
15442.5
30
0
11
393607.5
21
15477.5
31
0
0
LINE
8
interiors
10
393572.5
20
15442.5
30
0
11
393607.5
21
15442.5
31
0
0
LINE
8
interiors
10
393572.5
20
15477.5
30
0
11
393607.5
21
15477.5
31
0
0
LINE
8
interiors
10
393572.5
20
15822.5
30
0
11
393572.5
21
15857.5
31
0
0
LINE
8
interiors
10
393607.5
20
15822.5
30
0
11
393607.5
21
15857.5
31
0
0
LINE
8
interiors
10
393572.5
20
15822.5
30
0
11
393607.5
21
15822.5
31
0
0
LINE
8
interiors
10
393572.5
20
15857.5
30
0
11
393607.5
21
15857.5
31
0
0
LINE
8
interiors
10
393100.0
20
16590.0
30
0
11
393100.0
21
16650.0
31
0
0
LINE
8
interiors
10
393700.0
20
16590.0
30
0
11
393700.0
21
16650.0
31
0
0
LINE
8
interiors
10
393100.0
20
16590.0
30
0
11
393700.0
21
16590.0
31
0
0
LINE
8
interiors
10
393100.0
20
16650.0
30
0
11
393700.0
21
16650.0
31
0
0
LINE
8
interiors
10
393370.0
20
16585.0
30
0
11
393370.0
21
16655.0
31
0
0
LINE
8
interiors
10
393430.0
20
16585.0
30
0
11
393430.0
21
16655.0
31
0
0
LINE
8
interiors
10
393370.0
20
16585.0
30
0
11
393430.0
21
16585.0
31
0
0
LINE
8
interiors
10
393370.0
20
16655.0
30
0
11
393430.0
21
16655.0
31
0
0
LINE
8
interiors
10
393250.0
20
16510.0
30
0
11
393250.0
21
16730.0
31
0
0
LINE
8
interiors
10
393550.0
20
16510.0
30
0
11
393550.0
21
16730.0
31
0
0
LINE
8
interiors
10
393250.0
20
16510.0
30
0
11
393550.0
21
16510.0
31
0
0
LINE
8
interiors
10
393250.0
20
16730.0
30
0
11
393550.0
21
16730.0
31
0
0
LINE
8
interiors
10
405700.0
20
15950.0
30
0
11
405700.0
21
16850.0
31
0
0
LINE
8
interiors
10
407500.0
20
15950.0
30
0
11
407500.0
21
16850.0
31
0
0
LINE
8
interiors
10
405700.0
20
15950.0
30
0
11
407500.0
21
15950.0
31
0
0
LINE
8
interiors
10
405700.0
20
16850.0
30
0
11
407500.0
21
16850.0
31
0
0
LINE
8
interiors
10
405765.0
20
16015.0
30
0
11
405765.0
21
16085.0
31
0
0
LINE
8
interiors
10
405835.0
20
16015.0
30
0
11
405835.0
21
16085.0
31
0
0
LINE
8
interiors
10
405765.0
20
16015.0
30
0
11
405835.0
21
16015.0
31
0
0
LINE
8
interiors
10
405765.0
20
16085.0
30
0
11
405835.0
21
16085.0
31
0
0
LINE
8
interiors
10
405765.0
20
16715.0
30
0
11
405765.0
21
16785.0
31
0
0
LINE
8
interiors
10
405835.0
20
16715.0
30
0
11
405835.0
21
16785.0
31
0
0
LINE
8
interiors
10
405765.0
20
16715.0
30
0
11
405835.0
21
16715.0
31
0
0
LINE
8
interiors
10
405765.0
20
16785.0
30
0
11
405835.0
21
16785.0
31
0
0
LINE
8
interiors
10
407365.0
20
16015.0
30
0
11
407365.0
21
16085.0
31
0
0
LINE
8
interiors
10
407435.0
20
16015.0
30
0
11
407435.0
21
16085.0
31
0
0
LINE
8
interiors
10
407365.0
20
16015.0
30
0
11
407435.0
21
16015.0
31
0
0
LINE
8
interiors
10
407365.0
20
16085.0
30
0
11
407435.0
21
16085.0
31
0
0
LINE
8
interiors
10
407365.0
20
16715.0
30
0
11
407365.0
21
16785.0
31
0
0
LINE
8
interiors
10
407435.0
20
16715.0
30
0
11
407435.0
21
16785.0
31
0
0
LINE
8
interiors
10
407365.0
20
16715.0
30
0
11
407435.0
21
16715.0
31
0
0
LINE
8
interiors
10
407365.0
20
16785.0
30
0
11
407435.0
21
16785.0
31
0
0
LINE
8
interiors
10
406360.0
20
15410.0
30
0
11
406360.0
21
15890.0
31
0
0
LINE
8
interiors
10
406840.0
20
15410.0
30
0
11
406840.0
21
15890.0
31
0
0
LINE
8
interiors
10
406360.0
20
15410.0
30
0
11
406840.0
21
15410.0
31
0
0
LINE
8
interiors
10
406360.0
20
15890.0
30
0
11
406840.0
21
15890.0
31
0
0
LINE
8
interiors
10
406360.0
20
15827.5
30
0
11
406360.0
21
15892.5
31
0
0
LINE
8
interiors
10
406840.0
20
15827.5
30
0
11
406840.0
21
15892.5
31
0
0
LINE
8
interiors
10
406360.0
20
15827.5
30
0
11
406840.0
21
15827.5
31
0
0
LINE
8
interiors
10
406360.0
20
15892.5
30
0
11
406840.0
21
15892.5
31
0
0
LINE
8
interiors
10
406392.5
20
15442.5
30
0
11
406392.5
21
15477.5
31
0
0
LINE
8
interiors
10
406427.5
20
15442.5
30
0
11
406427.5
21
15477.5
31
0
0
LINE
8
interiors
10
406392.5
20
15442.5
30
0
11
406427.5
21
15442.5
31
0
0
LINE
8
interiors
10
406392.5
20
15477.5
30
0
11
406427.5
21
15477.5
31
0
0
LINE
8
interiors
10
406392.5
20
15822.5
30
0
11
406392.5
21
15857.5
31
0
0
LINE
8
interiors
10
406427.5
20
15822.5
30
0
11
406427.5
21
15857.5
31
0
0
LINE
8
interiors
10
406392.5
20
15822.5
30
0
11
406427.5
21
15822.5
31
0
0
LINE
8
interiors
10
406392.5
20
15857.5
30
0
11
406427.5
21
15857.5
31
0
0
LINE
8
interiors
10
406772.5
20
15442.5
30
0
11
406772.5
21
15477.5
31
0
0
LINE
8
interiors
10
406807.5
20
15442.5
30
0
11
406807.5
21
15477.5
31
0
0
LINE
8
interiors
10
406772.5
20
15442.5
30
0
11
406807.5
21
15442.5
31
0
0
LINE
8
interiors
10
406772.5
20
15477.5
30
0
11
406807.5
21
15477.5
31
0
0
LINE
8
interiors
10
406772.5
20
15822.5
30
0
11
406772.5
21
15857.5
31
0
0
LINE
8
interiors
10
406807.5
20
15822.5
30
0
11
406807.5
21
15857.5
31
0
0
LINE
8
interiors
10
406772.5
20
15822.5
30
0
11
406807.5
21
15822.5
31
0
0
LINE
8
interiors
10
406772.5
20
15857.5
30
0
11
406807.5
21
15857.5
31
0
0
LINE
8
interiors
10
406300.0
20
16590.0
30
0
11
406300.0
21
16650.0
31
0
0
LINE
8
interiors
10
406900.0
20
16590.0
30
0
11
406900.0
21
16650.0
31
0
0
LINE
8
interiors
10
406300.0
20
16590.0
30
0
11
406900.0
21
16590.0
31
0
0
LINE
8
interiors
10
406300.0
20
16650.0
30
0
11
406900.0
21
16650.0
31
0
0
LINE
8
interiors
10
406570.0
20
16585.0
30
0
11
406570.0
21
16655.0
31
0
0
LINE
8
interiors
10
406630.0
20
16585.0
30
0
11
406630.0
21
16655.0
31
0
0
LINE
8
interiors
10
406570.0
20
16585.0
30
0
11
406630.0
21
16585.0
31
0
0
LINE
8
interiors
10
406570.0
20
16655.0
30
0
11
406630.0
21
16655.0
31
0
0
LINE
8
interiors
10
406450.0
20
16510.0
30
0
11
406450.0
21
16730.0
31
0
0
LINE
8
interiors
10
406750.0
20
16510.0
30
0
11
406750.0
21
16730.0
31
0
0
LINE
8
interiors
10
406450.0
20
16510.0
30
0
11
406750.0
21
16510.0
31
0
0
LINE
8
interiors
10
406450.0
20
16730.0
30
0
11
406750.0
21
16730.0
31
0
0
LINE
8
interiors
10
398800.0
20
17950.0
30
0
11
398800.0
21
19250.0
31
0
0
LINE
8
interiors
10
401200.0
20
17950.0
30
0
11
401200.0
21
19250.0
31
0
0
LINE
8
interiors
10
398800.0
20
17950.0
30
0
11
401200.0
21
17950.0
31
0
0
LINE
8
interiors
10
398800.0
20
19250.0
30
0
11
401200.0
21
19250.0
31
0
0
LINE
8
interiors
10
399300.0
20
17905.0
30
0
11
399300.0
21
17955.0
31
0
0
LINE
8
interiors
10
400700.0
20
17905.0
30
0
11
400700.0
21
17955.0
31
0
0
LINE
8
interiors
10
399300.0
20
17905.0
30
0
11
400700.0
21
17905.0
31
0
0
LINE
8
interiors
10
399300.0
20
17955.0
30
0
11
400700.0
21
17955.0
31
0
0
LINE
8
interiors
10
400280.0
20
18600.0
30
0
11
400197.99
21
18797.99
31
0
0
LINE
8
interiors
10
400197.99
20
18797.99
30
0
11
400000.0
21
18880.0
31
0
0
LINE
8
interiors
10
400000.0
20
18880.0
30
0
11
399802.01
21
18797.99
31
0
0
LINE
8
interiors
10
399802.01
20
18797.99
30
0
11
399720.0
21
18600.0
31
0
0
LINE
8
interiors
10
399720.0
20
18600.0
30
0
11
399802.01
21
18402.01
31
0
0
LINE
8
interiors
10
399802.01
20
18402.01
30
0
11
400000.0
21
18320.0
31
0
0
LINE
8
interiors
10
400000.0
20
18320.0
30
0
11
400197.99
21
18402.01
31
0
0
LINE
8
interiors
10
400197.99
20
18402.01
30
0
11
400280.0
21
18600.0
31
0
0
LINE
8
electrical
10
414275.0
20
2075.0
30
0
11
414275.0
21
2325.0
31
0
0
LINE
8
electrical
10
414825.0
20
2075.0
30
0
11
414825.0
21
2325.0
31
0
0
LINE
8
electrical
10
414275.0
20
2075.0
30
0
11
414825.0
21
2075.0
31
0
0
LINE
8
electrical
10
414275.0
20
2325.0
30
0
11
414825.0
21
2325.0
31
0
0
LINE
8
electrical
10
414315.0
20
2047.5
30
0
11
414315.0
21
2082.5
31
0
0
LINE
8
electrical
10
414785.0
20
2047.5
30
0
11
414785.0
21
2082.5
31
0
0
LINE
8
electrical
10
414315.0
20
2047.5
30
0
11
414785.0
21
2047.5
31
0
0
LINE
8
electrical
10
414315.0
20
2082.5
30
0
11
414785.0
21
2082.5
31
0
0
LINE
8
electrical
10
414362.5
20
2010.0
30
0
11
414362.5
21
2050.0
31
0
0
LINE
8
electrical
10
414462.5
20
2010.0
30
0
11
414462.5
21
2050.0
31
0
0
LINE
8
electrical
10
414362.5
20
2010.0
30
0
11
414462.5
21
2010.0
31
0
0
LINE
8
electrical
10
414362.5
20
2050.0
30
0
11
414462.5
21
2050.0
31
0
0
LINE
8
electrical
10
414500.0
20
2010.0
30
0
11
414500.0
21
2050.0
31
0
0
LINE
8
electrical
10
414600.0
20
2010.0
30
0
11
414600.0
21
2050.0
31
0
0
LINE
8
electrical
10
414500.0
20
2010.0
30
0
11
414600.0
21
2010.0
31
0
0
LINE
8
electrical
10
414500.0
20
2050.0
30
0
11
414600.0
21
2050.0
31
0
0
LINE
8
electrical
10
414637.5
20
2010.0
30
0
11
414637.5
21
2050.0
31
0
0
LINE
8
electrical
10
414737.5
20
2010.0
30
0
11
414737.5
21
2050.0
31
0
0
LINE
8
electrical
10
414637.5
20
2010.0
30
0
11
414737.5
21
2010.0
31
0
0
LINE
8
electrical
10
414637.5
20
2050.0
30
0
11
414737.5
21
2050.0
31
0
0
LINE
8
electrical
10
414412.5
20
1995.0
30
0
11
414435.88
21
1995.0
31
0
0
LINE
8
electrical
10
414435.88
20
1995.0
30
0
11
414389.12
21
1995.0
31
0
0
LINE
8
electrical
10
414389.12
20
1995.0
30
0
11
414412.5
21
1995.0
31
0
0
LINE
8
electrical
10
414412.5
20
2020.0
30
0
11
414412.5
21
1995.0
31
0
0
LINE
8
electrical
10
414412.5
20
2020.0
30
0
11
414435.88
21
2020.0
31
0
0
LINE
8
electrical
10
414435.88
20
2020.0
30
0
11
414389.12
21
2020.0
31
0
0
LINE
8
electrical
10
414389.12
20
2020.0
30
0
11
414412.5
21
2020.0
31
0
0
LINE
8
electrical
10
414550.0
20
1995.0
30
0
11
414573.38
21
1995.0
31
0
0
LINE
8
electrical
10
414573.38
20
1995.0
30
0
11
414526.62
21
1995.0
31
0
0
LINE
8
electrical
10
414526.62
20
1995.0
30
0
11
414550.0
21
1995.0
31
0
0
LINE
8
electrical
10
414550.0
20
2020.0
30
0
11
414550.0
21
1995.0
31
0
0
LINE
8
electrical
10
414550.0
20
2020.0
30
0
11
414573.38
21
2020.0
31
0
0
LINE
8
electrical
10
414573.38
20
2020.0
30
0
11
414526.62
21
2020.0
31
0
0
LINE
8
electrical
10
414526.62
20
2020.0
30
0
11
414550.0
21
2020.0
31
0
0
LINE
8
electrical
10
414687.5
20
1995.0
30
0
11
414710.88
21
1995.0
31
0
0
LINE
8
electrical
10
414710.88
20
1995.0
30
0
11
414664.12
21
1995.0
31
0
0
LINE
8
electrical
10
414664.12
20
1995.0
30
0
11
414687.5
21
1995.0
31
0
0
LINE
8
electrical
10
414687.5
20
2020.0
30
0
11
414687.5
21
1995.0
31
0
0
LINE
8
electrical
10
414687.5
20
2020.0
30
0
11
414710.88
21
2020.0
31
0
0
LINE
8
electrical
10
414710.88
20
2020.0
30
0
11
414664.12
21
2020.0
31
0
0
LINE
8
electrical
10
414664.12
20
2020.0
30
0
11
414687.5
21
2020.0
31
0
0
LINE
8
electrical
10
414550.0
20
2200.0
30
0
11
414565.59
21
2200.0
31
0
0
LINE
8
electrical
10
414565.59
20
2200.0
30
0
11
414534.41
21
2200.0
31
0
0
LINE
8
electrical
10
414534.41
20
2200.0
30
0
11
414550.0
21
2200.0
31
0
0
LINE
8
electrical
10
414550.0
20
-62300.0
30
0
11
414550.0
21
2200.0
31
0
0
LINE
8
electrical
10
414550.0
20
-62300.0
30
0
11
414565.59
21
-62300.0
31
0
0
LINE
8
electrical
10
414565.59
20
-62300.0
30
0
11
414534.41
21
-62300.0
31
0
0
LINE
8
electrical
10
414534.41
20
-62300.0
30
0
11
414550.0
21
-62300.0
31
0
0
LINE
8
electrical
10
414532.0
20
2200.0
30
0
11
414559.0
21
2215.59
31
0
0
LINE
8
electrical
10
414559.0
20
2215.59
30
0
11
414559.0
21
2184.41
31
0
0
LINE
8
electrical
10
414559.0
20
2184.41
30
0
11
414532.0
21
2200.0
31
0
0
LINE
8
electrical
10
414550.0
20
2200.0
30
0
11
414569.44
21
2200.0
31
0
0
LINE
8
electrical
10
414569.44
20
2200.0
30
0
11
414550.0
21
2200.0
31
0
0
LINE
8
lighting
10
388880.0
20
4880.0
30
0
11
388880.0
21
5520.0
31
0
0
LINE
8
lighting
10
389520.0
20
4880.0
30
0
11
389520.0
21
5520.0
31
0
0
LINE
8
lighting
10
388880.0
20
4880.0
30
0
11
389520.0
21
4880.0
31
0
0
LINE
8
lighting
10
388880.0
20
5520.0
30
0
11
389520.0
21
5520.0
31
0
0
LINE
8
lighting
10
388920.0
20
4920.0
30
0
11
388920.0
21
5480.0
31
0
0
LINE
8
lighting
10
389480.0
20
4920.0
30
0
11
389480.0
21
5480.0
31
0
0
LINE
8
lighting
10
388920.0
20
4920.0
30
0
11
389480.0
21
4920.0
31
0
0
LINE
8
lighting
10
388920.0
20
5480.0
30
0
11
389480.0
21
5480.0
31
0
0
LINE
8
lighting
10
388954.0
20
4930.0
30
0
11
388954.0
21
5470.0
31
0
0
LINE
8
lighting
10
388966.0
20
4930.0
30
0
11
388966.0
21
5470.0
31
0
0
LINE
8
lighting
10
388954.0
20
4930.0
30
0
11
388966.0
21
4930.0
31
0
0
LINE
8
lighting
10
388954.0
20
5470.0
30
0
11
388966.0
21
5470.0
31
0
0
LINE
8
lighting
10
389034.0
20
4930.0
30
0
11
389034.0
21
5470.0
31
0
0
LINE
8
lighting
10
389046.0
20
4930.0
30
0
11
389046.0
21
5470.0
31
0
0
LINE
8
lighting
10
389034.0
20
4930.0
30
0
11
389046.0
21
4930.0
31
0
0
LINE
8
lighting
10
389034.0
20
5470.0
30
0
11
389046.0
21
5470.0
31
0
0
LINE
8
lighting
10
389114.0
20
4930.0
30
0
11
389114.0
21
5470.0
31
0
0
LINE
8
lighting
10
389126.0
20
4930.0
30
0
11
389126.0
21
5470.0
31
0
0
LINE
8
lighting
10
389114.0
20
4930.0
30
0
11
389126.0
21
4930.0
31
0
0
LINE
8
lighting
10
389114.0
20
5470.0
30
0
11
389126.0
21
5470.0
31
0
0
LINE
8
lighting
10
389194.0
20
4930.0
30
0
11
389194.0
21
5470.0
31
0
0
LINE
8
lighting
10
389206.0
20
4930.0
30
0
11
389206.0
21
5470.0
31
0
0
LINE
8
lighting
10
389194.0
20
4930.0
30
0
11
389206.0
21
4930.0
31
0
0
LINE
8
lighting
10
389194.0
20
5470.0
30
0
11
389206.0
21
5470.0
31
0
0
LINE
8
lighting
10
389274.0
20
4930.0
30
0
11
389274.0
21
5470.0
31
0
0
LINE
8
lighting
10
389286.0
20
4930.0
30
0
11
389286.0
21
5470.0
31
0
0
LINE
8
lighting
10
389274.0
20
4930.0
30
0
11
389286.0
21
4930.0
31
0
0
LINE
8
lighting
10
389274.0
20
5470.0
30
0
11
389286.0
21
5470.0
31
0
0
LINE
8
lighting
10
389354.0
20
4930.0
30
0
11
389354.0
21
5470.0
31
0
0
LINE
8
lighting
10
389366.0
20
4930.0
30
0
11
389366.0
21
5470.0
31
0
0
LINE
8
lighting
10
389354.0
20
4930.0
30
0
11
389366.0
21
4930.0
31
0
0
LINE
8
lighting
10
389354.0
20
5470.0
30
0
11
389366.0
21
5470.0
31
0
0
LINE
8
lighting
10
389434.0
20
4930.0
30
0
11
389434.0
21
5470.0
31
0
0
LINE
8
lighting
10
389446.0
20
4930.0
30
0
11
389446.0
21
5470.0
31
0
0
LINE
8
lighting
10
389434.0
20
4930.0
30
0
11
389446.0
21
4930.0
31
0
0
LINE
8
lighting
10
389434.0
20
5470.0
30
0
11
389446.0
21
5470.0
31
0
0
LINE
8
lighting
10
389209.0
20
5200.0
30
0
11
389195.5
21
5207.79
31
0
0
LINE
8
lighting
10
389195.5
20
5207.79
30
0
11
389195.5
21
5192.21
31
0
0
LINE
8
lighting
10
389195.5
20
5192.21
30
0
11
389209.0
21
5200.0
31
0
0
LINE
8
lighting
10
410480.0
20
4880.0
30
0
11
410480.0
21
5520.0
31
0
0
LINE
8
lighting
10
411120.0
20
4880.0
30
0
11
411120.0
21
5520.0
31
0
0
LINE
8
lighting
10
410480.0
20
4880.0
30
0
11
411120.0
21
4880.0
31
0
0
LINE
8
lighting
10
410480.0
20
5520.0
30
0
11
411120.0
21
5520.0
31
0
0
LINE
8
lighting
10
410520.0
20
4920.0
30
0
11
410520.0
21
5480.0
31
0
0
LINE
8
lighting
10
411080.0
20
4920.0
30
0
11
411080.0
21
5480.0
31
0
0
LINE
8
lighting
10
410520.0
20
4920.0
30
0
11
411080.0
21
4920.0
31
0
0
LINE
8
lighting
10
410520.0
20
5480.0
30
0
11
411080.0
21
5480.0
31
0
0
LINE
8
lighting
10
410554.0
20
4930.0
30
0
11
410554.0
21
5470.0
31
0
0
LINE
8
lighting
10
410566.0
20
4930.0
30
0
11
410566.0
21
5470.0
31
0
0
LINE
8
lighting
10
410554.0
20
4930.0
30
0
11
410566.0
21
4930.0
31
0
0
LINE
8
lighting
10
410554.0
20
5470.0
30
0
11
410566.0
21
5470.0
31
0
0
LINE
8
lighting
10
410634.0
20
4930.0
30
0
11
410634.0
21
5470.0
31
0
0
LINE
8
lighting
10
410646.0
20
4930.0
30
0
11
410646.0
21
5470.0
31
0
0
LINE
8
lighting
10
410634.0
20
4930.0
30
0
11
410646.0
21
4930.0
31
0
0
LINE
8
lighting
10
410634.0
20
5470.0
30
0
11
410646.0
21
5470.0
31
0
0
LINE
8
lighting
10
410714.0
20
4930.0
30
0
11
410714.0
21
5470.0
31
0
0
LINE
8
lighting
10
410726.0
20
4930.0
30
0
11
410726.0
21
5470.0
31
0
0
LINE
8
lighting
10
410714.0
20
4930.0
30
0
11
410726.0
21
4930.0
31
0
0
LINE
8
lighting
10
410714.0
20
5470.0
30
0
11
410726.0
21
5470.0
31
0
0
LINE
8
lighting
10
410794.0
20
4930.0
30
0
11
410794.0
21
5470.0
31
0
0
LINE
8
lighting
10
410806.0
20
4930.0
30
0
11
410806.0
21
5470.0
31
0
0
LINE
8
lighting
10
410794.0
20
4930.0
30
0
11
410806.0
21
4930.0
31
0
0
LINE
8
lighting
10
410794.0
20
5470.0
30
0
11
410806.0
21
5470.0
31
0
0
LINE
8
lighting
10
410874.0
20
4930.0
30
0
11
410874.0
21
5470.0
31
0
0
LINE
8
lighting
10
410886.0
20
4930.0
30
0
11
410886.0
21
5470.0
31
0
0
LINE
8
lighting
10
410874.0
20
4930.0
30
0
11
410886.0
21
4930.0
31
0
0
LINE
8
lighting
10
410874.0
20
5470.0
30
0
11
410886.0
21
5470.0
31
0
0
LINE
8
lighting
10
410954.0
20
4930.0
30
0
11
410954.0
21
5470.0
31
0
0
LINE
8
lighting
10
410966.0
20
4930.0
30
0
11
410966.0
21
5470.0
31
0
0
LINE
8
lighting
10
410954.0
20
4930.0
30
0
11
410966.0
21
4930.0
31
0
0
LINE
8
lighting
10
410954.0
20
5470.0
30
0
11
410966.0
21
5470.0
31
0
0
LINE
8
lighting
10
411034.0
20
4930.0
30
0
11
411034.0
21
5470.0
31
0
0
LINE
8
lighting
10
411046.0
20
4930.0
30
0
11
411046.0
21
5470.0
31
0
0
LINE
8
lighting
10
411034.0
20
4930.0
30
0
11
411046.0
21
4930.0
31
0
0
LINE
8
lighting
10
411034.0
20
5470.0
30
0
11
411046.0
21
5470.0
31
0
0
LINE
8
lighting
10
410809.0
20
5200.0
30
0
11
410795.5
21
5207.79
31
0
0
LINE
8
lighting
10
410795.5
20
5207.79
30
0
11
410795.5
21
5192.21
31
0
0
LINE
8
lighting
10
410795.5
20
5192.21
30
0
11
410809.0
21
5200.0
31
0
0
LINE
8
lighting
10
399680.0
20
4880.0
30
0
11
399680.0
21
5520.0
31
0
0
LINE
8
lighting
10
400320.0
20
4880.0
30
0
11
400320.0
21
5520.0
31
0
0
LINE
8
lighting
10
399680.0
20
4880.0
30
0
11
400320.0
21
4880.0
31
0
0
LINE
8
lighting
10
399680.0
20
5520.0
30
0
11
400320.0
21
5520.0
31
0
0
LINE
8
lighting
10
399720.0
20
4920.0
30
0
11
399720.0
21
5480.0
31
0
0
LINE
8
lighting
10
400280.0
20
4920.0
30
0
11
400280.0
21
5480.0
31
0
0
LINE
8
lighting
10
399720.0
20
4920.0
30
0
11
400280.0
21
4920.0
31
0
0
LINE
8
lighting
10
399720.0
20
5480.0
30
0
11
400280.0
21
5480.0
31
0
0
LINE
8
lighting
10
399754.0
20
4930.0
30
0
11
399754.0
21
5470.0
31
0
0
LINE
8
lighting
10
399766.0
20
4930.0
30
0
11
399766.0
21
5470.0
31
0
0
LINE
8
lighting
10
399754.0
20
4930.0
30
0
11
399766.0
21
4930.0
31
0
0
LINE
8
lighting
10
399754.0
20
5470.0
30
0
11
399766.0
21
5470.0
31
0
0
LINE
8
lighting
10
399834.0
20
4930.0
30
0
11
399834.0
21
5470.0
31
0
0
LINE
8
lighting
10
399846.0
20
4930.0
30
0
11
399846.0
21
5470.0
31
0
0
LINE
8
lighting
10
399834.0
20
4930.0
30
0
11
399846.0
21
4930.0
31
0
0
LINE
8
lighting
10
399834.0
20
5470.0
30
0
11
399846.0
21
5470.0
31
0
0
LINE
8
lighting
10
399914.0
20
4930.0
30
0
11
399914.0
21
5470.0
31
0
0
LINE
8
lighting
10
399926.0
20
4930.0
30
0
11
399926.0
21
5470.0
31
0
0
LINE
8
lighting
10
399914.0
20
4930.0
30
0
11
399926.0
21
4930.0
31
0
0
LINE
8
lighting
10
399914.0
20
5470.0
30
0
11
399926.0
21
5470.0
31
0
0
LINE
8
lighting
10
399994.0
20
4930.0
30
0
11
399994.0
21
5470.0
31
0
0
LINE
8
lighting
10
400006.0
20
4930.0
30
0
11
400006.0
21
5470.0
31
0
0
LINE
8
lighting
10
399994.0
20
4930.0
30
0
11
400006.0
21
4930.0
31
0
0
LINE
8
lighting
10
399994.0
20
5470.0
30
0
11
400006.0
21
5470.0
31
0
0
LINE
8
lighting
10
400074.0
20
4930.0
30
0
11
400074.0
21
5470.0
31
0
0
LINE
8
lighting
10
400086.0
20
4930.0
30
0
11
400086.0
21
5470.0
31
0
0
LINE
8
lighting
10
400074.0
20
4930.0
30
0
11
400086.0
21
4930.0
31
0
0
LINE
8
lighting
10
400074.0
20
5470.0
30
0
11
400086.0
21
5470.0
31
0
0
LINE
8
lighting
10
400154.0
20
4930.0
30
0
11
400154.0
21
5470.0
31
0
0
LINE
8
lighting
10
400166.0
20
4930.0
30
0
11
400166.0
21
5470.0
31
0
0
LINE
8
lighting
10
400154.0
20
4930.0
30
0
11
400166.0
21
4930.0
31
0
0
LINE
8
lighting
10
400154.0
20
5470.0
30
0
11
400166.0
21
5470.0
31
0
0
LINE
8
lighting
10
400234.0
20
4930.0
30
0
11
400234.0
21
5470.0
31
0
0
LINE
8
lighting
10
400246.0
20
4930.0
30
0
11
400246.0
21
5470.0
31
0
0
LINE
8
lighting
10
400234.0
20
4930.0
30
0
11
400246.0
21
4930.0
31
0
0
LINE
8
lighting
10
400234.0
20
5470.0
30
0
11
400246.0
21
5470.0
31
0
0
LINE
8
lighting
10
400009.0
20
5200.0
30
0
11
399995.5
21
5207.79
31
0
0
LINE
8
lighting
10
399995.5
20
5207.79
30
0
11
399995.5
21
5192.21
31
0
0
LINE
8
lighting
10
399995.5
20
5192.21
30
0
11
400009.0
21
5200.0
31
0
0
LINE
8
lighting
10
388880.0
20
18480.0
30
0
11
388880.0
21
19120.0
31
0
0
LINE
8
lighting
10
389520.0
20
18480.0
30
0
11
389520.0
21
19120.0
31
0
0
LINE
8
lighting
10
388880.0
20
18480.0
30
0
11
389520.0
21
18480.0
31
0
0
LINE
8
lighting
10
388880.0
20
19120.0
30
0
11
389520.0
21
19120.0
31
0
0
LINE
8
lighting
10
388920.0
20
18520.0
30
0
11
388920.0
21
19080.0
31
0
0
LINE
8
lighting
10
389480.0
20
18520.0
30
0
11
389480.0
21
19080.0
31
0
0
LINE
8
lighting
10
388920.0
20
18520.0
30
0
11
389480.0
21
18520.0
31
0
0
LINE
8
lighting
10
388920.0
20
19080.0
30
0
11
389480.0
21
19080.0
31
0
0
LINE
8
lighting
10
388954.0
20
18530.0
30
0
11
388954.0
21
19070.0
31
0
0
LINE
8
lighting
10
388966.0
20
18530.0
30
0
11
388966.0
21
19070.0
31
0
0
LINE
8
lighting
10
388954.0
20
18530.0
30
0
11
388966.0
21
18530.0
31
0
0
LINE
8
lighting
10
388954.0
20
19070.0
30
0
11
388966.0
21
19070.0
31
0
0
LINE
8
lighting
10
389034.0
20
18530.0
30
0
11
389034.0
21
19070.0
31
0
0
LINE
8
lighting
10
389046.0
20
18530.0
30
0
11
389046.0
21
19070.0
31
0
0
LINE
8
lighting
10
389034.0
20
18530.0
30
0
11
389046.0
21
18530.0
31
0
0
LINE
8
lighting
10
389034.0
20
19070.0
30
0
11
389046.0
21
19070.0
31
0
0
LINE
8
lighting
10
389114.0
20
18530.0
30
0
11
389114.0
21
19070.0
31
0
0
LINE
8
lighting
10
389126.0
20
18530.0
30
0
11
389126.0
21
19070.0
31
0
0
LINE
8
lighting
10
389114.0
20
18530.0
30
0
11
389126.0
21
18530.0
31
0
0
LINE
8
lighting
10
389114.0
20
19070.0
30
0
11
389126.0
21
19070.0
31
0
0
LINE
8
lighting
10
389194.0
20
18530.0
30
0
11
389194.0
21
19070.0
31
0
0
LINE
8
lighting
10
389206.0
20
18530.0
30
0
11
389206.0
21
19070.0
31
0
0
LINE
8
lighting
10
389194.0
20
18530.0
30
0
11
389206.0
21
18530.0
31
0
0
LINE
8
lighting
10
389194.0
20
19070.0
30
0
11
389206.0
21
19070.0
31
0
0
LINE
8
lighting
10
389274.0
20
18530.0
30
0
11
389274.0
21
19070.0
31
0
0
LINE
8
lighting
10
389286.0
20
18530.0
30
0
11
389286.0
21
19070.0
31
0
0
LINE
8
lighting
10
389274.0
20
18530.0
30
0
11
389286.0
21
18530.0
31
0
0
LINE
8
lighting
10
389274.0
20
19070.0
30
0
11
389286.0
21
19070.0
31
0
0
LINE
8
lighting
10
389354.0
20
18530.0
30
0
11
389354.0
21
19070.0
31
0
0
LINE
8
lighting
10
389366.0
20
18530.0
30
0
11
389366.0
21
19070.0
31
0
0
LINE
8
lighting
10
389354.0
20
18530.0
30
0
11
389366.0
21
18530.0
31
0
0
LINE
8
lighting
10
389354.0
20
19070.0
30
0
11
389366.0
21
19070.0
31
0
0
LINE
8
lighting
10
389434.0
20
18530.0
30
0
11
389434.0
21
19070.0
31
0
0
LINE
8
lighting
10
389446.0
20
18530.0
30
0
11
389446.0
21
19070.0
31
0
0
LINE
8
lighting
10
389434.0
20
18530.0
30
0
11
389446.0
21
18530.0
31
0
0
LINE
8
lighting
10
389434.0
20
19070.0
30
0
11
389446.0
21
19070.0
31
0
0
LINE
8
lighting
10
389209.0
20
18800.0
30
0
11
389195.5
21
18807.79
31
0
0
LINE
8
lighting
10
389195.5
20
18807.79
30
0
11
389195.5
21
18792.21
31
0
0
LINE
8
lighting
10
389195.5
20
18792.21
30
0
11
389209.0
21
18800.0
31
0
0
LINE
8
lighting
10
410480.0
20
18480.0
30
0
11
410480.0
21
19120.0
31
0
0
LINE
8
lighting
10
411120.0
20
18480.0
30
0
11
411120.0
21
19120.0
31
0
0
LINE
8
lighting
10
410480.0
20
18480.0
30
0
11
411120.0
21
18480.0
31
0
0
LINE
8
lighting
10
410480.0
20
19120.0
30
0
11
411120.0
21
19120.0
31
0
0
LINE
8
lighting
10
410520.0
20
18520.0
30
0
11
410520.0
21
19080.0
31
0
0
LINE
8
lighting
10
411080.0
20
18520.0
30
0
11
411080.0
21
19080.0
31
0
0
LINE
8
lighting
10
410520.0
20
18520.0
30
0
11
411080.0
21
18520.0
31
0
0
LINE
8
lighting
10
410520.0
20
19080.0
30
0
11
411080.0
21
19080.0
31
0
0
LINE
8
lighting
10
410554.0
20
18530.0
30
0
11
410554.0
21
19070.0
31
0
0
LINE
8
lighting
10
410566.0
20
18530.0
30
0
11
410566.0
21
19070.0
31
0
0
LINE
8
lighting
10
410554.0
20
18530.0
30
0
11
410566.0
21
18530.0
31
0
0
LINE
8
lighting
10
410554.0
20
19070.0
30
0
11
410566.0
21
19070.0
31
0
0
LINE
8
lighting
10
410634.0
20
18530.0
30
0
11
410634.0
21
19070.0
31
0
0
LINE
8
lighting
10
410646.0
20
18530.0
30
0
11
410646.0
21
19070.0
31
0
0
LINE
8
lighting
10
410634.0
20
18530.0
30
0
11
410646.0
21
18530.0
31
0
0
LINE
8
lighting
10
410634.0
20
19070.0
30
0
11
410646.0
21
19070.0
31
0
0
LINE
8
lighting
10
410714.0
20
18530.0
30
0
11
410714.0
21
19070.0
31
0
0
LINE
8
lighting
10
410726.0
20
18530.0
30
0
11
410726.0
21
19070.0
31
0
0
LINE
8
lighting
10
410714.0
20
18530.0
30
0
11
410726.0
21
18530.0
31
0
0
LINE
8
lighting
10
410714.0
20
19070.0
30
0
11
410726.0
21
19070.0
31
0
0
LINE
8
lighting
10
410794.0
20
18530.0
30
0
11
410794.0
21
19070.0
31
0
0
LINE
8
lighting
10
410806.0
20
18530.0
30
0
11
410806.0
21
19070.0
31
0
0
LINE
8
lighting
10
410794.0
20
18530.0
30
0
11
410806.0
21
18530.0
31
0
0
LINE
8
lighting
10
410794.0
20
19070.0
30
0
11
410806.0
21
19070.0
31
0
0
LINE
8
lighting
10
410874.0
20
18530.0
30
0
11
410874.0
21
19070.0
31
0
0
LINE
8
lighting
10
410886.0
20
18530.0
30
0
11
410886.0
21
19070.0
31
0
0
LINE
8
lighting
10
410874.0
20
18530.0
30
0
11
410886.0
21
18530.0
31
0
0
LINE
8
lighting
10
410874.0
20
19070.0
30
0
11
410886.0
21
19070.0
31
0
0
LINE
8
lighting
10
410954.0
20
18530.0
30
0
11
410954.0
21
19070.0
31
0
0
LINE
8
lighting
10
410966.0
20
18530.0
30
0
11
410966.0
21
19070.0
31
0
0
LINE
8
lighting
10
410954.0
20
18530.0
30
0
11
410966.0
21
18530.0
31
0
0
LINE
8
lighting
10
410954.0
20
19070.0
30
0
11
410966.0
21
19070.0
31
0
0
LINE
8
lighting
10
411034.0
20
18530.0
30
0
11
411034.0
21
19070.0
31
0
0
LINE
8
lighting
10
411046.0
20
18530.0
30
0
11
411046.0
21
19070.0
31
0
0
LINE
8
lighting
10
411034.0
20
18530.0
30
0
11
411046.0
21
18530.0
31
0
0
LINE
8
lighting
10
411034.0
20
19070.0
30
0
11
411046.0
21
19070.0
31
0
0
LINE
8
lighting
10
410809.0
20
18800.0
30
0
11
410795.5
21
18807.79
31
0
0
LINE
8
lighting
10
410795.5
20
18807.79
30
0
11
410795.5
21
18792.21
31
0
0
LINE
8
lighting
10
410795.5
20
18792.21
30
0
11
410809.0
21
18800.0
31
0
0
LINE
8
lighting
10
399680.0
20
18480.0
30
0
11
399680.0
21
19120.0
31
0
0
LINE
8
lighting
10
400320.0
20
18480.0
30
0
11
400320.0
21
19120.0
31
0
0
LINE
8
lighting
10
399680.0
20
18480.0
30
0
11
400320.0
21
18480.0
31
0
0
LINE
8
lighting
10
399680.0
20
19120.0
30
0
11
400320.0
21
19120.0
31
0
0
LINE
8
lighting
10
399720.0
20
18520.0
30
0
11
399720.0
21
19080.0
31
0
0
LINE
8
lighting
10
400280.0
20
18520.0
30
0
11
400280.0
21
19080.0
31
0
0
LINE
8
lighting
10
399720.0
20
18520.0
30
0
11
400280.0
21
18520.0
31
0
0
LINE
8
lighting
10
399720.0
20
19080.0
30
0
11
400280.0
21
19080.0
31
0
0
LINE
8
lighting
10
399754.0
20
18530.0
30
0
11
399754.0
21
19070.0
31
0
0
LINE
8
lighting
10
399766.0
20
18530.0
30
0
11
399766.0
21
19070.0
31
0
0
LINE
8
lighting
10
399754.0
20
18530.0
30
0
11
399766.0
21
18530.0
31
0
0
LINE
8
lighting
10
399754.0
20
19070.0
30
0
11
399766.0
21
19070.0
31
0
0
LINE
8
lighting
10
399834.0
20
18530.0
30
0
11
399834.0
21
19070.0
31
0
0
LINE
8
lighting
10
399846.0
20
18530.0
30
0
11
399846.0
21
19070.0
31
0
0
LINE
8
lighting
10
399834.0
20
18530.0
30
0
11
399846.0
21
18530.0
31
0
0
LINE
8
lighting
10
399834.0
20
19070.0
30
0
11
399846.0
21
19070.0
31
0
0
LINE
8
lighting
10
399914.0
20
18530.0
30
0
11
399914.0
21
19070.0
31
0
0
LINE
8
lighting
10
399926.0
20
18530.0
30
0
11
399926.0
21
19070.0
31
0
0
LINE
8
lighting
10
399914.0
20
18530.0
30
0
11
399926.0
21
18530.0
31
0
0
LINE
8
lighting
10
399914.0
20
19070.0
30
0
11
399926.0
21
19070.0
31
0
0
LINE
8
lighting
10
399994.0
20
18530.0
30
0
11
399994.0
21
19070.0
31
0
0
LINE
8
lighting
10
400006.0
20
18530.0
30
0
11
400006.0
21
19070.0
31
0
0
LINE
8
lighting
10
399994.0
20
18530.0
30
0
11
400006.0
21
18530.0
31
0
0
LINE
8
lighting
10
399994.0
20
19070.0
30
0
11
400006.0
21
19070.0
31
0
0
LINE
8
lighting
10
400074.0
20
18530.0
30
0
11
400074.0
21
19070.0
31
0
0
LINE
8
lighting
10
400086.0
20
18530.0
30
0
11
400086.0
21
19070.0
31
0
0
LINE
8
lighting
10
400074.0
20
18530.0
30
0
11
400086.0
21
18530.0
31
0
0
LINE
8
lighting
10
400074.0
20
19070.0
30
0
11
400086.0
21
19070.0
31
0
0
LINE
8
lighting
10
400154.0
20
18530.0
30
0
11
400154.0
21
19070.0
31
0
0
LINE
8
lighting
10
400166.0
20
18530.0
30
0
11
400166.0
21
19070.0
31
0
0
LINE
8
lighting
10
400154.0
20
18530.0
30
0
11
400166.0
21
18530.0
31
0
0
LINE
8
lighting
10
400154.0
20
19070.0
30
0
11
400166.0
21
19070.0
31
0
0
LINE
8
lighting
10
400234.0
20
18530.0
30
0
11
400234.0
21
19070.0
31
0
0
LINE
8
lighting
10
400246.0
20
18530.0
30
0
11
400246.0
21
19070.0
31
0
0
LINE
8
lighting
10
400234.0
20
18530.0
30
0
11
400246.0
21
18530.0
31
0
0
LINE
8
lighting
10
400234.0
20
19070.0
30
0
11
400246.0
21
19070.0
31
0
0
LINE
8
lighting
10
400009.0
20
18800.0
30
0
11
399995.5
21
18807.79
31
0
0
LINE
8
lighting
10
399995.5
20
18807.79
30
0
11
399995.5
21
18792.21
31
0
0
LINE
8
lighting
10
399995.5
20
18792.21
30
0
11
400009.0
21
18800.0
31
0
0
LINE
8
electrical
10
389200.0
20
4880.0
30
0
11
389200.0
21
4872.21
31
0
0
LINE
8
electrical
10
389200.0
20
4872.21
30
0
11
389200.0
21
4887.79
31
0
0
LINE
8
electrical
10
389200.0
20
4887.79
30
0
11
389200.0
21
4880.0
31
0
0
LINE
8
electrical
10
414550.0
20
4880.0
30
0
11
389200.0
21
4880.0
31
0
0
LINE
8
electrical
10
414550.0
20
4880.0
30
0
11
414550.0
21
4872.21
31
0
0
LINE
8
electrical
10
414550.0
20
4872.21
30
0
11
414550.0
21
4887.79
31
0
0
LINE
8
electrical
10
414550.0
20
4887.79
30
0
11
414550.0
21
4880.0
31
0
0
LINE
8
electrical
10
389200.0
20
18800.0
30
0
11
389207.79
21
18800.0
31
0
0
LINE
8
electrical
10
389207.79
20
18800.0
30
0
11
389192.21
21
18800.0
31
0
0
LINE
8
electrical
10
389192.21
20
18800.0
30
0
11
389200.0
21
18800.0
31
0
0
LINE
8
electrical
10
389200.0
20
4880.0
30
0
11
389200.0
21
18800.0
31
0
0
LINE
8
electrical
10
389200.0
20
4880.0
30
0
11
389207.79
21
4880.0
31
0
0
LINE
8
electrical
10
389207.79
20
4880.0
30
0
11
389192.21
21
4880.0
31
0
0
LINE
8
electrical
10
389192.21
20
4880.0
30
0
11
389200.0
21
4880.0
31
0
0
LINE
8
electrical
10
410800.0
20
18800.0
30
0
11
410807.79
21
18800.0
31
0
0
LINE
8
electrical
10
410807.79
20
18800.0
30
0
11
410792.21
21
18800.0
31
0
0
LINE
8
electrical
10
410792.21
20
18800.0
30
0
11
410800.0
21
18800.0
31
0
0
LINE
8
electrical
10
410800.0
20
4880.0
30
0
11
410800.0
21
18800.0
31
0
0
LINE
8
electrical
10
410800.0
20
4880.0
30
0
11
410807.79
21
4880.0
31
0
0
LINE
8
electrical
10
410807.79
20
4880.0
30
0
11
410792.21
21
4880.0
31
0
0
LINE
8
electrical
10
410792.21
20
4880.0
30
0
11
410800.0
21
4880.0
31
0
0
LINE
8
electrical
10
400000.0
20
18800.0
30
0
11
400007.79
21
18800.0
31
0
0
LINE
8
electrical
10
400007.79
20
18800.0
30
0
11
399992.21
21
18800.0
31
0
0
LINE
8
electrical
10
399992.21
20
18800.0
30
0
11
400000.0
21
18800.0
31
0
0
LINE
8
electrical
10
400000.0
20
4880.0
30
0
11
400000.0
21
18800.0
31
0
0
LINE
8
electrical
10
400000.0
20
4880.0
30
0
11
400007.79
21
4880.0
31
0
0
LINE
8
electrical
10
400007.79
20
4880.0
30
0
11
399992.21
21
4880.0
31
0
0
LINE
8
electrical
10
399992.21
20
4880.0
30
0
11
400000.0
21
4880.0
31
0
0
LINE
8
electrical
10
414563.0
20
2200.0
30
0
11
414543.5
21
2211.26
31
0
0
LINE
8
electrical
10
414543.5
20
2211.26
30
0
11
414543.5
21
2188.74
31
0
0
LINE
8
electrical
10
414543.5
20
2188.74
30
0
11
414563.0
21
2200.0
31
0
0
LINE
8
electrical
10
410492.83
20
4869.16
30
0
11
410503.59
21
4885.42
31
0
0
LINE
8
electrical
10
410503.59
20
4885.42
30
0
11
410503.59
21
4885.42
31
0
0
LINE
8
electrical
10
410503.59
20
4885.42
30
0
11
410492.83
21
4869.16
31
0
0
LINE
8
electrical
10
414542.83
20
2189.16
30
0
11
410492.83
21
4869.16
31
0
0
LINE
8
electrical
10
414542.83
20
2189.16
30
0
11
414553.59
21
2205.42
31
0
0
LINE
8
electrical
10
414553.59
20
2205.42
30
0
11
414553.59
21
2205.42
31
0
0
LINE
8
electrical
10
414553.59
20
2205.42
30
0
11
414542.83
21
2189.16
31
0
0
LINE
8
electrical
10
389500.0
20
4880.0
30
0
11
389500.0
21
4868.74
31
0
0
LINE
8
electrical
10
389500.0
20
4868.74
30
0
11
389500.0
21
4891.26
31
0
0
LINE
8
electrical
10
389500.0
20
4891.26
30
0
11
389500.0
21
4880.0
31
0
0
LINE
8
electrical
10
410500.0
20
4880.0
30
0
11
389500.0
21
4880.0
31
0
0
LINE
8
electrical
10
410500.0
20
4880.0
30
0
11
410500.0
21
4868.74
31
0
0
LINE
8
electrical
10
410500.0
20
4868.74
30
0
11
410500.0
21
4891.26
31
0
0
LINE
8
electrical
10
410500.0
20
4891.26
30
0
11
410500.0
21
4880.0
31
0
0
LINE
8
electrical
10
414550.0
20
2200.0
30
0
11
414564.04
21
2200.0
31
0
0
LINE
8
electrical
10
414564.04
20
2200.0
30
0
11
414550.0
21
2200.0
31
0
0
LINE
8
electrical
10
410500.0
20
4880.0
30
0
11
410514.04
21
4880.0
31
0
0
LINE
8
electrical
10
410514.04
20
4880.0
30
0
11
410500.0
21
4880.0
31
0
0
LINE
8
electrical
10
414563.0
20
2200.0
30
0
11
414543.5
21
2211.26
31
0
0
LINE
8
electrical
10
414543.5
20
2211.26
30
0
11
414543.5
21
2188.74
31
0
0
LINE
8
electrical
10
414543.5
20
2188.74
30
0
11
414563.0
21
2200.0
31
0
0
LINE
8
electrical
10
410492.61
20
4989.31
30
0
11
410503.7
21
5005.35
31
0
0
LINE
8
electrical
10
410503.7
20
5005.35
30
0
11
410503.7
21
5005.35
31
0
0
LINE
8
electrical
10
410503.7
20
5005.35
30
0
11
410492.61
21
4989.31
31
0
0
LINE
8
electrical
10
414542.61
20
2189.31
30
0
11
410492.61
21
4989.31
31
0
0
LINE
8
electrical
10
414542.61
20
2189.31
30
0
11
414553.7
21
2205.35
31
0
0
LINE
8
electrical
10
414553.7
20
2205.35
30
0
11
414553.7
21
2205.35
31
0
0
LINE
8
electrical
10
414553.7
20
2205.35
30
0
11
414542.61
21
2189.31
31
0
0
LINE
8
electrical
10
389500.0
20
5000.0
30
0
11
389500.0
21
4988.74
31
0
0
LINE
8
electrical
10
389500.0
20
4988.74
30
0
11
389500.0
21
5011.26
31
0
0
LINE
8
electrical
10
389500.0
20
5011.26
30
0
11
389500.0
21
5000.0
31
0
0
LINE
8
electrical
10
410500.0
20
5000.0
30
0
11
389500.0
21
5000.0
31
0
0
LINE
8
electrical
10
410500.0
20
5000.0
30
0
11
410500.0
21
4988.74
31
0
0
LINE
8
electrical
10
410500.0
20
4988.74
30
0
11
410500.0
21
5011.26
31
0
0
LINE
8
electrical
10
410500.0
20
5011.26
30
0
11
410500.0
21
5000.0
31
0
0
LINE
8
electrical
10
414550.0
20
2200.0
30
0
11
414564.04
21
2200.0
31
0
0
LINE
8
electrical
10
414564.04
20
2200.0
30
0
11
414550.0
21
2200.0
31
0
0
LINE
8
electrical
10
410500.0
20
5000.0
30
0
11
410514.04
21
5000.0
31
0
0
LINE
8
electrical
10
410514.04
20
5000.0
30
0
11
410500.0
21
5000.0
31
0
0
LINE
8
electrical
10
414563.0
20
2200.0
30
0
11
414543.5
21
2211.26
31
0
0
LINE
8
electrical
10
414543.5
20
2211.26
30
0
11
414543.5
21
2188.74
31
0
0
LINE
8
electrical
10
414543.5
20
2188.74
30
0
11
414563.0
21
2200.0
31
0
0
LINE
8
electrical
10
410492.4
20
5109.45
30
0
11
410503.8
21
5125.27
31
0
0
LINE
8
electrical
10
410503.8
20
5125.27
30
0
11
410503.8
21
5125.27
31
0
0
LINE
8
electrical
10
410503.8
20
5125.27
30
0
11
410492.4
21
5109.45
31
0
0
LINE
8
electrical
10
414542.4
20
2189.45
30
0
11
410492.4
21
5109.45
31
0
0
LINE
8
electrical
10
414542.4
20
2189.45
30
0
11
414553.8
21
2205.27
31
0
0
LINE
8
electrical
10
414553.8
20
2205.27
30
0
11
414553.8
21
2205.27
31
0
0
LINE
8
electrical
10
414553.8
20
2205.27
30
0
11
414542.4
21
2189.45
31
0
0
LINE
8
electrical
10
389500.0
20
5120.0
30
0
11
389500.0
21
5108.74
31
0
0
LINE
8
electrical
10
389500.0
20
5108.74
30
0
11
389500.0
21
5131.26
31
0
0
LINE
8
electrical
10
389500.0
20
5131.26
30
0
11
389500.0
21
5120.0
31
0
0
LINE
8
electrical
10
410500.0
20
5120.0
30
0
11
389500.0
21
5120.0
31
0
0
LINE
8
electrical
10
410500.0
20
5120.0
30
0
11
410500.0
21
5108.74
31
0
0
LINE
8
electrical
10
410500.0
20
5108.74
30
0
11
410500.0
21
5131.26
31
0
0
LINE
8
electrical
10
410500.0
20
5131.26
30
0
11
410500.0
21
5120.0
31
0
0
LINE
8
electrical
10
414550.0
20
2200.0
30
0
11
414564.04
21
2200.0
31
0
0
LINE
8
electrical
10
414564.04
20
2200.0
30
0
11
414550.0
21
2200.0
31
0
0
LINE
8
electrical
10
410500.0
20
5120.0
30
0
11
410514.04
21
5120.0
31
0
0
LINE
8
electrical
10
410514.04
20
5120.0
30
0
11
410500.0
21
5120.0
31
0
0
LINE
8
electrical
10
390935.0
20
2150.0
30
0
11
390935.0
21
2210.0
31
0
0
LINE
8
electrical
10
391065.0
20
2150.0
30
0
11
391065.0
21
2210.0
31
0
0
LINE
8
electrical
10
390935.0
20
2150.0
30
0
11
391065.0
21
2150.0
31
0
0
LINE
8
electrical
10
390935.0
20
2210.0
30
0
11
391065.0
21
2210.0
31
0
0
LINE
8
electrical
10
391009.0
20
2180.0
30
0
11
390995.5
21
2187.79
31
0
0
LINE
8
electrical
10
390995.5
20
2187.79
30
0
11
390995.5
21
2172.21
31
0
0
LINE
8
electrical
10
390995.5
20
2172.21
30
0
11
391009.0
21
2180.0
31
0
0
LINE
8
electrical
10
414550.0
20
2180.0
30
0
11
414550.0
21
2172.21
31
0
0
LINE
8
electrical
10
414550.0
20
2172.21
30
0
11
414550.0
21
2187.79
31
0
0
LINE
8
electrical
10
414550.0
20
2187.79
30
0
11
414550.0
21
2180.0
31
0
0
LINE
8
electrical
10
391000.0
20
2180.0
30
0
11
414550.0
21
2180.0
31
0
0
LINE
8
electrical
10
391000.0
20
2180.0
30
0
11
391000.0
21
2172.21
31
0
0
LINE
8
electrical
10
391000.0
20
2172.21
30
0
11
391000.0
21
2187.79
31
0
0
LINE
8
electrical
10
391000.0
20
2187.79
30
0
11
391000.0
21
2180.0
31
0
0
LINE
8
electrical
10
391000.0
20
2180.0
30
0
11
391009.72
21
2180.0
31
0
0
LINE
8
electrical
10
391009.72
20
2180.0
30
0
11
391000.0
21
2180.0
31
0
0
LINE
8
electrical
10
408935.0
20
2150.0
30
0
11
408935.0
21
2210.0
31
0
0
LINE
8
electrical
10
409065.0
20
2150.0
30
0
11
409065.0
21
2210.0
31
0
0
LINE
8
electrical
10
408935.0
20
2150.0
30
0
11
409065.0
21
2150.0
31
0
0
LINE
8
electrical
10
408935.0
20
2210.0
30
0
11
409065.0
21
2210.0
31
0
0
LINE
8
electrical
10
409009.0
20
2180.0
30
0
11
408995.5
21
2187.79
31
0
0
LINE
8
electrical
10
408995.5
20
2187.79
30
0
11
408995.5
21
2172.21
31
0
0
LINE
8
electrical
10
408995.5
20
2172.21
30
0
11
409009.0
21
2180.0
31
0
0
LINE
8
electrical
10
414550.0
20
2180.0
30
0
11
414550.0
21
2172.21
31
0
0
LINE
8
electrical
10
414550.0
20
2172.21
30
0
11
414550.0
21
2187.79
31
0
0
LINE
8
electrical
10
414550.0
20
2187.79
30
0
11
414550.0
21
2180.0
31
0
0
LINE
8
electrical
10
409000.0
20
2180.0
30
0
11
414550.0
21
2180.0
31
0
0
LINE
8
electrical
10
409000.0
20
2180.0
30
0
11
409000.0
21
2172.21
31
0
0
LINE
8
electrical
10
409000.0
20
2172.21
30
0
11
409000.0
21
2187.79
31
0
0
LINE
8
electrical
10
409000.0
20
2187.79
30
0
11
409000.0
21
2180.0
31
0
0
LINE
8
electrical
10
409000.0
20
2180.0
30
0
11
409009.72
21
2180.0
31
0
0
LINE
8
electrical
10
409009.72
20
2180.0
30
0
11
409000.0
21
2180.0
31
0
0
LINE
8
hvac
10
385475.0
20
2725.0
30
0
11
385475.0
21
3475.0
31
0
0
LINE
8
hvac
10
387125.0
20
2725.0
30
0
11
387125.0
21
3475.0
31
0
0
LINE
8
hvac
10
385475.0
20
2725.0
30
0
11
387125.0
21
2725.0
31
0
0
LINE
8
hvac
10
385475.0
20
3475.0
30
0
11
387125.0
21
3475.0
31
0
0
LINE
8
hvac
10
385575.0
20
2680.0
30
0
11
385575.0
21
2720.0
31
0
0
LINE
8
hvac
10
387025.0
20
2680.0
30
0
11
387025.0
21
2720.0
31
0
0
LINE
8
hvac
10
385575.0
20
2680.0
30
0
11
387025.0
21
2680.0
31
0
0
LINE
8
hvac
10
385575.0
20
2720.0
30
0
11
387025.0
21
2720.0
31
0
0
LINE
8
hvac
10
385640.0
20
2640.0
30
0
11
385640.0
21
2700.0
31
0
0
LINE
8
hvac
10
385680.0
20
2640.0
30
0
11
385680.0
21
2700.0
31
0
0
LINE
8
hvac
10
385640.0
20
2640.0
30
0
11
385680.0
21
2640.0
31
0
0
LINE
8
hvac
10
385640.0
20
2700.0
30
0
11
385680.0
21
2700.0
31
0
0
LINE
8
hvac
10
385800.0
20
2640.0
30
0
11
385800.0
21
2700.0
31
0
0
LINE
8
hvac
10
385840.0
20
2640.0
30
0
11
385840.0
21
2700.0
31
0
0
LINE
8
hvac
10
385800.0
20
2640.0
30
0
11
385840.0
21
2640.0
31
0
0
LINE
8
hvac
10
385800.0
20
2700.0
30
0
11
385840.0
21
2700.0
31
0
0
LINE
8
hvac
10
385960.0
20
2640.0
30
0
11
385960.0
21
2700.0
31
0
0
LINE
8
hvac
10
386000.0
20
2640.0
30
0
11
386000.0
21
2700.0
31
0
0
LINE
8
hvac
10
385960.0
20
2640.0
30
0
11
386000.0
21
2640.0
31
0
0
LINE
8
hvac
10
385960.0
20
2700.0
30
0
11
386000.0
21
2700.0
31
0
0
LINE
8
hvac
10
386120.0
20
2640.0
30
0
11
386120.0
21
2700.0
31
0
0
LINE
8
hvac
10
386160.0
20
2640.0
30
0
11
386160.0
21
2700.0
31
0
0
LINE
8
hvac
10
386120.0
20
2640.0
30
0
11
386160.0
21
2640.0
31
0
0
LINE
8
hvac
10
386120.0
20
2700.0
30
0
11
386160.0
21
2700.0
31
0
0
LINE
8
hvac
10
386280.0
20
2640.0
30
0
11
386280.0
21
2700.0
31
0
0
LINE
8
hvac
10
386320.0
20
2640.0
30
0
11
386320.0
21
2700.0
31
0
0
LINE
8
hvac
10
386280.0
20
2640.0
30
0
11
386320.0
21
2640.0
31
0
0
LINE
8
hvac
10
386280.0
20
2700.0
30
0
11
386320.0
21
2700.0
31
0
0
LINE
8
hvac
10
386440.0
20
2640.0
30
0
11
386440.0
21
2700.0
31
0
0
LINE
8
hvac
10
386480.0
20
2640.0
30
0
11
386480.0
21
2700.0
31
0
0
LINE
8
hvac
10
386440.0
20
2640.0
30
0
11
386480.0
21
2640.0
31
0
0
LINE
8
hvac
10
386440.0
20
2700.0
30
0
11
386480.0
21
2700.0
31
0
0
LINE
8
hvac
10
386600.0
20
2640.0
30
0
11
386600.0
21
2700.0
31
0
0
LINE
8
hvac
10
386640.0
20
2640.0
30
0
11
386640.0
21
2700.0
31
0
0
LINE
8
hvac
10
386600.0
20
2640.0
30
0
11
386640.0
21
2640.0
31
0
0
LINE
8
hvac
10
386600.0
20
2700.0
30
0
11
386640.0
21
2700.0
31
0
0
LINE
8
hvac
10
386760.0
20
2640.0
30
0
11
386760.0
21
2700.0
31
0
0
LINE
8
hvac
10
386800.0
20
2640.0
30
0
11
386800.0
21
2700.0
31
0
0
LINE
8
hvac
10
386760.0
20
2640.0
30
0
11
386800.0
21
2640.0
31
0
0
LINE
8
hvac
10
386760.0
20
2700.0
30
0
11
386800.0
21
2700.0
31
0
0
LINE
8
hvac
10
386920.0
20
2640.0
30
0
11
386920.0
21
2700.0
31
0
0
LINE
8
hvac
10
386960.0
20
2640.0
30
0
11
386960.0
21
2700.0
31
0
0
LINE
8
hvac
10
386920.0
20
2640.0
30
0
11
386960.0
21
2640.0
31
0
0
LINE
8
hvac
10
386920.0
20
2700.0
30
0
11
386960.0
21
2700.0
31
0
0
LINE
8
hvac
10
386075.0
20
2875.0
30
0
11
386075.0
21
3325.0
31
0
0
LINE
8
hvac
10
386525.0
20
2875.0
30
0
11
386525.0
21
3325.0
31
0
0
LINE
8
hvac
10
386075.0
20
2875.0
30
0
11
386525.0
21
2875.0
31
0
0
LINE
8
hvac
10
386075.0
20
3325.0
30
0
11
386525.0
21
3325.0
31
0
0
LINE
8
hvac
10
389500.0
20
11825.0
30
0
11
389500.0
21
12175.0
31
0
0
LINE
8
hvac
10
410500.0
20
11825.0
30
0
11
410500.0
21
12175.0
31
0
0
LINE
8
hvac
10
389500.0
20
11825.0
30
0
11
410500.0
21
11825.0
31
0
0
LINE
8
hvac
10
389500.0
20
12175.0
30
0
11
410500.0
21
12175.0
31
0
0
LINE
8
hvac
10
386125.0
20
2925.0
30
0
11
386125.0
21
3275.0
31
0
0
LINE
8
hvac
10
400175.0
20
2925.0
30
0
11
400175.0
21
3275.0
31
0
0
LINE
8
hvac
10
386125.0
20
2925.0
30
0
11
400175.0
21
2925.0
31
0
0
LINE
8
hvac
10
386125.0
20
3275.0
30
0
11
400175.0
21
3275.0
31
0
0
LINE
8
hvac
10
399825.0
20
2925.0
30
0
11
399825.0
21
12175.0
31
0
0
LINE
8
hvac
10
400175.0
20
2925.0
30
0
11
400175.0
21
12175.0
31
0
0
LINE
8
hvac
10
399825.0
20
2925.0
30
0
11
400175.0
21
2925.0
31
0
0
LINE
8
hvac
10
399825.0
20
12175.0
30
0
11
400175.0
21
12175.0
31
0
0
LINE
8
hvac
10
393650.0
20
11650.0
30
0
11
393650.0
21
12350.0
31
0
0
LINE
8
hvac
10
394350.0
20
11650.0
30
0
11
394350.0
21
12350.0
31
0
0
LINE
8
hvac
10
393650.0
20
11650.0
30
0
11
394350.0
21
11650.0
31
0
0
LINE
8
hvac
10
393650.0
20
12350.0
30
0
11
394350.0
21
12350.0
31
0
0
LINE
8
hvac
10
405650.0
20
11650.0
30
0
11
405650.0
21
12350.0
31
0
0
LINE
8
hvac
10
406350.0
20
11650.0
30
0
11
406350.0
21
12350.0
31
0
0
LINE
8
hvac
10
405650.0
20
11650.0
30
0
11
406350.0
21
11650.0
31
0
0
LINE
8
hvac
10
405650.0
20
12350.0
30
0
11
406350.0
21
12350.0
31
0
0
LINE
8
water
10
398940.0
20
2400.0
30
0
11
398940.0
21
2325.0
31
0
0
LINE
8
water
10
398940.0
20
2325.0
30
0
11
398940.0
21
2400.0
31
0
0
LINE
8
water
10
398940.0
20
2400.0
30
0
11
398940.0
21
2475.0
31
0
0
LINE
8
water
10
398940.0
20
2475.0
30
0
11
398940.0
21
2400.0
31
0
0
LINE
8
water
10
398540.0
20
2400.0
30
0
11
398940.0
21
2400.0
31
0
0
LINE
8
water
10
398540.0
20
2400.0
30
0
11
398540.0
21
2325.0
31
0
0
LINE
8
water
10
398540.0
20
2325.0
30
0
11
398540.0
21
2400.0
31
0
0
LINE
8
water
10
398540.0
20
2400.0
30
0
11
398540.0
21
2475.0
31
0
0
LINE
8
water
10
398540.0
20
2475.0
30
0
11
398540.0
21
2400.0
31
0
0
LINE
8
water
10
398830.0
20
2400.0
30
0
11
398767.81
21
2485.6
31
0
0
LINE
8
water
10
398767.81
20
2485.6
30
0
11
398667.19
21
2452.9
31
0
0
LINE
8
water
10
398667.19
20
2452.9
30
0
11
398667.19
21
2347.1
31
0
0
LINE
8
water
10
398667.19
20
2347.1
30
0
11
398767.81
21
2314.4
31
0
0
LINE
8
water
10
398767.81
20
2314.4
30
0
11
398830.0
21
2400.0
31
0
0
LINE
8
water
10
398550.0
20
2375.0
30
0
11
398550.0
21
2425.0
31
0
0
LINE
8
water
10
398930.0
20
2375.0
30
0
11
398930.0
21
2425.0
31
0
0
LINE
8
water
10
398550.0
20
2375.0
30
0
11
398930.0
21
2375.0
31
0
0
LINE
8
water
10
398550.0
20
2425.0
30
0
11
398930.0
21
2425.0
31
0
0
LINE
8
water
10
398615.0
20
2400.0
30
0
11
398615.0
21
2295.38
31
0
0
LINE
8
water
10
398615.0
20
2295.38
30
0
11
398615.0
21
2335.34
31
0
0
LINE
8
water
10
398615.0
20
2335.34
30
0
11
398615.0
21
2464.66
31
0
0
LINE
8
water
10
398615.0
20
2464.66
30
0
11
398615.0
21
2504.62
31
0
0
LINE
8
water
10
398615.0
20
2504.62
30
0
11
398615.0
21
2400.0
31
0
0
LINE
8
water
10
398590.0
20
2400.0
30
0
11
398615.0
21
2400.0
31
0
0
LINE
8
water
10
398590.0
20
2400.0
30
0
11
398590.0
21
2295.38
31
0
0
LINE
8
water
10
398590.0
20
2295.38
30
0
11
398590.0
21
2335.34
31
0
0
LINE
8
water
10
398590.0
20
2335.34
30
0
11
398590.0
21
2464.66
31
0
0
LINE
8
water
10
398590.0
20
2464.66
30
0
11
398590.0
21
2504.62
31
0
0
LINE
8
water
10
398590.0
20
2504.62
30
0
11
398590.0
21
2400.0
31
0
0
LINE
8
water
10
398915.0
20
2400.0
30
0
11
398915.0
21
2295.38
31
0
0
LINE
8
water
10
398915.0
20
2295.38
30
0
11
398915.0
21
2335.34
31
0
0
LINE
8
water
10
398915.0
20
2335.34
30
0
11
398915.0
21
2464.66
31
0
0
LINE
8
water
10
398915.0
20
2464.66
30
0
11
398915.0
21
2504.62
31
0
0
LINE
8
water
10
398915.0
20
2504.62
30
0
11
398915.0
21
2400.0
31
0
0
LINE
8
water
10
398890.0
20
2400.0
30
0
11
398915.0
21
2400.0
31
0
0
LINE
8
water
10
398890.0
20
2400.0
30
0
11
398890.0
21
2295.38
31
0
0
LINE
8
water
10
398890.0
20
2295.38
30
0
11
398890.0
21
2335.34
31
0
0
LINE
8
water
10
398890.0
20
2335.34
30
0
11
398890.0
21
2464.66
31
0
0
LINE
8
water
10
398890.0
20
2464.66
30
0
11
398890.0
21
2504.62
31
0
0
LINE
8
water
10
398890.0
20
2504.62
30
0
11
398890.0
21
2400.0
31
0
0
LINE
8
water
10
401800.0
20
2400.0
30
0
11
401843.3
21
2400.0
31
0
0
LINE
8
water
10
401843.3
20
2400.0
30
0
11
401756.7
21
2400.0
31
0
0
LINE
8
water
10
401756.7
20
2400.0
30
0
11
401800.0
21
2400.0
31
0
0
LINE
8
water
10
401800.0
20
-57500.0
30
0
11
401800.0
21
2400.0
31
0
0
LINE
8
water
10
401800.0
20
-57500.0
30
0
11
401843.3
21
-57500.0
31
0
0
LINE
8
water
10
401843.3
20
-57500.0
30
0
11
401756.7
21
-57500.0
31
0
0
LINE
8
water
10
401756.7
20
-57500.0
30
0
11
401800.0
21
-57500.0
31
0
0
LINE
8
water
10
391600.0
20
2400.0
30
0
11
391600.0
21
2356.7
31
0
0
LINE
8
water
10
391600.0
20
2356.7
30
0
11
391600.0
21
2443.3
31
0
0
LINE
8
water
10
391600.0
20
2443.3
30
0
11
391600.0
21
2400.0
31
0
0
LINE
8
water
10
401800.0
20
2400.0
30
0
11
391600.0
21
2400.0
31
0
0
LINE
8
water
10
401800.0
20
2400.0
30
0
11
401800.0
21
2356.7
31
0
0
LINE
8
water
10
401800.0
20
2356.7
30
0
11
401800.0
21
2443.3
31
0
0
LINE
8
water
10
401800.0
20
2443.3
30
0
11
401800.0
21
2400.0
31
0
0
LINE
8
water
10
391600.0
20
16600.0
30
0
11
391643.3
21
16600.0
31
0
0
LINE
8
water
10
391643.3
20
16600.0
30
0
11
391556.7
21
16600.0
31
0
0
LINE
8
water
10
391556.7
20
16600.0
30
0
11
391600.0
21
16600.0
31
0
0
LINE
8
water
10
391600.0
20
2400.0
30
0
11
391600.0
21
16600.0
31
0
0
LINE
8
water
10
391600.0
20
2400.0
30
0
11
391643.3
21
2400.0
31
0
0
LINE
8
water
10
391643.3
20
2400.0
30
0
11
391556.7
21
2400.0
31
0
0
LINE
8
water
10
391556.7
20
2400.0
30
0
11
391600.0
21
2400.0
31
0
0
LINE
8
water
10
391550.0
20
16600.0
30
0
11
391625.0
21
16643.3
31
0
0
LINE
8
water
10
391625.0
20
16643.3
30
0
11
391625.0
21
16556.7
31
0
0
LINE
8
water
10
391625.0
20
16556.7
30
0
11
391550.0
21
16600.0
31
0
0
LINE
8
water
10
401800.0
20
2400.0
30
0
11
401854.0
21
2400.0
31
0
0
LINE
8
water
10
401854.0
20
2400.0
30
0
11
401800.0
21
2400.0
31
0
0
LINE
8
water
10
391600.0
20
2400.0
30
0
11
391654.0
21
2400.0
31
0
0
LINE
8
water
10
391654.0
20
2400.0
30
0
11
391600.0
21
2400.0
31
0
0
LINE
8
water
10
391600.0
20
16600.0
30
0
11
391654.0
21
16600.0
31
0
0
LINE
8
water
10
391654.0
20
16600.0
30
0
11
391600.0
21
16600.0
31
0
0
LINE
8
water
10
390900.0
20
16200.0
30
0
11
390900.0
21
17000.0
31
0
0
LINE
8
water
10
392300.0
20
16200.0
30
0
11
392300.0
21
17000.0
31
0
0
LINE
8
water
10
390900.0
20
16200.0
30
0
11
392300.0
21
16200.0
31
0
0
LINE
8
water
10
390900.0
20
17000.0
30
0
11
392300.0
21
17000.0
31
0
0
LINE
8
water
10
391225.0
20
16275.0
30
0
11
391225.0
21
16925.0
31
0
0
LINE
8
water
10
391975.0
20
16275.0
30
0
11
391975.0
21
16925.0
31
0
0
LINE
8
water
10
391225.0
20
16275.0
30
0
11
391975.0
21
16275.0
31
0
0
LINE
8
water
10
391225.0
20
16925.0
30
0
11
391975.0
21
16925.0
31
0
0
LINE
8
water
10
391650.0
20
16600.0
30
0
11
391650.0
21
16504.89
31
0
0
LINE
8
water
10
391650.0
20
16504.89
30
0
11
391650.0
21
16541.22
31
0
0
LINE
8
water
10
391650.0
20
16541.22
30
0
11
391650.0
21
16658.78
31
0
0
LINE
8
water
10
391650.0
20
16658.78
30
0
11
391650.0
21
16695.11
31
0
0
LINE
8
water
10
391650.0
20
16695.11
30
0
11
391650.0
21
16600.0
31
0
0
LINE
8
water
10
391200.0
20
16600.0
30
0
11
391650.0
21
16600.0
31
0
0
LINE
8
water
10
391200.0
20
16600.0
30
0
11
391200.0
21
16504.89
31
0
0
LINE
8
water
10
391200.0
20
16504.89
30
0
11
391200.0
21
16541.22
31
0
0
LINE
8
water
10
391200.0
20
16541.22
30
0
11
391200.0
21
16658.78
31
0
0
LINE
8
water
10
391200.0
20
16658.78
30
0
11
391200.0
21
16695.11
31
0
0
LINE
8
water
10
391200.0
20
16695.11
30
0
11
391200.0
21
16600.0
31
0
0
LINE
8
water
10
392000.0
20
16600.0
30
0
11
391925.0
21
16643.3
31
0
0
LINE
8
water
10
391925.0
20
16643.3
30
0
11
391925.0
21
16556.7
31
0
0
LINE
8
water
10
391925.0
20
16556.7
30
0
11
392000.0
21
16600.0
31
0
0
LINE
8
water
10
402250.0
20
16600.0
30
0
11
402250.0
21
16556.7
31
0
0
LINE
8
water
10
402250.0
20
16556.7
30
0
11
402250.0
21
16643.3
31
0
0
LINE
8
water
10
402250.0
20
16643.3
30
0
11
402250.0
21
16600.0
31
0
0
LINE
8
water
10
391950.0
20
16600.0
30
0
11
402250.0
21
16600.0
31
0
0
LINE
8
water
10
391950.0
20
16600.0
30
0
11
391950.0
21
16556.7
31
0
0
LINE
8
water
10
391950.0
20
16556.7
30
0
11
391950.0
21
16643.3
31
0
0
LINE
8
water
10
391950.0
20
16643.3
30
0
11
391950.0
21
16600.0
31
0
0
LINE
8
water
10
402250.0
20
-56500.0
30
0
11
402293.3
21
-56500.0
31
0
0
LINE
8
water
10
402293.3
20
-56500.0
30
0
11
402206.7
21
-56500.0
31
0
0
LINE
8
water
10
402206.7
20
-56500.0
30
0
11
402250.0
21
-56500.0
31
0
0
LINE
8
water
10
402250.0
20
16600.0
30
0
11
402250.0
21
-56500.0
31
0
0
LINE
8
water
10
402250.0
20
16600.0
30
0
11
402293.3
21
16600.0
31
0
0
LINE
8
water
10
402293.3
20
16600.0
30
0
11
402206.7
21
16600.0
31
0
0
LINE
8
water
10
402206.7
20
16600.0
30
0
11
402250.0
21
16600.0
31
0
0
LINE
8
water
10
402300.0
20
-56500.0
30
0
11
402225.0
21
-56456.7
31
0
0
LINE
8
water
10
402225.0
20
-56456.7
30
0
11
402225.0
21
-56543.3
31
0
0
LINE
8
water
10
402225.0
20
-56543.3
30
0
11
402300.0
21
-56500.0
31
0
0
LINE
8
water
10
391950.0
20
16600.0
30
0
11
392004.0
21
16600.0
31
0
0
LINE
8
water
10
392004.0
20
16600.0
30
0
11
391950.0
21
16600.0
31
0
0
LINE
8
water
10
402250.0
20
16600.0
30
0
11
402304.0
21
16600.0
31
0
0
LINE
8
water
10
402304.0
20
16600.0
30
0
11
402250.0
21
16600.0
31
0
0
LINE
8
water
10
402250.0
20
-56500.0
30
0
11
402304.0
21
-56500.0
31
0
0
LINE
8
water
10
402304.0
20
-56500.0
30
0
11
402250.0
21
-56500.0
31
0
0
LINE
8
sensors
10
385040.0
20
6320.0
30
0
11
385040.0
21
6480.0
31
0
0
LINE
8
sensors
10
385140.0
20
6320.0
30
0
11
385140.0
21
6480.0
31
0
0
LINE
8
sensors
10
385040.0
20
6320.0
30
0
11
385140.0
21
6320.0
31
0
0
LINE
8
sensors
10
385040.0
20
6480.0
30
0
11
385140.0
21
6480.0
31
0
0
LINE
8
sensors
10
385145.0
20
6345.0
30
0
11
385145.0
21
6455.0
31
0
0
LINE
8
sensors
10
385165.0
20
6345.0
30
0
11
385165.0
21
6455.0
31
0
0
LINE
8
sensors
10
385145.0
20
6345.0
30
0
11
385165.0
21
6345.0
31
0
0
LINE
8
sensors
10
385145.0
20
6455.0
30
0
11
385165.0
21
6455.0
31
0
0
LINE
8
sensors
10
385040.0
20
6620.0
30
0
11
385040.0
21
6780.0
31
0
0
LINE
8
sensors
10
385140.0
20
6620.0
30
0
11
385140.0
21
6780.0
31
0
0
LINE
8
sensors
10
385040.0
20
6620.0
30
0
11
385140.0
21
6620.0
31
0
0
LINE
8
sensors
10
385040.0
20
6780.0
30
0
11
385140.0
21
6780.0
31
0
0
LINE
8
sensors
10
385145.0
20
6645.0
30
0
11
385145.0
21
6755.0
31
0
0
LINE
8
sensors
10
385165.0
20
6645.0
30
0
11
385165.0
21
6755.0
31
0
0
LINE
8
sensors
10
385145.0
20
6645.0
30
0
11
385165.0
21
6645.0
31
0
0
LINE
8
sensors
10
385145.0
20
6755.0
30
0
11
385165.0
21
6755.0
31
0
0
LINE
8
sensors
10
385040.0
20
6920.0
30
0
11
385040.0
21
7080.0
31
0
0
LINE
8
sensors
10
385140.0
20
6920.0
30
0
11
385140.0
21
7080.0
31
0
0
LINE
8
sensors
10
385040.0
20
6920.0
30
0
11
385140.0
21
6920.0
31
0
0
LINE
8
sensors
10
385040.0
20
7080.0
30
0
11
385140.0
21
7080.0
31
0
0
LINE
8
sensors
10
385145.0
20
6945.0
30
0
11
385145.0
21
7055.0
31
0
0
LINE
8
sensors
10
385165.0
20
6945.0
30
0
11
385165.0
21
7055.0
31
0
0
LINE
8
sensors
10
385145.0
20
6945.0
30
0
11
385165.0
21
6945.0
31
0
0
LINE
8
sensors
10
385145.0
20
7055.0
30
0
11
385165.0
21
7055.0
31
0
0
LINE
8
sensors
10
400080.0
20
12000.0
30
0
11
400000.0
21
12080.0
31
0
0
LINE
8
sensors
10
400000.0
20
12080.0
30
0
11
399920.0
21
12000.0
31
0
0
LINE
8
sensors
10
399920.0
20
12000.0
30
0
11
400000.0
21
11920.0
31
0
0
LINE
8
sensors
10
400000.0
20
11920.0
30
0
11
400080.0
21
12000.0
31
0
0
LINE
8
sensors
10
400000.0
20
12000.0
30
0
11
400065.0
21
12000.0
31
0
0
LINE
8
sensors
10
400065.0
20
12000.0
30
0
11
400000.0
21
12000.0
31
0
0
LINE
8
sensors
10
385040.0
20
7520.0
30
0
11
385040.0
21
7680.0
31
0
0
LINE
8
sensors
10
385140.0
20
7520.0
30
0
11
385140.0
21
7680.0
31
0
0
LINE
8
sensors
10
385040.0
20
7520.0
30
0
11
385140.0
21
7520.0
31
0
0
LINE
8
sensors
10
385040.0
20
7680.0
30
0
11
385140.0
21
7680.0
31
0
0
LINE
8
sensors
10
385145.0
20
7545.0
30
0
11
385145.0
21
7655.0
31
0
0
LINE
8
sensors
10
385165.0
20
7545.0
30
0
11
385165.0
21
7655.0
31
0
0
LINE
8
sensors
10
385145.0
20
7545.0
30
0
11
385165.0
21
7545.0
31
0
0
LINE
8
sensors
10
385145.0
20
7655.0
30
0
11
385165.0
21
7655.0
31
0
0
LINE
8
sensors
10
395280.0
20
2400.0
30
0
11
395280.0
21
2325.0
31
0
0
LINE
8
sensors
10
395280.0
20
2325.0
30
0
11
395280.0
21
2400.0
31
0
0
LINE
8
sensors
10
395280.0
20
2400.0
30
0
11
395280.0
21
2475.0
31
0
0
LINE
8
sensors
10
395280.0
20
2475.0
30
0
11
395280.0
21
2400.0
31
0
0
LINE
8
sensors
10
395060.0
20
2400.0
30
0
11
395280.0
21
2400.0
31
0
0
LINE
8
sensors
10
395060.0
20
2400.0
30
0
11
395060.0
21
2325.0
31
0
0
LINE
8
sensors
10
395060.0
20
2325.0
30
0
11
395060.0
21
2400.0
31
0
0
LINE
8
sensors
10
395060.0
20
2400.0
30
0
11
395060.0
21
2475.0
31
0
0
LINE
8
sensors
10
395060.0
20
2475.0
30
0
11
395060.0
21
2400.0
31
0
0
LINE
8
sensors
10
395090.0
20
2330.0
30
0
11
395090.0
21
2470.0
31
0
0
LINE
8
sensors
10
395250.0
20
2330.0
30
0
11
395250.0
21
2470.0
31
0
0
LINE
8
sensors
10
395090.0
20
2330.0
30
0
11
395250.0
21
2330.0
31
0
0
LINE
8
sensors
10
395090.0
20
2470.0
30
0
11
395250.0
21
2470.0
31
0
0
LINE
8
interiors
10
424000.0
20
2000.0
30
0
11
424000.0
21
22000.0
31
0
0
LINE
8
interiors
10
424000.0
20
2000.0
30
0
11
437800.0
21
2000.0
31
0
0
LINE
8
interiors
10
437800.0
20
2000.0
30
0
11
440200.0
21
2000.0
31
0
0
LINE
8
interiors
10
440200.0
20
2000.0
30
0
11
454000.0
21
2000.0
31
0
0
LINE
8
interiors
10
424000.0
20
2000.0
30
0
11
454000.0
21
2000.0
31
0
0
LINE
8
interiors
10
424000.0
20
22000.0
30
0
11
454000.0
21
22000.0
31
0
0
LINE
8
interiors
10
454000.0
20
2000.0
30
0
11
454000.0
21
22000.0
31
0
0
LINE
8
interiors
10
453880.0
20
2120.0
30
0
11
424120.0
21
2120.0
31
0
0
LINE
8
interiors
10
453880.0
20
2120.0
30
0
11
453880.0
21
21880.0
31
0
0
LINE
8
interiors
10
453880.0
20
21880.0
30
0
11
424120.0
21
21880.0
31
0
0
LINE
8
interiors
10
424120.0
20
2120.0
30
0
11
424120.0
21
21880.0
31
0
0
LINE
8
interiors
10
431200.0
20
22000.0
30
0
11
446800.0
21
22000.0
31
0
0
LINE
8
interiors
10
440200.0
20
2000.0
30
0
11
440200.0
21
2120.0
31
0
0
LINE
8
interiors
10
453880.0
20
2120.0
30
0
11
440200.0
21
2120.0
31
0
0
LINE
8
interiors
10
437800.0
20
2120.0
30
0
11
424120.0
21
2120.0
31
0
0
LINE
8
interiors
10
437800.0
20
2000.0
30
0
11
437800.0
21
2120.0
31
0
0
LINE
8
interiors
10
437800.0
20
2120.0
30
0
11
440200.0
21
2120.0
31
0
0
LINE
8
interiors
10
431200.0
20
21880.0
30
0
11
446800.0
21
21880.0
31
0
0
LINE
8
interiors
10
431200.0
20
21880.0
30
0
11
431200.0
21
22000.0
31
0
0
LINE
8
interiors
10
446800.0
20
21880.0
30
0
11
446800.0
21
22000.0
31
0
0
LINE
8
interiors
10
431200.0
20
21977.5
30
0
11
431200.0
21
22022.5
31
0
0
LINE
8
interiors
10
446800.0
20
21977.5
30
0
11
446800.0
21
22022.5
31
0
0
LINE
8
interiors
10
431200.0
20
21977.5
30
0
11
446800.0
21
21977.5
31
0
0
LINE
8
interiors
10
431200.0
20
22022.5
30
0
11
446800.0
21
22022.5
31
0
0
LINE
8
interiors
10
424125.0
20
2125.0
30
0
11
424125.0
21
21875.0
31
0
0
LINE
8
interiors
10
453875.0
20
2125.0
30
0
11
453875.0
21
21875.0
31
0
0
LINE
8
interiors
10
424125.0
20
2125.0
30
0
11
453875.0
21
2125.0
31
0
0
LINE
8
interiors
10
424125.0
20
21875.0
30
0
11
453875.0
21
21875.0
31
0
0
LINE
8
interiors
10
437845.0
20
1880.0
30
0
11
437845.0
21
2120.0
31
0
0
LINE
8
interiors
10
437915.0
20
1880.0
30
0
11
437915.0
21
2120.0
31
0
0
LINE
8
interiors
10
437845.0
20
1880.0
30
0
11
437915.0
21
1880.0
31
0
0
LINE
8
interiors
10
437845.0
20
2120.0
30
0
11
437915.0
21
2120.0
31
0
0
LINE
8
interiors
10
440085.0
20
1880.0
30
0
11
440085.0
21
2120.0
31
0
0
LINE
8
interiors
10
440155.0
20
1880.0
30
0
11
440155.0
21
2120.0
31
0
0
LINE
8
interiors
10
440085.0
20
1880.0
30
0
11
440155.0
21
1880.0
31
0
0
LINE
8
interiors
10
440085.0
20
2120.0
30
0
11
440155.0
21
2120.0
31
0
0
LINE
8
interiors
10
437850.0
20
1880.0
30
0
11
437850.0
21
2120.0
31
0
0
LINE
8
interiors
10
440150.0
20
1880.0
30
0
11
440150.0
21
2120.0
31
0
0
LINE
8
interiors
10
437850.0
20
1880.0
30
0
11
440150.0
21
1880.0
31
0
0
LINE
8
interiors
10
437850.0
20
2120.0
30
0
11
440150.0
21
2120.0
31
0
0
LINE
8
interiors
10
437930.39
20
2090.49
30
0
11
437889.61
21
2109.51
31
0
0
LINE
8
interiors
10
438386.82
20
3069.3
30
0
11
438346.04
21
3088.32
31
0
0
LINE
8
interiors
10
437930.39
20
2090.49
30
0
11
438386.82
21
3069.3
31
0
0
LINE
8
interiors
10
437889.61
20
2109.51
30
0
11
438346.04
21
3088.32
31
0
0
LINE
8
interiors
10
431600.0
20
7900.0
30
0
11
431600.0
21
8900.0
31
0
0
LINE
8
interiors
10
434400.0
20
7900.0
30
0
11
434400.0
21
8900.0
31
0
0
LINE
8
interiors
10
431600.0
20
7900.0
30
0
11
434400.0
21
7900.0
31
0
0
LINE
8
interiors
10
431600.0
20
8900.0
30
0
11
434400.0
21
8900.0
31
0
0
LINE
8
interiors
10
431665.0
20
7965.0
30
0
11
431665.0
21
8035.0
31
0
0
LINE
8
interiors
10
431735.0
20
7965.0
30
0
11
431735.0
21
8035.0
31
0
0
LINE
8
interiors
10
431665.0
20
7965.0
30
0
11
431735.0
21
7965.0
31
0
0
LINE
8
interiors
10
431665.0
20
8035.0
30
0
11
431735.0
21
8035.0
31
0
0
LINE
8
interiors
10
431665.0
20
8765.0
30
0
11
431665.0
21
8835.0
31
0
0
LINE
8
interiors
10
431735.0
20
8765.0
30
0
11
431735.0
21
8835.0
31
0
0
LINE
8
interiors
10
431665.0
20
8765.0
30
0
11
431735.0
21
8765.0
31
0
0
LINE
8
interiors
10
431665.0
20
8835.0
30
0
11
431735.0
21
8835.0
31
0
0
LINE
8
interiors
10
434265.0
20
7965.0
30
0
11
434265.0
21
8035.0
31
0
0
LINE
8
interiors
10
434335.0
20
7965.0
30
0
11
434335.0
21
8035.0
31
0
0
LINE
8
interiors
10
434265.0
20
7965.0
30
0
11
434335.0
21
7965.0
31
0
0
LINE
8
interiors
10
434265.0
20
8035.0
30
0
11
434335.0
21
8035.0
31
0
0
LINE
8
interiors
10
434265.0
20
8765.0
30
0
11
434265.0
21
8835.0
31
0
0
LINE
8
interiors
10
434335.0
20
8765.0
30
0
11
434335.0
21
8835.0
31
0
0
LINE
8
interiors
10
434265.0
20
8765.0
30
0
11
434335.0
21
8765.0
31
0
0
LINE
8
interiors
10
434265.0
20
8835.0
30
0
11
434335.0
21
8835.0
31
0
0
LINE
8
interiors
10
430500.0
20
16650.0
30
0
11
430500.0
21
17350.0
31
0
0
LINE
8
interiors
10
432500.0
20
16650.0
30
0
11
432500.0
21
17350.0
31
0
0
LINE
8
interiors
10
430500.0
20
16650.0
30
0
11
432500.0
21
16650.0
31
0
0
LINE
8
interiors
10
430500.0
20
17350.0
30
0
11
432500.0
21
17350.0
31
0
0
LINE
8
interiors
10
430600.0
20
16627.5
30
0
11
430600.0
21
16652.5
31
0
0
LINE
8
interiors
10
432400.0
20
16627.5
30
0
11
432400.0
21
16652.5
31
0
0
LINE
8
interiors
10
430600.0
20
16627.5
30
0
11
432400.0
21
16627.5
31
0
0
LINE
8
interiors
10
430600.0
20
16652.5
30
0
11
432400.0
21
16652.5
31
0
0
LINE
8
interiors
10
437900.0
20
16500.0
30
0
11
437900.0
21
17500.0
31
0
0
LINE
8
interiors
10
440100.0
20
16500.0
30
0
11
440100.0
21
17500.0
31
0
0
LINE
8
interiors
10
437900.0
20
16500.0
30
0
11
440100.0
21
16500.0
31
0
0
LINE
8
interiors
10
437900.0
20
17500.0
30
0
11
440100.0
21
17500.0
31
0
0
LINE
8
interiors
10
437900.0
20
17325.0
30
0
11
437900.0
21
17475.0
31
0
0
LINE
8
interiors
10
440100.0
20
17325.0
30
0
11
440100.0
21
17475.0
31
0
0
LINE
8
interiors
10
437900.0
20
17325.0
30
0
11
440100.0
21
17325.0
31
0
0
LINE
8
interiors
10
437900.0
20
17475.0
30
0
11
440100.0
21
17475.0
31
0
0
LINE
8
interiors
10
437850.0
20
16450.0
30
0
11
437850.0
21
17550.0
31
0
0
LINE
8
interiors
10
440150.0
20
16450.0
30
0
11
440150.0
21
17550.0
31
0
0
LINE
8
interiors
10
437850.0
20
16450.0
30
0
11
440150.0
21
16450.0
31
0
0
LINE
8
interiors
10
437850.0
20
17550.0
30
0
11
440150.0
21
17550.0
31
0
0
LINE
8
electrical
10
453275.0
20
2075.0
30
0
11
453275.0
21
2325.0
31
0
0
LINE
8
electrical
10
453825.0
20
2075.0
30
0
11
453825.0
21
2325.0
31
0
0
LINE
8
electrical
10
453275.0
20
2075.0
30
0
11
453825.0
21
2075.0
31
0
0
LINE
8
electrical
10
453275.0
20
2325.0
30
0
11
453825.0
21
2325.0
31
0
0
LINE
8
electrical
10
453315.0
20
2047.5
30
0
11
453315.0
21
2082.5
31
0
0
LINE
8
electrical
10
453785.0
20
2047.5
30
0
11
453785.0
21
2082.5
31
0
0
LINE
8
electrical
10
453315.0
20
2047.5
30
0
11
453785.0
21
2047.5
31
0
0
LINE
8
electrical
10
453315.0
20
2082.5
30
0
11
453785.0
21
2082.5
31
0
0
LINE
8
electrical
10
453362.5
20
2010.0
30
0
11
453362.5
21
2050.0
31
0
0
LINE
8
electrical
10
453462.5
20
2010.0
30
0
11
453462.5
21
2050.0
31
0
0
LINE
8
electrical
10
453362.5
20
2010.0
30
0
11
453462.5
21
2010.0
31
0
0
LINE
8
electrical
10
453362.5
20
2050.0
30
0
11
453462.5
21
2050.0
31
0
0
LINE
8
electrical
10
453500.0
20
2010.0
30
0
11
453500.0
21
2050.0
31
0
0
LINE
8
electrical
10
453600.0
20
2010.0
30
0
11
453600.0
21
2050.0
31
0
0
LINE
8
electrical
10
453500.0
20
2010.0
30
0
11
453600.0
21
2010.0
31
0
0
LINE
8
electrical
10
453500.0
20
2050.0
30
0
11
453600.0
21
2050.0
31
0
0
LINE
8
electrical
10
453637.5
20
2010.0
30
0
11
453637.5
21
2050.0
31
0
0
LINE
8
electrical
10
453737.5
20
2010.0
30
0
11
453737.5
21
2050.0
31
0
0
LINE
8
electrical
10
453637.5
20
2010.0
30
0
11
453737.5
21
2010.0
31
0
0
LINE
8
electrical
10
453637.5
20
2050.0
30
0
11
453737.5
21
2050.0
31
0
0
LINE
8
electrical
10
453412.5
20
1995.0
30
0
11
453435.88
21
1995.0
31
0
0
LINE
8
electrical
10
453435.88
20
1995.0
30
0
11
453389.12
21
1995.0
31
0
0
LINE
8
electrical
10
453389.12
20
1995.0
30
0
11
453412.5
21
1995.0
31
0
0
LINE
8
electrical
10
453412.5
20
2020.0
30
0
11
453412.5
21
1995.0
31
0
0
LINE
8
electrical
10
453412.5
20
2020.0
30
0
11
453435.88
21
2020.0
31
0
0
LINE
8
electrical
10
453435.88
20
2020.0
30
0
11
453389.12
21
2020.0
31
0
0
LINE
8
electrical
10
453389.12
20
2020.0
30
0
11
453412.5
21
2020.0
31
0
0
LINE
8
electrical
10
453550.0
20
1995.0
30
0
11
453573.38
21
1995.0
31
0
0
LINE
8
electrical
10
453573.38
20
1995.0
30
0
11
453526.62
21
1995.0
31
0
0
LINE
8
electrical
10
453526.62
20
1995.0
30
0
11
453550.0
21
1995.0
31
0
0
LINE
8
electrical
10
453550.0
20
2020.0
30
0
11
453550.0
21
1995.0
31
0
0
LINE
8
electrical
10
453550.0
20
2020.0
30
0
11
453573.38
21
2020.0
31
0
0
LINE
8
electrical
10
453573.38
20
2020.0
30
0
11
453526.62
21
2020.0
31
0
0
LINE
8
electrical
10
453526.62
20
2020.0
30
0
11
453550.0
21
2020.0
31
0
0
LINE
8
electrical
10
453687.5
20
1995.0
30
0
11
453710.88
21
1995.0
31
0
0
LINE
8
electrical
10
453710.88
20
1995.0
30
0
11
453664.12
21
1995.0
31
0
0
LINE
8
electrical
10
453664.12
20
1995.0
30
0
11
453687.5
21
1995.0
31
0
0
LINE
8
electrical
10
453687.5
20
2020.0
30
0
11
453687.5
21
1995.0
31
0
0
LINE
8
electrical
10
453687.5
20
2020.0
30
0
11
453710.88
21
2020.0
31
0
0
LINE
8
electrical
10
453710.88
20
2020.0
30
0
11
453664.12
21
2020.0
31
0
0
LINE
8
electrical
10
453664.12
20
2020.0
30
0
11
453687.5
21
2020.0
31
0
0
LINE
8
electrical
10
453550.0
20
2200.0
30
0
11
453565.59
21
2200.0
31
0
0
LINE
8
electrical
10
453565.59
20
2200.0
30
0
11
453534.41
21
2200.0
31
0
0
LINE
8
electrical
10
453534.41
20
2200.0
30
0
11
453550.0
21
2200.0
31
0
0
LINE
8
electrical
10
453550.0
20
-62300.0
30
0
11
453550.0
21
2200.0
31
0
0
LINE
8
electrical
10
453550.0
20
-62300.0
30
0
11
453565.59
21
-62300.0
31
0
0
LINE
8
electrical
10
453565.59
20
-62300.0
30
0
11
453534.41
21
-62300.0
31
0
0
LINE
8
electrical
10
453534.41
20
-62300.0
30
0
11
453550.0
21
-62300.0
31
0
0
LINE
8
electrical
10
453532.0
20
2200.0
30
0
11
453559.0
21
2215.59
31
0
0
LINE
8
electrical
10
453559.0
20
2215.59
30
0
11
453559.0
21
2184.41
31
0
0
LINE
8
electrical
10
453559.0
20
2184.41
30
0
11
453532.0
21
2200.0
31
0
0
LINE
8
electrical
10
453550.0
20
2200.0
30
0
11
453569.44
21
2200.0
31
0
0
LINE
8
electrical
10
453569.44
20
2200.0
30
0
11
453550.0
21
2200.0
31
0
0
LINE
8
lighting
10
427880.0
20
4880.0
30
0
11
427880.0
21
5520.0
31
0
0
LINE
8
lighting
10
428520.0
20
4880.0
30
0
11
428520.0
21
5520.0
31
0
0
LINE
8
lighting
10
427880.0
20
4880.0
30
0
11
428520.0
21
4880.0
31
0
0
LINE
8
lighting
10
427880.0
20
5520.0
30
0
11
428520.0
21
5520.0
31
0
0
LINE
8
lighting
10
427920.0
20
4920.0
30
0
11
427920.0
21
5480.0
31
0
0
LINE
8
lighting
10
428480.0
20
4920.0
30
0
11
428480.0
21
5480.0
31
0
0
LINE
8
lighting
10
427920.0
20
4920.0
30
0
11
428480.0
21
4920.0
31
0
0
LINE
8
lighting
10
427920.0
20
5480.0
30
0
11
428480.0
21
5480.0
31
0
0
LINE
8
lighting
10
427954.0
20
4930.0
30
0
11
427954.0
21
5470.0
31
0
0
LINE
8
lighting
10
427966.0
20
4930.0
30
0
11
427966.0
21
5470.0
31
0
0
LINE
8
lighting
10
427954.0
20
4930.0
30
0
11
427966.0
21
4930.0
31
0
0
LINE
8
lighting
10
427954.0
20
5470.0
30
0
11
427966.0
21
5470.0
31
0
0
LINE
8
lighting
10
428034.0
20
4930.0
30
0
11
428034.0
21
5470.0
31
0
0
LINE
8
lighting
10
428046.0
20
4930.0
30
0
11
428046.0
21
5470.0
31
0
0
LINE
8
lighting
10
428034.0
20
4930.0
30
0
11
428046.0
21
4930.0
31
0
0
LINE
8
lighting
10
428034.0
20
5470.0
30
0
11
428046.0
21
5470.0
31
0
0
LINE
8
lighting
10
428114.0
20
4930.0
30
0
11
428114.0
21
5470.0
31
0
0
LINE
8
lighting
10
428126.0
20
4930.0
30
0
11
428126.0
21
5470.0
31
0
0
LINE
8
lighting
10
428114.0
20
4930.0
30
0
11
428126.0
21
4930.0
31
0
0
LINE
8
lighting
10
428114.0
20
5470.0
30
0
11
428126.0
21
5470.0
31
0
0
LINE
8
lighting
10
428194.0
20
4930.0
30
0
11
428194.0
21
5470.0
31
0
0
LINE
8
lighting
10
428206.0
20
4930.0
30
0
11
428206.0
21
5470.0
31
0
0
LINE
8
lighting
10
428194.0
20
4930.0
30
0
11
428206.0
21
4930.0
31
0
0
LINE
8
lighting
10
428194.0
20
5470.0
30
0
11
428206.0
21
5470.0
31
0
0
LINE
8
lighting
10
428274.0
20
4930.0
30
0
11
428274.0
21
5470.0
31
0
0
LINE
8
lighting
10
428286.0
20
4930.0
30
0
11
428286.0
21
5470.0
31
0
0
LINE
8
lighting
10
428274.0
20
4930.0
30
0
11
428286.0
21
4930.0
31
0
0
LINE
8
lighting
10
428274.0
20
5470.0
30
0
11
428286.0
21
5470.0
31
0
0
LINE
8
lighting
10
428354.0
20
4930.0
30
0
11
428354.0
21
5470.0
31
0
0
LINE
8
lighting
10
428366.0
20
4930.0
30
0
11
428366.0
21
5470.0
31
0
0
LINE
8
lighting
10
428354.0
20
4930.0
30
0
11
428366.0
21
4930.0
31
0
0
LINE
8
lighting
10
428354.0
20
5470.0
30
0
11
428366.0
21
5470.0
31
0
0
LINE
8
lighting
10
428434.0
20
4930.0
30
0
11
428434.0
21
5470.0
31
0
0
LINE
8
lighting
10
428446.0
20
4930.0
30
0
11
428446.0
21
5470.0
31
0
0
LINE
8
lighting
10
428434.0
20
4930.0
30
0
11
428446.0
21
4930.0
31
0
0
LINE
8
lighting
10
428434.0
20
5470.0
30
0
11
428446.0
21
5470.0
31
0
0
LINE
8
lighting
10
428209.0
20
5200.0
30
0
11
428195.5
21
5207.79
31
0
0
LINE
8
lighting
10
428195.5
20
5207.79
30
0
11
428195.5
21
5192.21
31
0
0
LINE
8
lighting
10
428195.5
20
5192.21
30
0
11
428209.0
21
5200.0
31
0
0
LINE
8
lighting
10
449480.0
20
4880.0
30
0
11
449480.0
21
5520.0
31
0
0
LINE
8
lighting
10
450120.0
20
4880.0
30
0
11
450120.0
21
5520.0
31
0
0
LINE
8
lighting
10
449480.0
20
4880.0
30
0
11
450120.0
21
4880.0
31
0
0
LINE
8
lighting
10
449480.0
20
5520.0
30
0
11
450120.0
21
5520.0
31
0
0
LINE
8
lighting
10
449520.0
20
4920.0
30
0
11
449520.0
21
5480.0
31
0
0
LINE
8
lighting
10
450080.0
20
4920.0
30
0
11
450080.0
21
5480.0
31
0
0
LINE
8
lighting
10
449520.0
20
4920.0
30
0
11
450080.0
21
4920.0
31
0
0
LINE
8
lighting
10
449520.0
20
5480.0
30
0
11
450080.0
21
5480.0
31
0
0
LINE
8
lighting
10
449554.0
20
4930.0
30
0
11
449554.0
21
5470.0
31
0
0
LINE
8
lighting
10
449566.0
20
4930.0
30
0
11
449566.0
21
5470.0
31
0
0
LINE
8
lighting
10
449554.0
20
4930.0
30
0
11
449566.0
21
4930.0
31
0
0
LINE
8
lighting
10
449554.0
20
5470.0
30
0
11
449566.0
21
5470.0
31
0
0
LINE
8
lighting
10
449634.0
20
4930.0
30
0
11
449634.0
21
5470.0
31
0
0
LINE
8
lighting
10
449646.0
20
4930.0
30
0
11
449646.0
21
5470.0
31
0
0
LINE
8
lighting
10
449634.0
20
4930.0
30
0
11
449646.0
21
4930.0
31
0
0
LINE
8
lighting
10
449634.0
20
5470.0
30
0
11
449646.0
21
5470.0
31
0
0
LINE
8
lighting
10
449714.0
20
4930.0
30
0
11
449714.0
21
5470.0
31
0
0
LINE
8
lighting
10
449726.0
20
4930.0
30
0
11
449726.0
21
5470.0
31
0
0
LINE
8
lighting
10
449714.0
20
4930.0
30
0
11
449726.0
21
4930.0
31
0
0
LINE
8
lighting
10
449714.0
20
5470.0
30
0
11
449726.0
21
5470.0
31
0
0
LINE
8
lighting
10
449794.0
20
4930.0
30
0
11
449794.0
21
5470.0
31
0
0
LINE
8
lighting
10
449806.0
20
4930.0
30
0
11
449806.0
21
5470.0
31
0
0
LINE
8
lighting
10
449794.0
20
4930.0
30
0
11
449806.0
21
4930.0
31
0
0
LINE
8
lighting
10
449794.0
20
5470.0
30
0
11
449806.0
21
5470.0
31
0
0
LINE
8
lighting
10
449874.0
20
4930.0
30
0
11
449874.0
21
5470.0
31
0
0
LINE
8
lighting
10
449886.0
20
4930.0
30
0
11
449886.0
21
5470.0
31
0
0
LINE
8
lighting
10
449874.0
20
4930.0
30
0
11
449886.0
21
4930.0
31
0
0
LINE
8
lighting
10
449874.0
20
5470.0
30
0
11
449886.0
21
5470.0
31
0
0
LINE
8
lighting
10
449954.0
20
4930.0
30
0
11
449954.0
21
5470.0
31
0
0
LINE
8
lighting
10
449966.0
20
4930.0
30
0
11
449966.0
21
5470.0
31
0
0
LINE
8
lighting
10
449954.0
20
4930.0
30
0
11
449966.0
21
4930.0
31
0
0
LINE
8
lighting
10
449954.0
20
5470.0
30
0
11
449966.0
21
5470.0
31
0
0
LINE
8
lighting
10
450034.0
20
4930.0
30
0
11
450034.0
21
5470.0
31
0
0
LINE
8
lighting
10
450046.0
20
4930.0
30
0
11
450046.0
21
5470.0
31
0
0
LINE
8
lighting
10
450034.0
20
4930.0
30
0
11
450046.0
21
4930.0
31
0
0
LINE
8
lighting
10
450034.0
20
5470.0
30
0
11
450046.0
21
5470.0
31
0
0
LINE
8
lighting
10
449809.0
20
5200.0
30
0
11
449795.5
21
5207.79
31
0
0
LINE
8
lighting
10
449795.5
20
5207.79
30
0
11
449795.5
21
5192.21
31
0
0
LINE
8
lighting
10
449795.5
20
5192.21
30
0
11
449809.0
21
5200.0
31
0
0
LINE
8
lighting
10
438680.0
20
4880.0
30
0
11
438680.0
21
5520.0
31
0
0
LINE
8
lighting
10
439320.0
20
4880.0
30
0
11
439320.0
21
5520.0
31
0
0
LINE
8
lighting
10
438680.0
20
4880.0
30
0
11
439320.0
21
4880.0
31
0
0
LINE
8
lighting
10
438680.0
20
5520.0
30
0
11
439320.0
21
5520.0
31
0
0
LINE
8
lighting
10
438720.0
20
4920.0
30
0
11
438720.0
21
5480.0
31
0
0
LINE
8
lighting
10
439280.0
20
4920.0
30
0
11
439280.0
21
5480.0
31
0
0
LINE
8
lighting
10
438720.0
20
4920.0
30
0
11
439280.0
21
4920.0
31
0
0
LINE
8
lighting
10
438720.0
20
5480.0
30
0
11
439280.0
21
5480.0
31
0
0
LINE
8
lighting
10
438754.0
20
4930.0
30
0
11
438754.0
21
5470.0
31
0
0
LINE
8
lighting
10
438766.0
20
4930.0
30
0
11
438766.0
21
5470.0
31
0
0
LINE
8
lighting
10
438754.0
20
4930.0
30
0
11
438766.0
21
4930.0
31
0
0
LINE
8
lighting
10
438754.0
20
5470.0
30
0
11
438766.0
21
5470.0
31
0
0
LINE
8
lighting
10
438834.0
20
4930.0
30
0
11
438834.0
21
5470.0
31
0
0
LINE
8
lighting
10
438846.0
20
4930.0
30
0
11
438846.0
21
5470.0
31
0
0
LINE
8
lighting
10
438834.0
20
4930.0
30
0
11
438846.0
21
4930.0
31
0
0
LINE
8
lighting
10
438834.0
20
5470.0
30
0
11
438846.0
21
5470.0
31
0
0
LINE
8
lighting
10
438914.0
20
4930.0
30
0
11
438914.0
21
5470.0
31
0
0
LINE
8
lighting
10
438926.0
20
4930.0
30
0
11
438926.0
21
5470.0
31
0
0
LINE
8
lighting
10
438914.0
20
4930.0
30
0
11
438926.0
21
4930.0
31
0
0
LINE
8
lighting
10
438914.0
20
5470.0
30
0
11
438926.0
21
5470.0
31
0
0
LINE
8
lighting
10
438994.0
20
4930.0
30
0
11
438994.0
21
5470.0
31
0
0
LINE
8
lighting
10
439006.0
20
4930.0
30
0
11
439006.0
21
5470.0
31
0
0
LINE
8
lighting
10
438994.0
20
4930.0
30
0
11
439006.0
21
4930.0
31
0
0
LINE
8
lighting
10
438994.0
20
5470.0
30
0
11
439006.0
21
5470.0
31
0
0
LINE
8
lighting
10
439074.0
20
4930.0
30
0
11
439074.0
21
5470.0
31
0
0
LINE
8
lighting
10
439086.0
20
4930.0
30
0
11
439086.0
21
5470.0
31
0
0
LINE
8
lighting
10
439074.0
20
4930.0
30
0
11
439086.0
21
4930.0
31
0
0
LINE
8
lighting
10
439074.0
20
5470.0
30
0
11
439086.0
21
5470.0
31
0
0
LINE
8
lighting
10
439154.0
20
4930.0
30
0
11
439154.0
21
5470.0
31
0
0
LINE
8
lighting
10
439166.0
20
4930.0
30
0
11
439166.0
21
5470.0
31
0
0
LINE
8
lighting
10
439154.0
20
4930.0
30
0
11
439166.0
21
4930.0
31
0
0
LINE
8
lighting
10
439154.0
20
5470.0
30
0
11
439166.0
21
5470.0
31
0
0
LINE
8
lighting
10
439234.0
20
4930.0
30
0
11
439234.0
21
5470.0
31
0
0
LINE
8
lighting
10
439246.0
20
4930.0
30
0
11
439246.0
21
5470.0
31
0
0
LINE
8
lighting
10
439234.0
20
4930.0
30
0
11
439246.0
21
4930.0
31
0
0
LINE
8
lighting
10
439234.0
20
5470.0
30
0
11
439246.0
21
5470.0
31
0
0
LINE
8
lighting
10
439009.0
20
5200.0
30
0
11
438995.5
21
5207.79
31
0
0
LINE
8
lighting
10
438995.5
20
5207.79
30
0
11
438995.5
21
5192.21
31
0
0
LINE
8
lighting
10
438995.5
20
5192.21
30
0
11
439009.0
21
5200.0
31
0
0
LINE
8
lighting
10
427880.0
20
18480.0
30
0
11
427880.0
21
19120.0
31
0
0
LINE
8
lighting
10
428520.0
20
18480.0
30
0
11
428520.0
21
19120.0
31
0
0
LINE
8
lighting
10
427880.0
20
18480.0
30
0
11
428520.0
21
18480.0
31
0
0
LINE
8
lighting
10
427880.0
20
19120.0
30
0
11
428520.0
21
19120.0
31
0
0
LINE
8
lighting
10
427920.0
20
18520.0
30
0
11
427920.0
21
19080.0
31
0
0
LINE
8
lighting
10
428480.0
20
18520.0
30
0
11
428480.0
21
19080.0
31
0
0
LINE
8
lighting
10
427920.0
20
18520.0
30
0
11
428480.0
21
18520.0
31
0
0
LINE
8
lighting
10
427920.0
20
19080.0
30
0
11
428480.0
21
19080.0
31
0
0
LINE
8
lighting
10
427954.0
20
18530.0
30
0
11
427954.0
21
19070.0
31
0
0
LINE
8
lighting
10
427966.0
20
18530.0
30
0
11
427966.0
21
19070.0
31
0
0
LINE
8
lighting
10
427954.0
20
18530.0
30
0
11
427966.0
21
18530.0
31
0
0
LINE
8
lighting
10
427954.0
20
19070.0
30
0
11
427966.0
21
19070.0
31
0
0
LINE
8
lighting
10
428034.0
20
18530.0
30
0
11
428034.0
21
19070.0
31
0
0
LINE
8
lighting
10
428046.0
20
18530.0
30
0
11
428046.0
21
19070.0
31
0
0
LINE
8
lighting
10
428034.0
20
18530.0
30
0
11
428046.0
21
18530.0
31
0
0
LINE
8
lighting
10
428034.0
20
19070.0
30
0
11
428046.0
21
19070.0
31
0
0
LINE
8
lighting
10
428114.0
20
18530.0
30
0
11
428114.0
21
19070.0
31
0
0
LINE
8
lighting
10
428126.0
20
18530.0
30
0
11
428126.0
21
19070.0
31
0
0
LINE
8
lighting
10
428114.0
20
18530.0
30
0
11
428126.0
21
18530.0
31
0
0
LINE
8
lighting
10
428114.0
20
19070.0
30
0
11
428126.0
21
19070.0
31
0
0
LINE
8
lighting
10
428194.0
20
18530.0
30
0
11
428194.0
21
19070.0
31
0
0
LINE
8
lighting
10
428206.0
20
18530.0
30
0
11
428206.0
21
19070.0
31
0
0
LINE
8
lighting
10
428194.0
20
18530.0
30
0
11
428206.0
21
18530.0
31
0
0
LINE
8
lighting
10
428194.0
20
19070.0
30
0
11
428206.0
21
19070.0
31
0
0
LINE
8
lighting
10
428274.0
20
18530.0
30
0
11
428274.0
21
19070.0
31
0
0
LINE
8
lighting
10
428286.0
20
18530.0
30
0
11
428286.0
21
19070.0
31
0
0
LINE
8
lighting
10
428274.0
20
18530.0
30
0
11
428286.0
21
18530.0
31
0
0
LINE
8
lighting
10
428274.0
20
19070.0
30
0
11
428286.0
21
19070.0
31
0
0
LINE
8
lighting
10
428354.0
20
18530.0
30
0
11
428354.0
21
19070.0
31
0
0
LINE
8
lighting
10
428366.0
20
18530.0
30
0
11
428366.0
21
19070.0
31
0
0
LINE
8
lighting
10
428354.0
20
18530.0
30
0
11
428366.0
21
18530.0
31
0
0
LINE
8
lighting
10
428354.0
20
19070.0
30
0
11
428366.0
21
19070.0
31
0
0
LINE
8
lighting
10
428434.0
20
18530.0
30
0
11
428434.0
21
19070.0
31
0
0
LINE
8
lighting
10
428446.0
20
18530.0
30
0
11
428446.0
21
19070.0
31
0
0
LINE
8
lighting
10
428434.0
20
18530.0
30
0
11
428446.0
21
18530.0
31
0
0
LINE
8
lighting
10
428434.0
20
19070.0
30
0
11
428446.0
21
19070.0
31
0
0
LINE
8
lighting
10
428209.0
20
18800.0
30
0
11
428195.5
21
18807.79
31
0
0
LINE
8
lighting
10
428195.5
20
18807.79
30
0
11
428195.5
21
18792.21
31
0
0
LINE
8
lighting
10
428195.5
20
18792.21
30
0
11
428209.0
21
18800.0
31
0
0
LINE
8
lighting
10
449480.0
20
18480.0
30
0
11
449480.0
21
19120.0
31
0
0
LINE
8
lighting
10
450120.0
20
18480.0
30
0
11
450120.0
21
19120.0
31
0
0
LINE
8
lighting
10
449480.0
20
18480.0
30
0
11
450120.0
21
18480.0
31
0
0
LINE
8
lighting
10
449480.0
20
19120.0
30
0
11
450120.0
21
19120.0
31
0
0
LINE
8
lighting
10
449520.0
20
18520.0
30
0
11
449520.0
21
19080.0
31
0
0
LINE
8
lighting
10
450080.0
20
18520.0
30
0
11
450080.0
21
19080.0
31
0
0
LINE
8
lighting
10
449520.0
20
18520.0
30
0
11
450080.0
21
18520.0
31
0
0
LINE
8
lighting
10
449520.0
20
19080.0
30
0
11
450080.0
21
19080.0
31
0
0
LINE
8
lighting
10
449554.0
20
18530.0
30
0
11
449554.0
21
19070.0
31
0
0
LINE
8
lighting
10
449566.0
20
18530.0
30
0
11
449566.0
21
19070.0
31
0
0
LINE
8
lighting
10
449554.0
20
18530.0
30
0
11
449566.0
21
18530.0
31
0
0
LINE
8
lighting
10
449554.0
20
19070.0
30
0
11
449566.0
21
19070.0
31
0
0
LINE
8
lighting
10
449634.0
20
18530.0
30
0
11
449634.0
21
19070.0
31
0
0
LINE
8
lighting
10
449646.0
20
18530.0
30
0
11
449646.0
21
19070.0
31
0
0
LINE
8
lighting
10
449634.0
20
18530.0
30
0
11
449646.0
21
18530.0
31
0
0
LINE
8
lighting
10
449634.0
20
19070.0
30
0
11
449646.0
21
19070.0
31
0
0
LINE
8
lighting
10
449714.0
20
18530.0
30
0
11
449714.0
21
19070.0
31
0
0
LINE
8
lighting
10
449726.0
20
18530.0
30
0
11
449726.0
21
19070.0
31
0
0
LINE
8
lighting
10
449714.0
20
18530.0
30
0
11
449726.0
21
18530.0
31
0
0
LINE
8
lighting
10
449714.0
20
19070.0
30
0
11
449726.0
21
19070.0
31
0
0
LINE
8
lighting
10
449794.0
20
18530.0
30
0
11
449794.0
21
19070.0
31
0
0
LINE
8
lighting
10
449806.0
20
18530.0
30
0
11
449806.0
21
19070.0
31
0
0
LINE
8
lighting
10
449794.0
20
18530.0
30
0
11
449806.0
21
18530.0
31
0
0
LINE
8
lighting
10
449794.0
20
19070.0
30
0
11
449806.0
21
19070.0
31
0
0
LINE
8
lighting
10
449874.0
20
18530.0
30
0
11
449874.0
21
19070.0
31
0
0
LINE
8
lighting
10
449886.0
20
18530.0
30
0
11
449886.0
21
19070.0
31
0
0
LINE
8
lighting
10
449874.0
20
18530.0
30
0
11
449886.0
21
18530.0
31
0
0
LINE
8
lighting
10
449874.0
20
19070.0
30
0
11
449886.0
21
19070.0
31
0
0
LINE
8
lighting
10
449954.0
20
18530.0
30
0
11
449954.0
21
19070.0
31
0
0
LINE
8
lighting
10
449966.0
20
18530.0
30
0
11
449966.0
21
19070.0
31
0
0
LINE
8
lighting
10
449954.0
20
18530.0
30
0
11
449966.0
21
18530.0
31
0
0
LINE
8
lighting
10
449954.0
20
19070.0
30
0
11
449966.0
21
19070.0
31
0
0
LINE
8
lighting
10
450034.0
20
18530.0
30
0
11
450034.0
21
19070.0
31
0
0
LINE
8
lighting
10
450046.0
20
18530.0
30
0
11
450046.0
21
19070.0
31
0
0
LINE
8
lighting
10
450034.0
20
18530.0
30
0
11
450046.0
21
18530.0
31
0
0
LINE
8
lighting
10
450034.0
20
19070.0
30
0
11
450046.0
21
19070.0
31
0
0
LINE
8
lighting
10
449809.0
20
18800.0
30
0
11
449795.5
21
18807.79
31
0
0
LINE
8
lighting
10
449795.5
20
18807.79
30
0
11
449795.5
21
18792.21
31
0
0
LINE
8
lighting
10
449795.5
20
18792.21
30
0
11
449809.0
21
18800.0
31
0
0
LINE
8
lighting
10
438680.0
20
18480.0
30
0
11
438680.0
21
19120.0
31
0
0
LINE
8
lighting
10
439320.0
20
18480.0
30
0
11
439320.0
21
19120.0
31
0
0
LINE
8
lighting
10
438680.0
20
18480.0
30
0
11
439320.0
21
18480.0
31
0
0
LINE
8
lighting
10
438680.0
20
19120.0
30
0
11
439320.0
21
19120.0
31
0
0
LINE
8
lighting
10
438720.0
20
18520.0
30
0
11
438720.0
21
19080.0
31
0
0
LINE
8
lighting
10
439280.0
20
18520.0
30
0
11
439280.0
21
19080.0
31
0
0
LINE
8
lighting
10
438720.0
20
18520.0
30
0
11
439280.0
21
18520.0
31
0
0
LINE
8
lighting
10
438720.0
20
19080.0
30
0
11
439280.0
21
19080.0
31
0
0
LINE
8
lighting
10
438754.0
20
18530.0
30
0
11
438754.0
21
19070.0
31
0
0
LINE
8
lighting
10
438766.0
20
18530.0
30
0
11
438766.0
21
19070.0
31
0
0
LINE
8
lighting
10
438754.0
20
18530.0
30
0
11
438766.0
21
18530.0
31
0
0
LINE
8
lighting
10
438754.0
20
19070.0
30
0
11
438766.0
21
19070.0
31
0
0
LINE
8
lighting
10
438834.0
20
18530.0
30
0
11
438834.0
21
19070.0
31
0
0
LINE
8
lighting
10
438846.0
20
18530.0
30
0
11
438846.0
21
19070.0
31
0
0
LINE
8
lighting
10
438834.0
20
18530.0
30
0
11
438846.0
21
18530.0
31
0
0
LINE
8
lighting
10
438834.0
20
19070.0
30
0
11
438846.0
21
19070.0
31
0
0
LINE
8
lighting
10
438914.0
20
18530.0
30
0
11
438914.0
21
19070.0
31
0
0
LINE
8
lighting
10
438926.0
20
18530.0
30
0
11
438926.0
21
19070.0
31
0
0
LINE
8
lighting
10
438914.0
20
18530.0
30
0
11
438926.0
21
18530.0
31
0
0
LINE
8
lighting
10
438914.0
20
19070.0
30
0
11
438926.0
21
19070.0
31
0
0
LINE
8
lighting
10
438994.0
20
18530.0
30
0
11
438994.0
21
19070.0
31
0
0
LINE
8
lighting
10
439006.0
20
18530.0
30
0
11
439006.0
21
19070.0
31
0
0
LINE
8
lighting
10
438994.0
20
18530.0
30
0
11
439006.0
21
18530.0
31
0
0
LINE
8
lighting
10
438994.0
20
19070.0
30
0
11
439006.0
21
19070.0
31
0
0
LINE
8
lighting
10
439074.0
20
18530.0
30
0
11
439074.0
21
19070.0
31
0
0
LINE
8
lighting
10
439086.0
20
18530.0
30
0
11
439086.0
21
19070.0
31
0
0
LINE
8
lighting
10
439074.0
20
18530.0
30
0
11
439086.0
21
18530.0
31
0
0
LINE
8
lighting
10
439074.0
20
19070.0
30
0
11
439086.0
21
19070.0
31
0
0
LINE
8
lighting
10
439154.0
20
18530.0
30
0
11
439154.0
21
19070.0
31
0
0
LINE
8
lighting
10
439166.0
20
18530.0
30
0
11
439166.0
21
19070.0
31
0
0
LINE
8
lighting
10
439154.0
20
18530.0
30
0
11
439166.0
21
18530.0
31
0
0
LINE
8
lighting
10
439154.0
20
19070.0
30
0
11
439166.0
21
19070.0
31
0
0
LINE
8
lighting
10
439234.0
20
18530.0
30
0
11
439234.0
21
19070.0
31
0
0
LINE
8
lighting
10
439246.0
20
18530.0
30
0
11
439246.0
21
19070.0
31
0
0
LINE
8
lighting
10
439234.0
20
18530.0
30
0
11
439246.0
21
18530.0
31
0
0
LINE
8
lighting
10
439234.0
20
19070.0
30
0
11
439246.0
21
19070.0
31
0
0
LINE
8
lighting
10
439009.0
20
18800.0
30
0
11
438995.5
21
18807.79
31
0
0
LINE
8
lighting
10
438995.5
20
18807.79
30
0
11
438995.5
21
18792.21
31
0
0
LINE
8
lighting
10
438995.5
20
18792.21
30
0
11
439009.0
21
18800.0
31
0
0
LINE
8
electrical
10
428200.0
20
4880.0
30
0
11
428200.0
21
4872.21
31
0
0
LINE
8
electrical
10
428200.0
20
4872.21
30
0
11
428200.0
21
4887.79
31
0
0
LINE
8
electrical
10
428200.0
20
4887.79
30
0
11
428200.0
21
4880.0
31
0
0
LINE
8
electrical
10
453550.0
20
4880.0
30
0
11
428200.0
21
4880.0
31
0
0
LINE
8
electrical
10
453550.0
20
4880.0
30
0
11
453550.0
21
4872.21
31
0
0
LINE
8
electrical
10
453550.0
20
4872.21
30
0
11
453550.0
21
4887.79
31
0
0
LINE
8
electrical
10
453550.0
20
4887.79
30
0
11
453550.0
21
4880.0
31
0
0
LINE
8
electrical
10
428200.0
20
18800.0
30
0
11
428207.79
21
18800.0
31
0
0
LINE
8
electrical
10
428207.79
20
18800.0
30
0
11
428192.21
21
18800.0
31
0
0
LINE
8
electrical
10
428192.21
20
18800.0
30
0
11
428200.0
21
18800.0
31
0
0
LINE
8
electrical
10
428200.0
20
4880.0
30
0
11
428200.0
21
18800.0
31
0
0
LINE
8
electrical
10
428200.0
20
4880.0
30
0
11
428207.79
21
4880.0
31
0
0
LINE
8
electrical
10
428207.79
20
4880.0
30
0
11
428192.21
21
4880.0
31
0
0
LINE
8
electrical
10
428192.21
20
4880.0
30
0
11
428200.0
21
4880.0
31
0
0
LINE
8
electrical
10
449800.0
20
18800.0
30
0
11
449807.79
21
18800.0
31
0
0
LINE
8
electrical
10
449807.79
20
18800.0
30
0
11
449792.21
21
18800.0
31
0
0
LINE
8
electrical
10
449792.21
20
18800.0
30
0
11
449800.0
21
18800.0
31
0
0
LINE
8
electrical
10
449800.0
20
4880.0
30
0
11
449800.0
21
18800.0
31
0
0
LINE
8
electrical
10
449800.0
20
4880.0
30
0
11
449807.79
21
4880.0
31
0
0
LINE
8
electrical
10
449807.79
20
4880.0
30
0
11
449792.21
21
4880.0
31
0
0
LINE
8
electrical
10
449792.21
20
4880.0
30
0
11
449800.0
21
4880.0
31
0
0
LINE
8
electrical
10
439000.0
20
18800.0
30
0
11
439007.79
21
18800.0
31
0
0
LINE
8
electrical
10
439007.79
20
18800.0
30
0
11
438992.21
21
18800.0
31
0
0
LINE
8
electrical
10
438992.21
20
18800.0
30
0
11
439000.0
21
18800.0
31
0
0
LINE
8
electrical
10
439000.0
20
4880.0
30
0
11
439000.0
21
18800.0
31
0
0
LINE
8
electrical
10
439000.0
20
4880.0
30
0
11
439007.79
21
4880.0
31
0
0
LINE
8
electrical
10
439007.79
20
4880.0
30
0
11
438992.21
21
4880.0
31
0
0
LINE
8
electrical
10
438992.21
20
4880.0
30
0
11
439000.0
21
4880.0
31
0
0
LINE
8
electrical
10
453563.0
20
2200.0
30
0
11
453543.5
21
2211.26
31
0
0
LINE
8
electrical
10
453543.5
20
2211.26
30
0
11
453543.5
21
2188.74
31
0
0
LINE
8
electrical
10
453543.5
20
2188.74
30
0
11
453563.0
21
2200.0
31
0
0
LINE
8
electrical
10
449492.83
20
4869.16
30
0
11
449503.59
21
4885.42
31
0
0
LINE
8
electrical
10
449503.59
20
4885.42
30
0
11
449503.59
21
4885.42
31
0
0
LINE
8
electrical
10
449503.59
20
4885.42
30
0
11
449492.83
21
4869.16
31
0
0
LINE
8
electrical
10
453542.83
20
2189.16
30
0
11
449492.83
21
4869.16
31
0
0
LINE
8
electrical
10
453542.83
20
2189.16
30
0
11
453553.59
21
2205.42
31
0
0
LINE
8
electrical
10
453553.59
20
2205.42
30
0
11
453553.59
21
2205.42
31
0
0
LINE
8
electrical
10
453553.59
20
2205.42
30
0
11
453542.83
21
2189.16
31
0
0
LINE
8
electrical
10
428500.0
20
4880.0
30
0
11
428500.0
21
4868.74
31
0
0
LINE
8
electrical
10
428500.0
20
4868.74
30
0
11
428500.0
21
4891.26
31
0
0
LINE
8
electrical
10
428500.0
20
4891.26
30
0
11
428500.0
21
4880.0
31
0
0
LINE
8
electrical
10
449500.0
20
4880.0
30
0
11
428500.0
21
4880.0
31
0
0
LINE
8
electrical
10
449500.0
20
4880.0
30
0
11
449500.0
21
4868.74
31
0
0
LINE
8
electrical
10
449500.0
20
4868.74
30
0
11
449500.0
21
4891.26
31
0
0
LINE
8
electrical
10
449500.0
20
4891.26
30
0
11
449500.0
21
4880.0
31
0
0
LINE
8
electrical
10
453550.0
20
2200.0
30
0
11
453564.04
21
2200.0
31
0
0
LINE
8
electrical
10
453564.04
20
2200.0
30
0
11
453550.0
21
2200.0
31
0
0
LINE
8
electrical
10
449500.0
20
4880.0
30
0
11
449514.04
21
4880.0
31
0
0
LINE
8
electrical
10
449514.04
20
4880.0
30
0
11
449500.0
21
4880.0
31
0
0
LINE
8
electrical
10
453563.0
20
2200.0
30
0
11
453543.5
21
2211.26
31
0
0
LINE
8
electrical
10
453543.5
20
2211.26
30
0
11
453543.5
21
2188.74
31
0
0
LINE
8
electrical
10
453543.5
20
2188.74
30
0
11
453563.0
21
2200.0
31
0
0
LINE
8
electrical
10
449492.61
20
4989.31
30
0
11
449503.7
21
5005.35
31
0
0
LINE
8
electrical
10
449503.7
20
5005.35
30
0
11
449503.7
21
5005.35
31
0
0
LINE
8
electrical
10
449503.7
20
5005.35
30
0
11
449492.61
21
4989.31
31
0
0
LINE
8
electrical
10
453542.61
20
2189.31
30
0
11
449492.61
21
4989.31
31
0
0
LINE
8
electrical
10
453542.61
20
2189.31
30
0
11
453553.7
21
2205.35
31
0
0
LINE
8
electrical
10
453553.7
20
2205.35
30
0
11
453553.7
21
2205.35
31
0
0
LINE
8
electrical
10
453553.7
20
2205.35
30
0
11
453542.61
21
2189.31
31
0
0
LINE
8
electrical
10
428500.0
20
5000.0
30
0
11
428500.0
21
4988.74
31
0
0
LINE
8
electrical
10
428500.0
20
4988.74
30
0
11
428500.0
21
5011.26
31
0
0
LINE
8
electrical
10
428500.0
20
5011.26
30
0
11
428500.0
21
5000.0
31
0
0
LINE
8
electrical
10
449500.0
20
5000.0
30
0
11
428500.0
21
5000.0
31
0
0
LINE
8
electrical
10
449500.0
20
5000.0
30
0
11
449500.0
21
4988.74
31
0
0
LINE
8
electrical
10
449500.0
20
4988.74
30
0
11
449500.0
21
5011.26
31
0
0
LINE
8
electrical
10
449500.0
20
5011.26
30
0
11
449500.0
21
5000.0
31
0
0
LINE
8
electrical
10
453550.0
20
2200.0
30
0
11
453564.04
21
2200.0
31
0
0
LINE
8
electrical
10
453564.04
20
2200.0
30
0
11
453550.0
21
2200.0
31
0
0
LINE
8
electrical
10
449500.0
20
5000.0
30
0
11
449514.04
21
5000.0
31
0
0
LINE
8
electrical
10
449514.04
20
5000.0
30
0
11
449500.0
21
5000.0
31
0
0
LINE
8
electrical
10
453563.0
20
2200.0
30
0
11
453543.5
21
2211.26
31
0
0
LINE
8
electrical
10
453543.5
20
2211.26
30
0
11
453543.5
21
2188.74
31
0
0
LINE
8
electrical
10
453543.5
20
2188.74
30
0
11
453563.0
21
2200.0
31
0
0
LINE
8
electrical
10
449492.4
20
5109.45
30
0
11
449503.8
21
5125.27
31
0
0
LINE
8
electrical
10
449503.8
20
5125.27
30
0
11
449503.8
21
5125.27
31
0
0
LINE
8
electrical
10
449503.8
20
5125.27
30
0
11
449492.4
21
5109.45
31
0
0
LINE
8
electrical
10
453542.4
20
2189.45
30
0
11
449492.4
21
5109.45
31
0
0
LINE
8
electrical
10
453542.4
20
2189.45
30
0
11
453553.8
21
2205.27
31
0
0
LINE
8
electrical
10
453553.8
20
2205.27
30
0
11
453553.8
21
2205.27
31
0
0
LINE
8
electrical
10
453553.8
20
2205.27
30
0
11
453542.4
21
2189.45
31
0
0
LINE
8
electrical
10
428500.0
20
5120.0
30
0
11
428500.0
21
5108.74
31
0
0
LINE
8
electrical
10
428500.0
20
5108.74
30
0
11
428500.0
21
5131.26
31
0
0
LINE
8
electrical
10
428500.0
20
5131.26
30
0
11
428500.0
21
5120.0
31
0
0
LINE
8
electrical
10
449500.0
20
5120.0
30
0
11
428500.0
21
5120.0
31
0
0
LINE
8
electrical
10
449500.0
20
5120.0
30
0
11
449500.0
21
5108.74
31
0
0
LINE
8
electrical
10
449500.0
20
5108.74
30
0
11
449500.0
21
5131.26
31
0
0
LINE
8
electrical
10
449500.0
20
5131.26
30
0
11
449500.0
21
5120.0
31
0
0
LINE
8
electrical
10
453550.0
20
2200.0
30
0
11
453564.04
21
2200.0
31
0
0
LINE
8
electrical
10
453564.04
20
2200.0
30
0
11
453550.0
21
2200.0
31
0
0
LINE
8
electrical
10
449500.0
20
5120.0
30
0
11
449514.04
21
5120.0
31
0
0
LINE
8
electrical
10
449514.04
20
5120.0
30
0
11
449500.0
21
5120.0
31
0
0
LINE
8
electrical
10
429935.0
20
2150.0
30
0
11
429935.0
21
2210.0
31
0
0
LINE
8
electrical
10
430065.0
20
2150.0
30
0
11
430065.0
21
2210.0
31
0
0
LINE
8
electrical
10
429935.0
20
2150.0
30
0
11
430065.0
21
2150.0
31
0
0
LINE
8
electrical
10
429935.0
20
2210.0
30
0
11
430065.0
21
2210.0
31
0
0
LINE
8
electrical
10
430009.0
20
2180.0
30
0
11
429995.5
21
2187.79
31
0
0
LINE
8
electrical
10
429995.5
20
2187.79
30
0
11
429995.5
21
2172.21
31
0
0
LINE
8
electrical
10
429995.5
20
2172.21
30
0
11
430009.0
21
2180.0
31
0
0
LINE
8
electrical
10
453550.0
20
2180.0
30
0
11
453550.0
21
2172.21
31
0
0
LINE
8
electrical
10
453550.0
20
2172.21
30
0
11
453550.0
21
2187.79
31
0
0
LINE
8
electrical
10
453550.0
20
2187.79
30
0
11
453550.0
21
2180.0
31
0
0
LINE
8
electrical
10
430000.0
20
2180.0
30
0
11
453550.0
21
2180.0
31
0
0
LINE
8
electrical
10
430000.0
20
2180.0
30
0
11
430000.0
21
2172.21
31
0
0
LINE
8
electrical
10
430000.0
20
2172.21
30
0
11
430000.0
21
2187.79
31
0
0
LINE
8
electrical
10
430000.0
20
2187.79
30
0
11
430000.0
21
2180.0
31
0
0
LINE
8
electrical
10
430000.0
20
2180.0
30
0
11
430009.72
21
2180.0
31
0
0
LINE
8
electrical
10
430009.72
20
2180.0
30
0
11
430000.0
21
2180.0
31
0
0
LINE
8
electrical
10
447935.0
20
2150.0
30
0
11
447935.0
21
2210.0
31
0
0
LINE
8
electrical
10
448065.0
20
2150.0
30
0
11
448065.0
21
2210.0
31
0
0
LINE
8
electrical
10
447935.0
20
2150.0
30
0
11
448065.0
21
2150.0
31
0
0
LINE
8
electrical
10
447935.0
20
2210.0
30
0
11
448065.0
21
2210.0
31
0
0
LINE
8
electrical
10
448009.0
20
2180.0
30
0
11
447995.5
21
2187.79
31
0
0
LINE
8
electrical
10
447995.5
20
2187.79
30
0
11
447995.5
21
2172.21
31
0
0
LINE
8
electrical
10
447995.5
20
2172.21
30
0
11
448009.0
21
2180.0
31
0
0
LINE
8
electrical
10
453550.0
20
2180.0
30
0
11
453550.0
21
2172.21
31
0
0
LINE
8
electrical
10
453550.0
20
2172.21
30
0
11
453550.0
21
2187.79
31
0
0
LINE
8
electrical
10
453550.0
20
2187.79
30
0
11
453550.0
21
2180.0
31
0
0
LINE
8
electrical
10
448000.0
20
2180.0
30
0
11
453550.0
21
2180.0
31
0
0
LINE
8
electrical
10
448000.0
20
2180.0
30
0
11
448000.0
21
2172.21
31
0
0
LINE
8
electrical
10
448000.0
20
2172.21
30
0
11
448000.0
21
2187.79
31
0
0
LINE
8
electrical
10
448000.0
20
2187.79
30
0
11
448000.0
21
2180.0
31
0
0
LINE
8
electrical
10
448000.0
20
2180.0
30
0
11
448009.72
21
2180.0
31
0
0
LINE
8
electrical
10
448009.72
20
2180.0
30
0
11
448000.0
21
2180.0
31
0
0
LINE
8
hvac
10
424475.0
20
2725.0
30
0
11
424475.0
21
3475.0
31
0
0
LINE
8
hvac
10
426125.0
20
2725.0
30
0
11
426125.0
21
3475.0
31
0
0
LINE
8
hvac
10
424475.0
20
2725.0
30
0
11
426125.0
21
2725.0
31
0
0
LINE
8
hvac
10
424475.0
20
3475.0
30
0
11
426125.0
21
3475.0
31
0
0
LINE
8
hvac
10
424575.0
20
2680.0
30
0
11
424575.0
21
2720.0
31
0
0
LINE
8
hvac
10
426025.0
20
2680.0
30
0
11
426025.0
21
2720.0
31
0
0
LINE
8
hvac
10
424575.0
20
2680.0
30
0
11
426025.0
21
2680.0
31
0
0
LINE
8
hvac
10
424575.0
20
2720.0
30
0
11
426025.0
21
2720.0
31
0
0
LINE
8
hvac
10
424640.0
20
2640.0
30
0
11
424640.0
21
2700.0
31
0
0
LINE
8
hvac
10
424680.0
20
2640.0
30
0
11
424680.0
21
2700.0
31
0
0
LINE
8
hvac
10
424640.0
20
2640.0
30
0
11
424680.0
21
2640.0
31
0
0
LINE
8
hvac
10
424640.0
20
2700.0
30
0
11
424680.0
21
2700.0
31
0
0
LINE
8
hvac
10
424800.0
20
2640.0
30
0
11
424800.0
21
2700.0
31
0
0
LINE
8
hvac
10
424840.0
20
2640.0
30
0
11
424840.0
21
2700.0
31
0
0
LINE
8
hvac
10
424800.0
20
2640.0
30
0
11
424840.0
21
2640.0
31
0
0
LINE
8
hvac
10
424800.0
20
2700.0
30
0
11
424840.0
21
2700.0
31
0
0
LINE
8
hvac
10
424960.0
20
2640.0
30
0
11
424960.0
21
2700.0
31
0
0
LINE
8
hvac
10
425000.0
20
2640.0
30
0
11
425000.0
21
2700.0
31
0
0
LINE
8
hvac
10
424960.0
20
2640.0
30
0
11
425000.0
21
2640.0
31
0
0
LINE
8
hvac
10
424960.0
20
2700.0
30
0
11
425000.0
21
2700.0
31
0
0
LINE
8
hvac
10
425120.0
20
2640.0
30
0
11
425120.0
21
2700.0
31
0
0
LINE
8
hvac
10
425160.0
20
2640.0
30
0
11
425160.0
21
2700.0
31
0
0
LINE
8
hvac
10
425120.0
20
2640.0
30
0
11
425160.0
21
2640.0
31
0
0
LINE
8
hvac
10
425120.0
20
2700.0
30
0
11
425160.0
21
2700.0
31
0
0
LINE
8
hvac
10
425280.0
20
2640.0
30
0
11
425280.0
21
2700.0
31
0
0
LINE
8
hvac
10
425320.0
20
2640.0
30
0
11
425320.0
21
2700.0
31
0
0
LINE
8
hvac
10
425280.0
20
2640.0
30
0
11
425320.0
21
2640.0
31
0
0
LINE
8
hvac
10
425280.0
20
2700.0
30
0
11
425320.0
21
2700.0
31
0
0
LINE
8
hvac
10
425440.0
20
2640.0
30
0
11
425440.0
21
2700.0
31
0
0
LINE
8
hvac
10
425480.0
20
2640.0
30
0
11
425480.0
21
2700.0
31
0
0
LINE
8
hvac
10
425440.0
20
2640.0
30
0
11
425480.0
21
2640.0
31
0
0
LINE
8
hvac
10
425440.0
20
2700.0
30
0
11
425480.0
21
2700.0
31
0
0
LINE
8
hvac
10
425600.0
20
2640.0
30
0
11
425600.0
21
2700.0
31
0
0
LINE
8
hvac
10
425640.0
20
2640.0
30
0
11
425640.0
21
2700.0
31
0
0
LINE
8
hvac
10
425600.0
20
2640.0
30
0
11
425640.0
21
2640.0
31
0
0
LINE
8
hvac
10
425600.0
20
2700.0
30
0
11
425640.0
21
2700.0
31
0
0
LINE
8
hvac
10
425760.0
20
2640.0
30
0
11
425760.0
21
2700.0
31
0
0
LINE
8
hvac
10
425800.0
20
2640.0
30
0
11
425800.0
21
2700.0
31
0
0
LINE
8
hvac
10
425760.0
20
2640.0
30
0
11
425800.0
21
2640.0
31
0
0
LINE
8
hvac
10
425760.0
20
2700.0
30
0
11
425800.0
21
2700.0
31
0
0
LINE
8
hvac
10
425920.0
20
2640.0
30
0
11
425920.0
21
2700.0
31
0
0
LINE
8
hvac
10
425960.0
20
2640.0
30
0
11
425960.0
21
2700.0
31
0
0
LINE
8
hvac
10
425920.0
20
2640.0
30
0
11
425960.0
21
2640.0
31
0
0
LINE
8
hvac
10
425920.0
20
2700.0
30
0
11
425960.0
21
2700.0
31
0
0
LINE
8
hvac
10
425075.0
20
2875.0
30
0
11
425075.0
21
3325.0
31
0
0
LINE
8
hvac
10
425525.0
20
2875.0
30
0
11
425525.0
21
3325.0
31
0
0
LINE
8
hvac
10
425075.0
20
2875.0
30
0
11
425525.0
21
2875.0
31
0
0
LINE
8
hvac
10
425075.0
20
3325.0
30
0
11
425525.0
21
3325.0
31
0
0
LINE
8
hvac
10
428500.0
20
11825.0
30
0
11
428500.0
21
12175.0
31
0
0
LINE
8
hvac
10
449500.0
20
11825.0
30
0
11
449500.0
21
12175.0
31
0
0
LINE
8
hvac
10
428500.0
20
11825.0
30
0
11
449500.0
21
11825.0
31
0
0
LINE
8
hvac
10
428500.0
20
12175.0
30
0
11
449500.0
21
12175.0
31
0
0
LINE
8
hvac
10
425125.0
20
2925.0
30
0
11
425125.0
21
3275.0
31
0
0
LINE
8
hvac
10
439175.0
20
2925.0
30
0
11
439175.0
21
3275.0
31
0
0
LINE
8
hvac
10
425125.0
20
2925.0
30
0
11
439175.0
21
2925.0
31
0
0
LINE
8
hvac
10
425125.0
20
3275.0
30
0
11
439175.0
21
3275.0
31
0
0
LINE
8
hvac
10
438825.0
20
2925.0
30
0
11
438825.0
21
12175.0
31
0
0
LINE
8
hvac
10
439175.0
20
2925.0
30
0
11
439175.0
21
12175.0
31
0
0
LINE
8
hvac
10
438825.0
20
2925.0
30
0
11
439175.0
21
2925.0
31
0
0
LINE
8
hvac
10
438825.0
20
12175.0
30
0
11
439175.0
21
12175.0
31
0
0
LINE
8
hvac
10
432650.0
20
11650.0
30
0
11
432650.0
21
12350.0
31
0
0
LINE
8
hvac
10
433350.0
20
11650.0
30
0
11
433350.0
21
12350.0
31
0
0
LINE
8
hvac
10
432650.0
20
11650.0
30
0
11
433350.0
21
11650.0
31
0
0
LINE
8
hvac
10
432650.0
20
12350.0
30
0
11
433350.0
21
12350.0
31
0
0
LINE
8
hvac
10
444650.0
20
11650.0
30
0
11
444650.0
21
12350.0
31
0
0
LINE
8
hvac
10
445350.0
20
11650.0
30
0
11
445350.0
21
12350.0
31
0
0
LINE
8
hvac
10
444650.0
20
11650.0
30
0
11
445350.0
21
11650.0
31
0
0
LINE
8
hvac
10
444650.0
20
12350.0
30
0
11
445350.0
21
12350.0
31
0
0
LINE
8
water
10
452490.0
20
14680.0
30
0
11
452490.0
21
15320.0
31
0
0
LINE
8
water
10
453410.0
20
14680.0
30
0
11
453410.0
21
15320.0
31
0
0
LINE
8
water
10
452490.0
20
14680.0
30
0
11
453410.0
21
14680.0
31
0
0
LINE
8
water
10
452490.0
20
15320.0
30
0
11
453410.0
21
15320.0
31
0
0
LINE
8
water
10
452500.0
20
14690.0
30
0
11
452500.0
21
15310.0
31
0
0
LINE
8
water
10
452500.0
20
14690.0
30
0
11
453400.0
21
14690.0
31
0
0
LINE
8
water
10
452500.0
20
15310.0
30
0
11
453400.0
21
15310.0
31
0
0
LINE
8
water
10
453400.0
20
14690.0
30
0
11
453400.0
21
15310.0
31
0
0
LINE
8
water
10
453275.0
20
14785.0
30
0
11
452625.0
21
14785.0
31
0
0
LINE
8
water
10
453275.0
20
14785.0
30
0
11
453275.0
21
15215.0
31
0
0
LINE
8
water
10
453275.0
20
15215.0
30
0
11
452625.0
21
15215.0
31
0
0
LINE
8
water
10
452625.0
20
14785.0
30
0
11
452625.0
21
15215.0
31
0
0
LINE
8
water
10
452968.0
20
15220.0
30
0
11
452941.0
21
15235.59
31
0
0
LINE
8
water
10
452941.0
20
15235.59
30
0
11
452941.0
21
15204.41
31
0
0
LINE
8
water
10
452941.0
20
15204.41
30
0
11
452968.0
21
15220.0
31
0
0
LINE
8
water
10
452950.0
20
15000.0
30
0
11
452965.59
21
15000.0
31
0
0
LINE
8
water
10
452965.59
20
15000.0
30
0
11
452934.41
21
15000.0
31
0
0
LINE
8
water
10
452934.41
20
15000.0
30
0
11
452950.0
21
15000.0
31
0
0
LINE
8
water
10
452950.0
20
15220.0
30
0
11
452950.0
21
15000.0
31
0
0
LINE
8
water
10
452950.0
20
15220.0
30
0
11
452965.59
21
15220.0
31
0
0
LINE
8
water
10
452965.59
20
15220.0
30
0
11
452934.41
21
15220.0
31
0
0
LINE
8
water
10
452934.41
20
15220.0
30
0
11
452950.0
21
15220.0
31
0
0
LINE
8
water
10
452950.0
20
15220.0
30
0
11
452969.44
21
15220.0
31
0
0
LINE
8
water
10
452969.44
20
15220.0
30
0
11
452950.0
21
15220.0
31
0
0
LINE
8
water
10
452895.0
20
15000.0
30
0
11
452950.0
21
15055.0
31
0
0
LINE
8
water
10
452950.0
20
15055.0
30
0
11
453005.0
21
15000.0
31
0
0
LINE
8
water
10
453005.0
20
15000.0
30
0
11
452950.0
21
14945.0
31
0
0
LINE
8
water
10
452950.0
20
14945.0
30
0
11
452895.0
21
15000.0
31
0
0
LINE
8
water
10
452950.0
20
13800.0
30
0
11
453005.0
21
13800.0
31
0
0
LINE
8
water
10
453005.0
20
13800.0
30
0
11
452950.0
21
13800.0
31
0
0
LINE
8
water
10
452950.0
20
13800.0
30
0
11
452895.0
21
13800.0
31
0
0
LINE
8
water
10
452895.0
20
13800.0
30
0
11
452950.0
21
13800.0
31
0
0
LINE
8
water
10
452950.0
20
15000.0
30
0
11
452950.0
21
13800.0
31
0
0
LINE
8
water
10
452950.0
20
15000.0
30
0
11
453005.0
21
15000.0
31
0
0
LINE
8
water
10
453005.0
20
15000.0
30
0
11
452950.0
21
15000.0
31
0
0
LINE
8
water
10
452950.0
20
15000.0
30
0
11
452895.0
21
15000.0
31
0
0
LINE
8
water
10
452895.0
20
15000.0
30
0
11
452950.0
21
15000.0
31
0
0
LINE
8
water
10
452895.0
20
13800.0
30
0
11
452950.0
21
13855.0
31
0
0
LINE
8
water
10
452950.0
20
13855.0
30
0
11
453005.0
21
13800.0
31
0
0
LINE
8
water
10
453005.0
20
13800.0
30
0
11
452950.0
21
13745.0
31
0
0
LINE
8
water
10
452950.0
20
13745.0
30
0
11
452895.0
21
13800.0
31
0
0
LINE
8
water
10
452950.0
20
-58000.0
30
0
11
453005.0
21
-58000.0
31
0
0
LINE
8
water
10
453005.0
20
-58000.0
30
0
11
452950.0
21
-58000.0
31
0
0
LINE
8
water
10
452950.0
20
-58000.0
30
0
11
452895.0
21
-58000.0
31
0
0
LINE
8
water
10
452895.0
20
-58000.0
30
0
11
452950.0
21
-58000.0
31
0
0
LINE
8
water
10
452950.0
20
13800.0
30
0
11
452950.0
21
-58000.0
31
0
0
LINE
8
water
10
305000.0
20
-58000.0
30
0
11
305000.0
21
-58055.0
31
0
0
LINE
8
water
10
305000.0
20
-58055.0
30
0
11
305000.0
21
-58000.0
31
0
0
LINE
8
water
10
305000.0
20
-58000.0
30
0
11
305000.0
21
-57945.0
31
0
0
LINE
8
water
10
305000.0
20
-57945.0
30
0
11
305000.0
21
-58000.0
31
0
0
LINE
8
water
10
452950.0
20
-58000.0
30
0
11
305000.0
21
-58000.0
31
0
0
LINE
8
water
10
452950.0
20
-58000.0
30
0
11
452950.0
21
-58055.0
31
0
0
LINE
8
water
10
452950.0
20
-58055.0
30
0
11
452950.0
21
-58000.0
31
0
0
LINE
8
water
10
452950.0
20
-58000.0
30
0
11
452950.0
21
-57945.0
31
0
0
LINE
8
water
10
452950.0
20
-57945.0
30
0
11
452950.0
21
-58000.0
31
0
0
LINE
8
water
10
452950.0
20
15000.0
30
0
11
453009.4
21
15000.0
31
0
0
LINE
8
water
10
453009.4
20
15000.0
30
0
11
452950.0
21
15000.0
31
0
0
LINE
8
water
10
452950.0
20
13800.0
30
0
11
453009.4
21
13800.0
31
0
0
LINE
8
water
10
453009.4
20
13800.0
30
0
11
452950.0
21
13800.0
31
0
0
LINE
8
water
10
452950.0
20
-58000.0
30
0
11
453009.4
21
-58000.0
31
0
0
LINE
8
water
10
453009.4
20
-58000.0
30
0
11
452950.0
21
-58000.0
31
0
0
LINE
8
water
10
453270.0
20
13750.0
30
0
11
453176.27
21
13976.27
31
0
0
LINE
8
water
10
453176.27
20
13976.27
30
0
11
452950.0
21
14070.0
31
0
0
LINE
8
water
10
452950.0
20
14070.0
30
0
11
452723.73
21
13976.27
31
0
0
LINE
8
water
10
452723.73
20
13976.27
30
0
11
452630.0
21
13750.0
31
0
0
LINE
8
water
10
452630.0
20
13750.0
30
0
11
452723.73
21
13523.73
31
0
0
LINE
8
water
10
452723.73
20
13523.73
30
0
11
452950.0
21
13430.0
31
0
0
LINE
8
water
10
452950.0
20
13430.0
30
0
11
453176.27
21
13523.73
31
0
0
LINE
8
water
10
453176.27
20
13523.73
30
0
11
453270.0
21
13750.0
31
0
0
LINE
8
water
10
452760.0
20
13625.0
30
0
11
452760.0
21
13875.0
31
0
0
LINE
8
water
10
453140.0
20
13625.0
30
0
11
453140.0
21
13875.0
31
0
0
LINE
8
water
10
452760.0
20
13625.0
30
0
11
453140.0
21
13625.0
31
0
0
LINE
8
water
10
452760.0
20
13875.0
30
0
11
453140.0
21
13875.0
31
0
0
LINE
8
water
10
444155.0
20
2400.0
30
0
11
444155.0
21
2325.0
31
0
0
LINE
8
water
10
444155.0
20
2325.0
30
0
11
444155.0
21
2400.0
31
0
0
LINE
8
water
10
444155.0
20
2400.0
30
0
11
444155.0
21
2475.0
31
0
0
LINE
8
water
10
444155.0
20
2475.0
30
0
11
444155.0
21
2400.0
31
0
0
LINE
8
water
10
443755.0
20
2400.0
30
0
11
444155.0
21
2400.0
31
0
0
LINE
8
water
10
443755.0
20
2400.0
30
0
11
443755.0
21
2325.0
31
0
0
LINE
8
water
10
443755.0
20
2325.0
30
0
11
443755.0
21
2400.0
31
0
0
LINE
8
water
10
443755.0
20
2400.0
30
0
11
443755.0
21
2475.0
31
0
0
LINE
8
water
10
443755.0
20
2475.0
30
0
11
443755.0
21
2400.0
31
0
0
LINE
8
water
10
444045.0
20
2400.0
30
0
11
443982.81
21
2485.6
31
0
0
LINE
8
water
10
443982.81
20
2485.6
30
0
11
443882.19
21
2452.9
31
0
0
LINE
8
water
10
443882.19
20
2452.9
30
0
11
443882.19
21
2347.1
31
0
0
LINE
8
water
10
443882.19
20
2347.1
30
0
11
443982.81
21
2314.4
31
0
0
LINE
8
water
10
443982.81
20
2314.4
30
0
11
444045.0
21
2400.0
31
0
0
LINE
8
water
10
443765.0
20
2375.0
30
0
11
443765.0
21
2425.0
31
0
0
LINE
8
water
10
444145.0
20
2375.0
30
0
11
444145.0
21
2425.0
31
0
0
LINE
8
water
10
443765.0
20
2375.0
30
0
11
444145.0
21
2375.0
31
0
0
LINE
8
water
10
443765.0
20
2425.0
30
0
11
444145.0
21
2425.0
31
0
0
LINE
8
water
10
443830.0
20
2400.0
30
0
11
443830.0
21
2295.38
31
0
0
LINE
8
water
10
443830.0
20
2295.38
30
0
11
443830.0
21
2335.34
31
0
0
LINE
8
water
10
443830.0
20
2335.34
30
0
11
443830.0
21
2464.66
31
0
0
LINE
8
water
10
443830.0
20
2464.66
30
0
11
443830.0
21
2504.62
31
0
0
LINE
8
water
10
443830.0
20
2504.62
30
0
11
443830.0
21
2400.0
31
0
0
LINE
8
water
10
443805.0
20
2400.0
30
0
11
443830.0
21
2400.0
31
0
0
LINE
8
water
10
443805.0
20
2400.0
30
0
11
443805.0
21
2295.38
31
0
0
LINE
8
water
10
443805.0
20
2295.38
30
0
11
443805.0
21
2335.34
31
0
0
LINE
8
water
10
443805.0
20
2335.34
30
0
11
443805.0
21
2464.66
31
0
0
LINE
8
water
10
443805.0
20
2464.66
30
0
11
443805.0
21
2504.62
31
0
0
LINE
8
water
10
443805.0
20
2504.62
30
0
11
443805.0
21
2400.0
31
0
0
LINE
8
water
10
444130.0
20
2400.0
30
0
11
444130.0
21
2295.38
31
0
0
LINE
8
water
10
444130.0
20
2295.38
30
0
11
444130.0
21
2335.34
31
0
0
LINE
8
water
10
444130.0
20
2335.34
30
0
11
444130.0
21
2464.66
31
0
0
LINE
8
water
10
444130.0
20
2464.66
30
0
11
444130.0
21
2504.62
31
0
0
LINE
8
water
10
444130.0
20
2504.62
30
0
11
444130.0
21
2400.0
31
0
0
LINE
8
water
10
444105.0
20
2400.0
30
0
11
444130.0
21
2400.0
31
0
0
LINE
8
water
10
444105.0
20
2400.0
30
0
11
444105.0
21
2295.38
31
0
0
LINE
8
water
10
444105.0
20
2295.38
30
0
11
444105.0
21
2335.34
31
0
0
LINE
8
water
10
444105.0
20
2335.34
30
0
11
444105.0
21
2464.66
31
0
0
LINE
8
water
10
444105.0
20
2464.66
30
0
11
444105.0
21
2504.62
31
0
0
LINE
8
water
10
444105.0
20
2504.62
30
0
11
444105.0
21
2400.0
31
0
0
LINE
8
water
10
440100.0
20
2400.0
30
0
11
440130.31
21
2400.0
31
0
0
LINE
8
water
10
440130.31
20
2400.0
30
0
11
440069.69
21
2400.0
31
0
0
LINE
8
water
10
440069.69
20
2400.0
30
0
11
440100.0
21
2400.0
31
0
0
LINE
8
water
10
440100.0
20
-60500.0
30
0
11
440100.0
21
2400.0
31
0
0
LINE
8
water
10
440100.0
20
-60500.0
30
0
11
440130.31
21
-60500.0
31
0
0
LINE
8
water
10
440130.31
20
-60500.0
30
0
11
440069.69
21
-60500.0
31
0
0
LINE
8
water
10
440069.69
20
-60500.0
30
0
11
440100.0
21
-60500.0
31
0
0
LINE
8
water
10
452950.0
20
2400.0
30
0
11
452950.0
21
2369.69
31
0
0
LINE
8
water
10
452950.0
20
2369.69
30
0
11
452950.0
21
2430.31
31
0
0
LINE
8
water
10
452950.0
20
2430.31
30
0
11
452950.0
21
2400.0
31
0
0
LINE
8
water
10
440100.0
20
2400.0
30
0
11
452950.0
21
2400.0
31
0
0
LINE
8
water
10
440100.0
20
2400.0
30
0
11
440100.0
21
2369.69
31
0
0
LINE
8
water
10
440100.0
20
2369.69
30
0
11
440100.0
21
2430.31
31
0
0
LINE
8
water
10
440100.0
20
2430.31
30
0
11
440100.0
21
2400.0
31
0
0
LINE
8
water
10
452950.0
20
15230.0
30
0
11
452980.31
21
15230.0
31
0
0
LINE
8
water
10
452980.31
20
15230.0
30
0
11
452919.69
21
15230.0
31
0
0
LINE
8
water
10
452919.69
20
15230.0
30
0
11
452950.0
21
15230.0
31
0
0
LINE
8
water
10
452950.0
20
2400.0
30
0
11
452950.0
21
15230.0
31
0
0
LINE
8
water
10
452950.0
20
2400.0
30
0
11
452980.31
21
2400.0
31
0
0
LINE
8
water
10
452980.31
20
2400.0
30
0
11
452919.69
21
2400.0
31
0
0
LINE
8
water
10
452919.69
20
2400.0
30
0
11
452950.0
21
2400.0
31
0
0
LINE
8
water
10
452915.0
20
15230.0
30
0
11
452967.5
21
15260.31
31
0
0
LINE
8
water
10
452967.5
20
15260.31
30
0
11
452967.5
21
15199.69
31
0
0
LINE
8
water
10
452967.5
20
15199.69
30
0
11
452915.0
21
15230.0
31
0
0
LINE
8
water
10
440100.0
20
2400.0
30
0
11
440137.8
21
2400.0
31
0
0
LINE
8
water
10
440137.8
20
2400.0
30
0
11
440100.0
21
2400.0
31
0
0
LINE
8
water
10
452950.0
20
2400.0
30
0
11
452987.8
21
2400.0
31
0
0
LINE
8
water
10
452987.8
20
2400.0
30
0
11
452950.0
21
2400.0
31
0
0
LINE
8
water
10
452950.0
20
15230.0
30
0
11
452987.8
21
15230.0
31
0
0
LINE
8
water
10
452987.8
20
15230.0
30
0
11
452950.0
21
15230.0
31
0
0
LINE
8
water
10
444364.0
20
2400.0
30
0
11
444364.0
21
2325.0
31
0
0
LINE
8
water
10
444364.0
20
2325.0
30
0
11
444364.0
21
2400.0
31
0
0
LINE
8
water
10
444364.0
20
2400.0
30
0
11
444364.0
21
2475.0
31
0
0
LINE
8
water
10
444364.0
20
2475.0
30
0
11
444364.0
21
2400.0
31
0
0
LINE
8
water
10
443964.0
20
2400.0
30
0
11
444364.0
21
2400.0
31
0
0
LINE
8
water
10
443964.0
20
2400.0
30
0
11
443964.0
21
2325.0
31
0
0
LINE
8
water
10
443964.0
20
2325.0
30
0
11
443964.0
21
2400.0
31
0
0
LINE
8
water
10
443964.0
20
2400.0
30
0
11
443964.0
21
2475.0
31
0
0
LINE
8
water
10
443964.0
20
2475.0
30
0
11
443964.0
21
2400.0
31
0
0
LINE
8
water
10
444254.0
20
2400.0
30
0
11
444191.81
21
2485.6
31
0
0
LINE
8
water
10
444191.81
20
2485.6
30
0
11
444091.19
21
2452.9
31
0
0
LINE
8
water
10
444091.19
20
2452.9
30
0
11
444091.19
21
2347.1
31
0
0
LINE
8
water
10
444091.19
20
2347.1
30
0
11
444191.81
21
2314.4
31
0
0
LINE
8
water
10
444191.81
20
2314.4
30
0
11
444254.0
21
2400.0
31
0
0
LINE
8
water
10
443974.0
20
2375.0
30
0
11
443974.0
21
2425.0
31
0
0
LINE
8
water
10
444354.0
20
2375.0
30
0
11
444354.0
21
2425.0
31
0
0
LINE
8
water
10
443974.0
20
2375.0
30
0
11
444354.0
21
2375.0
31
0
0
LINE
8
water
10
443974.0
20
2425.0
30
0
11
444354.0
21
2425.0
31
0
0
LINE
8
water
10
444039.0
20
2400.0
30
0
11
444039.0
21
2295.38
31
0
0
LINE
8
water
10
444039.0
20
2295.38
30
0
11
444039.0
21
2335.34
31
0
0
LINE
8
water
10
444039.0
20
2335.34
30
0
11
444039.0
21
2464.66
31
0
0
LINE
8
water
10
444039.0
20
2464.66
30
0
11
444039.0
21
2504.62
31
0
0
LINE
8
water
10
444039.0
20
2504.62
30
0
11
444039.0
21
2400.0
31
0
0
LINE
8
water
10
444014.0
20
2400.0
30
0
11
444039.0
21
2400.0
31
0
0
LINE
8
water
10
444014.0
20
2400.0
30
0
11
444014.0
21
2295.38
31
0
0
LINE
8
water
10
444014.0
20
2295.38
30
0
11
444014.0
21
2335.34
31
0
0
LINE
8
water
10
444014.0
20
2335.34
30
0
11
444014.0
21
2464.66
31
0
0
LINE
8
water
10
444014.0
20
2464.66
30
0
11
444014.0
21
2504.62
31
0
0
LINE
8
water
10
444014.0
20
2504.62
30
0
11
444014.0
21
2400.0
31
0
0
LINE
8
water
10
444339.0
20
2400.0
30
0
11
444339.0
21
2295.38
31
0
0
LINE
8
water
10
444339.0
20
2295.38
30
0
11
444339.0
21
2335.34
31
0
0
LINE
8
water
10
444339.0
20
2335.34
30
0
11
444339.0
21
2464.66
31
0
0
LINE
8
water
10
444339.0
20
2464.66
30
0
11
444339.0
21
2504.62
31
0
0
LINE
8
water
10
444339.0
20
2504.62
30
0
11
444339.0
21
2400.0
31
0
0
LINE
8
water
10
444314.0
20
2400.0
30
0
11
444339.0
21
2400.0
31
0
0
LINE
8
water
10
444314.0
20
2400.0
30
0
11
444314.0
21
2295.38
31
0
0
LINE
8
water
10
444314.0
20
2295.38
30
0
11
444314.0
21
2335.34
31
0
0
LINE
8
water
10
444314.0
20
2335.34
30
0
11
444314.0
21
2464.66
31
0
0
LINE
8
water
10
444314.0
20
2464.66
30
0
11
444314.0
21
2504.62
31
0
0
LINE
8
water
10
444314.0
20
2504.62
30
0
11
444314.0
21
2400.0
31
0
0
LINE
8
water
10
440450.0
20
2400.0
30
0
11
440480.31
21
2400.0
31
0
0
LINE
8
water
10
440480.31
20
2400.0
30
0
11
440419.69
21
2400.0
31
0
0
LINE
8
water
10
440419.69
20
2400.0
30
0
11
440450.0
21
2400.0
31
0
0
LINE
8
water
10
440450.0
20
-59500.0
30
0
11
440450.0
21
2400.0
31
0
0
LINE
8
water
10
440450.0
20
-59500.0
30
0
11
440480.31
21
-59500.0
31
0
0
LINE
8
water
10
440480.31
20
-59500.0
30
0
11
440419.69
21
-59500.0
31
0
0
LINE
8
water
10
440419.69
20
-59500.0
30
0
11
440450.0
21
-59500.0
31
0
0
LINE
8
water
10
452830.0
20
2400.0
30
0
11
452830.0
21
2369.69
31
0
0
LINE
8
water
10
452830.0
20
2369.69
30
0
11
452830.0
21
2430.31
31
0
0
LINE
8
water
10
452830.0
20
2430.31
30
0
11
452830.0
21
2400.0
31
0
0
LINE
8
water
10
440450.0
20
2400.0
30
0
11
452830.0
21
2400.0
31
0
0
LINE
8
water
10
440450.0
20
2400.0
30
0
11
440450.0
21
2369.69
31
0
0
LINE
8
water
10
440450.0
20
2369.69
30
0
11
440450.0
21
2430.31
31
0
0
LINE
8
water
10
440450.0
20
2430.31
30
0
11
440450.0
21
2400.0
31
0
0
LINE
8
water
10
452830.0
20
15230.0
30
0
11
452860.31
21
15230.0
31
0
0
LINE
8
water
10
452860.31
20
15230.0
30
0
11
452799.69
21
15230.0
31
0
0
LINE
8
water
10
452799.69
20
15230.0
30
0
11
452830.0
21
15230.0
31
0
0
LINE
8
water
10
452830.0
20
2400.0
30
0
11
452830.0
21
15230.0
31
0
0
LINE
8
water
10
452830.0
20
2400.0
30
0
11
452860.31
21
2400.0
31
0
0
LINE
8
water
10
452860.31
20
2400.0
30
0
11
452799.69
21
2400.0
31
0
0
LINE
8
water
10
452799.69
20
2400.0
30
0
11
452830.0
21
2400.0
31
0
0
LINE
8
water
10
452795.0
20
15230.0
30
0
11
452847.5
21
15260.31
31
0
0
LINE
8
water
10
452847.5
20
15260.31
30
0
11
452847.5
21
15199.69
31
0
0
LINE
8
water
10
452847.5
20
15199.69
30
0
11
452795.0
21
15230.0
31
0
0
LINE
8
water
10
440450.0
20
2400.0
30
0
11
440487.8
21
2400.0
31
0
0
LINE
8
water
10
440487.8
20
2400.0
30
0
11
440450.0
21
2400.0
31
0
0
LINE
8
water
10
452830.0
20
2400.0
30
0
11
452867.8
21
2400.0
31
0
0
LINE
8
water
10
452867.8
20
2400.0
30
0
11
452830.0
21
2400.0
31
0
0
LINE
8
water
10
452830.0
20
15230.0
30
0
11
452867.8
21
15230.0
31
0
0
LINE
8
water
10
452867.8
20
15230.0
30
0
11
452830.0
21
15230.0
31
0
0
LINE
8
sensors
10
424040.0
20
6320.0
30
0
11
424040.0
21
6480.0
31
0
0
LINE
8
sensors
10
424140.0
20
6320.0
30
0
11
424140.0
21
6480.0
31
0
0
LINE
8
sensors
10
424040.0
20
6320.0
30
0
11
424140.0
21
6320.0
31
0
0
LINE
8
sensors
10
424040.0
20
6480.0
30
0
11
424140.0
21
6480.0
31
0
0
LINE
8
sensors
10
424145.0
20
6345.0
30
0
11
424145.0
21
6455.0
31
0
0
LINE
8
sensors
10
424165.0
20
6345.0
30
0
11
424165.0
21
6455.0
31
0
0
LINE
8
sensors
10
424145.0
20
6345.0
30
0
11
424165.0
21
6345.0
31
0
0
LINE
8
sensors
10
424145.0
20
6455.0
30
0
11
424165.0
21
6455.0
31
0
0
LINE
8
sensors
10
424040.0
20
6620.0
30
0
11
424040.0
21
6780.0
31
0
0
LINE
8
sensors
10
424140.0
20
6620.0
30
0
11
424140.0
21
6780.0
31
0
0
LINE
8
sensors
10
424040.0
20
6620.0
30
0
11
424140.0
21
6620.0
31
0
0
LINE
8
sensors
10
424040.0
20
6780.0
30
0
11
424140.0
21
6780.0
31
0
0
LINE
8
sensors
10
424145.0
20
6645.0
30
0
11
424145.0
21
6755.0
31
0
0
LINE
8
sensors
10
424165.0
20
6645.0
30
0
11
424165.0
21
6755.0
31
0
0
LINE
8
sensors
10
424145.0
20
6645.0
30
0
11
424165.0
21
6645.0
31
0
0
LINE
8
sensors
10
424145.0
20
6755.0
30
0
11
424165.0
21
6755.0
31
0
0
LINE
8
sensors
10
424040.0
20
6920.0
30
0
11
424040.0
21
7080.0
31
0
0
LINE
8
sensors
10
424140.0
20
6920.0
30
0
11
424140.0
21
7080.0
31
0
0
LINE
8
sensors
10
424040.0
20
6920.0
30
0
11
424140.0
21
6920.0
31
0
0
LINE
8
sensors
10
424040.0
20
7080.0
30
0
11
424140.0
21
7080.0
31
0
0
LINE
8
sensors
10
424145.0
20
6945.0
30
0
11
424145.0
21
7055.0
31
0
0
LINE
8
sensors
10
424165.0
20
6945.0
30
0
11
424165.0
21
7055.0
31
0
0
LINE
8
sensors
10
424145.0
20
6945.0
30
0
11
424165.0
21
6945.0
31
0
0
LINE
8
sensors
10
424145.0
20
7055.0
30
0
11
424165.0
21
7055.0
31
0
0
LINE
8
sensors
10
439080.0
20
12000.0
30
0
11
439000.0
21
12080.0
31
0
0
LINE
8
sensors
10
439000.0
20
12080.0
30
0
11
438920.0
21
12000.0
31
0
0
LINE
8
sensors
10
438920.0
20
12000.0
30
0
11
439000.0
21
11920.0
31
0
0
LINE
8
sensors
10
439000.0
20
11920.0
30
0
11
439080.0
21
12000.0
31
0
0
LINE
8
sensors
10
439000.0
20
12000.0
30
0
11
439065.0
21
12000.0
31
0
0
LINE
8
sensors
10
439065.0
20
12000.0
30
0
11
439000.0
21
12000.0
31
0
0
LINE
8
sensors
10
424040.0
20
7520.0
30
0
11
424040.0
21
7680.0
31
0
0
LINE
8
sensors
10
424140.0
20
7520.0
30
0
11
424140.0
21
7680.0
31
0
0
LINE
8
sensors
10
424040.0
20
7520.0
30
0
11
424140.0
21
7520.0
31
0
0
LINE
8
sensors
10
424040.0
20
7680.0
30
0
11
424140.0
21
7680.0
31
0
0
LINE
8
sensors
10
424145.0
20
7545.0
30
0
11
424145.0
21
7655.0
31
0
0
LINE
8
sensors
10
424165.0
20
7545.0
30
0
11
424165.0
21
7655.0
31
0
0
LINE
8
sensors
10
424145.0
20
7545.0
30
0
11
424165.0
21
7545.0
31
0
0
LINE
8
sensors
10
424145.0
20
7655.0
30
0
11
424165.0
21
7655.0
31
0
0
LINE
8
sensors
10
448562.5
20
2400.0
30
0
11
448562.5
21
2325.0
31
0
0
LINE
8
sensors
10
448562.5
20
2325.0
30
0
11
448562.5
21
2400.0
31
0
0
LINE
8
sensors
10
448562.5
20
2400.0
30
0
11
448562.5
21
2475.0
31
0
0
LINE
8
sensors
10
448562.5
20
2475.0
30
0
11
448562.5
21
2400.0
31
0
0
LINE
8
sensors
10
448342.5
20
2400.0
30
0
11
448562.5
21
2400.0
31
0
0
LINE
8
sensors
10
448342.5
20
2400.0
30
0
11
448342.5
21
2325.0
31
0
0
LINE
8
sensors
10
448342.5
20
2325.0
30
0
11
448342.5
21
2400.0
31
0
0
LINE
8
sensors
10
448342.5
20
2400.0
30
0
11
448342.5
21
2475.0
31
0
0
LINE
8
sensors
10
448342.5
20
2475.0
30
0
11
448342.5
21
2400.0
31
0
0
LINE
8
sensors
10
448372.5
20
2330.0
30
0
11
448372.5
21
2470.0
31
0
0
LINE
8
sensors
10
448532.5
20
2330.0
30
0
11
448532.5
21
2470.0
31
0
0
LINE
8
sensors
10
448372.5
20
2330.0
30
0
11
448532.5
21
2330.0
31
0
0
LINE
8
sensors
10
448372.5
20
2470.0
30
0
11
448532.5
21
2470.0
31
0
0
LINE
8
sensors
10
448607.0
20
2400.0
30
0
11
448607.0
21
2325.0
31
0
0
LINE
8
sensors
10
448607.0
20
2325.0
30
0
11
448607.0
21
2400.0
31
0
0
LINE
8
sensors
10
448607.0
20
2400.0
30
0
11
448607.0
21
2475.0
31
0
0
LINE
8
sensors
10
448607.0
20
2475.0
30
0
11
448607.0
21
2400.0
31
0
0
LINE
8
sensors
10
448387.0
20
2400.0
30
0
11
448607.0
21
2400.0
31
0
0
LINE
8
sensors
10
448387.0
20
2400.0
30
0
11
448387.0
21
2325.0
31
0
0
LINE
8
sensors
10
448387.0
20
2325.0
30
0
11
448387.0
21
2400.0
31
0
0
LINE
8
sensors
10
448387.0
20
2400.0
30
0
11
448387.0
21
2475.0
31
0
0
LINE
8
sensors
10
448387.0
20
2475.0
30
0
11
448387.0
21
2400.0
31
0
0
LINE
8
sensors
10
448417.0
20
2330.0
30
0
11
448417.0
21
2470.0
31
0
0
LINE
8
sensors
10
448577.0
20
2330.0
30
0
11
448577.0
21
2470.0
31
0
0
LINE
8
sensors
10
448417.0
20
2330.0
30
0
11
448577.0
21
2330.0
31
0
0
LINE
8
sensors
10
448417.0
20
2470.0
30
0
11
448577.0
21
2470.0
31
0
0
ENDSEC
0
EOF
