0
SECTION
2
HEADER
9
$ACADVER
1
AC1015
9
$INSUNITS
70
4
0
ENDSEC
0
SECTION
2
ENTITIES
0
LINE
8
electrical
10
-456450.0
20
-62625.0
30
0
11
-456450.0
21
-62375.0
31
0
0
LINE
8
electrical
10
-455550.0
20
-62625.0
30
0
11
-455550.0
21
-62375.0
31
0
0
LINE
8
electrical
10
-456450.0
20
-62625.0
30
0
11
-455550.0
21
-62625.0
31
0
0
LINE
8
electrical
10
-456450.0
20
-62375.0
30
0
11
-455550.0
21
-62375.0
31
0
0
LINE
8
electrical
10
-456410.0
20
-62652.5
30
0
11
-456410.0
21
-62617.5
31
0
0
LINE
8
electrical
10
-455590.0
20
-62652.5
30
0
11
-455590.0
21
-62617.5
31
0
0
LINE
8
electrical
10
-456410.0
20
-62652.5
30
0
11
-455590.0
21
-62652.5
31
0
0
LINE
8
electrical
10
-456410.0
20
-62617.5
30
0
11
-455590.0
21
-62617.5
31
0
0
LINE
8
electrical
10
-456275.0
20
-62690.0
30
0
11
-456275.0
21
-62650.0
31
0
0
LINE
8
electrical
10
-456175.0
20
-62690.0
30
0
11
-456175.0
21
-62650.0
31
0
0
LINE
8
electrical
10
-456275.0
20
-62690.0
30
0
11
-456175.0
21
-62690.0
31
0
0
LINE
8
electrical
10
-456275.0
20
-62650.0
30
0
11
-456175.0
21
-62650.0
31
0
0
LINE
8
electrical
10
-456050.0
20
-62690.0
30
0
11
-456050.0
21
-62650.0
31
0
0
LINE
8
electrical
10
-455950.0
20
-62690.0
30
0
11
-455950.0
21
-62650.0
31
0
0
LINE
8
electrical
10
-456050.0
20
-62690.0
30
0
11
-455950.0
21
-62690.0
31
0
0
LINE
8
electrical
10
-456050.0
20
-62650.0
30
0
11
-455950.0
21
-62650.0
31
0
0
LINE
8
electrical
10
-455825.0
20
-62690.0
30
0
11
-455825.0
21
-62650.0
31
0
0
LINE
8
electrical
10
-455725.0
20
-62690.0
30
0
11
-455725.0
21
-62650.0
31
0
0
LINE
8
electrical
10
-455825.0
20
-62690.0
30
0
11
-455725.0
21
-62690.0
31
0
0
LINE
8
electrical
10
-455825.0
20
-62650.0
30
0
11
-455725.0
21
-62650.0
31
0
0
LINE
8
electrical
10
-456225.0
20
-62705.0
30
0
11
-456201.62
21
-62705.0
31
0
0
LINE
8
electrical
10
-456201.62
20
-62705.0
30
0
11
-456248.38
21
-62705.0
31
0
0
LINE
8
electrical
10
-456248.38
20
-62705.0
30
0
11
-456225.0
21
-62705.0
31
0
0
LINE
8
electrical
10
-456225.0
20
-62680.0
30
0
11
-456225.0
21
-62705.0
31
0
0
LINE
8
electrical
10
-456225.0
20
-62680.0
30
0
11
-456201.62
21
-62680.0
31
0
0
LINE
8
electrical
10
-456201.62
20
-62680.0
30
0
11
-456248.38
21
-62680.0
31
0
0
LINE
8
electrical
10
-456248.38
20
-62680.0
30
0
11
-456225.0
21
-62680.0
31
0
0
LINE
8
electrical
10
-456000.0
20
-62705.0
30
0
11
-455976.62
21
-62705.0
31
0
0
LINE
8
electrical
10
-455976.62
20
-62705.0
30
0
11
-456023.38
21
-62705.0
31
0
0
LINE
8
electrical
10
-456023.38
20
-62705.0
30
0
11
-456000.0
21
-62705.0
31
0
0
LINE
8
electrical
10
-456000.0
20
-62680.0
30
0
11
-456000.0
21
-62705.0
31
0
0
LINE
8
electrical
10
-456000.0
20
-62680.0
30
0
11
-455976.62
21
-62680.0
31
0
0
LINE
8
electrical
10
-455976.62
20
-62680.0
30
0
11
-456023.38
21
-62680.0
31
0
0
LINE
8
electrical
10
-456023.38
20
-62680.0
30
0
11
-456000.0
21
-62680.0
31
0
0
LINE
8
electrical
10
-455775.0
20
-62705.0
30
0
11
-455751.62
21
-62705.0
31
0
0
LINE
8
electrical
10
-455751.62
20
-62705.0
30
0
11
-455798.38
21
-62705.0
31
0
0
LINE
8
electrical
10
-455798.38
20
-62705.0
30
0
11
-455775.0
21
-62705.0
31
0
0
LINE
8
electrical
10
-455775.0
20
-62680.0
30
0
11
-455775.0
21
-62705.0
31
0
0
LINE
8
electrical
10
-455775.0
20
-62680.0
30
0
11
-455751.62
21
-62680.0
31
0
0
LINE
8
electrical
10
-455751.62
20
-62680.0
30
0
11
-455798.38
21
-62680.0
31
0
0
LINE
8
electrical
10
-455798.38
20
-62680.0
30
0
11
-455775.0
21
-62680.0
31
0
0
LINE
8
water
10
-452800.0
20
-60500.0
30
0
11
-452800.0
21
-60575.0
31
0
0
LINE
8
water
10
-452800.0
20
-60575.0
30
0
11
-452800.0
21
-60500.0
31
0
0
LINE
8
water
10
-452800.0
20
-60500.0
30
0
11
-452800.0
21
-60425.0
31
0
0
LINE
8
water
10
-452800.0
20
-60425.0
30
0
11
-452800.0
21
-60500.0
31
0
0
LINE
8
water
10
-453200.0
20
-60500.0
30
0
11
-452800.0
21
-60500.0
31
0
0
LINE
8
water
10
-453200.0
20
-60500.0
30
0
11
-453200.0
21
-60575.0
31
0
0
LINE
8
water
10
-453200.0
20
-60575.0
30
0
11
-453200.0
21
-60500.0
31
0
0
LINE
8
water
10
-453200.0
20
-60500.0
30
0
11
-453200.0
21
-60425.0
31
0
0
LINE
8
water
10
-453200.0
20
-60425.0
30
0
11
-453200.0
21
-60500.0
31
0
0
LINE
8
water
10
-452910.0
20
-60500.0
30
0
11
-452972.19
21
-60414.4
31
0
0
LINE
8
water
10
-452972.19
20
-60414.4
30
0
11
-453072.81
21
-60447.1
31
0
0
LINE
8
water
10
-453072.81
20
-60447.1
30
0
11
-453072.81
21
-60552.9
31
0
0
LINE
8
water
10
-453072.81
20
-60552.9
30
0
11
-452972.19
21
-60585.6
31
0
0
LINE
8
water
10
-452972.19
20
-60585.6
30
0
11
-452910.0
21
-60500.0
31
0
0
LINE
8
water
10
-453190.0
20
-60525.0
30
0
11
-453190.0
21
-60475.0
31
0
0
LINE
8
water
10
-452810.0
20
-60525.0
30
0
11
-452810.0
21
-60475.0
31
0
0
LINE
8
water
10
-453190.0
20
-60525.0
30
0
11
-452810.0
21
-60525.0
31
0
0
LINE
8
water
10
-453190.0
20
-60475.0
30
0
11
-452810.0
21
-60475.0
31
0
0
LINE
8
water
10
-453125.0
20
-60500.0
30
0
11
-453125.0
21
-60604.62
31
0
0
LINE
8
water
10
-453125.0
20
-60604.62
30
0
11
-453125.0
21
-60564.66
31
0
0
LINE
8
water
10
-453125.0
20
-60564.66
30
0
11
-453125.0
21
-60435.34
31
0
0
LINE
8
water
10
-453125.0
20
-60435.34
30
0
11
-453125.0
21
-60395.38
31
0
0
LINE
8
water
10
-453125.0
20
-60395.38
30
0
11
-453125.0
21
-60500.0
31
0
0
LINE
8
water
10
-453150.0
20
-60500.0
30
0
11
-453125.0
21
-60500.0
31
0
0
LINE
8
water
10
-453150.0
20
-60500.0
30
0
11
-453150.0
21
-60604.62
31
0
0
LINE
8
water
10
-453150.0
20
-60604.62
30
0
11
-453150.0
21
-60564.66
31
0
0
LINE
8
water
10
-453150.0
20
-60564.66
30
0
11
-453150.0
21
-60435.34
31
0
0
LINE
8
water
10
-453150.0
20
-60435.34
30
0
11
-453150.0
21
-60395.38
31
0
0
LINE
8
water
10
-453150.0
20
-60395.38
30
0
11
-453150.0
21
-60500.0
31
0
0
LINE
8
water
10
-452825.0
20
-60500.0
30
0
11
-452825.0
21
-60604.62
31
0
0
LINE
8
water
10
-452825.0
20
-60604.62
30
0
11
-452825.0
21
-60564.66
31
0
0
LINE
8
water
10
-452825.0
20
-60564.66
30
0
11
-452825.0
21
-60435.34
31
0
0
LINE
8
water
10
-452825.0
20
-60435.34
30
0
11
-452825.0
21
-60395.38
31
0
0
LINE
8
water
10
-452825.0
20
-60395.38
30
0
11
-452825.0
21
-60500.0
31
0
0
LINE
8
water
10
-452850.0
20
-60500.0
30
0
11
-452825.0
21
-60500.0
31
0
0
LINE
8
water
10
-452850.0
20
-60500.0
30
0
11
-452850.0
21
-60604.62
31
0
0
LINE
8
water
10
-452850.0
20
-60604.62
30
0
11
-452850.0
21
-60564.66
31
0
0
LINE
8
water
10
-452850.0
20
-60564.66
30
0
11
-452850.0
21
-60435.34
31
0
0
LINE
8
water
10
-452850.0
20
-60435.34
30
0
11
-452850.0
21
-60395.38
31
0
0
LINE
8
water
10
-452850.0
20
-60395.38
30
0
11
-452850.0
21
-60500.0
31
0
0
LINE
8
water
10
-452800.0
20
-59500.0
30
0
11
-452800.0
21
-59575.0
31
0
0
LINE
8
water
10
-452800.0
20
-59575.0
30
0
11
-452800.0
21
-59500.0
31
0
0
LINE
8
water
10
-452800.0
20
-59500.0
30
0
11
-452800.0
21
-59425.0
31
0
0
LINE
8
water
10
-452800.0
20
-59425.0
30
0
11
-452800.0
21
-59500.0
31
0
0
LINE
8
water
10
-453200.0
20
-59500.0
30
0
11
-452800.0
21
-59500.0
31
0
0
LINE
8
water
10
-453200.0
20
-59500.0
30
0
11
-453200.0
21
-59575.0
31
0
0
LINE
8
water
10
-453200.0
20
-59575.0
30
0
11
-453200.0
21
-59500.0
31
0
0
LINE
8
water
10
-453200.0
20
-59500.0
30
0
11
-453200.0
21
-59425.0
31
0
0
LINE
8
water
10
-453200.0
20
-59425.0
30
0
11
-453200.0
21
-59500.0
31
0
0
LINE
8
water
10
-452910.0
20
-59500.0
30
0
11
-452972.19
21
-59414.4
31
0
0
LINE
8
water
10
-452972.19
20
-59414.4
30
0
11
-453072.81
21
-59447.1
31
0
0
LINE
8
water
10
-453072.81
20
-59447.1
30
0
11
-453072.81
21
-59552.9
31
0
0
LINE
8
water
10
-453072.81
20
-59552.9
30
0
11
-452972.19
21
-59585.6
31
0
0
LINE
8
water
10
-452972.19
20
-59585.6
30
0
11
-452910.0
21
-59500.0
31
0
0
LINE
8
water
10
-453190.0
20
-59525.0
30
0
11
-453190.0
21
-59475.0
31
0
0
LINE
8
water
10
-452810.0
20
-59525.0
30
0
11
-452810.0
21
-59475.0
31
0
0
LINE
8
water
10
-453190.0
20
-59525.0
30
0
11
-452810.0
21
-59525.0
31
0
0
LINE
8
water
10
-453190.0
20
-59475.0
30
0
11
-452810.0
21
-59475.0
31
0
0
LINE
8
water
10
-453125.0
20
-59500.0
30
0
11
-453125.0
21
-59604.62
31
0
0
LINE
8
water
10
-453125.0
20
-59604.62
30
0
11
-453125.0
21
-59564.66
31
0
0
LINE
8
water
10
-453125.0
20
-59564.66
30
0
11
-453125.0
21
-59435.34
31
0
0
LINE
8
water
10
-453125.0
20
-59435.34
30
0
11
-453125.0
21
-59395.38
31
0
0
LINE
8
water
10
-453125.0
20
-59395.38
30
0
11
-453125.0
21
-59500.0
31
0
0
LINE
8
water
10
-453150.0
20
-59500.0
30
0
11
-453125.0
21
-59500.0
31
0
0
LINE
8
water
10
-453150.0
20
-59500.0
30
0
11
-453150.0
21
-59604.62
31
0
0
LINE
8
water
10
-453150.0
20
-59604.62
30
0
11
-453150.0
21
-59564.66
31
0
0
LINE
8
water
10
-453150.0
20
-59564.66
30
0
11
-453150.0
21
-59435.34
31
0
0
LINE
8
water
10
-453150.0
20
-59435.34
30
0
11
-453150.0
21
-59395.38
31
0
0
LINE
8
water
10
-453150.0
20
-59395.38
30
0
11
-453150.0
21
-59500.0
31
0
0
LINE
8
water
10
-452825.0
20
-59500.0
30
0
11
-452825.0
21
-59604.62
31
0
0
LINE
8
water
10
-452825.0
20
-59604.62
30
0
11
-452825.0
21
-59564.66
31
0
0
LINE
8
water
10
-452825.0
20
-59564.66
30
0
11
-452825.0
21
-59435.34
31
0
0
LINE
8
water
10
-452825.0
20
-59435.34
30
0
11
-452825.0
21
-59395.38
31
0
0
LINE
8
water
10
-452825.0
20
-59395.38
30
0
11
-452825.0
21
-59500.0
31
0
0
LINE
8
water
10
-452850.0
20
-59500.0
30
0
11
-452825.0
21
-59500.0
31
0
0
LINE
8
water
10
-452850.0
20
-59500.0
30
0
11
-452850.0
21
-59604.62
31
0
0
LINE
8
water
10
-452850.0
20
-59604.62
30
0
11
-452850.0
21
-59564.66
31
0
0
LINE
8
water
10
-452850.0
20
-59564.66
30
0
11
-452850.0
21
-59435.34
31
0
0
LINE
8
water
10
-452850.0
20
-59435.34
30
0
11
-452850.0
21
-59395.38
31
0
0
LINE
8
water
10
-452850.0
20
-59395.38
30
0
11
-452850.0
21
-59500.0
31
0
0
LINE
8
water
10
-451800.0
20
-59225.0
30
0
11
-451800.0
21
-58375.0
31
0
0
LINE
8
water
10
-450200.0
20
-59225.0
30
0
11
-450200.0
21
-58375.0
31
0
0
LINE
8
water
10
-451800.0
20
-59225.0
30
0
11
-450200.0
21
-59225.0
31
0
0
LINE
8
water
10
-451800.0
20
-58375.0
30
0
11
-450200.0
21
-58375.0
31
0
0
LINE
8
water
10
-450900.0
20
-58800.0
30
0
11
-450900.0
21
-58972.0
31
0
0
LINE
8
water
10
-450900.0
20
-58972.0
30
0
11
-450900.0
21
-59014.48
31
0
0
LINE
8
water
10
-450900.0
20
-59014.48
30
0
11
-450900.0
21
-58895.45
31
0
0
LINE
8
water
10
-450900.0
20
-58895.45
30
0
11
-450900.0
21
-58704.55
31
0
0
LINE
8
water
10
-450900.0
20
-58704.55
30
0
11
-450900.0
21
-58585.52
31
0
0
LINE
8
water
10
-450900.0
20
-58585.52
30
0
11
-450900.0
21
-58628.0
31
0
0
LINE
8
water
10
-450900.0
20
-58628.0
30
0
11
-450900.0
21
-58800.0
31
0
0
LINE
8
water
10
-451550.0
20
-58800.0
30
0
11
-450900.0
21
-58800.0
31
0
0
LINE
8
water
10
-451550.0
20
-58800.0
30
0
11
-451550.0
21
-58972.0
31
0
0
LINE
8
water
10
-451550.0
20
-58972.0
30
0
11
-451550.0
21
-59014.48
31
0
0
LINE
8
water
10
-451550.0
20
-59014.48
30
0
11
-451550.0
21
-58895.45
31
0
0
LINE
8
water
10
-451550.0
20
-58895.45
30
0
11
-451550.0
21
-58704.55
31
0
0
LINE
8
water
10
-451550.0
20
-58704.55
30
0
11
-451550.0
21
-58585.52
31
0
0
LINE
8
water
10
-451550.0
20
-58585.52
30
0
11
-451550.0
21
-58628.0
31
0
0
LINE
8
water
10
-451550.0
20
-58628.0
30
0
11
-451550.0
21
-58800.0
31
0
0
LINE
8
water
10
-450700.0
20
-58800.0
30
0
11
-450494.94
21
-58800.0
31
0
0
LINE
8
water
10
-450494.94
20
-58800.0
30
0
11
-450410.0
21
-58800.0
31
0
0
LINE
8
water
10
-450410.0
20
-58800.0
30
0
11
-450494.94
21
-58800.0
31
0
0
LINE
8
water
10
-450494.94
20
-58800.0
30
0
11
-450700.0
21
-58800.0
31
0
0
LINE
8
water
10
-450620.0
20
-58800.0
30
0
11
-450700.0
21
-58720.0
31
0
0
LINE
8
water
10
-450700.0
20
-58720.0
30
0
11
-450780.0
21
-58800.0
31
0
0
LINE
8
water
10
-450780.0
20
-58800.0
30
0
11
-450700.0
21
-58880.0
31
0
0
LINE
8
water
10
-450700.0
20
-58880.0
30
0
11
-450620.0
21
-58800.0
31
0
0
LINE
8
water
10
-451512.0
20
-58800.0
30
0
11
-451512.0
21
-58983.73
31
0
0
LINE
8
water
10
-451512.0
20
-58983.73
30
0
11
-451512.0
21
-59029.11
31
0
0
LINE
8
water
10
-451512.0
20
-59029.11
30
0
11
-451512.0
21
-58901.96
31
0
0
LINE
8
water
10
-451512.0
20
-58901.96
30
0
11
-451512.0
21
-58698.04
31
0
0
LINE
8
water
10
-451512.0
20
-58698.04
30
0
11
-451512.0
21
-58570.89
31
0
0
LINE
8
water
10
-451512.0
20
-58570.89
30
0
11
-451512.0
21
-58616.27
31
0
0
LINE
8
water
10
-451512.0
20
-58616.27
30
0
11
-451512.0
21
-58800.0
31
0
0
LINE
8
water
10
-451530.0
20
-58800.0
30
0
11
-451512.0
21
-58800.0
31
0
0
LINE
8
water
10
-451530.0
20
-58800.0
30
0
11
-451530.0
21
-58983.73
31
0
0
LINE
8
water
10
-451530.0
20
-58983.73
30
0
11
-451530.0
21
-59029.11
31
0
0
LINE
8
water
10
-451530.0
20
-59029.11
30
0
11
-451530.0
21
-58901.96
31
0
0
LINE
8
water
10
-451530.0
20
-58901.96
30
0
11
-451530.0
21
-58698.04
31
0
0
LINE
8
water
10
-451530.0
20
-58698.04
30
0
11
-451530.0
21
-58570.89
31
0
0
LINE
8
water
10
-451530.0
20
-58570.89
30
0
11
-451530.0
21
-58616.27
31
0
0
LINE
8
water
10
-451530.0
20
-58616.27
30
0
11
-451530.0
21
-58800.0
31
0
0
LINE
8
water
10
-451427.0
20
-58800.0
30
0
11
-451427.0
21
-58983.73
31
0
0
LINE
8
water
10
-451427.0
20
-58983.73
30
0
11
-451427.0
21
-59029.11
31
0
0
LINE
8
water
10
-451427.0
20
-59029.11
30
0
11
-451427.0
21
-58901.96
31
0
0
LINE
8
water
10
-451427.0
20
-58901.96
30
0
11
-451427.0
21
-58698.04
31
0
0
LINE
8
water
10
-451427.0
20
-58698.04
30
0
11
-451427.0
21
-58570.89
31
0
0
LINE
8
water
10
-451427.0
20
-58570.89
30
0
11
-451427.0
21
-58616.27
31
0
0
LINE
8
water
10
-451427.0
20
-58616.27
30
0
11
-451427.0
21
-58800.0
31
0
0
LINE
8
water
10
-451445.0
20
-58800.0
30
0
11
-451427.0
21
-58800.0
31
0
0
LINE
8
water
10
-451445.0
20
-58800.0
30
0
11
-451445.0
21
-58983.73
31
0
0
LINE
8
water
10
-451445.0
20
-58983.73
30
0
11
-451445.0
21
-59029.11
31
0
0
LINE
8
water
10
-451445.0
20
-59029.11
30
0
11
-451445.0
21
-58901.96
31
0
0
LINE
8
water
10
-451445.0
20
-58901.96
30
0
11
-451445.0
21
-58698.04
31
0
0
LINE
8
water
10
-451445.0
20
-58698.04
30
0
11
-451445.0
21
-58570.89
31
0
0
LINE
8
water
10
-451445.0
20
-58570.89
30
0
11
-451445.0
21
-58616.27
31
0
0
LINE
8
water
10
-451445.0
20
-58616.27
30
0
11
-451445.0
21
-58800.0
31
0
0
LINE
8
water
10
-451342.0
20
-58800.0
30
0
11
-451342.0
21
-58983.73
31
0
0
LINE
8
water
10
-451342.0
20
-58983.73
30
0
11
-451342.0
21
-59029.11
31
0
0
LINE
8
water
10
-451342.0
20
-59029.11
30
0
11
-451342.0
21
-58901.96
31
0
0
LINE
8
water
10
-451342.0
20
-58901.96
30
0
11
-451342.0
21
-58698.04
31
0
0
LINE
8
water
10
-451342.0
20
-58698.04
30
0
11
-451342.0
21
-58570.89
31
0
0
LINE
8
water
10
-451342.0
20
-58570.89
30
0
11
-451342.0
21
-58616.27
31
0
0
LINE
8
water
10
-451342.0
20
-58616.27
30
0
11
-451342.0
21
-58800.0
31
0
0
LINE
8
water
10
-451360.0
20
-58800.0
30
0
11
-451342.0
21
-58800.0
31
0
0
LINE
8
water
10
-451360.0
20
-58800.0
30
0
11
-451360.0
21
-58983.73
31
0
0
LINE
8
water
10
-451360.0
20
-58983.73
30
0
11
-451360.0
21
-59029.11
31
0
0
LINE
8
water
10
-451360.0
20
-59029.11
30
0
11
-451360.0
21
-58901.96
31
0
0
LINE
8
water
10
-451360.0
20
-58901.96
30
0
11
-451360.0
21
-58698.04
31
0
0
LINE
8
water
10
-451360.0
20
-58698.04
30
0
11
-451360.0
21
-58570.89
31
0
0
LINE
8
water
10
-451360.0
20
-58570.89
30
0
11
-451360.0
21
-58616.27
31
0
0
LINE
8
water
10
-451360.0
20
-58616.27
30
0
11
-451360.0
21
-58800.0
31
0
0
LINE
8
water
10
-451257.0
20
-58800.0
30
0
11
-451257.0
21
-58983.73
31
0
0
LINE
8
water
10
-451257.0
20
-58983.73
30
0
11
-451257.0
21
-59029.11
31
0
0
LINE
8
water
10
-451257.0
20
-59029.11
30
0
11
-451257.0
21
-58901.96
31
0
0
LINE
8
water
10
-451257.0
20
-58901.96
30
0
11
-451257.0
21
-58698.04
31
0
0
LINE
8
water
10
-451257.0
20
-58698.04
30
0
11
-451257.0
21
-58570.89
31
0
0
LINE
8
water
10
-451257.0
20
-58570.89
30
0
11
-451257.0
21
-58616.27
31
0
0
LINE
8
water
10
-451257.0
20
-58616.27
30
0
11
-451257.0
21
-58800.0
31
0
0
LINE
8
water
10
-451275.0
20
-58800.0
30
0
11
-451257.0
21
-58800.0
31
0
0
LINE
8
water
10
-451275.0
20
-58800.0
30
0
11
-451275.0
21
-58983.73
31
0
0
LINE
8
water
10
-451275.0
20
-58983.73
30
0
11
-451275.0
21
-59029.11
31
0
0
LINE
8
water
10
-451275.0
20
-59029.11
30
0
11
-451275.0
21
-58901.96
31
0
0
LINE
8
water
10
-451275.0
20
-58901.96
30
0
11
-451275.0
21
-58698.04
31
0
0
LINE
8
water
10
-451275.0
20
-58698.04
30
0
11
-451275.0
21
-58570.89
31
0
0
LINE
8
water
10
-451275.0
20
-58570.89
30
0
11
-451275.0
21
-58616.27
31
0
0
LINE
8
water
10
-451275.0
20
-58616.27
30
0
11
-451275.0
21
-58800.0
31
0
0
LINE
8
water
10
-451172.0
20
-58800.0
30
0
11
-451172.0
21
-58983.73
31
0
0
LINE
8
water
10
-451172.0
20
-58983.73
30
0
11
-451172.0
21
-59029.11
31
0
0
LINE
8
water
10
-451172.0
20
-59029.11
30
0
11
-451172.0
21
-58901.96
31
0
0
LINE
8
water
10
-451172.0
20
-58901.96
30
0
11
-451172.0
21
-58698.04
31
0
0
LINE
8
water
10
-451172.0
20
-58698.04
30
0
11
-451172.0
21
-58570.89
31
0
0
LINE
8
water
10
-451172.0
20
-58570.89
30
0
11
-451172.0
21
-58616.27
31
0
0
LINE
8
water
10
-451172.0
20
-58616.27
30
0
11
-451172.0
21
-58800.0
31
0
0
LINE
8
water
10
-451190.0
20
-58800.0
30
0
11
-451172.0
21
-58800.0
31
0
0
LINE
8
water
10
-451190.0
20
-58800.0
30
0
11
-451190.0
21
-58983.73
31
0
0
LINE
8
water
10
-451190.0
20
-58983.73
30
0
11
-451190.0
21
-59029.11
31
0
0
LINE
8
water
10
-451190.0
20
-59029.11
30
0
11
-451190.0
21
-58901.96
31
0
0
LINE
8
water
10
-451190.0
20
-58901.96
30
0
11
-451190.0
21
-58698.04
31
0
0
LINE
8
water
10
-451190.0
20
-58698.04
30
0
11
-451190.0
21
-58570.89
31
0
0
LINE
8
water
10
-451190.0
20
-58570.89
30
0
11
-451190.0
21
-58616.27
31
0
0
LINE
8
water
10
-451190.0
20
-58616.27
30
0
11
-451190.0
21
-58800.0
31
0
0
LINE
8
water
10
-451087.0
20
-58800.0
30
0
11
-451087.0
21
-58983.73
31
0
0
LINE
8
water
10
-451087.0
20
-58983.73
30
0
11
-451087.0
21
-59029.11
31
0
0
LINE
8
water
10
-451087.0
20
-59029.11
30
0
11
-451087.0
21
-58901.96
31
0
0
LINE
8
water
10
-451087.0
20
-58901.96
30
0
11
-451087.0
21
-58698.04
31
0
0
LINE
8
water
10
-451087.0
20
-58698.04
30
0
11
-451087.0
21
-58570.89
31
0
0
LINE
8
water
10
-451087.0
20
-58570.89
30
0
11
-451087.0
21
-58616.27
31
0
0
LINE
8
water
10
-451087.0
20
-58616.27
30
0
11
-451087.0
21
-58800.0
31
0
0
LINE
8
water
10
-451105.0
20
-58800.0
30
0
11
-451087.0
21
-58800.0
31
0
0
LINE
8
water
10
-451105.0
20
-58800.0
30
0
11
-451105.0
21
-58983.73
31
0
0
LINE
8
water
10
-451105.0
20
-58983.73
30
0
11
-451105.0
21
-59029.11
31
0
0
LINE
8
water
10
-451105.0
20
-59029.11
30
0
11
-451105.0
21
-58901.96
31
0
0
LINE
8
water
10
-451105.0
20
-58901.96
30
0
11
-451105.0
21
-58698.04
31
0
0
LINE
8
water
10
-451105.0
20
-58698.04
30
0
11
-451105.0
21
-58570.89
31
0
0
LINE
8
water
10
-451105.0
20
-58570.89
30
0
11
-451105.0
21
-58616.27
31
0
0
LINE
8
water
10
-451105.0
20
-58616.27
30
0
11
-451105.0
21
-58800.0
31
0
0
LINE
8
water
10
-451002.0
20
-58800.0
30
0
11
-451002.0
21
-58983.73
31
0
0
LINE
8
water
10
-451002.0
20
-58983.73
30
0
11
-451002.0
21
-59029.11
31
0
0
LINE
8
water
10
-451002.0
20
-59029.11
30
0
11
-451002.0
21
-58901.96
31
0
0
LINE
8
water
10
-451002.0
20
-58901.96
30
0
11
-451002.0
21
-58698.04
31
0
0
LINE
8
water
10
-451002.0
20
-58698.04
30
0
11
-451002.0
21
-58570.89
31
0
0
LINE
8
water
10
-451002.0
20
-58570.89
30
0
11
-451002.0
21
-58616.27
31
0
0
LINE
8
water
10
-451002.0
20
-58616.27
30
0
11
-451002.0
21
-58800.0
31
0
0
LINE
8
water
10
-451020.0
20
-58800.0
30
0
11
-451002.0
21
-58800.0
31
0
0
LINE
8
water
10
-451020.0
20
-58800.0
30
0
11
-451020.0
21
-58983.73
31
0
0
LINE
8
water
10
-451020.0
20
-58983.73
30
0
11
-451020.0
21
-59029.11
31
0
0
LINE
8
water
10
-451020.0
20
-59029.11
30
0
11
-451020.0
21
-58901.96
31
0
0
LINE
8
water
10
-451020.0
20
-58901.96
30
0
11
-451020.0
21
-58698.04
31
0
0
LINE
8
water
10
-451020.0
20
-58698.04
30
0
11
-451020.0
21
-58570.89
31
0
0
LINE
8
water
10
-451020.0
20
-58570.89
30
0
11
-451020.0
21
-58616.27
31
0
0
LINE
8
water
10
-451020.0
20
-58616.27
30
0
11
-451020.0
21
-58800.0
31
0
0
LINE
8
water
10
-448450.0
20
-58800.0
30
0
11
-448537.31
21
-58502.65
31
0
0
LINE
8
water
10
-448537.31
20
-58502.65
30
0
11
-448771.52
21
-58299.7
31
0
0
LINE
8
water
10
-448771.52
20
-58299.7
30
0
11
-449078.27
21
-58255.6
31
0
0
LINE
8
water
10
-449078.27
20
-58255.6
30
0
11
-449360.17
21
-58384.34
31
0
0
LINE
8
water
10
-449360.17
20
-58384.34
30
0
11
-449527.72
21
-58645.05
31
0
0
LINE
8
water
10
-449527.72
20
-58645.05
30
0
11
-449527.72
21
-58954.95
31
0
0
LINE
8
water
10
-449527.72
20
-58954.95
30
0
11
-449360.17
21
-59215.66
31
0
0
LINE
8
water
10
-449360.17
20
-59215.66
30
0
11
-449078.27
21
-59344.4
31
0
0
LINE
8
water
10
-449078.27
20
-59344.4
30
0
11
-448771.52
21
-59300.3
31
0
0
LINE
8
water
10
-448771.52
20
-59300.3
30
0
11
-448537.31
21
-59097.35
31
0
0
LINE
8
water
10
-448537.31
20
-59097.35
30
0
11
-448450.0
21
-58800.0
31
0
0
LINE
8
water
10
-449650.0
20
-59450.0
30
0
11
-449650.0
21
-58150.0
31
0
0
LINE
8
water
10
-448350.0
20
-59450.0
30
0
11
-448350.0
21
-58150.0
31
0
0
LINE
8
water
10
-449650.0
20
-59450.0
30
0
11
-448350.0
21
-59450.0
31
0
0
LINE
8
water
10
-449650.0
20
-58150.0
30
0
11
-448350.0
21
-58150.0
31
0
0
LINE
8
water
10
-450700.0
20
-58700.0
30
0
11
-450700.0
21
-58765.0
31
0
0
LINE
8
water
10
-450700.0
20
-58765.0
30
0
11
-450700.0
21
-58700.0
31
0
0
LINE
8
water
10
-450700.0
20
-58700.0
30
0
11
-450700.0
21
-58635.0
31
0
0
LINE
8
water
10
-450700.0
20
-58635.0
30
0
11
-450700.0
21
-58700.0
31
0
0
LINE
8
water
10
-453000.0
20
-58700.0
30
0
11
-450700.0
21
-58700.0
31
0
0
LINE
8
water
10
-453000.0
20
-58700.0
30
0
11
-453000.0
21
-58765.0
31
0
0
LINE
8
water
10
-453000.0
20
-58765.0
30
0
11
-453000.0
21
-58700.0
31
0
0
LINE
8
water
10
-453000.0
20
-58700.0
30
0
11
-453000.0
21
-58635.0
31
0
0
LINE
8
water
10
-453000.0
20
-58635.0
30
0
11
-453000.0
21
-58700.0
31
0
0
LINE
8
water
10
-450700.0
20
-58864.92
30
0
11
-450765.0
21
-58800.0
31
0
0
LINE
8
water
10
-450765.0
20
-58800.0
30
0
11
-450700.0
21
-58735.08
31
0
0
LINE
8
water
10
-450700.0
20
-58735.08
30
0
11
-450635.0
21
-58800.0
31
0
0
LINE
8
water
10
-450635.0
20
-58800.0
30
0
11
-450700.0
21
-58864.92
31
0
0
LINE
8
water
10
-450700.0
20
-58764.92
30
0
11
-450700.0
21
-58864.92
31
0
0
LINE
8
water
10
-450700.0
20
-58764.92
30
0
11
-450765.0
21
-58700.0
31
0
0
LINE
8
water
10
-450765.0
20
-58700.0
30
0
11
-450700.0
21
-58635.08
31
0
0
LINE
8
water
10
-450700.0
20
-58635.08
30
0
11
-450635.0
21
-58700.0
31
0
0
LINE
8
water
10
-450635.0
20
-58700.0
30
0
11
-450700.0
21
-58764.92
31
0
0
LINE
8
water
10
-450700.0
20
-58700.0
30
0
11
-450629.8
21
-58700.0
31
0
0
LINE
8
water
10
-450629.8
20
-58700.0
30
0
11
-450700.0
21
-58700.0
31
0
0
LINE
8
water
10
-449000.0
20
-59100.0
30
0
11
-449000.0
21
-59165.0
31
0
0
LINE
8
water
10
-449000.0
20
-59165.0
30
0
11
-449000.0
21
-59100.0
31
0
0
LINE
8
water
10
-449000.0
20
-59100.0
30
0
11
-449000.0
21
-59035.0
31
0
0
LINE
8
water
10
-449000.0
20
-59035.0
30
0
11
-449000.0
21
-59100.0
31
0
0
LINE
8
water
10
-450700.0
20
-59100.0
30
0
11
-449000.0
21
-59100.0
31
0
0
LINE
8
water
10
-450700.0
20
-59100.0
30
0
11
-450700.0
21
-59165.0
31
0
0
LINE
8
water
10
-450700.0
20
-59165.0
30
0
11
-450700.0
21
-59100.0
31
0
0
LINE
8
water
10
-450700.0
20
-59100.0
30
0
11
-450700.0
21
-59035.0
31
0
0
LINE
8
water
10
-450700.0
20
-59035.0
30
0
11
-450700.0
21
-59100.0
31
0
0
LINE
8
water
10
-449000.0
20
-58800.0
30
0
11
-448935.0
21
-58800.0
31
0
0
LINE
8
water
10
-448935.0
20
-58800.0
30
0
11
-449000.0
21
-58800.0
31
0
0
LINE
8
water
10
-449000.0
20
-58800.0
30
0
11
-449065.0
21
-58800.0
31
0
0
LINE
8
water
10
-449065.0
20
-58800.0
30
0
11
-449000.0
21
-58800.0
31
0
0
LINE
8
water
10
-449000.0
20
-59100.0
30
0
11
-449000.0
21
-58800.0
31
0
0
LINE
8
water
10
-449000.0
20
-59100.0
30
0
11
-448935.0
21
-59100.0
31
0
0
LINE
8
water
10
-448935.0
20
-59100.0
30
0
11
-449000.0
21
-59100.0
31
0
0
LINE
8
water
10
-449000.0
20
-59100.0
30
0
11
-449065.0
21
-59100.0
31
0
0
LINE
8
water
10
-449065.0
20
-59100.0
30
0
11
-449000.0
21
-59100.0
31
0
0
LINE
8
water
10
-449000.0
20
-59100.0
30
0
11
-448929.8
21
-59100.0
31
0
0
LINE
8
water
10
-448929.8
20
-59100.0
30
0
11
-449000.0
21
-59100.0
31
0
0
LINE
8
water
10
-449000.0
20
-59500.0
30
0
11
-448935.0
21
-59500.0
31
0
0
LINE
8
water
10
-448935.0
20
-59500.0
30
0
11
-449000.0
21
-59500.0
31
0
0
LINE
8
water
10
-449000.0
20
-59500.0
30
0
11
-449065.0
21
-59500.0
31
0
0
LINE
8
water
10
-449065.0
20
-59500.0
30
0
11
-449000.0
21
-59500.0
31
0
0
LINE
8
water
10
-449000.0
20
-58800.0
30
0
11
-449000.0
21
-59500.0
31
0
0
LINE
8
water
10
-448935.0
20
-59500.0
30
0
11
-449000.0
21
-59435.0
31
0
0
LINE
8
water
10
-449000.0
20
-59435.0
30
0
11
-449065.0
21
-59500.0
31
0
0
LINE
8
water
10
-449065.0
20
-59500.0
30
0
11
-449000.0
21
-59565.0
31
0
0
LINE
8
water
10
-449000.0
20
-59565.0
30
0
11
-448935.0
21
-59500.0
31
0
0
LINE
8
water
10
-449000.0
20
-59500.0
30
0
11
-448929.8
21
-59500.0
31
0
0
LINE
8
water
10
-448929.8
20
-59500.0
30
0
11
-449000.0
21
-59500.0
31
0
0
LINE
8
water
10
-451800.0
20
-56925.0
30
0
11
-451800.0
21
-56075.0
31
0
0
LINE
8
water
10
-450200.0
20
-56925.0
30
0
11
-450200.0
21
-56075.0
31
0
0
LINE
8
water
10
-451800.0
20
-56925.0
30
0
11
-450200.0
21
-56925.0
31
0
0
LINE
8
water
10
-451800.0
20
-56075.0
30
0
11
-450200.0
21
-56075.0
31
0
0
LINE
8
water
10
-450900.0
20
-56500.0
30
0
11
-450900.0
21
-56672.0
31
0
0
LINE
8
water
10
-450900.0
20
-56672.0
30
0
11
-450900.0
21
-56714.48
31
0
0
LINE
8
water
10
-450900.0
20
-56714.48
30
0
11
-450900.0
21
-56595.45
31
0
0
LINE
8
water
10
-450900.0
20
-56595.45
30
0
11
-450900.0
21
-56404.55
31
0
0
LINE
8
water
10
-450900.0
20
-56404.55
30
0
11
-450900.0
21
-56285.52
31
0
0
LINE
8
water
10
-450900.0
20
-56285.52
30
0
11
-450900.0
21
-56328.0
31
0
0
LINE
8
water
10
-450900.0
20
-56328.0
30
0
11
-450900.0
21
-56500.0
31
0
0
LINE
8
water
10
-451550.0
20
-56500.0
30
0
11
-450900.0
21
-56500.0
31
0
0
LINE
8
water
10
-451550.0
20
-56500.0
30
0
11
-451550.0
21
-56672.0
31
0
0
LINE
8
water
10
-451550.0
20
-56672.0
30
0
11
-451550.0
21
-56714.48
31
0
0
LINE
8
water
10
-451550.0
20
-56714.48
30
0
11
-451550.0
21
-56595.45
31
0
0
LINE
8
water
10
-451550.0
20
-56595.45
30
0
11
-451550.0
21
-56404.55
31
0
0
LINE
8
water
10
-451550.0
20
-56404.55
30
0
11
-451550.0
21
-56285.52
31
0
0
LINE
8
water
10
-451550.0
20
-56285.52
30
0
11
-451550.0
21
-56328.0
31
0
0
LINE
8
water
10
-451550.0
20
-56328.0
30
0
11
-451550.0
21
-56500.0
31
0
0
LINE
8
water
10
-450700.0
20
-56500.0
30
0
11
-450494.94
21
-56500.0
31
0
0
LINE
8
water
10
-450494.94
20
-56500.0
30
0
11
-450410.0
21
-56500.0
31
0
0
LINE
8
water
10
-450410.0
20
-56500.0
30
0
11
-450494.94
21
-56500.0
31
0
0
LINE
8
water
10
-450494.94
20
-56500.0
30
0
11
-450700.0
21
-56500.0
31
0
0
LINE
8
water
10
-450620.0
20
-56500.0
30
0
11
-450700.0
21
-56420.0
31
0
0
LINE
8
water
10
-450700.0
20
-56420.0
30
0
11
-450780.0
21
-56500.0
31
0
0
LINE
8
water
10
-450780.0
20
-56500.0
30
0
11
-450700.0
21
-56580.0
31
0
0
LINE
8
water
10
-450700.0
20
-56580.0
30
0
11
-450620.0
21
-56500.0
31
0
0
LINE
8
water
10
-451512.0
20
-56500.0
30
0
11
-451512.0
21
-56683.73
31
0
0
LINE
8
water
10
-451512.0
20
-56683.73
30
0
11
-451512.0
21
-56729.11
31
0
0
LINE
8
water
10
-451512.0
20
-56729.11
30
0
11
-451512.0
21
-56601.96
31
0
0
LINE
8
water
10
-451512.0
20
-56601.96
30
0
11
-451512.0
21
-56398.04
31
0
0
LINE
8
water
10
-451512.0
20
-56398.04
30
0
11
-451512.0
21
-56270.89
31
0
0
LINE
8
water
10
-451512.0
20
-56270.89
30
0
11
-451512.0
21
-56316.27
31
0
0
LINE
8
water
10
-451512.0
20
-56316.27
30
0
11
-451512.0
21
-56500.0
31
0
0
LINE
8
water
10
-451530.0
20
-56500.0
30
0
11
-451512.0
21
-56500.0
31
0
0
LINE
8
water
10
-451530.0
20
-56500.0
30
0
11
-451530.0
21
-56683.73
31
0
0
LINE
8
water
10
-451530.0
20
-56683.73
30
0
11
-451530.0
21
-56729.11
31
0
0
LINE
8
water
10
-451530.0
20
-56729.11
30
0
11
-451530.0
21
-56601.96
31
0
0
LINE
8
water
10
-451530.0
20
-56601.96
30
0
11
-451530.0
21
-56398.04
31
0
0
LINE
8
water
10
-451530.0
20
-56398.04
30
0
11
-451530.0
21
-56270.89
31
0
0
LINE
8
water
10
-451530.0
20
-56270.89
30
0
11
-451530.0
21
-56316.27
31
0
0
LINE
8
water
10
-451530.0
20
-56316.27
30
0
11
-451530.0
21
-56500.0
31
0
0
LINE
8
water
10
-451427.0
20
-56500.0
30
0
11
-451427.0
21
-56683.73
31
0
0
LINE
8
water
10
-451427.0
20
-56683.73
30
0
11
-451427.0
21
-56729.11
31
0
0
LINE
8
water
10
-451427.0
20
-56729.11
30
0
11
-451427.0
21
-56601.96
31
0
0
LINE
8
water
10
-451427.0
20
-56601.96
30
0
11
-451427.0
21
-56398.04
31
0
0
LINE
8
water
10
-451427.0
20
-56398.04
30
0
11
-451427.0
21
-56270.89
31
0
0
LINE
8
water
10
-451427.0
20
-56270.89
30
0
11
-451427.0
21
-56316.27
31
0
0
LINE
8
water
10
-451427.0
20
-56316.27
30
0
11
-451427.0
21
-56500.0
31
0
0
LINE
8
water
10
-451445.0
20
-56500.0
30
0
11
-451427.0
21
-56500.0
31
0
0
LINE
8
water
10
-451445.0
20
-56500.0
30
0
11
-451445.0
21
-56683.73
31
0
0
LINE
8
water
10
-451445.0
20
-56683.73
30
0
11
-451445.0
21
-56729.11
31
0
0
LINE
8
water
10
-451445.0
20
-56729.11
30
0
11
-451445.0
21
-56601.96
31
0
0
LINE
8
water
10
-451445.0
20
-56601.96
30
0
11
-451445.0
21
-56398.04
31
0
0
LINE
8
water
10
-451445.0
20
-56398.04
30
0
11
-451445.0
21
-56270.89
31
0
0
LINE
8
water
10
-451445.0
20
-56270.89
30
0
11
-451445.0
21
-56316.27
31
0
0
LINE
8
water
10
-451445.0
20
-56316.27
30
0
11
-451445.0
21
-56500.0
31
0
0
LINE
8
water
10
-451342.0
20
-56500.0
30
0
11
-451342.0
21
-56683.73
31
0
0
LINE
8
water
10
-451342.0
20
-56683.73
30
0
11
-451342.0
21
-56729.11
31
0
0
LINE
8
water
10
-451342.0
20
-56729.11
30
0
11
-451342.0
21
-56601.96
31
0
0
LINE
8
water
10
-451342.0
20
-56601.96
30
0
11
-451342.0
21
-56398.04
31
0
0
LINE
8
water
10
-451342.0
20
-56398.04
30
0
11
-451342.0
21
-56270.89
31
0
0
LINE
8
water
10
-451342.0
20
-56270.89
30
0
11
-451342.0
21
-56316.27
31
0
0
LINE
8
water
10
-451342.0
20
-56316.27
30
0
11
-451342.0
21
-56500.0
31
0
0
LINE
8
water
10
-451360.0
20
-56500.0
30
0
11
-451342.0
21
-56500.0
31
0
0
LINE
8
water
10
-451360.0
20
-56500.0
30
0
11
-451360.0
21
-56683.73
31
0
0
LINE
8
water
10
-451360.0
20
-56683.73
30
0
11
-451360.0
21
-56729.11
31
0
0
LINE
8
water
10
-451360.0
20
-56729.11
30
0
11
-451360.0
21
-56601.96
31
0
0
LINE
8
water
10
-451360.0
20
-56601.96
30
0
11
-451360.0
21
-56398.04
31
0
0
LINE
8
water
10
-451360.0
20
-56398.04
30
0
11
-451360.0
21
-56270.89
31
0
0
LINE
8
water
10
-451360.0
20
-56270.89
30
0
11
-451360.0
21
-56316.27
31
0
0
LINE
8
water
10
-451360.0
20
-56316.27
30
0
11
-451360.0
21
-56500.0
31
0
0
LINE
8
water
10
-451257.0
20
-56500.0
30
0
11
-451257.0
21
-56683.73
31
0
0
LINE
8
water
10
-451257.0
20
-56683.73
30
0
11
-451257.0
21
-56729.11
31
0
0
LINE
8
water
10
-451257.0
20
-56729.11
30
0
11
-451257.0
21
-56601.96
31
0
0
LINE
8
water
10
-451257.0
20
-56601.96
30
0
11
-451257.0
21
-56398.04
31
0
0
LINE
8
water
10
-451257.0
20
-56398.04
30
0
11
-451257.0
21
-56270.89
31
0
0
LINE
8
water
10
-451257.0
20
-56270.89
30
0
11
-451257.0
21
-56316.27
31
0
0
LINE
8
water
10
-451257.0
20
-56316.27
30
0
11
-451257.0
21
-56500.0
31
0
0
LINE
8
water
10
-451275.0
20
-56500.0
30
0
11
-451257.0
21
-56500.0
31
0
0
LINE
8
water
10
-451275.0
20
-56500.0
30
0
11
-451275.0
21
-56683.73
31
0
0
LINE
8
water
10
-451275.0
20
-56683.73
30
0
11
-451275.0
21
-56729.11
31
0
0
LINE
8
water
10
-451275.0
20
-56729.11
30
0
11
-451275.0
21
-56601.96
31
0
0
LINE
8
water
10
-451275.0
20
-56601.96
30
0
11
-451275.0
21
-56398.04
31
0
0
LINE
8
water
10
-451275.0
20
-56398.04
30
0
11
-451275.0
21
-56270.89
31
0
0
LINE
8
water
10
-451275.0
20
-56270.89
30
0
11
-451275.0
21
-56316.27
31
0
0
LINE
8
water
10
-451275.0
20
-56316.27
30
0
11
-451275.0
21
-56500.0
31
0
0
LINE
8
water
10
-451172.0
20
-56500.0
30
0
11
-451172.0
21
-56683.73
31
0
0
LINE
8
water
10
-451172.0
20
-56683.73
30
0
11
-451172.0
21
-56729.11
31
0
0
LINE
8
water
10
-451172.0
20
-56729.11
30
0
11
-451172.0
21
-56601.96
31
0
0
LINE
8
water
10
-451172.0
20
-56601.96
30
0
11
-451172.0
21
-56398.04
31
0
0
LINE
8
water
10
-451172.0
20
-56398.04
30
0
11
-451172.0
21
-56270.89
31
0
0
LINE
8
water
10
-451172.0
20
-56270.89
30
0
11
-451172.0
21
-56316.27
31
0
0
LINE
8
water
10
-451172.0
20
-56316.27
30
0
11
-451172.0
21
-56500.0
31
0
0
LINE
8
water
10
-451190.0
20
-56500.0
30
0
11
-451172.0
21
-56500.0
31
0
0
LINE
8
water
10
-451190.0
20
-56500.0
30
0
11
-451190.0
21
-56683.73
31
0
0
LINE
8
water
10
-451190.0
20
-56683.73
30
0
11
-451190.0
21
-56729.11
31
0
0
LINE
8
water
10
-451190.0
20
-56729.11
30
0
11
-451190.0
21
-56601.96
31
0
0
LINE
8
water
10
-451190.0
20
-56601.96
30
0
11
-451190.0
21
-56398.04
31
0
0
LINE
8
water
10
-451190.0
20
-56398.04
30
0
11
-451190.0
21
-56270.89
31
0
0
LINE
8
water
10
-451190.0
20
-56270.89
30
0
11
-451190.0
21
-56316.27
31
0
0
LINE
8
water
10
-451190.0
20
-56316.27
30
0
11
-451190.0
21
-56500.0
31
0
0
LINE
8
water
10
-451087.0
20
-56500.0
30
0
11
-451087.0
21
-56683.73
31
0
0
LINE
8
water
10
-451087.0
20
-56683.73
30
0
11
-451087.0
21
-56729.11
31
0
0
LINE
8
water
10
-451087.0
20
-56729.11
30
0
11
-451087.0
21
-56601.96
31
0
0
LINE
8
water
10
-451087.0
20
-56601.96
30
0
11
-451087.0
21
-56398.04
31
0
0
LINE
8
water
10
-451087.0
20
-56398.04
30
0
11
-451087.0
21
-56270.89
31
0
0
LINE
8
water
10
-451087.0
20
-56270.89
30
0
11
-451087.0
21
-56316.27
31
0
0
LINE
8
water
10
-451087.0
20
-56316.27
30
0
11
-451087.0
21
-56500.0
31
0
0
LINE
8
water
10
-451105.0
20
-56500.0
30
0
11
-451087.0
21
-56500.0
31
0
0
LINE
8
water
10
-451105.0
20
-56500.0
30
0
11
-451105.0
21
-56683.73
31
0
0
LINE
8
water
10
-451105.0
20
-56683.73
30
0
11
-451105.0
21
-56729.11
31
0
0
LINE
8
water
10
-451105.0
20
-56729.11
30
0
11
-451105.0
21
-56601.96
31
0
0
LINE
8
water
10
-451105.0
20
-56601.96
30
0
11
-451105.0
21
-56398.04
31
0
0
LINE
8
water
10
-451105.0
20
-56398.04
30
0
11
-451105.0
21
-56270.89
31
0
0
LINE
8
water
10
-451105.0
20
-56270.89
30
0
11
-451105.0
21
-56316.27
31
0
0
LINE
8
water
10
-451105.0
20
-56316.27
30
0
11
-451105.0
21
-56500.0
31
0
0
LINE
8
water
10
-451002.0
20
-56500.0
30
0
11
-451002.0
21
-56683.73
31
0
0
LINE
8
water
10
-451002.0
20
-56683.73
30
0
11
-451002.0
21
-56729.11
31
0
0
LINE
8
water
10
-451002.0
20
-56729.11
30
0
11
-451002.0
21
-56601.96
31
0
0
LINE
8
water
10
-451002.0
20
-56601.96
30
0
11
-451002.0
21
-56398.04
31
0
0
LINE
8
water
10
-451002.0
20
-56398.04
30
0
11
-451002.0
21
-56270.89
31
0
0
LINE
8
water
10
-451002.0
20
-56270.89
30
0
11
-451002.0
21
-56316.27
31
0
0
LINE
8
water
10
-451002.0
20
-56316.27
30
0
11
-451002.0
21
-56500.0
31
0
0
LINE
8
water
10
-451020.0
20
-56500.0
30
0
11
-451002.0
21
-56500.0
31
0
0
LINE
8
water
10
-451020.0
20
-56500.0
30
0
11
-451020.0
21
-56683.73
31
0
0
LINE
8
water
10
-451020.0
20
-56683.73
30
0
11
-451020.0
21
-56729.11
31
0
0
LINE
8
water
10
-451020.0
20
-56729.11
30
0
11
-451020.0
21
-56601.96
31
0
0
LINE
8
water
10
-451020.0
20
-56601.96
30
0
11
-451020.0
21
-56398.04
31
0
0
LINE
8
water
10
-451020.0
20
-56398.04
30
0
11
-451020.0
21
-56270.89
31
0
0
LINE
8
water
10
-451020.0
20
-56270.89
30
0
11
-451020.0
21
-56316.27
31
0
0
LINE
8
water
10
-451020.0
20
-56316.27
30
0
11
-451020.0
21
-56500.0
31
0
0
LINE
8
water
10
-452800.0
20
-57500.0
30
0
11
-452800.0
21
-57575.0
31
0
0
LINE
8
water
10
-452800.0
20
-57575.0
30
0
11
-452800.0
21
-57500.0
31
0
0
LINE
8
water
10
-452800.0
20
-57500.0
30
0
11
-452800.0
21
-57425.0
31
0
0
LINE
8
water
10
-452800.0
20
-57425.0
30
0
11
-452800.0
21
-57500.0
31
0
0
LINE
8
water
10
-453200.0
20
-57500.0
30
0
11
-452800.0
21
-57500.0
31
0
0
LINE
8
water
10
-453200.0
20
-57500.0
30
0
11
-453200.0
21
-57575.0
31
0
0
LINE
8
water
10
-453200.0
20
-57575.0
30
0
11
-453200.0
21
-57500.0
31
0
0
LINE
8
water
10
-453200.0
20
-57500.0
30
0
11
-453200.0
21
-57425.0
31
0
0
LINE
8
water
10
-453200.0
20
-57425.0
30
0
11
-453200.0
21
-57500.0
31
0
0
LINE
8
water
10
-452910.0
20
-57500.0
30
0
11
-452972.19
21
-57414.4
31
0
0
LINE
8
water
10
-452972.19
20
-57414.4
30
0
11
-453072.81
21
-57447.1
31
0
0
LINE
8
water
10
-453072.81
20
-57447.1
30
0
11
-453072.81
21
-57552.9
31
0
0
LINE
8
water
10
-453072.81
20
-57552.9
30
0
11
-452972.19
21
-57585.6
31
0
0
LINE
8
water
10
-452972.19
20
-57585.6
30
0
11
-452910.0
21
-57500.0
31
0
0
LINE
8
water
10
-453190.0
20
-57525.0
30
0
11
-453190.0
21
-57475.0
31
0
0
LINE
8
water
10
-452810.0
20
-57525.0
30
0
11
-452810.0
21
-57475.0
31
0
0
LINE
8
water
10
-453190.0
20
-57525.0
30
0
11
-452810.0
21
-57525.0
31
0
0
LINE
8
water
10
-453190.0
20
-57475.0
30
0
11
-452810.0
21
-57475.0
31
0
0
LINE
8
water
10
-453125.0
20
-57500.0
30
0
11
-453125.0
21
-57604.62
31
0
0
LINE
8
water
10
-453125.0
20
-57604.62
30
0
11
-453125.0
21
-57564.66
31
0
0
LINE
8
water
10
-453125.0
20
-57564.66
30
0
11
-453125.0
21
-57435.34
31
0
0
LINE
8
water
10
-453125.0
20
-57435.34
30
0
11
-453125.0
21
-57395.38
31
0
0
LINE
8
water
10
-453125.0
20
-57395.38
30
0
11
-453125.0
21
-57500.0
31
0
0
LINE
8
water
10
-453150.0
20
-57500.0
30
0
11
-453125.0
21
-57500.0
31
0
0
LINE
8
water
10
-453150.0
20
-57500.0
30
0
11
-453150.0
21
-57604.62
31
0
0
LINE
8
water
10
-453150.0
20
-57604.62
30
0
11
-453150.0
21
-57564.66
31
0
0
LINE
8
water
10
-453150.0
20
-57564.66
30
0
11
-453150.0
21
-57435.34
31
0
0
LINE
8
water
10
-453150.0
20
-57435.34
30
0
11
-453150.0
21
-57395.38
31
0
0
LINE
8
water
10
-453150.0
20
-57395.38
30
0
11
-453150.0
21
-57500.0
31
0
0
LINE
8
water
10
-452825.0
20
-57500.0
30
0
11
-452825.0
21
-57604.62
31
0
0
LINE
8
water
10
-452825.0
20
-57604.62
30
0
11
-452825.0
21
-57564.66
31
0
0
LINE
8
water
10
-452825.0
20
-57564.66
30
0
11
-452825.0
21
-57435.34
31
0
0
LINE
8
water
10
-452825.0
20
-57435.34
30
0
11
-452825.0
21
-57395.38
31
0
0
LINE
8
water
10
-452825.0
20
-57395.38
30
0
11
-452825.0
21
-57500.0
31
0
0
LINE
8
water
10
-452850.0
20
-57500.0
30
0
11
-452825.0
21
-57500.0
31
0
0
LINE
8
water
10
-452850.0
20
-57500.0
30
0
11
-452850.0
21
-57604.62
31
0
0
LINE
8
water
10
-452850.0
20
-57604.62
30
0
11
-452850.0
21
-57564.66
31
0
0
LINE
8
water
10
-452850.0
20
-57564.66
30
0
11
-452850.0
21
-57435.34
31
0
0
LINE
8
water
10
-452850.0
20
-57435.34
30
0
11
-452850.0
21
-57395.38
31
0
0
LINE
8
water
10
-452850.0
20
-57395.38
30
0
11
-452850.0
21
-57500.0
31
0
0
LINE
8
water
10
-449012.5
20
-56900.0
30
0
11
-449012.5
21
-56100.0
31
0
0
LINE
8
water
10
-448987.5
20
-56900.0
30
0
11
-448987.5
21
-56100.0
31
0
0
LINE
8
water
10
-449012.5
20
-56900.0
30
0
11
-448987.5
21
-56900.0
31
0
0
LINE
8
water
10
-449012.5
20
-56100.0
30
0
11
-448987.5
21
-56100.0
31
0
0
LINE
8
water
10
-448967.5
20
-56900.0
30
0
11
-448967.5
21
-56100.0
31
0
0
LINE
8
water
10
-448942.5
20
-56900.0
30
0
11
-448942.5
21
-56100.0
31
0
0
LINE
8
water
10
-448967.5
20
-56900.0
30
0
11
-448942.5
21
-56900.0
31
0
0
LINE
8
water
10
-448967.5
20
-56100.0
30
0
11
-448942.5
21
-56100.0
31
0
0
LINE
8
water
10
-448922.5
20
-56900.0
30
0
11
-448922.5
21
-56100.0
31
0
0
LINE
8
water
10
-448897.5
20
-56900.0
30
0
11
-448897.5
21
-56100.0
31
0
0
LINE
8
water
10
-448922.5
20
-56900.0
30
0
11
-448897.5
21
-56900.0
31
0
0
LINE
8
water
10
-448922.5
20
-56100.0
30
0
11
-448897.5
21
-56100.0
31
0
0
LINE
8
water
10
-448877.5
20
-56900.0
30
0
11
-448877.5
21
-56100.0
31
0
0
LINE
8
water
10
-448852.5
20
-56900.0
30
0
11
-448852.5
21
-56100.0
31
0
0
LINE
8
water
10
-448877.5
20
-56900.0
30
0
11
-448852.5
21
-56900.0
31
0
0
LINE
8
water
10
-448877.5
20
-56100.0
30
0
11
-448852.5
21
-56100.0
31
0
0
LINE
8
water
10
-448832.5
20
-56900.0
30
0
11
-448832.5
21
-56100.0
31
0
0
LINE
8
water
10
-448807.5
20
-56900.0
30
0
11
-448807.5
21
-56100.0
31
0
0
LINE
8
water
10
-448832.5
20
-56900.0
30
0
11
-448807.5
21
-56900.0
31
0
0
LINE
8
water
10
-448832.5
20
-56100.0
30
0
11
-448807.5
21
-56100.0
31
0
0
LINE
8
water
10
-448787.5
20
-56900.0
30
0
11
-448787.5
21
-56100.0
31
0
0
LINE
8
water
10
-448762.5
20
-56900.0
30
0
11
-448762.5
21
-56100.0
31
0
0
LINE
8
water
10
-448787.5
20
-56900.0
30
0
11
-448762.5
21
-56900.0
31
0
0
LINE
8
water
10
-448787.5
20
-56100.0
30
0
11
-448762.5
21
-56100.0
31
0
0
LINE
8
water
10
-448742.5
20
-56900.0
30
0
11
-448742.5
21
-56100.0
31
0
0
LINE
8
water
10
-448717.5
20
-56900.0
30
0
11
-448717.5
21
-56100.0
31
0
0
LINE
8
water
10
-448742.5
20
-56900.0
30
0
11
-448717.5
21
-56900.0
31
0
0
LINE
8
water
10
-448742.5
20
-56100.0
30
0
11
-448717.5
21
-56100.0
31
0
0
LINE
8
water
10
-448697.5
20
-56900.0
30
0
11
-448697.5
21
-56100.0
31
0
0
LINE
8
water
10
-448672.5
20
-56900.0
30
0
11
-448672.5
21
-56100.0
31
0
0
LINE
8
water
10
-448697.5
20
-56900.0
30
0
11
-448672.5
21
-56900.0
31
0
0
LINE
8
water
10
-448697.5
20
-56100.0
30
0
11
-448672.5
21
-56100.0
31
0
0
LINE
8
water
10
-448652.5
20
-56900.0
30
0
11
-448652.5
21
-56100.0
31
0
0
LINE
8
water
10
-448627.5
20
-56900.0
30
0
11
-448627.5
21
-56100.0
31
0
0
LINE
8
water
10
-448652.5
20
-56900.0
30
0
11
-448627.5
21
-56900.0
31
0
0
LINE
8
water
10
-448652.5
20
-56100.0
30
0
11
-448627.5
21
-56100.0
31
0
0
LINE
8
water
10
-448607.5
20
-56900.0
30
0
11
-448607.5
21
-56100.0
31
0
0
LINE
8
water
10
-448582.5
20
-56900.0
30
0
11
-448582.5
21
-56100.0
31
0
0
LINE
8
water
10
-448607.5
20
-56900.0
30
0
11
-448582.5
21
-56900.0
31
0
0
LINE
8
water
10
-448607.5
20
-56100.0
30
0
11
-448582.5
21
-56100.0
31
0
0
LINE
8
water
10
-448562.5
20
-56900.0
30
0
11
-448562.5
21
-56100.0
31
0
0
LINE
8
water
10
-448537.5
20
-56900.0
30
0
11
-448537.5
21
-56100.0
31
0
0
LINE
8
water
10
-448562.5
20
-56900.0
30
0
11
-448537.5
21
-56900.0
31
0
0
LINE
8
water
10
-448562.5
20
-56100.0
30
0
11
-448537.5
21
-56100.0
31
0
0
LINE
8
water
10
-448517.5
20
-56900.0
30
0
11
-448517.5
21
-56100.0
31
0
0
LINE
8
water
10
-448492.5
20
-56900.0
30
0
11
-448492.5
21
-56100.0
31
0
0
LINE
8
water
10
-448517.5
20
-56900.0
30
0
11
-448492.5
21
-56900.0
31
0
0
LINE
8
water
10
-448517.5
20
-56100.0
30
0
11
-448492.5
21
-56100.0
31
0
0
LINE
8
water
10
-448472.5
20
-56900.0
30
0
11
-448472.5
21
-56100.0
31
0
0
LINE
8
water
10
-448447.5
20
-56900.0
30
0
11
-448447.5
21
-56100.0
31
0
0
LINE
8
water
10
-448472.5
20
-56900.0
30
0
11
-448447.5
21
-56900.0
31
0
0
LINE
8
water
10
-448472.5
20
-56100.0
30
0
11
-448447.5
21
-56100.0
31
0
0
LINE
8
water
10
-448427.5
20
-56900.0
30
0
11
-448427.5
21
-56100.0
31
0
0
LINE
8
water
10
-448402.5
20
-56900.0
30
0
11
-448402.5
21
-56100.0
31
0
0
LINE
8
water
10
-448427.5
20
-56900.0
30
0
11
-448402.5
21
-56900.0
31
0
0
LINE
8
water
10
-448427.5
20
-56100.0
30
0
11
-448402.5
21
-56100.0
31
0
0
LINE
8
water
10
-448382.5
20
-56900.0
30
0
11
-448382.5
21
-56100.0
31
0
0
LINE
8
water
10
-448357.5
20
-56900.0
30
0
11
-448357.5
21
-56100.0
31
0
0
LINE
8
water
10
-448382.5
20
-56900.0
30
0
11
-448357.5
21
-56900.0
31
0
0
LINE
8
water
10
-448382.5
20
-56100.0
30
0
11
-448357.5
21
-56100.0
31
0
0
LINE
8
water
10
-448337.5
20
-56900.0
30
0
11
-448337.5
21
-56100.0
31
0
0
LINE
8
water
10
-448312.5
20
-56900.0
30
0
11
-448312.5
21
-56100.0
31
0
0
LINE
8
water
10
-448337.5
20
-56900.0
30
0
11
-448312.5
21
-56900.0
31
0
0
LINE
8
water
10
-448337.5
20
-56100.0
30
0
11
-448312.5
21
-56100.0
31
0
0
LINE
8
water
10
-448292.5
20
-56900.0
30
0
11
-448292.5
21
-56100.0
31
0
0
LINE
8
water
10
-448267.5
20
-56900.0
30
0
11
-448267.5
21
-56100.0
31
0
0
LINE
8
water
10
-448292.5
20
-56900.0
30
0
11
-448267.5
21
-56900.0
31
0
0
LINE
8
water
10
-448292.5
20
-56100.0
30
0
11
-448267.5
21
-56100.0
31
0
0
LINE
8
water
10
-448247.5
20
-56900.0
30
0
11
-448247.5
21
-56100.0
31
0
0
LINE
8
water
10
-448222.5
20
-56900.0
30
0
11
-448222.5
21
-56100.0
31
0
0
LINE
8
water
10
-448247.5
20
-56900.0
30
0
11
-448222.5
21
-56900.0
31
0
0
LINE
8
water
10
-448247.5
20
-56100.0
30
0
11
-448222.5
21
-56100.0
31
0
0
LINE
8
water
10
-448202.5
20
-56900.0
30
0
11
-448202.5
21
-56100.0
31
0
0
LINE
8
water
10
-448177.5
20
-56900.0
30
0
11
-448177.5
21
-56100.0
31
0
0
LINE
8
water
10
-448202.5
20
-56900.0
30
0
11
-448177.5
21
-56900.0
31
0
0
LINE
8
water
10
-448202.5
20
-56100.0
30
0
11
-448177.5
21
-56100.0
31
0
0
LINE
8
water
10
-448157.5
20
-56900.0
30
0
11
-448157.5
21
-56100.0
31
0
0
LINE
8
water
10
-448132.5
20
-56900.0
30
0
11
-448132.5
21
-56100.0
31
0
0
LINE
8
water
10
-448157.5
20
-56900.0
30
0
11
-448132.5
21
-56900.0
31
0
0
LINE
8
water
10
-448157.5
20
-56100.0
30
0
11
-448132.5
21
-56100.0
31
0
0
LINE
8
water
10
-448112.5
20
-56900.0
30
0
11
-448112.5
21
-56100.0
31
0
0
LINE
8
water
10
-448087.5
20
-56900.0
30
0
11
-448087.5
21
-56100.0
31
0
0
LINE
8
water
10
-448112.5
20
-56900.0
30
0
11
-448087.5
21
-56900.0
31
0
0
LINE
8
water
10
-448112.5
20
-56100.0
30
0
11
-448087.5
21
-56100.0
31
0
0
LINE
8
water
10
-448067.5
20
-56900.0
30
0
11
-448067.5
21
-56100.0
31
0
0
LINE
8
water
10
-448042.5
20
-56900.0
30
0
11
-448042.5
21
-56100.0
31
0
0
LINE
8
water
10
-448067.5
20
-56900.0
30
0
11
-448042.5
21
-56900.0
31
0
0
LINE
8
water
10
-448067.5
20
-56100.0
30
0
11
-448042.5
21
-56100.0
31
0
0
LINE
8
water
10
-449150.0
20
-57000.0
30
0
11
-449150.0
21
-56000.0
31
0
0
LINE
8
water
10
-447850.0
20
-57000.0
30
0
11
-447850.0
21
-56000.0
31
0
0
LINE
8
water
10
-449150.0
20
-57000.0
30
0
11
-447850.0
21
-57000.0
31
0
0
LINE
8
water
10
-449150.0
20
-56000.0
30
0
11
-447850.0
21
-56000.0
31
0
0
LINE
8
water
10
-450700.0
20
-57500.0
30
0
11
-450620.0
21
-57500.0
31
0
0
LINE
8
water
10
-450620.0
20
-57500.0
30
0
11
-450700.0
21
-57500.0
31
0
0
LINE
8
water
10
-450700.0
20
-57500.0
30
0
11
-450780.0
21
-57500.0
31
0
0
LINE
8
water
10
-450780.0
20
-57500.0
30
0
11
-450700.0
21
-57500.0
31
0
0
LINE
8
water
10
-450700.0
20
-56500.0
30
0
11
-450700.0
21
-57500.0
31
0
0
LINE
8
water
10
-450700.0
20
-56500.0
30
0
11
-450620.0
21
-56500.0
31
0
0
LINE
8
water
10
-450620.0
20
-56500.0
30
0
11
-450700.0
21
-56500.0
31
0
0
LINE
8
water
10
-450700.0
20
-56500.0
30
0
11
-450780.0
21
-56500.0
31
0
0
LINE
8
water
10
-450780.0
20
-56500.0
30
0
11
-450700.0
21
-56500.0
31
0
0
LINE
8
water
10
-450620.0
20
-57500.0
30
0
11
-450700.0
21
-57420.0
31
0
0
LINE
8
water
10
-450700.0
20
-57420.0
30
0
11
-450780.0
21
-57500.0
31
0
0
LINE
8
water
10
-450780.0
20
-57500.0
30
0
11
-450700.0
21
-57580.0
31
0
0
LINE
8
water
10
-450700.0
20
-57580.0
30
0
11
-450620.0
21
-57500.0
31
0
0
LINE
8
water
10
-453000.0
20
-57500.0
30
0
11
-453000.0
21
-57580.0
31
0
0
LINE
8
water
10
-453000.0
20
-57580.0
30
0
11
-453000.0
21
-57500.0
31
0
0
LINE
8
water
10
-453000.0
20
-57500.0
30
0
11
-453000.0
21
-57420.0
31
0
0
LINE
8
water
10
-453000.0
20
-57420.0
30
0
11
-453000.0
21
-57500.0
31
0
0
LINE
8
water
10
-450700.0
20
-57500.0
30
0
11
-453000.0
21
-57500.0
31
0
0
LINE
8
water
10
-450700.0
20
-57500.0
30
0
11
-450700.0
21
-57580.0
31
0
0
LINE
8
water
10
-450700.0
20
-57580.0
30
0
11
-450700.0
21
-57500.0
31
0
0
LINE
8
water
10
-450700.0
20
-57500.0
30
0
11
-450700.0
21
-57420.0
31
0
0
LINE
8
water
10
-450700.0
20
-57420.0
30
0
11
-450700.0
21
-57500.0
31
0
0
LINE
8
water
10
-450700.0
20
-57500.0
30
0
11
-450625.18
21
-57500.0
31
0
0
LINE
8
water
10
-450625.18
20
-57500.0
30
0
11
-450625.18
21
-57500.0
31
0
0
LINE
8
water
10
-450625.18
20
-57500.0
30
0
11
-450700.0
21
-57500.0
31
0
0
LINE
8
water
10
-448420.0
20
-56500.0
30
0
11
-448500.0
21
-56420.0
31
0
0
LINE
8
water
10
-448500.0
20
-56420.0
30
0
11
-448580.0
21
-56500.0
31
0
0
LINE
8
water
10
-448580.0
20
-56500.0
30
0
11
-448500.0
21
-56580.0
31
0
0
LINE
8
water
10
-448500.0
20
-56580.0
30
0
11
-448420.0
21
-56500.0
31
0
0
LINE
8
water
10
-453000.0
20
-56500.0
30
0
11
-453000.0
21
-56580.0
31
0
0
LINE
8
water
10
-453000.0
20
-56580.0
30
0
11
-453000.0
21
-56500.0
31
0
0
LINE
8
water
10
-453000.0
20
-56500.0
30
0
11
-453000.0
21
-56420.0
31
0
0
LINE
8
water
10
-453000.0
20
-56420.0
30
0
11
-453000.0
21
-56500.0
31
0
0
LINE
8
water
10
-448500.0
20
-56500.0
30
0
11
-453000.0
21
-56500.0
31
0
0
LINE
8
water
10
-448500.0
20
-56500.0
30
0
11
-448500.0
21
-56580.0
31
0
0
LINE
8
water
10
-448500.0
20
-56580.0
30
0
11
-448500.0
21
-56500.0
31
0
0
LINE
8
water
10
-448500.0
20
-56500.0
30
0
11
-448500.0
21
-56420.0
31
0
0
LINE
8
water
10
-448500.0
20
-56420.0
30
0
11
-448500.0
21
-56500.0
31
0
0
LINE
8
water
10
-448500.0
20
-56500.0
30
0
11
-448425.18
21
-56500.0
31
0
0
LINE
8
water
10
-448425.18
20
-56500.0
30
0
11
-448425.18
21
-56500.0
31
0
0
LINE
8
water
10
-448425.18
20
-56500.0
30
0
11
-448500.0
21
-56500.0
31
0
0
LINE
8
water
10
-449800.0
20
-56500.0
30
0
11
-449800.0
21
-56580.0
31
0
0
LINE
8
water
10
-449800.0
20
-56580.0
30
0
11
-449800.0
21
-56500.0
31
0
0
LINE
8
water
10
-449800.0
20
-56500.0
30
0
11
-449800.0
21
-56420.0
31
0
0
LINE
8
water
10
-449800.0
20
-56420.0
30
0
11
-449800.0
21
-56500.0
31
0
0
LINE
8
water
10
-448500.0
20
-56500.0
30
0
11
-449800.0
21
-56500.0
31
0
0
LINE
8
water
10
-449880.0
20
-56500.0
30
0
11
-449800.0
21
-56420.0
31
0
0
LINE
8
water
10
-449800.0
20
-56420.0
30
0
11
-449720.0
21
-56500.0
31
0
0
LINE
8
water
10
-449720.0
20
-56500.0
30
0
11
-449800.0
21
-56580.0
31
0
0
LINE
8
water
10
-449800.0
20
-56580.0
30
0
11
-449880.0
21
-56500.0
31
0
0
LINE
8
water
10
-450700.0
20
-56500.0
30
0
11
-450700.0
21
-56580.0
31
0
0
LINE
8
water
10
-450700.0
20
-56580.0
30
0
11
-450700.0
21
-56500.0
31
0
0
LINE
8
water
10
-450700.0
20
-56500.0
30
0
11
-450700.0
21
-56420.0
31
0
0
LINE
8
water
10
-450700.0
20
-56420.0
30
0
11
-450700.0
21
-56500.0
31
0
0
LINE
8
water
10
-449800.0
20
-56500.0
30
0
11
-450700.0
21
-56500.0
31
0
0
LINE
8
water
10
-449800.0
20
-56500.0
30
0
11
-449725.18
21
-56500.0
31
0
0
LINE
8
water
10
-449725.18
20
-56500.0
30
0
11
-449725.18
21
-56500.0
31
0
0
LINE
8
water
10
-449725.18
20
-56500.0
30
0
11
-449800.0
21
-56500.0
31
0
0
LINE
8
water
10
-304000.0
20
-60500.0
30
0
11
-304000.0
21
-60580.0
31
0
0
LINE
8
water
10
-304000.0
20
-60580.0
30
0
11
-304000.0
21
-60500.0
31
0
0
LINE
8
water
10
-304000.0
20
-60500.0
30
0
11
-304000.0
21
-60420.0
31
0
0
LINE
8
water
10
-304000.0
20
-60420.0
30
0
11
-304000.0
21
-60500.0
31
0
0
LINE
8
water
10
-453000.0
20
-60500.0
30
0
11
-304000.0
21
-60500.0
31
0
0
LINE
8
water
10
-453000.0
20
-60500.0
30
0
11
-453000.0
21
-60580.0
31
0
0
LINE
8
water
10
-453000.0
20
-60580.0
30
0
11
-453000.0
21
-60500.0
31
0
0
LINE
8
water
10
-453000.0
20
-60500.0
30
0
11
-453000.0
21
-60420.0
31
0
0
LINE
8
water
10
-453000.0
20
-60420.0
30
0
11
-453000.0
21
-60500.0
31
0
0
LINE
8
water
10
-304000.0
20
-59500.0
30
0
11
-304000.0
21
-59580.0
31
0
0
LINE
8
water
10
-304000.0
20
-59580.0
30
0
11
-304000.0
21
-59500.0
31
0
0
LINE
8
water
10
-304000.0
20
-59500.0
30
0
11
-304000.0
21
-59420.0
31
0
0
LINE
8
water
10
-304000.0
20
-59420.0
30
0
11
-304000.0
21
-59500.0
31
0
0
LINE
8
water
10
-453000.0
20
-59500.0
30
0
11
-304000.0
21
-59500.0
31
0
0
LINE
8
water
10
-453000.0
20
-59500.0
30
0
11
-453000.0
21
-59580.0
31
0
0
LINE
8
water
10
-453000.0
20
-59580.0
30
0
11
-453000.0
21
-59500.0
31
0
0
LINE
8
water
10
-453000.0
20
-59500.0
30
0
11
-453000.0
21
-59420.0
31
0
0
LINE
8
water
10
-453000.0
20
-59420.0
30
0
11
-453000.0
21
-59500.0
31
0
0
LINE
8
water
10
-304000.0
20
-58700.0
30
0
11
-304000.0
21
-58780.0
31
0
0
LINE
8
water
10
-304000.0
20
-58780.0
30
0
11
-304000.0
21
-58700.0
31
0
0
LINE
8
water
10
-304000.0
20
-58700.0
30
0
11
-304000.0
21
-58620.0
31
0
0
LINE
8
water
10
-304000.0
20
-58620.0
30
0
11
-304000.0
21
-58700.0
31
0
0
LINE
8
water
10
-453000.0
20
-58700.0
30
0
11
-304000.0
21
-58700.0
31
0
0
LINE
8
water
10
-453000.0
20
-58700.0
30
0
11
-453000.0
21
-58780.0
31
0
0
LINE
8
water
10
-453000.0
20
-58780.0
30
0
11
-453000.0
21
-58700.0
31
0
0
LINE
8
water
10
-453000.0
20
-58700.0
30
0
11
-453000.0
21
-58620.0
31
0
0
LINE
8
water
10
-453000.0
20
-58620.0
30
0
11
-453000.0
21
-58700.0
31
0
0
LINE
8
water
10
-304000.0
20
-58700.0
30
0
11
-303920.0
21
-58700.0
31
0
0
LINE
8
water
10
-303920.0
20
-58700.0
30
0
11
-304000.0
21
-58700.0
31
0
0
LINE
8
water
10
-304000.0
20
-58700.0
30
0
11
-304080.0
21
-58700.0
31
0
0
LINE
8
water
10
-304080.0
20
-58700.0
30
0
11
-304000.0
21
-58700.0
31
0
0
LINE
8
water
10
-304000.0
20
-59500.0
30
0
11
-304000.0
21
-58700.0
31
0
0
LINE
8
water
10
-304000.0
20
-59500.0
30
0
11
-303920.0
21
-59500.0
31
0
0
LINE
8
water
10
-303920.0
20
-59500.0
30
0
11
-304000.0
21
-59500.0
31
0
0
LINE
8
water
10
-304000.0
20
-59500.0
30
0
11
-304080.0
21
-59500.0
31
0
0
LINE
8
water
10
-304080.0
20
-59500.0
30
0
11
-304000.0
21
-59500.0
31
0
0
LINE
8
water
10
-304000.0
20
-57500.0
30
0
11
-304000.0
21
-57580.0
31
0
0
LINE
8
water
10
-304000.0
20
-57580.0
30
0
11
-304000.0
21
-57500.0
31
0
0
LINE
8
water
10
-304000.0
20
-57500.0
30
0
11
-304000.0
21
-57420.0
31
0
0
LINE
8
water
10
-304000.0
20
-57420.0
30
0
11
-304000.0
21
-57500.0
31
0
0
LINE
8
water
10
-453000.0
20
-57500.0
30
0
11
-304000.0
21
-57500.0
31
0
0
LINE
8
water
10
-453000.0
20
-57500.0
30
0
11
-453000.0
21
-57580.0
31
0
0
LINE
8
water
10
-453000.0
20
-57580.0
30
0
11
-453000.0
21
-57500.0
31
0
0
LINE
8
water
10
-453000.0
20
-57500.0
30
0
11
-453000.0
21
-57420.0
31
0
0
LINE
8
water
10
-453000.0
20
-57420.0
30
0
11
-453000.0
21
-57500.0
31
0
0
LINE
8
water
10
-304000.0
20
-56500.0
30
0
11
-304000.0
21
-56580.0
31
0
0
LINE
8
water
10
-304000.0
20
-56580.0
30
0
11
-304000.0
21
-56500.0
31
0
0
LINE
8
water
10
-304000.0
20
-56500.0
30
0
11
-304000.0
21
-56420.0
31
0
0
LINE
8
water
10
-304000.0
20
-56420.0
30
0
11
-304000.0
21
-56500.0
31
0
0
LINE
8
water
10
-453000.0
20
-56500.0
30
0
11
-304000.0
21
-56500.0
31
0
0
LINE
8
water
10
-453000.0
20
-56500.0
30
0
11
-453000.0
21
-56580.0
31
0
0
LINE
8
water
10
-453000.0
20
-56580.0
30
0
11
-453000.0
21
-56500.0
31
0
0
LINE
8
water
10
-453000.0
20
-56500.0
30
0
11
-453000.0
21
-56420.0
31
0
0
LINE
8
water
10
-453000.0
20
-56420.0
30
0
11
-453000.0
21
-56500.0
31
0
0
LINE
8
electrical
10
-456000.0
20
-62500.0
30
0
11
-456000.0
21
-62450.0
31
0
0
LINE
8
electrical
10
-456000.0
20
-62150.0
30
0
11
-456000.0
21
-62450.0
31
0
0
LINE
8
electrical
10
-456000.0
20
-62150.0
30
0
11
-456000.0
21
-62100.0
31
0
0
LINE
8
electrical
10
-456000.0
20
-62500.0
30
0
11
-456000.0
21
-62100.0
31
0
0
LINE
8
electrical
10
-304000.0
20
-62450.0
30
0
11
-456000.0
21
-62450.0
31
0
0
LINE
8
electrical
10
-304000.0
20
-62500.0
30
0
11
-304000.0
21
-62450.0
31
0
0
LINE
8
electrical
10
-456000.0
20
-62500.0
30
0
11
-304000.0
21
-62500.0
31
0
0
LINE
8
electrical
10
-456000.0
20
-62150.0
30
0
11
-304000.0
21
-62150.0
31
0
0
LINE
8
electrical
10
-304000.0
20
-62150.0
30
0
11
-304000.0
21
-62450.0
31
0
0
LINE
8
electrical
10
-456000.0
20
-62100.0
30
0
11
-304000.0
21
-62100.0
31
0
0
LINE
8
electrical
10
-304000.0
20
-62150.0
30
0
11
-304000.0
21
-62100.0
31
0
0
LINE
8
electrical
10
-304000.0
20
-62500.0
30
0
11
-304000.0
21
-62100.0
31
0
0
LINE
8
electrical
10
-304000.0
20
-62300.0
30
0
11
-304000.0
21
-62315.59
31
0
0
LINE
8
electrical
10
-304000.0
20
-62315.59
30
0
11
-304000.0
21
-62284.41
31
0
0
LINE
8
electrical
10
-304000.0
20
-62284.41
30
0
11
-304000.0
21
-62300.0
31
0
0
LINE
8
electrical
10
-456000.0
20
-62300.0
30
0
11
-304000.0
21
-62300.0
31
0
0
LINE
8
electrical
10
-456000.0
20
-62300.0
30
0
11
-456000.0
21
-62315.59
31
0
0
LINE
8
electrical
10
-456000.0
20
-62315.59
30
0
11
-456000.0
21
-62284.41
31
0
0
LINE
8
electrical
10
-456000.0
20
-62284.41
30
0
11
-456000.0
21
-62300.0
31
0
0
LINE
8
electrical
10
-456000.0
20
-62300.0
30
0
11
-455978.35
21
-62300.0
31
0
0
LINE
8
electrical
10
-455978.35
20
-62300.0
30
0
11
-456021.65
21
-62300.0
31
0
0
LINE
8
electrical
10
-456021.65
20
-62300.0
30
0
11
-456000.0
21
-62300.0
31
0
0
LINE
8
electrical
10
-456000.0
20
-62500.0
30
0
11
-456000.0
21
-62300.0
31
0
0
LINE
8
electrical
10
-456000.0
20
-62500.0
30
0
11
-455978.35
21
-62500.0
31
0
0
LINE
8
electrical
10
-455978.35
20
-62500.0
30
0
11
-456021.65
21
-62500.0
31
0
0
LINE
8
electrical
10
-456021.65
20
-62500.0
30
0
11
-456000.0
21
-62500.0
31
0
0
LINE
8
electrical
10
-455975.0
20
-62300.0
30
0
11
-456012.5
21
-62278.35
31
0
0
LINE
8
electrical
10
-456012.5
20
-62278.35
30
0
11
-456012.5
21
-62321.65
31
0
0
LINE
8
electrical
10
-456012.5
20
-62321.65
30
0
11
-455975.0
21
-62300.0
31
0
0
LINE
8
electrical
10
-456000.0
20
-62300.0
30
0
11
-455973.0
21
-62300.0
31
0
0
LINE
8
electrical
10
-455973.0
20
-62300.0
30
0
11
-456000.0
21
-62300.0
31
0
0
LINE
8
interiors
10
-454000.0
20
2000.0
30
0
11
-454000.0
21
22000.0
31
0
0
LINE
8
interiors
10
-454000.0
20
2000.0
30
0
11
-440200.0
21
2000.0
31
0
0
LINE
8
interiors
10
-440200.0
20
2000.0
30
0
11
-437800.0
21
2000.0
31
0
0
LINE
8
interiors
10
-437800.0
20
2000.0
30
0
11
-424000.0
21
2000.0
31
0
0
LINE
8
interiors
10
-454000.0
20
2000.0
30
0
11
-424000.0
21
2000.0
31
0
0
LINE
8
interiors
10
-454000.0
20
22000.0
30
0
11
-424000.0
21
22000.0
31
0
0
LINE
8
interiors
10
-424000.0
20
2000.0
30
0
11
-424000.0
21
22000.0
31
0
0
LINE
8
interiors
10
-424120.0
20
2120.0
30
0
11
-453880.0
21
2120.0
31
0
0
LINE
8
interiors
10
-424120.0
20
2120.0
30
0
11
-424120.0
21
21880.0
31
0
0
LINE
8
interiors
10
-424120.0
20
21880.0
30
0
11
-453880.0
21
21880.0
31
0
0
LINE
8
interiors
10
-453880.0
20
2120.0
30
0
11
-453880.0
21
21880.0
31
0
0
LINE
8
interiors
10
-446800.0
20
22000.0
30
0
11
-431200.0
21
22000.0
31
0
0
LINE
8
interiors
10
-437800.0
20
2000.0
30
0
11
-437800.0
21
2120.0
31
0
0
LINE
8
interiors
10
-424120.0
20
2120.0
30
0
11
-437800.0
21
2120.0
31
0
0
LINE
8
interiors
10
-440200.0
20
2120.0
30
0
11
-453880.0
21
2120.0
31
0
0
LINE
8
interiors
10
-440200.0
20
2000.0
30
0
11
-440200.0
21
2120.0
31
0
0
LINE
8
interiors
10
-440200.0
20
2120.0
30
0
11
-437800.0
21
2120.0
31
0
0
LINE
8
interiors
10
-446800.0
20
21880.0
30
0
11
-431200.0
21
21880.0
31
0
0
LINE
8
interiors
10
-446800.0
20
21880.0
30
0
11
-446800.0
21
22000.0
31
0
0
LINE
8
interiors
10
-431200.0
20
21880.0
30
0
11
-431200.0
21
22000.0
31
0
0
LINE
8
interiors
10
-446800.0
20
21977.5
30
0
11
-446800.0
21
22022.5
31
0
0
LINE
8
interiors
10
-431200.0
20
21977.5
30
0
11
-431200.0
21
22022.5
31
0
0
LINE
8
interiors
10
-446800.0
20
21977.5
30
0
11
-431200.0
21
21977.5
31
0
0
LINE
8
interiors
10
-446800.0
20
22022.5
30
0
11
-431200.0
21
22022.5
31
0
0
LINE
8
interiors
10
-453875.0
20
2125.0
30
0
11
-453875.0
21
21875.0
31
0
0
LINE
8
interiors
10
-424125.0
20
2125.0
30
0
11
-424125.0
21
21875.0
31
0
0
LINE
8
interiors
10
-453875.0
20
2125.0
30
0
11
-424125.0
21
2125.0
31
0
0
LINE
8
interiors
10
-453875.0
20
21875.0
30
0
11
-424125.0
21
21875.0
31
0
0
LINE
8
interiors
10
-440155.0
20
1880.0
30
0
11
-440155.0
21
2120.0
31
0
0
LINE
8
interiors
10
-440085.0
20
1880.0
30
0
11
-440085.0
21
2120.0
31
0
0
LINE
8
interiors
10
-440155.0
20
1880.0
30
0
11
-440085.0
21
1880.0
31
0
0
LINE
8
interiors
10
-440155.0
20
2120.0
30
0
11
-440085.0
21
2120.0
31
0
0
LINE
8
interiors
10
-437915.0
20
1880.0
30
0
11
-437915.0
21
2120.0
31
0
0
LINE
8
interiors
10
-437845.0
20
1880.0
30
0
11
-437845.0
21
2120.0
31
0
0
LINE
8
interiors
10
-437915.0
20
1880.0
30
0
11
-437845.0
21
1880.0
31
0
0
LINE
8
interiors
10
-437915.0
20
2120.0
30
0
11
-437845.0
21
2120.0
31
0
0
LINE
8
interiors
10
-440150.0
20
1880.0
30
0
11
-440150.0
21
2120.0
31
0
0
LINE
8
interiors
10
-437850.0
20
1880.0
30
0
11
-437850.0
21
2120.0
31
0
0
LINE
8
interiors
10
-440150.0
20
1880.0
30
0
11
-437850.0
21
1880.0
31
0
0
LINE
8
interiors
10
-440150.0
20
2120.0
30
0
11
-437850.0
21
2120.0
31
0
0
LINE
8
interiors
10
-440069.61
20
2090.49
30
0
11
-440110.39
21
2109.51
31
0
0
LINE
8
interiors
10
-439613.18
20
3069.3
30
0
11
-439653.96
21
3088.32
31
0
0
LINE
8
interiors
10
-440069.61
20
2090.49
30
0
11
-439613.18
21
3069.3
31
0
0
LINE
8
interiors
10
-440110.39
20
2109.51
30
0
11
-439653.96
21
3088.32
31
0
0
LINE
8
interiors
10
-447500.0
20
11100.0
30
0
11
-447500.0
21
12900.0
31
0
0
LINE
8
interiors
10
-444900.0
20
11100.0
30
0
11
-444900.0
21
12900.0
31
0
0
LINE
8
interiors
10
-447500.0
20
11100.0
30
0
11
-444900.0
21
11100.0
31
0
0
LINE
8
interiors
10
-447500.0
20
12900.0
30
0
11
-444900.0
21
12900.0
31
0
0
LINE
8
interiors
10
-446300.0
20
11300.0
30
0
11
-446300.0
21
12700.0
31
0
0
LINE
8
interiors
10
-445000.0
20
11300.0
30
0
11
-445000.0
21
12700.0
31
0
0
LINE
8
interiors
10
-446300.0
20
11300.0
30
0
11
-445000.0
21
11300.0
31
0
0
LINE
8
interiors
10
-446300.0
20
12700.0
30
0
11
-445000.0
21
12700.0
31
0
0
LINE
8
interiors
10
-446400.0
20
12000.0
30
0
11
-446494.13
21
12195.46
31
0
0
LINE
8
interiors
10
-446494.13
20
12195.46
30
0
11
-446705.63
21
12243.73
31
0
0
LINE
8
interiors
10
-446705.63
20
12243.73
30
0
11
-446875.24
21
12108.47
31
0
0
LINE
8
interiors
10
-446875.24
20
12108.47
30
0
11
-446875.24
21
11891.53
31
0
0
LINE
8
interiors
10
-446875.24
20
11891.53
30
0
11
-446705.63
21
11756.27
31
0
0
LINE
8
interiors
10
-446705.63
20
11756.27
30
0
11
-446494.13
21
11804.54
31
0
0
LINE
8
interiors
10
-446494.13
20
11804.54
30
0
11
-446400.0
21
12000.0
31
0
0
LINE
8
interiors
10
-445300.0
20
10970.0
30
0
11
-445300.0
21
11030.0
31
0
0
LINE
8
interiors
10
-444700.0
20
10970.0
30
0
11
-444700.0
21
11030.0
31
0
0
LINE
8
interiors
10
-445300.0
20
10970.0
30
0
11
-444700.0
21
10970.0
31
0
0
LINE
8
interiors
10
-445300.0
20
11030.0
30
0
11
-444700.0
21
11030.0
31
0
0
LINE
8
interiors
10
-445030.0
20
10965.0
30
0
11
-445030.0
21
11035.0
31
0
0
LINE
8
interiors
10
-444970.0
20
10965.0
30
0
11
-444970.0
21
11035.0
31
0
0
LINE
8
interiors
10
-445030.0
20
10965.0
30
0
11
-444970.0
21
10965.0
31
0
0
LINE
8
interiors
10
-445030.0
20
11035.0
30
0
11
-444970.0
21
11035.0
31
0
0
LINE
8
interiors
10
-445150.0
20
10890.0
30
0
11
-445150.0
21
11110.0
31
0
0
LINE
8
interiors
10
-444850.0
20
10890.0
30
0
11
-444850.0
21
11110.0
31
0
0
LINE
8
interiors
10
-445150.0
20
10890.0
30
0
11
-444850.0
21
10890.0
31
0
0
LINE
8
interiors
10
-445150.0
20
11110.0
30
0
11
-444850.0
21
11110.0
31
0
0
LINE
8
interiors
10
-433100.0
20
11100.0
30
0
11
-433100.0
21
12900.0
31
0
0
LINE
8
interiors
10
-430500.0
20
11100.0
30
0
11
-430500.0
21
12900.0
31
0
0
LINE
8
interiors
10
-433100.0
20
11100.0
30
0
11
-430500.0
21
11100.0
31
0
0
LINE
8
interiors
10
-433100.0
20
12900.0
30
0
11
-430500.0
21
12900.0
31
0
0
LINE
8
interiors
10
-431900.0
20
11300.0
30
0
11
-431900.0
21
12700.0
31
0
0
LINE
8
interiors
10
-430600.0
20
11300.0
30
0
11
-430600.0
21
12700.0
31
0
0
LINE
8
interiors
10
-431900.0
20
11300.0
30
0
11
-430600.0
21
11300.0
31
0
0
LINE
8
interiors
10
-431900.0
20
12700.0
30
0
11
-430600.0
21
12700.0
31
0
0
LINE
8
interiors
10
-432000.0
20
12000.0
30
0
11
-432094.13
21
12195.46
31
0
0
LINE
8
interiors
10
-432094.13
20
12195.46
30
0
11
-432305.63
21
12243.73
31
0
0
LINE
8
interiors
10
-432305.63
20
12243.73
30
0
11
-432475.24
21
12108.47
31
0
0
LINE
8
interiors
10
-432475.24
20
12108.47
30
0
11
-432475.24
21
11891.53
31
0
0
LINE
8
interiors
10
-432475.24
20
11891.53
30
0
11
-432305.63
21
11756.27
31
0
0
LINE
8
interiors
10
-432305.63
20
11756.27
30
0
11
-432094.13
21
11804.54
31
0
0
LINE
8
interiors
10
-432094.13
20
11804.54
30
0
11
-432000.0
21
12000.0
31
0
0
LINE
8
interiors
10
-430900.0
20
10970.0
30
0
11
-430900.0
21
11030.0
31
0
0
LINE
8
interiors
10
-430300.0
20
10970.0
30
0
11
-430300.0
21
11030.0
31
0
0
LINE
8
interiors
10
-430900.0
20
10970.0
30
0
11
-430300.0
21
10970.0
31
0
0
LINE
8
interiors
10
-430900.0
20
11030.0
30
0
11
-430300.0
21
11030.0
31
0
0
LINE
8
interiors
10
-430630.0
20
10965.0
30
0
11
-430630.0
21
11035.0
31
0
0
LINE
8
interiors
10
-430570.0
20
10965.0
30
0
11
-430570.0
21
11035.0
31
0
0
LINE
8
interiors
10
-430630.0
20
10965.0
30
0
11
-430570.0
21
10965.0
31
0
0
LINE
8
interiors
10
-430630.0
20
11035.0
30
0
11
-430570.0
21
11035.0
31
0
0
LINE
8
interiors
10
-430750.0
20
10890.0
30
0
11
-430750.0
21
11110.0
31
0
0
LINE
8
interiors
10
-430450.0
20
10890.0
30
0
11
-430450.0
21
11110.0
31
0
0
LINE
8
interiors
10
-430750.0
20
10890.0
30
0
11
-430450.0
21
10890.0
31
0
0
LINE
8
interiors
10
-430750.0
20
11110.0
30
0
11
-430450.0
21
11110.0
31
0
0
LINE
8
electrical
10
-424725.0
20
2075.0
30
0
11
-424725.0
21
2325.0
31
0
0
LINE
8
electrical
10
-424175.0
20
2075.0
30
0
11
-424175.0
21
2325.0
31
0
0
LINE
8
electrical
10
-424725.0
20
2075.0
30
0
11
-424175.0
21
2075.0
31
0
0
LINE
8
electrical
10
-424725.0
20
2325.0
30
0
11
-424175.0
21
2325.0
31
0
0
LINE
8
electrical
10
-424685.0
20
2047.5
30
0
11
-424685.0
21
2082.5
31
0
0
LINE
8
electrical
10
-424215.0
20
2047.5
30
0
11
-424215.0
21
2082.5
31
0
0
LINE
8
electrical
10
-424685.0
20
2047.5
30
0
11
-424215.0
21
2047.5
31
0
0
LINE
8
electrical
10
-424685.0
20
2082.5
30
0
11
-424215.0
21
2082.5
31
0
0
LINE
8
electrical
10
-424637.5
20
2010.0
30
0
11
-424637.5
21
2050.0
31
0
0
LINE
8
electrical
10
-424537.5
20
2010.0
30
0
11
-424537.5
21
2050.0
31
0
0
LINE
8
electrical
10
-424637.5
20
2010.0
30
0
11
-424537.5
21
2010.0
31
0
0
LINE
8
electrical
10
-424637.5
20
2050.0
30
0
11
-424537.5
21
2050.0
31
0
0
LINE
8
electrical
10
-424500.0
20
2010.0
30
0
11
-424500.0
21
2050.0
31
0
0
LINE
8
electrical
10
-424400.0
20
2010.0
30
0
11
-424400.0
21
2050.0
31
0
0
LINE
8
electrical
10
-424500.0
20
2010.0
30
0
11
-424400.0
21
2010.0
31
0
0
LINE
8
electrical
10
-424500.0
20
2050.0
30
0
11
-424400.0
21
2050.0
31
0
0
LINE
8
electrical
10
-424362.5
20
2010.0
30
0
11
-424362.5
21
2050.0
31
0
0
LINE
8
electrical
10
-424262.5
20
2010.0
30
0
11
-424262.5
21
2050.0
31
0
0
LINE
8
electrical
10
-424362.5
20
2010.0
30
0
11
-424262.5
21
2010.0
31
0
0
LINE
8
electrical
10
-424362.5
20
2050.0
30
0
11
-424262.5
21
2050.0
31
0
0
LINE
8
electrical
10
-424587.5
20
1995.0
30
0
11
-424564.12
21
1995.0
31
0
0
LINE
8
electrical
10
-424564.12
20
1995.0
30
0
11
-424610.88
21
1995.0
31
0
0
LINE
8
electrical
10
-424610.88
20
1995.0
30
0
11
-424587.5
21
1995.0
31
0
0
LINE
8
electrical
10
-424587.5
20
2020.0
30
0
11
-424587.5
21
1995.0
31
0
0
LINE
8
electrical
10
-424587.5
20
2020.0
30
0
11
-424564.12
21
2020.0
31
0
0
LINE
8
electrical
10
-424564.12
20
2020.0
30
0
11
-424610.88
21
2020.0
31
0
0
LINE
8
electrical
10
-424610.88
20
2020.0
30
0
11
-424587.5
21
2020.0
31
0
0
LINE
8
electrical
10
-424450.0
20
1995.0
30
0
11
-424426.62
21
1995.0
31
0
0
LINE
8
electrical
10
-424426.62
20
1995.0
30
0
11
-424473.38
21
1995.0
31
0
0
LINE
8
electrical
10
-424473.38
20
1995.0
30
0
11
-424450.0
21
1995.0
31
0
0
LINE
8
electrical
10
-424450.0
20
2020.0
30
0
11
-424450.0
21
1995.0
31
0
0
LINE
8
electrical
10
-424450.0
20
2020.0
30
0
11
-424426.62
21
2020.0
31
0
0
LINE
8
electrical
10
-424426.62
20
2020.0
30
0
11
-424473.38
21
2020.0
31
0
0
LINE
8
electrical
10
-424473.38
20
2020.0
30
0
11
-424450.0
21
2020.0
31
0
0
LINE
8
electrical
10
-424312.5
20
1995.0
30
0
11
-424289.12
21
1995.0
31
0
0
LINE
8
electrical
10
-424289.12
20
1995.0
30
0
11
-424335.88
21
1995.0
31
0
0
LINE
8
electrical
10
-424335.88
20
1995.0
30
0
11
-424312.5
21
1995.0
31
0
0
LINE
8
electrical
10
-424312.5
20
2020.0
30
0
11
-424312.5
21
1995.0
31
0
0
LINE
8
electrical
10
-424312.5
20
2020.0
30
0
11
-424289.12
21
2020.0
31
0
0
LINE
8
electrical
10
-424289.12
20
2020.0
30
0
11
-424335.88
21
2020.0
31
0
0
LINE
8
electrical
10
-424335.88
20
2020.0
30
0
11
-424312.5
21
2020.0
31
0
0
LINE
8
electrical
10
-424450.0
20
2200.0
30
0
11
-424434.41
21
2200.0
31
0
0
LINE
8
electrical
10
-424434.41
20
2200.0
30
0
11
-424465.59
21
2200.0
31
0
0
LINE
8
electrical
10
-424465.59
20
2200.0
30
0
11
-424450.0
21
2200.0
31
0
0
LINE
8
electrical
10
-424450.0
20
-62300.0
30
0
11
-424450.0
21
2200.0
31
0
0
LINE
8
electrical
10
-424450.0
20
-62300.0
30
0
11
-424434.41
21
-62300.0
31
0
0
LINE
8
electrical
10
-424434.41
20
-62300.0
30
0
11
-424465.59
21
-62300.0
31
0
0
LINE
8
electrical
10
-424465.59
20
-62300.0
30
0
11
-424450.0
21
-62300.0
31
0
0
LINE
8
electrical
10
-424468.0
20
2200.0
30
0
11
-424441.0
21
2215.59
31
0
0
LINE
8
electrical
10
-424441.0
20
2215.59
30
0
11
-424441.0
21
2184.41
31
0
0
LINE
8
electrical
10
-424441.0
20
2184.41
30
0
11
-424468.0
21
2200.0
31
0
0
LINE
8
electrical
10
-424450.0
20
2200.0
30
0
11
-424430.56
21
2200.0
31
0
0
LINE
8
electrical
10
-424430.56
20
2200.0
30
0
11
-424450.0
21
2200.0
31
0
0
LINE
8
lighting
10
-450120.0
20
4880.0
30
0
11
-450120.0
21
5520.0
31
0
0
LINE
8
lighting
10
-449480.0
20
4880.0
30
0
11
-449480.0
21
5520.0
31
0
0
LINE
8
lighting
10
-450120.0
20
4880.0
30
0
11
-449480.0
21
4880.0
31
0
0
LINE
8
lighting
10
-450120.0
20
5520.0
30
0
11
-449480.0
21
5520.0
31
0
0
LINE
8
lighting
10
-450080.0
20
4920.0
30
0
11
-450080.0
21
5480.0
31
0
0
LINE
8
lighting
10
-449520.0
20
4920.0
30
0
11
-449520.0
21
5480.0
31
0
0
LINE
8
lighting
10
-450080.0
20
4920.0
30
0
11
-449520.0
21
4920.0
31
0
0
LINE
8
lighting
10
-450080.0
20
5480.0
30
0
11
-449520.0
21
5480.0
31
0
0
LINE
8
lighting
10
-450046.0
20
4930.0
30
0
11
-450046.0
21
5470.0
31
0
0
LINE
8
lighting
10
-450034.0
20
4930.0
30
0
11
-450034.0
21
5470.0
31
0
0
LINE
8
lighting
10
-450046.0
20
4930.0
30
0
11
-450034.0
21
4930.0
31
0
0
LINE
8
lighting
10
-450046.0
20
5470.0
30
0
11
-450034.0
21
5470.0
31
0
0
LINE
8
lighting
10
-449966.0
20
4930.0
30
0
11
-449966.0
21
5470.0
31
0
0
LINE
8
lighting
10
-449954.0
20
4930.0
30
0
11
-449954.0
21
5470.0
31
0
0
LINE
8
lighting
10
-449966.0
20
4930.0
30
0
11
-449954.0
21
4930.0
31
0
0
LINE
8
lighting
10
-449966.0
20
5470.0
30
0
11
-449954.0
21
5470.0
31
0
0
LINE
8
lighting
10
-449886.0
20
4930.0
30
0
11
-449886.0
21
5470.0
31
0
0
LINE
8
lighting
10
-449874.0
20
4930.0
30
0
11
-449874.0
21
5470.0
31
0
0
LINE
8
lighting
10
-449886.0
20
4930.0
30
0
11
-449874.0
21
4930.0
31
0
0
LINE
8
lighting
10
-449886.0
20
5470.0
30
0
11
-449874.0
21
5470.0
31
0
0
LINE
8
lighting
10
-449806.0
20
4930.0
30
0
11
-449806.0
21
5470.0
31
0
0
LINE
8
lighting
10
-449794.0
20
4930.0
30
0
11
-449794.0
21
5470.0
31
0
0
LINE
8
lighting
10
-449806.0
20
4930.0
30
0
11
-449794.0
21
4930.0
31
0
0
LINE
8
lighting
10
-449806.0
20
5470.0
30
0
11
-449794.0
21
5470.0
31
0
0
LINE
8
lighting
10
-449726.0
20
4930.0
30
0
11
-449726.0
21
5470.0
31
0
0
LINE
8
lighting
10
-449714.0
20
4930.0
30
0
11
-449714.0
21
5470.0
31
0
0
LINE
8
lighting
10
-449726.0
20
4930.0
30
0
11
-449714.0
21
4930.0
31
0
0
LINE
8
lighting
10
-449726.0
20
5470.0
30
0
11
-449714.0
21
5470.0
31
0
0
LINE
8
lighting
10
-449646.0
20
4930.0
30
0
11
-449646.0
21
5470.0
31
0
0
LINE
8
lighting
10
-449634.0
20
4930.0
30
0
11
-449634.0
21
5470.0
31
0
0
LINE
8
lighting
10
-449646.0
20
4930.0
30
0
11
-449634.0
21
4930.0
31
0
0
LINE
8
lighting
10
-449646.0
20
5470.0
30
0
11
-449634.0
21
5470.0
31
0
0
LINE
8
lighting
10
-449566.0
20
4930.0
30
0
11
-449566.0
21
5470.0
31
0
0
LINE
8
lighting
10
-449554.0
20
4930.0
30
0
11
-449554.0
21
5470.0
31
0
0
LINE
8
lighting
10
-449566.0
20
4930.0
30
0
11
-449554.0
21
4930.0
31
0
0
LINE
8
lighting
10
-449566.0
20
5470.0
30
0
11
-449554.0
21
5470.0
31
0
0
LINE
8
lighting
10
-449791.0
20
5200.0
30
0
11
-449804.5
21
5207.79
31
0
0
LINE
8
lighting
10
-449804.5
20
5207.79
30
0
11
-449804.5
21
5192.21
31
0
0
LINE
8
lighting
10
-449804.5
20
5192.21
30
0
11
-449791.0
21
5200.0
31
0
0
LINE
8
lighting
10
-428520.0
20
4880.0
30
0
11
-428520.0
21
5520.0
31
0
0
LINE
8
lighting
10
-427880.0
20
4880.0
30
0
11
-427880.0
21
5520.0
31
0
0
LINE
8
lighting
10
-428520.0
20
4880.0
30
0
11
-427880.0
21
4880.0
31
0
0
LINE
8
lighting
10
-428520.0
20
5520.0
30
0
11
-427880.0
21
5520.0
31
0
0
LINE
8
lighting
10
-428480.0
20
4920.0
30
0
11
-428480.0
21
5480.0
31
0
0
LINE
8
lighting
10
-427920.0
20
4920.0
30
0
11
-427920.0
21
5480.0
31
0
0
LINE
8
lighting
10
-428480.0
20
4920.0
30
0
11
-427920.0
21
4920.0
31
0
0
LINE
8
lighting
10
-428480.0
20
5480.0
30
0
11
-427920.0
21
5480.0
31
0
0
LINE
8
lighting
10
-428446.0
20
4930.0
30
0
11
-428446.0
21
5470.0
31
0
0
LINE
8
lighting
10
-428434.0
20
4930.0
30
0
11
-428434.0
21
5470.0
31
0
0
LINE
8
lighting
10
-428446.0
20
4930.0
30
0
11
-428434.0
21
4930.0
31
0
0
LINE
8
lighting
10
-428446.0
20
5470.0
30
0
11
-428434.0
21
5470.0
31
0
0
LINE
8
lighting
10
-428366.0
20
4930.0
30
0
11
-428366.0
21
5470.0
31
0
0
LINE
8
lighting
10
-428354.0
20
4930.0
30
0
11
-428354.0
21
5470.0
31
0
0
LINE
8
lighting
10
-428366.0
20
4930.0
30
0
11
-428354.0
21
4930.0
31
0
0
LINE
8
lighting
10
-428366.0
20
5470.0
30
0
11
-428354.0
21
5470.0
31
0
0
LINE
8
lighting
10
-428286.0
20
4930.0
30
0
11
-428286.0
21
5470.0
31
0
0
LINE
8
lighting
10
-428274.0
20
4930.0
30
0
11
-428274.0
21
5470.0
31
0
0
LINE
8
lighting
10
-428286.0
20
4930.0
30
0
11
-428274.0
21
4930.0
31
0
0
LINE
8
lighting
10
-428286.0
20
5470.0
30
0
11
-428274.0
21
5470.0
31
0
0
LINE
8
lighting
10
-428206.0
20
4930.0
30
0
11
-428206.0
21
5470.0
31
0
0
LINE
8
lighting
10
-428194.0
20
4930.0
30
0
11
-428194.0
21
5470.0
31
0
0
LINE
8
lighting
10
-428206.0
20
4930.0
30
0
11
-428194.0
21
4930.0
31
0
0
LINE
8
lighting
10
-428206.0
20
5470.0
30
0
11
-428194.0
21
5470.0
31
0
0
LINE
8
lighting
10
-428126.0
20
4930.0
30
0
11
-428126.0
21
5470.0
31
0
0
LINE
8
lighting
10
-428114.0
20
4930.0
30
0
11
-428114.0
21
5470.0
31
0
0
LINE
8
lighting
10
-428126.0
20
4930.0
30
0
11
-428114.0
21
4930.0
31
0
0
LINE
8
lighting
10
-428126.0
20
5470.0
30
0
11
-428114.0
21
5470.0
31
0
0
LINE
8
lighting
10
-428046.0
20
4930.0
30
0
11
-428046.0
21
5470.0
31
0
0
LINE
8
lighting
10
-428034.0
20
4930.0
30
0
11
-428034.0
21
5470.0
31
0
0
LINE
8
lighting
10
-428046.0
20
4930.0
30
0
11
-428034.0
21
4930.0
31
0
0
LINE
8
lighting
10
-428046.0
20
5470.0
30
0
11
-428034.0
21
5470.0
31
0
0
LINE
8
lighting
10
-427966.0
20
4930.0
30
0
11
-427966.0
21
5470.0
31
0
0
LINE
8
lighting
10
-427954.0
20
4930.0
30
0
11
-427954.0
21
5470.0
31
0
0
LINE
8
lighting
10
-427966.0
20
4930.0
30
0
11
-427954.0
21
4930.0
31
0
0
LINE
8
lighting
10
-427966.0
20
5470.0
30
0
11
-427954.0
21
5470.0
31
0
0
LINE
8
lighting
10
-428191.0
20
5200.0
30
0
11
-428204.5
21
5207.79
31
0
0
LINE
8
lighting
10
-428204.5
20
5207.79
30
0
11
-428204.5
21
5192.21
31
0
0
LINE
8
lighting
10
-428204.5
20
5192.21
30
0
11
-428191.0
21
5200.0
31
0
0
LINE
8
lighting
10
-439320.0
20
4880.0
30
0
11
-439320.0
21
5520.0
31
0
0
LINE
8
lighting
10
-438680.0
20
4880.0
30
0
11
-438680.0
21
5520.0
31
0
0
LINE
8
lighting
10
-439320.0
20
4880.0
30
0
11
-438680.0
21
4880.0
31
0
0
LINE
8
lighting
10
-439320.0
20
5520.0
30
0
11
-438680.0
21
5520.0
31
0
0
LINE
8
lighting
10
-439280.0
20
4920.0
30
0
11
-439280.0
21
5480.0
31
0
0
LINE
8
lighting
10
-438720.0
20
4920.0
30
0
11
-438720.0
21
5480.0
31
0
0
LINE
8
lighting
10
-439280.0
20
4920.0
30
0
11
-438720.0
21
4920.0
31
0
0
LINE
8
lighting
10
-439280.0
20
5480.0
30
0
11
-438720.0
21
5480.0
31
0
0
LINE
8
lighting
10
-439246.0
20
4930.0
30
0
11
-439246.0
21
5470.0
31
0
0
LINE
8
lighting
10
-439234.0
20
4930.0
30
0
11
-439234.0
21
5470.0
31
0
0
LINE
8
lighting
10
-439246.0
20
4930.0
30
0
11
-439234.0
21
4930.0
31
0
0
LINE
8
lighting
10
-439246.0
20
5470.0
30
0
11
-439234.0
21
5470.0
31
0
0
LINE
8
lighting
10
-439166.0
20
4930.0
30
0
11
-439166.0
21
5470.0
31
0
0
LINE
8
lighting
10
-439154.0
20
4930.0
30
0
11
-439154.0
21
5470.0
31
0
0
LINE
8
lighting
10
-439166.0
20
4930.0
30
0
11
-439154.0
21
4930.0
31
0
0
LINE
8
lighting
10
-439166.0
20
5470.0
30
0
11
-439154.0
21
5470.0
31
0
0
LINE
8
lighting
10
-439086.0
20
4930.0
30
0
11
-439086.0
21
5470.0
31
0
0
LINE
8
lighting
10
-439074.0
20
4930.0
30
0
11
-439074.0
21
5470.0
31
0
0
LINE
8
lighting
10
-439086.0
20
4930.0
30
0
11
-439074.0
21
4930.0
31
0
0
LINE
8
lighting
10
-439086.0
20
5470.0
30
0
11
-439074.0
21
5470.0
31
0
0
LINE
8
lighting
10
-439006.0
20
4930.0
30
0
11
-439006.0
21
5470.0
31
0
0
LINE
8
lighting
10
-438994.0
20
4930.0
30
0
11
-438994.0
21
5470.0
31
0
0
LINE
8
lighting
10
-439006.0
20
4930.0
30
0
11
-438994.0
21
4930.0
31
0
0
LINE
8
lighting
10
-439006.0
20
5470.0
30
0
11
-438994.0
21
5470.0
31
0
0
LINE
8
lighting
10
-438926.0
20
4930.0
30
0
11
-438926.0
21
5470.0
31
0
0
LINE
8
lighting
10
-438914.0
20
4930.0
30
0
11
-438914.0
21
5470.0
31
0
0
LINE
8
lighting
10
-438926.0
20
4930.0
30
0
11
-438914.0
21
4930.0
31
0
0
LINE
8
lighting
10
-438926.0
20
5470.0
30
0
11
-438914.0
21
5470.0
31
0
0
LINE
8
lighting
10
-438846.0
20
4930.0
30
0
11
-438846.0
21
5470.0
31
0
0
LINE
8
lighting
10
-438834.0
20
4930.0
30
0
11
-438834.0
21
5470.0
31
0
0
LINE
8
lighting
10
-438846.0
20
4930.0
30
0
11
-438834.0
21
4930.0
31
0
0
LINE
8
lighting
10
-438846.0
20
5470.0
30
0
11
-438834.0
21
5470.0
31
0
0
LINE
8
lighting
10
-438766.0
20
4930.0
30
0
11
-438766.0
21
5470.0
31
0
0
LINE
8
lighting
10
-438754.0
20
4930.0
30
0
11
-438754.0
21
5470.0
31
0
0
LINE
8
lighting
10
-438766.0
20
4930.0
30
0
11
-438754.0
21
4930.0
31
0
0
LINE
8
lighting
10
-438766.0
20
5470.0
30
0
11
-438754.0
21
5470.0
31
0
0
LINE
8
lighting
10
-438991.0
20
5200.0
30
0
11
-439004.5
21
5207.79
31
0
0
LINE
8
lighting
10
-439004.5
20
5207.79
30
0
11
-439004.5
21
5192.21
31
0
0
LINE
8
lighting
10
-439004.5
20
5192.21
30
0
11
-438991.0
21
5200.0
31
0
0
LINE
8
lighting
10
-450120.0
20
18480.0
30
0
11
-450120.0
21
19120.0
31
0
0
LINE
8
lighting
10
-449480.0
20
18480.0
30
0
11
-449480.0
21
19120.0
31
0
0
LINE
8
lighting
10
-450120.0
20
18480.0
30
0
11
-449480.0
21
18480.0
31
0
0
LINE
8
lighting
10
-450120.0
20
19120.0
30
0
11
-449480.0
21
19120.0
31
0
0
LINE
8
lighting
10
-450080.0
20
18520.0
30
0
11
-450080.0
21
19080.0
31
0
0
LINE
8
lighting
10
-449520.0
20
18520.0
30
0
11
-449520.0
21
19080.0
31
0
0
LINE
8
lighting
10
-450080.0
20
18520.0
30
0
11
-449520.0
21
18520.0
31
0
0
LINE
8
lighting
10
-450080.0
20
19080.0
30
0
11
-449520.0
21
19080.0
31
0
0
LINE
8
lighting
10
-450046.0
20
18530.0
30
0
11
-450046.0
21
19070.0
31
0
0
LINE
8
lighting
10
-450034.0
20
18530.0
30
0
11
-450034.0
21
19070.0
31
0
0
LINE
8
lighting
10
-450046.0
20
18530.0
30
0
11
-450034.0
21
18530.0
31
0
0
LINE
8
lighting
10
-450046.0
20
19070.0
30
0
11
-450034.0
21
19070.0
31
0
0
LINE
8
lighting
10
-449966.0
20
18530.0
30
0
11
-449966.0
21
19070.0
31
0
0
LINE
8
lighting
10
-449954.0
20
18530.0
30
0
11
-449954.0
21
19070.0
31
0
0
LINE
8
lighting
10
-449966.0
20
18530.0
30
0
11
-449954.0
21
18530.0
31
0
0
LINE
8
lighting
10
-449966.0
20
19070.0
30
0
11
-449954.0
21
19070.0
31
0
0
LINE
8
lighting
10
-449886.0
20
18530.0
30
0
11
-449886.0
21
19070.0
31
0
0
LINE
8
lighting
10
-449874.0
20
18530.0
30
0
11
-449874.0
21
19070.0
31
0
0
LINE
8
lighting
10
-449886.0
20
18530.0
30
0
11
-449874.0
21
18530.0
31
0
0
LINE
8
lighting
10
-449886.0
20
19070.0
30
0
11
-449874.0
21
19070.0
31
0
0
LINE
8
lighting
10
-449806.0
20
18530.0
30
0
11
-449806.0
21
19070.0
31
0
0
LINE
8
lighting
10
-449794.0
20
18530.0
30
0
11
-449794.0
21
19070.0
31
0
0
LINE
8
lighting
10
-449806.0
20
18530.0
30
0
11
-449794.0
21
18530.0
31
0
0
LINE
8
lighting
10
-449806.0
20
19070.0
30
0
11
-449794.0
21
19070.0
31
0
0
LINE
8
lighting
10
-449726.0
20
18530.0
30
0
11
-449726.0
21
19070.0
31
0
0
LINE
8
lighting
10
-449714.0
20
18530.0
30
0
11
-449714.0
21
19070.0
31
0
0
LINE
8
lighting
10
-449726.0
20
18530.0
30
0
11
-449714.0
21
18530.0
31
0
0
LINE
8
lighting
10
-449726.0
20
19070.0
30
0
11
-449714.0
21
19070.0
31
0
0
LINE
8
lighting
10
-449646.0
20
18530.0
30
0
11
-449646.0
21
19070.0
31
0
0
LINE
8
lighting
10
-449634.0
20
18530.0
30
0
11
-449634.0
21
19070.0
31
0
0
LINE
8
lighting
10
-449646.0
20
18530.0
30
0
11
-449634.0
21
18530.0
31
0
0
LINE
8
lighting
10
-449646.0
20
19070.0
30
0
11
-449634.0
21
19070.0
31
0
0
LINE
8
lighting
10
-449566.0
20
18530.0
30
0
11
-449566.0
21
19070.0
31
0
0
LINE
8
lighting
10
-449554.0
20
18530.0
30
0
11
-449554.0
21
19070.0
31
0
0
LINE
8
lighting
10
-449566.0
20
18530.0
30
0
11
-449554.0
21
18530.0
31
0
0
LINE
8
lighting
10
-449566.0
20
19070.0
30
0
11
-449554.0
21
19070.0
31
0
0
LINE
8
lighting
10
-449791.0
20
18800.0
30
0
11
-449804.5
21
18807.79
31
0
0
LINE
8
lighting
10
-449804.5
20
18807.79
30
0
11
-449804.5
21
18792.21
31
0
0
LINE
8
lighting
10
-449804.5
20
18792.21
30
0
11
-449791.0
21
18800.0
31
0
0
LINE
8
lighting
10
-428520.0
20
18480.0
30
0
11
-428520.0
21
19120.0
31
0
0
LINE
8
lighting
10
-427880.0
20
18480.0
30
0
11
-427880.0
21
19120.0
31
0
0
LINE
8
lighting
10
-428520.0
20
18480.0
30
0
11
-427880.0
21
18480.0
31
0
0
LINE
8
lighting
10
-428520.0
20
19120.0
30
0
11
-427880.0
21
19120.0
31
0
0
LINE
8
lighting
10
-428480.0
20
18520.0
30
0
11
-428480.0
21
19080.0
31
0
0
LINE
8
lighting
10
-427920.0
20
18520.0
30
0
11
-427920.0
21
19080.0
31
0
0
LINE
8
lighting
10
-428480.0
20
18520.0
30
0
11
-427920.0
21
18520.0
31
0
0
LINE
8
lighting
10
-428480.0
20
19080.0
30
0
11
-427920.0
21
19080.0
31
0
0
LINE
8
lighting
10
-428446.0
20
18530.0
30
0
11
-428446.0
21
19070.0
31
0
0
LINE
8
lighting
10
-428434.0
20
18530.0
30
0
11
-428434.0
21
19070.0
31
0
0
LINE
8
lighting
10
-428446.0
20
18530.0
30
0
11
-428434.0
21
18530.0
31
0
0
LINE
8
lighting
10
-428446.0
20
19070.0
30
0
11
-428434.0
21
19070.0
31
0
0
LINE
8
lighting
10
-428366.0
20
18530.0
30
0
11
-428366.0
21
19070.0
31
0
0
LINE
8
lighting
10
-428354.0
20
18530.0
30
0
11
-428354.0
21
19070.0
31
0
0
LINE
8
lighting
10
-428366.0
20
18530.0
30
0
11
-428354.0
21
18530.0
31
0
0
LINE
8
lighting
10
-428366.0
20
19070.0
30
0
11
-428354.0
21
19070.0
31
0
0
LINE
8
lighting
10
-428286.0
20
18530.0
30
0
11
-428286.0
21
19070.0
31
0
0
LINE
8
lighting
10
-428274.0
20
18530.0
30
0
11
-428274.0
21
19070.0
31
0
0
LINE
8
lighting
10
-428286.0
20
18530.0
30
0
11
-428274.0
21
18530.0
31
0
0
LINE
8
lighting
10
-428286.0
20
19070.0
30
0
11
-428274.0
21
19070.0
31
0
0
LINE
8
lighting
10
-428206.0
20
18530.0
30
0
11
-428206.0
21
19070.0
31
0
0
LINE
8
lighting
10
-428194.0
20
18530.0
30
0
11
-428194.0
21
19070.0
31
0
0
LINE
8
lighting
10
-428206.0
20
18530.0
30
0
11
-428194.0
21
18530.0
31
0
0
LINE
8
lighting
10
-428206.0
20
19070.0
30
0
11
-428194.0
21
19070.0
31
0
0
LINE
8
lighting
10
-428126.0
20
18530.0
30
0
11
-428126.0
21
19070.0
31
0
0
LINE
8
lighting
10
-428114.0
20
18530.0
30
0
11
-428114.0
21
19070.0
31
0
0
LINE
8
lighting
10
-428126.0
20
18530.0
30
0
11
-428114.0
21
18530.0
31
0
0
LINE
8
lighting
10
-428126.0
20
19070.0
30
0
11
-428114.0
21
19070.0
31
0
0
LINE
8
lighting
10
-428046.0
20
18530.0
30
0
11
-428046.0
21
19070.0
31
0
0
LINE
8
lighting
10
-428034.0
20
18530.0
30
0
11
-428034.0
21
19070.0
31
0
0
LINE
8
lighting
10
-428046.0
20
18530.0
30
0
11
-428034.0
21
18530.0
31
0
0
LINE
8
lighting
10
-428046.0
20
19070.0
30
0
11
-428034.0
21
19070.0
31
0
0
LINE
8
lighting
10
-427966.0
20
18530.0
30
0
11
-427966.0
21
19070.0
31
0
0
LINE
8
lighting
10
-427954.0
20
18530.0
30
0
11
-427954.0
21
19070.0
31
0
0
LINE
8
lighting
10
-427966.0
20
18530.0
30
0
11
-427954.0
21
18530.0
31
0
0
LINE
8
lighting
10
-427966.0
20
19070.0
30
0
11
-427954.0
21
19070.0
31
0
0
LINE
8
lighting
10
-428191.0
20
18800.0
30
0
11
-428204.5
21
18807.79
31
0
0
LINE
8
lighting
10
-428204.5
20
18807.79
30
0
11
-428204.5
21
18792.21
31
0
0
LINE
8
lighting
10
-428204.5
20
18792.21
30
0
11
-428191.0
21
18800.0
31
0
0
LINE
8
lighting
10
-439320.0
20
18480.0
30
0
11
-439320.0
21
19120.0
31
0
0
LINE
8
lighting
10
-438680.0
20
18480.0
30
0
11
-438680.0
21
19120.0
31
0
0
LINE
8
lighting
10
-439320.0
20
18480.0
30
0
11
-438680.0
21
18480.0
31
0
0
LINE
8
lighting
10
-439320.0
20
19120.0
30
0
11
-438680.0
21
19120.0
31
0
0
LINE
8
lighting
10
-439280.0
20
18520.0
30
0
11
-439280.0
21
19080.0
31
0
0
LINE
8
lighting
10
-438720.0
20
18520.0
30
0
11
-438720.0
21
19080.0
31
0
0
LINE
8
lighting
10
-439280.0
20
18520.0
30
0
11
-438720.0
21
18520.0
31
0
0
LINE
8
lighting
10
-439280.0
20
19080.0
30
0
11
-438720.0
21
19080.0
31
0
0
LINE
8
lighting
10
-439246.0
20
18530.0
30
0
11
-439246.0
21
19070.0
31
0
0
LINE
8
lighting
10
-439234.0
20
18530.0
30
0
11
-439234.0
21
19070.0
31
0
0
LINE
8
lighting
10
-439246.0
20
18530.0
30
0
11
-439234.0
21
18530.0
31
0
0
LINE
8
lighting
10
-439246.0
20
19070.0
30
0
11
-439234.0
21
19070.0
31
0
0
LINE
8
lighting
10
-439166.0
20
18530.0
30
0
11
-439166.0
21
19070.0
31
0
0
LINE
8
lighting
10
-439154.0
20
18530.0
30
0
11
-439154.0
21
19070.0
31
0
0
LINE
8
lighting
10
-439166.0
20
18530.0
30
0
11
-439154.0
21
18530.0
31
0
0
LINE
8
lighting
10
-439166.0
20
19070.0
30
0
11
-439154.0
21
19070.0
31
0
0
LINE
8
lighting
10
-439086.0
20
18530.0
30
0
11
-439086.0
21
19070.0
31
0
0
LINE
8
lighting
10
-439074.0
20
18530.0
30
0
11
-439074.0
21
19070.0
31
0
0
LINE
8
lighting
10
-439086.0
20
18530.0
30
0
11
-439074.0
21
18530.0
31
0
0
LINE
8
lighting
10
-439086.0
20
19070.0
30
0
11
-439074.0
21
19070.0
31
0
0
LINE
8
lighting
10
-439006.0
20
18530.0
30
0
11
-439006.0
21
19070.0
31
0
0
LINE
8
lighting
10
-438994.0
20
18530.0
30
0
11
-438994.0
21
19070.0
31
0
0
LINE
8
lighting
10
-439006.0
20
18530.0
30
0
11
-438994.0
21
18530.0
31
0
0
LINE
8
lighting
10
-439006.0
20
19070.0
30
0
11
-438994.0
21
19070.0
31
0
0
LINE
8
lighting
10
-438926.0
20
18530.0
30
0
11
-438926.0
21
19070.0
31
0
0
LINE
8
lighting
10
-438914.0
20
18530.0
30
0
11
-438914.0
21
19070.0
31
0
0
LINE
8
lighting
10
-438926.0
20
18530.0
30
0
11
-438914.0
21
18530.0
31
0
0
LINE
8
lighting
10
-438926.0
20
19070.0
30
0
11
-438914.0
21
19070.0
31
0
0
LINE
8
lighting
10
-438846.0
20
18530.0
30
0
11
-438846.0
21
19070.0
31
0
0
LINE
8
lighting
10
-438834.0
20
18530.0
30
0
11
-438834.0
21
19070.0
31
0
0
LINE
8
lighting
10
-438846.0
20
18530.0
30
0
11
-438834.0
21
18530.0
31
0
0
LINE
8
lighting
10
-438846.0
20
19070.0
30
0
11
-438834.0
21
19070.0
31
0
0
LINE
8
lighting
10
-438766.0
20
18530.0
30
0
11
-438766.0
21
19070.0
31
0
0
LINE
8
lighting
10
-438754.0
20
18530.0
30
0
11
-438754.0
21
19070.0
31
0
0
LINE
8
lighting
10
-438766.0
20
18530.0
30
0
11
-438754.0
21
18530.0
31
0
0
LINE
8
lighting
10
-438766.0
20
19070.0
30
0
11
-438754.0
21
19070.0
31
0
0
LINE
8
lighting
10
-438991.0
20
18800.0
30
0
11
-439004.5
21
18807.79
31
0
0
LINE
8
lighting
10
-439004.5
20
18807.79
30
0
11
-439004.5
21
18792.21
31
0
0
LINE
8
lighting
10
-439004.5
20
18792.21
30
0
11
-438991.0
21
18800.0
31
0
0
LINE
8
electrical
10
-449800.0
20
4880.0
30
0
11
-449800.0
21
4872.21
31
0
0
LINE
8
electrical
10
-449800.0
20
4872.21
30
0
11
-449800.0
21
4887.79
31
0
0
LINE
8
electrical
10
-449800.0
20
4887.79
30
0
11
-449800.0
21
4880.0
31
0
0
LINE
8
electrical
10
-424450.0
20
4880.0
30
0
11
-449800.0
21
4880.0
31
0
0
LINE
8
electrical
10
-424450.0
20
4880.0
30
0
11
-424450.0
21
4872.21
31
0
0
LINE
8
electrical
10
-424450.0
20
4872.21
30
0
11
-424450.0
21
4887.79
31
0
0
LINE
8
electrical
10
-424450.0
20
4887.79
30
0
11
-424450.0
21
4880.0
31
0
0
LINE
8
electrical
10
-449800.0
20
18800.0
30
0
11
-449792.21
21
18800.0
31
0
0
LINE
8
electrical
10
-449792.21
20
18800.0
30
0
11
-449807.79
21
18800.0
31
0
0
LINE
8
electrical
10
-449807.79
20
18800.0
30
0
11
-449800.0
21
18800.0
31
0
0
LINE
8
electrical
10
-449800.0
20
4880.0
30
0
11
-449800.0
21
18800.0
31
0
0
LINE
8
electrical
10
-449800.0
20
4880.0
30
0
11
-449792.21
21
4880.0
31
0
0
LINE
8
electrical
10
-449792.21
20
4880.0
30
0
11
-449807.79
21
4880.0
31
0
0
LINE
8
electrical
10
-449807.79
20
4880.0
30
0
11
-449800.0
21
4880.0
31
0
0
LINE
8
electrical
10
-428200.0
20
18800.0
30
0
11
-428192.21
21
18800.0
31
0
0
LINE
8
electrical
10
-428192.21
20
18800.0
30
0
11
-428207.79
21
18800.0
31
0
0
LINE
8
electrical
10
-428207.79
20
18800.0
30
0
11
-428200.0
21
18800.0
31
0
0
LINE
8
electrical
10
-428200.0
20
4880.0
30
0
11
-428200.0
21
18800.0
31
0
0
LINE
8
electrical
10
-428200.0
20
4880.0
30
0
11
-428192.21
21
4880.0
31
0
0
LINE
8
electrical
10
-428192.21
20
4880.0
30
0
11
-428207.79
21
4880.0
31
0
0
LINE
8
electrical
10
-428207.79
20
4880.0
30
0
11
-428200.0
21
4880.0
31
0
0
LINE
8
electrical
10
-439000.0
20
18800.0
30
0
11
-438992.21
21
18800.0
31
0
0
LINE
8
electrical
10
-438992.21
20
18800.0
30
0
11
-439007.79
21
18800.0
31
0
0
LINE
8
electrical
10
-439007.79
20
18800.0
30
0
11
-439000.0
21
18800.0
31
0
0
LINE
8
electrical
10
-439000.0
20
4880.0
30
0
11
-439000.0
21
18800.0
31
0
0
LINE
8
electrical
10
-439000.0
20
4880.0
30
0
11
-438992.21
21
4880.0
31
0
0
LINE
8
electrical
10
-438992.21
20
4880.0
30
0
11
-439007.79
21
4880.0
31
0
0
LINE
8
electrical
10
-439007.79
20
4880.0
30
0
11
-439000.0
21
4880.0
31
0
0
LINE
8
electrical
10
-424437.0
20
2200.0
30
0
11
-424456.5
21
2211.26
31
0
0
LINE
8
electrical
10
-424456.5
20
2211.26
30
0
11
-424456.5
21
2188.74
31
0
0
LINE
8
electrical
10
-424456.5
20
2188.74
30
0
11
-424437.0
21
2200.0
31
0
0
LINE
8
electrical
10
-428507.17
20
4869.16
30
0
11
-428496.41
21
4885.42
31
0
0
LINE
8
electrical
10
-428496.41
20
4885.42
30
0
11
-428496.41
21
4885.42
31
0
0
LINE
8
electrical
10
-428496.41
20
4885.42
30
0
11
-428507.17
21
4869.16
31
0
0
LINE
8
electrical
10
-424457.17
20
2189.16
30
0
11
-428507.17
21
4869.16
31
0
0
LINE
8
electrical
10
-424457.17
20
2189.16
30
0
11
-424446.41
21
2205.42
31
0
0
LINE
8
electrical
10
-424446.41
20
2205.42
30
0
11
-424446.41
21
2205.42
31
0
0
LINE
8
electrical
10
-424446.41
20
2205.42
30
0
11
-424457.17
21
2189.16
31
0
0
LINE
8
electrical
10
-449500.0
20
4880.0
30
0
11
-449500.0
21
4868.74
31
0
0
LINE
8
electrical
10
-449500.0
20
4868.74
30
0
11
-449500.0
21
4891.26
31
0
0
LINE
8
electrical
10
-449500.0
20
4891.26
30
0
11
-449500.0
21
4880.0
31
0
0
LINE
8
electrical
10
-428500.0
20
4880.0
30
0
11
-449500.0
21
4880.0
31
0
0
LINE
8
electrical
10
-428500.0
20
4880.0
30
0
11
-428500.0
21
4868.74
31
0
0
LINE
8
electrical
10
-428500.0
20
4868.74
30
0
11
-428500.0
21
4891.26
31
0
0
LINE
8
electrical
10
-428500.0
20
4891.26
30
0
11
-428500.0
21
4880.0
31
0
0
LINE
8
electrical
10
-424450.0
20
2200.0
30
0
11
-424435.96
21
2200.0
31
0
0
LINE
8
electrical
10
-424435.96
20
2200.0
30
0
11
-424450.0
21
2200.0
31
0
0
LINE
8
electrical
10
-428500.0
20
4880.0
30
0
11
-428485.96
21
4880.0
31
0
0
LINE
8
electrical
10
-428485.96
20
4880.0
30
0
11
-428500.0
21
4880.0
31
0
0
LINE
8
electrical
10
-424437.0
20
2200.0
30
0
11
-424456.5
21
2211.26
31
0
0
LINE
8
electrical
10
-424456.5
20
2211.26
30
0
11
-424456.5
21
2188.74
31
0
0
LINE
8
electrical
10
-424456.5
20
2188.74
30
0
11
-424437.0
21
2200.0
31
0
0
LINE
8
electrical
10
-428507.39
20
4989.31
30
0
11
-428496.3
21
5005.35
31
0
0
LINE
8
electrical
10
-428496.3
20
5005.35
30
0
11
-428496.3
21
5005.35
31
0
0
LINE
8
electrical
10
-428496.3
20
5005.35
30
0
11
-428507.39
21
4989.31
31
0
0
LINE
8
electrical
10
-424457.39
20
2189.31
30
0
11
-428507.39
21
4989.31
31
0
0
LINE
8
electrical
10
-424457.39
20
2189.31
30
0
11
-424446.3
21
2205.35
31
0
0
LINE
8
electrical
10
-424446.3
20
2205.35
30
0
11
-424446.3
21
2205.35
31
0
0
LINE
8
electrical
10
-424446.3
20
2205.35
30
0
11
-424457.39
21
2189.31
31
0
0
LINE
8
electrical
10
-449500.0
20
5000.0
30
0
11
-449500.0
21
4988.74
31
0
0
LINE
8
electrical
10
-449500.0
20
4988.74
30
0
11
-449500.0
21
5011.26
31
0
0
LINE
8
electrical
10
-449500.0
20
5011.26
30
0
11
-449500.0
21
5000.0
31
0
0
LINE
8
electrical
10
-428500.0
20
5000.0
30
0
11
-449500.0
21
5000.0
31
0
0
LINE
8
electrical
10
-428500.0
20
5000.0
30
0
11
-428500.0
21
4988.74
31
0
0
LINE
8
electrical
10
-428500.0
20
4988.74
30
0
11
-428500.0
21
5011.26
31
0
0
LINE
8
electrical
10
-428500.0
20
5011.26
30
0
11
-428500.0
21
5000.0
31
0
0
LINE
8
electrical
10
-424450.0
20
2200.0
30
0
11
-424435.96
21
2200.0
31
0
0
LINE
8
electrical
10
-424435.96
20
2200.0
30
0
11
-424450.0
21
2200.0
31
0
0
LINE
8
electrical
10
-428500.0
20
5000.0
30
0
11
-428485.96
21
5000.0
31
0
0
LINE
8
electrical
10
-428485.96
20
5000.0
30
0
11
-428500.0
21
5000.0
31
0
0
LINE
8
electrical
10
-424437.0
20
2200.0
30
0
11
-424456.5
21
2211.26
31
0
0
LINE
8
electrical
10
-424456.5
20
2211.26
30
0
11
-424456.5
21
2188.74
31
0
0
LINE
8
electrical
10
-424456.5
20
2188.74
30
0
11
-424437.0
21
2200.0
31
0
0
LINE
8
electrical
10
-428507.6
20
5109.45
30
0
11
-428496.2
21
5125.27
31
0
0
LINE
8
electrical
10
-428496.2
20
5125.27
30
0
11
-428496.2
21
5125.27
31
0
0
LINE
8
electrical
10
-428496.2
20
5125.27
30
0
11
-428507.6
21
5109.45
31
0
0
LINE
8
electrical
10
-424457.6
20
2189.45
30
0
11
-428507.6
21
5109.45
31
0
0
LINE
8
electrical
10
-424457.6
20
2189.45
30
0
11
-424446.2
21
2205.27
31
0
0
LINE
8
electrical
10
-424446.2
20
2205.27
30
0
11
-424446.2
21
2205.27
31
0
0
LINE
8
electrical
10
-424446.2
20
2205.27
30
0
11
-424457.6
21
2189.45
31
0
0
LINE
8
electrical
10
-449500.0
20
5120.0
30
0
11
-449500.0
21
5108.74
31
0
0
LINE
8
electrical
10
-449500.0
20
5108.74
30
0
11
-449500.0
21
5131.26
31
0
0
LINE
8
electrical
10
-449500.0
20
5131.26
30
0
11
-449500.0
21
5120.0
31
0
0
LINE
8
electrical
10
-428500.0
20
5120.0
30
0
11
-449500.0
21
5120.0
31
0
0
LINE
8
electrical
10
-428500.0
20
5120.0
30
0
11
-428500.0
21
5108.74
31
0
0
LINE
8
electrical
10
-428500.0
20
5108.74
30
0
11
-428500.0
21
5131.26
31
0
0
LINE
8
electrical
10
-428500.0
20
5131.26
30
0
11
-428500.0
21
5120.0
31
0
0
LINE
8
electrical
10
-424450.0
20
2200.0
30
0
11
-424435.96
21
2200.0
31
0
0
LINE
8
electrical
10
-424435.96
20
2200.0
30
0
11
-424450.0
21
2200.0
31
0
0
LINE
8
electrical
10
-428500.0
20
5120.0
30
0
11
-428485.96
21
5120.0
31
0
0
LINE
8
electrical
10
-428485.96
20
5120.0
30
0
11
-428500.0
21
5120.0
31
0
0
LINE
8
electrical
10
-448065.0
20
2150.0
30
0
11
-448065.0
21
2210.0
31
0
0
LINE
8
electrical
10
-447935.0
20
2150.0
30
0
11
-447935.0
21
2210.0
31
0
0
LINE
8
electrical
10
-448065.0
20
2150.0
30
0
11
-447935.0
21
2150.0
31
0
0
LINE
8
electrical
10
-448065.0
20
2210.0
30
0
11
-447935.0
21
2210.0
31
0
0
LINE
8
electrical
10
-447991.0
20
2180.0
30
0
11
-448004.5
21
2187.79
31
0
0
LINE
8
electrical
10
-448004.5
20
2187.79
30
0
11
-448004.5
21
2172.21
31
0
0
LINE
8
electrical
10
-448004.5
20
2172.21
30
0
11
-447991.0
21
2180.0
31
0
0
LINE
8
electrical
10
-424450.0
20
2180.0
30
0
11
-424450.0
21
2172.21
31
0
0
LINE
8
electrical
10
-424450.0
20
2172.21
30
0
11
-424450.0
21
2187.79
31
0
0
LINE
8
electrical
10
-424450.0
20
2187.79
30
0
11
-424450.0
21
2180.0
31
0
0
LINE
8
electrical
10
-448000.0
20
2180.0
30
0
11
-424450.0
21
2180.0
31
0
0
LINE
8
electrical
10
-448000.0
20
2180.0
30
0
11
-448000.0
21
2172.21
31
0
0
LINE
8
electrical
10
-448000.0
20
2172.21
30
0
11
-448000.0
21
2187.79
31
0
0
LINE
8
electrical
10
-448000.0
20
2187.79
30
0
11
-448000.0
21
2180.0
31
0
0
LINE
8
electrical
10
-448000.0
20
2180.0
30
0
11
-447990.28
21
2180.0
31
0
0
LINE
8
electrical
10
-447990.28
20
2180.0
30
0
11
-448000.0
21
2180.0
31
0
0
LINE
8
electrical
10
-430065.0
20
2150.0
30
0
11
-430065.0
21
2210.0
31
0
0
LINE
8
electrical
10
-429935.0
20
2150.0
30
0
11
-429935.0
21
2210.0
31
0
0
LINE
8
electrical
10
-430065.0
20
2150.0
30
0
11
-429935.0
21
2150.0
31
0
0
LINE
8
electrical
10
-430065.0
20
2210.0
30
0
11
-429935.0
21
2210.0
31
0
0
LINE
8
electrical
10
-429991.0
20
2180.0
30
0
11
-430004.5
21
2187.79
31
0
0
LINE
8
electrical
10
-430004.5
20
2187.79
30
0
11
-430004.5
21
2172.21
31
0
0
LINE
8
electrical
10
-430004.5
20
2172.21
30
0
11
-429991.0
21
2180.0
31
0
0
LINE
8
electrical
10
-424450.0
20
2180.0
30
0
11
-424450.0
21
2172.21
31
0
0
LINE
8
electrical
10
-424450.0
20
2172.21
30
0
11
-424450.0
21
2187.79
31
0
0
LINE
8
electrical
10
-424450.0
20
2187.79
30
0
11
-424450.0
21
2180.0
31
0
0
LINE
8
electrical
10
-430000.0
20
2180.0
30
0
11
-424450.0
21
2180.0
31
0
0
LINE
8
electrical
10
-430000.0
20
2180.0
30
0
11
-430000.0
21
2172.21
31
0
0
LINE
8
electrical
10
-430000.0
20
2172.21
30
0
11
-430000.0
21
2187.79
31
0
0
LINE
8
electrical
10
-430000.0
20
2187.79
30
0
11
-430000.0
21
2180.0
31
0
0
LINE
8
electrical
10
-430000.0
20
2180.0
30
0
11
-429990.28
21
2180.0
31
0
0
LINE
8
electrical
10
-429990.28
20
2180.0
30
0
11
-430000.0
21
2180.0
31
0
0
LINE
8
hvac
10
-453525.0
20
2725.0
30
0
11
-453525.0
21
3475.0
31
0
0
LINE
8
hvac
10
-451875.0
20
2725.0
30
0
11
-451875.0
21
3475.0
31
0
0
LINE
8
hvac
10
-453525.0
20
2725.0
30
0
11
-451875.0
21
2725.0
31
0
0
LINE
8
hvac
10
-453525.0
20
3475.0
30
0
11
-451875.0
21
3475.0
31
0
0
LINE
8
hvac
10
-453425.0
20
2680.0
30
0
11
-453425.0
21
2720.0
31
0
0
LINE
8
hvac
10
-451975.0
20
2680.0
30
0
11
-451975.0
21
2720.0
31
0
0
LINE
8
hvac
10
-453425.0
20
2680.0
30
0
11
-451975.0
21
2680.0
31
0
0
LINE
8
hvac
10
-453425.0
20
2720.0
30
0
11
-451975.0
21
2720.0
31
0
0
LINE
8
hvac
10
-453360.0
20
2640.0
30
0
11
-453360.0
21
2700.0
31
0
0
LINE
8
hvac
10
-453320.0
20
2640.0
30
0
11
-453320.0
21
2700.0
31
0
0
LINE
8
hvac
10
-453360.0
20
2640.0
30
0
11
-453320.0
21
2640.0
31
0
0
LINE
8
hvac
10
-453360.0
20
2700.0
30
0
11
-453320.0
21
2700.0
31
0
0
LINE
8
hvac
10
-453200.0
20
2640.0
30
0
11
-453200.0
21
2700.0
31
0
0
LINE
8
hvac
10
-453160.0
20
2640.0
30
0
11
-453160.0
21
2700.0
31
0
0
LINE
8
hvac
10
-453200.0
20
2640.0
30
0
11
-453160.0
21
2640.0
31
0
0
LINE
8
hvac
10
-453200.0
20
2700.0
30
0
11
-453160.0
21
2700.0
31
0
0
LINE
8
hvac
10
-453040.0
20
2640.0
30
0
11
-453040.0
21
2700.0
31
0
0
LINE
8
hvac
10
-453000.0
20
2640.0
30
0
11
-453000.0
21
2700.0
31
0
0
LINE
8
hvac
10
-453040.0
20
2640.0
30
0
11
-453000.0
21
2640.0
31
0
0
LINE
8
hvac
10
-453040.0
20
2700.0
30
0
11
-453000.0
21
2700.0
31
0
0
LINE
8
hvac
10
-452880.0
20
2640.0
30
0
11
-452880.0
21
2700.0
31
0
0
LINE
8
hvac
10
-452840.0
20
2640.0
30
0
11
-452840.0
21
2700.0
31
0
0
LINE
8
hvac
10
-452880.0
20
2640.0
30
0
11
-452840.0
21
2640.0
31
0
0
LINE
8
hvac
10
-452880.0
20
2700.0
30
0
11
-452840.0
21
2700.0
31
0
0
LINE
8
hvac
10
-452720.0
20
2640.0
30
0
11
-452720.0
21
2700.0
31
0
0
LINE
8
hvac
10
-452680.0
20
2640.0
30
0
11
-452680.0
21
2700.0
31
0
0
LINE
8
hvac
10
-452720.0
20
2640.0
30
0
11
-452680.0
21
2640.0
31
0
0
LINE
8
hvac
10
-452720.0
20
2700.0
30
0
11
-452680.0
21
2700.0
31
0
0
LINE
8
hvac
10
-452560.0
20
2640.0
30
0
11
-452560.0
21
2700.0
31
0
0
LINE
8
hvac
10
-452520.0
20
2640.0
30
0
11
-452520.0
21
2700.0
31
0
0
LINE
8
hvac
10
-452560.0
20
2640.0
30
0
11
-452520.0
21
2640.0
31
0
0
LINE
8
hvac
10
-452560.0
20
2700.0
30
0
11
-452520.0
21
2700.0
31
0
0
LINE
8
hvac
10
-452400.0
20
2640.0
30
0
11
-452400.0
21
2700.0
31
0
0
LINE
8
hvac
10
-452360.0
20
2640.0
30
0
11
-452360.0
21
2700.0
31
0
0
LINE
8
hvac
10
-452400.0
20
2640.0
30
0
11
-452360.0
21
2640.0
31
0
0
LINE
8
hvac
10
-452400.0
20
2700.0
30
0
11
-452360.0
21
2700.0
31
0
0
LINE
8
hvac
10
-452240.0
20
2640.0
30
0
11
-452240.0
21
2700.0
31
0
0
LINE
8
hvac
10
-452200.0
20
2640.0
30
0
11
-452200.0
21
2700.0
31
0
0
LINE
8
hvac
10
-452240.0
20
2640.0
30
0
11
-452200.0
21
2640.0
31
0
0
LINE
8
hvac
10
-452240.0
20
2700.0
30
0
11
-452200.0
21
2700.0
31
0
0
LINE
8
hvac
10
-452080.0
20
2640.0
30
0
11
-452080.0
21
2700.0
31
0
0
LINE
8
hvac
10
-452040.0
20
2640.0
30
0
11
-452040.0
21
2700.0
31
0
0
LINE
8
hvac
10
-452080.0
20
2640.0
30
0
11
-452040.0
21
2640.0
31
0
0
LINE
8
hvac
10
-452080.0
20
2700.0
30
0
11
-452040.0
21
2700.0
31
0
0
LINE
8
hvac
10
-452925.0
20
2875.0
30
0
11
-452925.0
21
3325.0
31
0
0
LINE
8
hvac
10
-452475.0
20
2875.0
30
0
11
-452475.0
21
3325.0
31
0
0
LINE
8
hvac
10
-452925.0
20
2875.0
30
0
11
-452475.0
21
2875.0
31
0
0
LINE
8
hvac
10
-452925.0
20
3325.0
30
0
11
-452475.0
21
3325.0
31
0
0
LINE
8
hvac
10
-449500.0
20
11825.0
30
0
11
-449500.0
21
12175.0
31
0
0
LINE
8
hvac
10
-428500.0
20
11825.0
30
0
11
-428500.0
21
12175.0
31
0
0
LINE
8
hvac
10
-449500.0
20
11825.0
30
0
11
-428500.0
21
11825.0
31
0
0
LINE
8
hvac
10
-449500.0
20
12175.0
30
0
11
-428500.0
21
12175.0
31
0
0
LINE
8
hvac
10
-452875.0
20
2925.0
30
0
11
-452875.0
21
3275.0
31
0
0
LINE
8
hvac
10
-438825.0
20
2925.0
30
0
11
-438825.0
21
3275.0
31
0
0
LINE
8
hvac
10
-452875.0
20
2925.0
30
0
11
-438825.0
21
2925.0
31
0
0
LINE
8
hvac
10
-452875.0
20
3275.0
30
0
11
-438825.0
21
3275.0
31
0
0
LINE
8
hvac
10
-439175.0
20
2925.0
30
0
11
-439175.0
21
12175.0
31
0
0
LINE
8
hvac
10
-438825.0
20
2925.0
30
0
11
-438825.0
21
12175.0
31
0
0
LINE
8
hvac
10
-439175.0
20
2925.0
30
0
11
-438825.0
21
2925.0
31
0
0
LINE
8
hvac
10
-439175.0
20
12175.0
30
0
11
-438825.0
21
12175.0
31
0
0
LINE
8
hvac
10
-445350.0
20
11650.0
30
0
11
-445350.0
21
12350.0
31
0
0
LINE
8
hvac
10
-444650.0
20
11650.0
30
0
11
-444650.0
21
12350.0
31
0
0
LINE
8
hvac
10
-445350.0
20
11650.0
30
0
11
-444650.0
21
11650.0
31
0
0
LINE
8
hvac
10
-445350.0
20
12350.0
30
0
11
-444650.0
21
12350.0
31
0
0
LINE
8
hvac
10
-433350.0
20
11650.0
30
0
11
-433350.0
21
12350.0
31
0
0
LINE
8
hvac
10
-432650.0
20
11650.0
30
0
11
-432650.0
21
12350.0
31
0
0
LINE
8
hvac
10
-433350.0
20
11650.0
30
0
11
-432650.0
21
11650.0
31
0
0
LINE
8
hvac
10
-433350.0
20
12350.0
30
0
11
-432650.0
21
12350.0
31
0
0
LINE
8
water
10
-440060.0
20
2400.0
30
0
11
-440060.0
21
2325.0
31
0
0
LINE
8
water
10
-440060.0
20
2325.0
30
0
11
-440060.0
21
2400.0
31
0
0
LINE
8
water
10
-440060.0
20
2400.0
30
0
11
-440060.0
21
2475.0
31
0
0
LINE
8
water
10
-440060.0
20
2475.0
30
0
11
-440060.0
21
2400.0
31
0
0
LINE
8
water
10
-440460.0
20
2400.0
30
0
11
-440060.0
21
2400.0
31
0
0
LINE
8
water
10
-440460.0
20
2400.0
30
0
11
-440460.0
21
2325.0
31
0
0
LINE
8
water
10
-440460.0
20
2325.0
30
0
11
-440460.0
21
2400.0
31
0
0
LINE
8
water
10
-440460.0
20
2400.0
30
0
11
-440460.0
21
2475.0
31
0
0
LINE
8
water
10
-440460.0
20
2475.0
30
0
11
-440460.0
21
2400.0
31
0
0
LINE
8
water
10
-440170.0
20
2400.0
30
0
11
-440232.19
21
2485.6
31
0
0
LINE
8
water
10
-440232.19
20
2485.6
30
0
11
-440332.81
21
2452.9
31
0
0
LINE
8
water
10
-440332.81
20
2452.9
30
0
11
-440332.81
21
2347.1
31
0
0
LINE
8
water
10
-440332.81
20
2347.1
30
0
11
-440232.19
21
2314.4
31
0
0
LINE
8
water
10
-440232.19
20
2314.4
30
0
11
-440170.0
21
2400.0
31
0
0
LINE
8
water
10
-440450.0
20
2375.0
30
0
11
-440450.0
21
2425.0
31
0
0
LINE
8
water
10
-440070.0
20
2375.0
30
0
11
-440070.0
21
2425.0
31
0
0
LINE
8
water
10
-440450.0
20
2375.0
30
0
11
-440070.0
21
2375.0
31
0
0
LINE
8
water
10
-440450.0
20
2425.0
30
0
11
-440070.0
21
2425.0
31
0
0
LINE
8
water
10
-440385.0
20
2400.0
30
0
11
-440385.0
21
2295.38
31
0
0
LINE
8
water
10
-440385.0
20
2295.38
30
0
11
-440385.0
21
2335.34
31
0
0
LINE
8
water
10
-440385.0
20
2335.34
30
0
11
-440385.0
21
2464.66
31
0
0
LINE
8
water
10
-440385.0
20
2464.66
30
0
11
-440385.0
21
2504.62
31
0
0
LINE
8
water
10
-440385.0
20
2504.62
30
0
11
-440385.0
21
2400.0
31
0
0
LINE
8
water
10
-440410.0
20
2400.0
30
0
11
-440385.0
21
2400.0
31
0
0
LINE
8
water
10
-440410.0
20
2400.0
30
0
11
-440410.0
21
2295.38
31
0
0
LINE
8
water
10
-440410.0
20
2295.38
30
0
11
-440410.0
21
2335.34
31
0
0
LINE
8
water
10
-440410.0
20
2335.34
30
0
11
-440410.0
21
2464.66
31
0
0
LINE
8
water
10
-440410.0
20
2464.66
30
0
11
-440410.0
21
2504.62
31
0
0
LINE
8
water
10
-440410.0
20
2504.62
30
0
11
-440410.0
21
2400.0
31
0
0
LINE
8
water
10
-440085.0
20
2400.0
30
0
11
-440085.0
21
2295.38
31
0
0
LINE
8
water
10
-440085.0
20
2295.38
30
0
11
-440085.0
21
2335.34
31
0
0
LINE
8
water
10
-440085.0
20
2335.34
30
0
11
-440085.0
21
2464.66
31
0
0
LINE
8
water
10
-440085.0
20
2464.66
30
0
11
-440085.0
21
2504.62
31
0
0
LINE
8
water
10
-440085.0
20
2504.62
30
0
11
-440085.0
21
2400.0
31
0
0
LINE
8
water
10
-440110.0
20
2400.0
30
0
11
-440085.0
21
2400.0
31
0
0
LINE
8
water
10
-440110.0
20
2400.0
30
0
11
-440110.0
21
2295.38
31
0
0
LINE
8
water
10
-440110.0
20
2295.38
30
0
11
-440110.0
21
2335.34
31
0
0
LINE
8
water
10
-440110.0
20
2335.34
30
0
11
-440110.0
21
2464.66
31
0
0
LINE
8
water
10
-440110.0
20
2464.66
30
0
11
-440110.0
21
2504.62
31
0
0
LINE
8
water
10
-440110.0
20
2504.62
30
0
11
-440110.0
21
2400.0
31
0
0
LINE
8
water
10
-437200.0
20
2400.0
30
0
11
-437156.7
21
2400.0
31
0
0
LINE
8
water
10
-437156.7
20
2400.0
30
0
11
-437243.3
21
2400.0
31
0
0
LINE
8
water
10
-437243.3
20
2400.0
30
0
11
-437200.0
21
2400.0
31
0
0
LINE
8
water
10
-437200.0
20
-57500.0
30
0
11
-437200.0
21
2400.0
31
0
0
LINE
8
water
10
-437200.0
20
-57500.0
30
0
11
-437156.7
21
-57500.0
31
0
0
LINE
8
water
10
-437156.7
20
-57500.0
30
0
11
-437243.3
21
-57500.0
31
0
0
LINE
8
water
10
-437243.3
20
-57500.0
30
0
11
-437200.0
21
-57500.0
31
0
0
LINE
8
water
10
-447400.0
20
2400.0
30
0
11
-447400.0
21
2356.7
31
0
0
LINE
8
water
10
-447400.0
20
2356.7
30
0
11
-447400.0
21
2443.3
31
0
0
LINE
8
water
10
-447400.0
20
2443.3
30
0
11
-447400.0
21
2400.0
31
0
0
LINE
8
water
10
-437200.0
20
2400.0
30
0
11
-447400.0
21
2400.0
31
0
0
LINE
8
water
10
-437200.0
20
2400.0
30
0
11
-437200.0
21
2356.7
31
0
0
LINE
8
water
10
-437200.0
20
2356.7
30
0
11
-437200.0
21
2443.3
31
0
0
LINE
8
water
10
-437200.0
20
2443.3
30
0
11
-437200.0
21
2400.0
31
0
0
LINE
8
water
10
-447400.0
20
16600.0
30
0
11
-447356.7
21
16600.0
31
0
0
LINE
8
water
10
-447356.7
20
16600.0
30
0
11
-447443.3
21
16600.0
31
0
0
LINE
8
water
10
-447443.3
20
16600.0
30
0
11
-447400.0
21
16600.0
31
0
0
LINE
8
water
10
-447400.0
20
2400.0
30
0
11
-447400.0
21
16600.0
31
0
0
LINE
8
water
10
-447400.0
20
2400.0
30
0
11
-447356.7
21
2400.0
31
0
0
LINE
8
water
10
-447356.7
20
2400.0
30
0
11
-447443.3
21
2400.0
31
0
0
LINE
8
water
10
-447443.3
20
2400.0
30
0
11
-447400.0
21
2400.0
31
0
0
LINE
8
water
10
-447450.0
20
16600.0
30
0
11
-447375.0
21
16643.3
31
0
0
LINE
8
water
10
-447375.0
20
16643.3
30
0
11
-447375.0
21
16556.7
31
0
0
LINE
8
water
10
-447375.0
20
16556.7
30
0
11
-447450.0
21
16600.0
31
0
0
LINE
8
water
10
-437200.0
20
2400.0
30
0
11
-437146.0
21
2400.0
31
0
0
LINE
8
water
10
-437146.0
20
2400.0
30
0
11
-437200.0
21
2400.0
31
0
0
LINE
8
water
10
-447400.0
20
2400.0
30
0
11
-447346.0
21
2400.0
31
0
0
LINE
8
water
10
-447346.0
20
2400.0
30
0
11
-447400.0
21
2400.0
31
0
0
LINE
8
water
10
-447400.0
20
16600.0
30
0
11
-447346.0
21
16600.0
31
0
0
LINE
8
water
10
-447346.0
20
16600.0
30
0
11
-447400.0
21
16600.0
31
0
0
LINE
8
water
10
-448100.0
20
16200.0
30
0
11
-448100.0
21
17000.0
31
0
0
LINE
8
water
10
-446700.0
20
16200.0
30
0
11
-446700.0
21
17000.0
31
0
0
LINE
8
water
10
-448100.0
20
16200.0
30
0
11
-446700.0
21
16200.0
31
0
0
LINE
8
water
10
-448100.0
20
17000.0
30
0
11
-446700.0
21
17000.0
31
0
0
LINE
8
water
10
-447775.0
20
16275.0
30
0
11
-447775.0
21
16925.0
31
0
0
LINE
8
water
10
-447025.0
20
16275.0
30
0
11
-447025.0
21
16925.0
31
0
0
LINE
8
water
10
-447775.0
20
16275.0
30
0
11
-447025.0
21
16275.0
31
0
0
LINE
8
water
10
-447775.0
20
16925.0
30
0
11
-447025.0
21
16925.0
31
0
0
LINE
8
water
10
-447350.0
20
16600.0
30
0
11
-447350.0
21
16504.89
31
0
0
LINE
8
water
10
-447350.0
20
16504.89
30
0
11
-447350.0
21
16541.22
31
0
0
LINE
8
water
10
-447350.0
20
16541.22
30
0
11
-447350.0
21
16658.78
31
0
0
LINE
8
water
10
-447350.0
20
16658.78
30
0
11
-447350.0
21
16695.11
31
0
0
LINE
8
water
10
-447350.0
20
16695.11
30
0
11
-447350.0
21
16600.0
31
0
0
LINE
8
water
10
-447800.0
20
16600.0
30
0
11
-447350.0
21
16600.0
31
0
0
LINE
8
water
10
-447800.0
20
16600.0
30
0
11
-447800.0
21
16504.89
31
0
0
LINE
8
water
10
-447800.0
20
16504.89
30
0
11
-447800.0
21
16541.22
31
0
0
LINE
8
water
10
-447800.0
20
16541.22
30
0
11
-447800.0
21
16658.78
31
0
0
LINE
8
water
10
-447800.0
20
16658.78
30
0
11
-447800.0
21
16695.11
31
0
0
LINE
8
water
10
-447800.0
20
16695.11
30
0
11
-447800.0
21
16600.0
31
0
0
LINE
8
water
10
-447000.0
20
16600.0
30
0
11
-447075.0
21
16643.3
31
0
0
LINE
8
water
10
-447075.0
20
16643.3
30
0
11
-447075.0
21
16556.7
31
0
0
LINE
8
water
10
-447075.0
20
16556.7
30
0
11
-447000.0
21
16600.0
31
0
0
LINE
8
water
10
-436750.0
20
16600.0
30
0
11
-436750.0
21
16556.7
31
0
0
LINE
8
water
10
-436750.0
20
16556.7
30
0
11
-436750.0
21
16643.3
31
0
0
LINE
8
water
10
-436750.0
20
16643.3
30
0
11
-436750.0
21
16600.0
31
0
0
LINE
8
water
10
-447050.0
20
16600.0
30
0
11
-436750.0
21
16600.0
31
0
0
LINE
8
water
10
-447050.0
20
16600.0
30
0
11
-447050.0
21
16556.7
31
0
0
LINE
8
water
10
-447050.0
20
16556.7
30
0
11
-447050.0
21
16643.3
31
0
0
LINE
8
water
10
-447050.0
20
16643.3
30
0
11
-447050.0
21
16600.0
31
0
0
LINE
8
water
10
-436750.0
20
-56500.0
30
0
11
-436706.7
21
-56500.0
31
0
0
LINE
8
water
10
-436706.7
20
-56500.0
30
0
11
-436793.3
21
-56500.0
31
0
0
LINE
8
water
10
-436793.3
20
-56500.0
30
0
11
-436750.0
21
-56500.0
31
0
0
LINE
8
water
10
-436750.0
20
16600.0
30
0
11
-436750.0
21
-56500.0
31
0
0
LINE
8
water
10
-436750.0
20
16600.0
30
0
11
-436706.7
21
16600.0
31
0
0
LINE
8
water
10
-436706.7
20
16600.0
30
0
11
-436793.3
21
16600.0
31
0
0
LINE
8
water
10
-436793.3
20
16600.0
30
0
11
-436750.0
21
16600.0
31
0
0
LINE
8
water
10
-436700.0
20
-56500.0
30
0
11
-436775.0
21
-56456.7
31
0
0
LINE
8
water
10
-436775.0
20
-56456.7
30
0
11
-436775.0
21
-56543.3
31
0
0
LINE
8
water
10
-436775.0
20
-56543.3
30
0
11
-436700.0
21
-56500.0
31
0
0
LINE
8
water
10
-447050.0
20
16600.0
30
0
11
-446996.0
21
16600.0
31
0
0
LINE
8
water
10
-446996.0
20
16600.0
30
0
11
-447050.0
21
16600.0
31
0
0
LINE
8
water
10
-436750.0
20
16600.0
30
0
11
-436696.0
21
16600.0
31
0
0
LINE
8
water
10
-436696.0
20
16600.0
30
0
11
-436750.0
21
16600.0
31
0
0
LINE
8
water
10
-436750.0
20
-56500.0
30
0
11
-436696.0
21
-56500.0
31
0
0
LINE
8
water
10
-436696.0
20
-56500.0
30
0
11
-436750.0
21
-56500.0
31
0
0
LINE
8
sensors
10
-453960.0
20
6320.0
30
0
11
-453960.0
21
6480.0
31
0
0
LINE
8
sensors
10
-453860.0
20
6320.0
30
0
11
-453860.0
21
6480.0
31
0
0
LINE
8
sensors
10
-453960.0
20
6320.0
30
0
11
-453860.0
21
6320.0
31
0
0
LINE
8
sensors
10
-453960.0
20
6480.0
30
0
11
-453860.0
21
6480.0
31
0
0
LINE
8
sensors
10
-453855.0
20
6345.0
30
0
11
-453855.0
21
6455.0
31
0
0
LINE
8
sensors
10
-453835.0
20
6345.0
30
0
11
-453835.0
21
6455.0
31
0
0
LINE
8
sensors
10
-453855.0
20
6345.0
30
0
11
-453835.0
21
6345.0
31
0
0
LINE
8
sensors
10
-453855.0
20
6455.0
30
0
11
-453835.0
21
6455.0
31
0
0
LINE
8
sensors
10
-453960.0
20
6620.0
30
0
11
-453960.0
21
6780.0
31
0
0
LINE
8
sensors
10
-453860.0
20
6620.0
30
0
11
-453860.0
21
6780.0
31
0
0
LINE
8
sensors
10
-453960.0
20
6620.0
30
0
11
-453860.0
21
6620.0
31
0
0
LINE
8
sensors
10
-453960.0
20
6780.0
30
0
11
-453860.0
21
6780.0
31
0
0
LINE
8
sensors
10
-453855.0
20
6645.0
30
0
11
-453855.0
21
6755.0
31
0
0
LINE
8
sensors
10
-453835.0
20
6645.0
30
0
11
-453835.0
21
6755.0
31
0
0
LINE
8
sensors
10
-453855.0
20
6645.0
30
0
11
-453835.0
21
6645.0
31
0
0
LINE
8
sensors
10
-453855.0
20
6755.0
30
0
11
-453835.0
21
6755.0
31
0
0
LINE
8
sensors
10
-453960.0
20
6920.0
30
0
11
-453960.0
21
7080.0
31
0
0
LINE
8
sensors
10
-453860.0
20
6920.0
30
0
11
-453860.0
21
7080.0
31
0
0
LINE
8
sensors
10
-453960.0
20
6920.0
30
0
11
-453860.0
21
6920.0
31
0
0
LINE
8
sensors
10
-453960.0
20
7080.0
30
0
11
-453860.0
21
7080.0
31
0
0
LINE
8
sensors
10
-453855.0
20
6945.0
30
0
11
-453855.0
21
7055.0
31
0
0
LINE
8
sensors
10
-453835.0
20
6945.0
30
0
11
-453835.0
21
7055.0
31
0
0
LINE
8
sensors
10
-453855.0
20
6945.0
30
0
11
-453835.0
21
6945.0
31
0
0
LINE
8
sensors
10
-453855.0
20
7055.0
30
0
11
-453835.0
21
7055.0
31
0
0
LINE
8
sensors
10
-438920.0
20
12000.0
30
0
11
-439000.0
21
12080.0
31
0
0
LINE
8
sensors
10
-439000.0
20
12080.0
30
0
11
-439080.0
21
12000.0
31
0
0
LINE
8
sensors
10
-439080.0
20
12000.0
30
0
11
-439000.0
21
11920.0
31
0
0
LINE
8
sensors
10
-439000.0
20
11920.0
30
0
11
-438920.0
21
12000.0
31
0
0
LINE
8
sensors
10
-439000.0
20
12000.0
30
0
11
-438935.0
21
12000.0
31
0
0
LINE
8
sensors
10
-438935.0
20
12000.0
30
0
11
-439000.0
21
12000.0
31
0
0
LINE
8
sensors
10
-453960.0
20
7520.0
30
0
11
-453960.0
21
7680.0
31
0
0
LINE
8
sensors
10
-453860.0
20
7520.0
30
0
11
-453860.0
21
7680.0
31
0
0
LINE
8
sensors
10
-453960.0
20
7520.0
30
0
11
-453860.0
21
7520.0
31
0
0
LINE
8
sensors
10
-453960.0
20
7680.0
30
0
11
-453860.0
21
7680.0
31
0
0
LINE
8
sensors
10
-453855.0
20
7545.0
30
0
11
-453855.0
21
7655.0
31
0
0
LINE
8
sensors
10
-453835.0
20
7545.0
30
0
11
-453835.0
21
7655.0
31
0
0
LINE
8
sensors
10
-453855.0
20
7545.0
30
0
11
-453835.0
21
7545.0
31
0
0
LINE
8
sensors
10
-453855.0
20
7655.0
30
0
11
-453835.0
21
7655.0
31
0
0
LINE
8
sensors
10
-443720.0
20
2400.0
30
0
11
-443720.0
21
2325.0
31
0
0
LINE
8
sensors
10
-443720.0
20
2325.0
30
0
11
-443720.0
21
2400.0
31
0
0
LINE
8
sensors
10
-443720.0
20
2400.0
30
0
11
-443720.0
21
2475.0
31
0
0
LINE
8
sensors
10
-443720.0
20
2475.0
30
0
11
-443720.0
21
2400.0
31
0
0
LINE
8
sensors
10
-443940.0
20
2400.0
30
0
11
-443720.0
21
2400.0
31
0
0
LINE
8
sensors
10
-443940.0
20
2400.0
30
0
11
-443940.0
21
2325.0
31
0
0
LINE
8
sensors
10
-443940.0
20
2325.0
30
0
11
-443940.0
21
2400.0
31
0
0
LINE
8
sensors
10
-443940.0
20
2400.0
30
0
11
-443940.0
21
2475.0
31
0
0
LINE
8
sensors
10
-443940.0
20
2475.0
30
0
11
-443940.0
21
2400.0
31
0
0
LINE
8
sensors
10
-443910.0
20
2330.0
30
0
11
-443910.0
21
2470.0
31
0
0
LINE
8
sensors
10
-443750.0
20
2330.0
30
0
11
-443750.0
21
2470.0
31
0
0
LINE
8
sensors
10
-443910.0
20
2330.0
30
0
11
-443750.0
21
2330.0
31
0
0
LINE
8
sensors
10
-443910.0
20
2470.0
30
0
11
-443750.0
21
2470.0
31
0
0
LINE
8
interiors
10
-415000.0
20
2000.0
30
0
11
-415000.0
21
22000.0
31
0
0
LINE
8
interiors
10
-415000.0
20
2000.0
30
0
11
-401200.0
21
2000.0
31
0
0
LINE
8
interiors
10
-401200.0
20
2000.0
30
0
11
-398800.0
21
2000.0
31
0
0
LINE
8
interiors
10
-398800.0
20
2000.0
30
0
11
-385000.0
21
2000.0
31
0
0
LINE
8
interiors
10
-415000.0
20
2000.0
30
0
11
-385000.0
21
2000.0
31
0
0
LINE
8
interiors
10
-415000.0
20
22000.0
30
0
11
-385000.0
21
22000.0
31
0
0
LINE
8
interiors
10
-385000.0
20
2000.0
30
0
11
-385000.0
21
22000.0
31
0
0
LINE
8
interiors
10
-385120.0
20
2120.0
30
0
11
-414880.0
21
2120.0
31
0
0
LINE
8
interiors
10
-385120.0
20
2120.0
30
0
11
-385120.0
21
21880.0
31
0
0
LINE
8
interiors
10
-385120.0
20
21880.0
30
0
11
-414880.0
21
21880.0
31
0
0
LINE
8
interiors
10
-414880.0
20
2120.0
30
0
11
-414880.0
21
21880.0
31
0
0
LINE
8
interiors
10
-407800.0
20
22000.0
30
0
11
-392200.0
21
22000.0
31
0
0
LINE
8
interiors
10
-398800.0
20
2000.0
30
0
11
-398800.0
21
2120.0
31
0
0
LINE
8
interiors
10
-385120.0
20
2120.0
30
0
11
-398800.0
21
2120.0
31
0
0
LINE
8
interiors
10
-401200.0
20
2120.0
30
0
11
-414880.0
21
2120.0
31
0
0
LINE
8
interiors
10
-401200.0
20
2000.0
30
0
11
-401200.0
21
2120.0
31
0
0
LINE
8
interiors
10
-401200.0
20
2120.0
30
0
11
-398800.0
21
2120.0
31
0
0
LINE
8
interiors
10
-407800.0
20
21880.0
30
0
11
-392200.0
21
21880.0
31
0
0
LINE
8
interiors
10
-407800.0
20
21880.0
30
0
11
-407800.0
21
22000.0
31
0
0
LINE
8
interiors
10
-392200.0
20
21880.0
30
0
11
-392200.0
21
22000.0
31
0
0
LINE
8
interiors
10
-407800.0
20
21977.5
30
0
11
-407800.0
21
22022.5
31
0
0
LINE
8
interiors
10
-392200.0
20
21977.5
30
0
11
-392200.0
21
22022.5
31
0
0
LINE
8
interiors
10
-407800.0
20
21977.5
30
0
11
-392200.0
21
21977.5
31
0
0
LINE
8
interiors
10
-407800.0
20
22022.5
30
0
11
-392200.0
21
22022.5
31
0
0
LINE
8
interiors
10
-414875.0
20
2125.0
30
0
11
-414875.0
21
21875.0
31
0
0
LINE
8
interiors
10
-385125.0
20
2125.0
30
0
11
-385125.0
21
21875.0
31
0
0
LINE
8
interiors
10
-414875.0
20
2125.0
30
0
11
-385125.0
21
2125.0
31
0
0
LINE
8
interiors
10
-414875.0
20
21875.0
30
0
11
-385125.0
21
21875.0
31
0
0
LINE
8
interiors
10
-401155.0
20
1880.0
30
0
11
-401155.0
21
2120.0
31
0
0
LINE
8
interiors
10
-401085.0
20
1880.0
30
0
11
-401085.0
21
2120.0
31
0
0
LINE
8
interiors
10
-401155.0
20
1880.0
30
0
11
-401085.0
21
1880.0
31
0
0
LINE
8
interiors
10
-401155.0
20
2120.0
30
0
11
-401085.0
21
2120.0
31
0
0
LINE
8
interiors
10
-398915.0
20
1880.0
30
0
11
-398915.0
21
2120.0
31
0
0
LINE
8
interiors
10
-398845.0
20
1880.0
30
0
11
-398845.0
21
2120.0
31
0
0
LINE
8
interiors
10
-398915.0
20
1880.0
30
0
11
-398845.0
21
1880.0
31
0
0
LINE
8
interiors
10
-398915.0
20
2120.0
30
0
11
-398845.0
21
2120.0
31
0
0
LINE
8
interiors
10
-401150.0
20
1880.0
30
0
11
-401150.0
21
2120.0
31
0
0
LINE
8
interiors
10
-398850.0
20
1880.0
30
0
11
-398850.0
21
2120.0
31
0
0
LINE
8
interiors
10
-401150.0
20
1880.0
30
0
11
-398850.0
21
1880.0
31
0
0
LINE
8
interiors
10
-401150.0
20
2120.0
30
0
11
-398850.0
21
2120.0
31
0
0
LINE
8
interiors
10
-401069.61
20
2090.49
30
0
11
-401110.39
21
2109.51
31
0
0
LINE
8
interiors
10
-400613.18
20
3069.3
30
0
11
-400653.96
21
3088.32
31
0
0
LINE
8
interiors
10
-401069.61
20
2090.49
30
0
11
-400613.18
21
3069.3
31
0
0
LINE
8
interiors
10
-401110.39
20
2109.51
30
0
11
-400653.96
21
3088.32
31
0
0
LINE
8
interiors
10
-407400.0
20
7900.0
30
0
11
-407400.0
21
8900.0
31
0
0
LINE
8
interiors
10
-404600.0
20
7900.0
30
0
11
-404600.0
21
8900.0
31
0
0
LINE
8
interiors
10
-407400.0
20
7900.0
30
0
11
-404600.0
21
7900.0
31
0
0
LINE
8
interiors
10
-407400.0
20
8900.0
30
0
11
-404600.0
21
8900.0
31
0
0
LINE
8
interiors
10
-407335.0
20
7965.0
30
0
11
-407335.0
21
8035.0
31
0
0
LINE
8
interiors
10
-407265.0
20
7965.0
30
0
11
-407265.0
21
8035.0
31
0
0
LINE
8
interiors
10
-407335.0
20
7965.0
30
0
11
-407265.0
21
7965.0
31
0
0
LINE
8
interiors
10
-407335.0
20
8035.0
30
0
11
-407265.0
21
8035.0
31
0
0
LINE
8
interiors
10
-407335.0
20
8765.0
30
0
11
-407335.0
21
8835.0
31
0
0
LINE
8
interiors
10
-407265.0
20
8765.0
30
0
11
-407265.0
21
8835.0
31
0
0
LINE
8
interiors
10
-407335.0
20
8765.0
30
0
11
-407265.0
21
8765.0
31
0
0
LINE
8
interiors
10
-407335.0
20
8835.0
30
0
11
-407265.0
21
8835.0
31
0
0
LINE
8
interiors
10
-404735.0
20
7965.0
30
0
11
-404735.0
21
8035.0
31
0
0
LINE
8
interiors
10
-404665.0
20
7965.0
30
0
11
-404665.0
21
8035.0
31
0
0
LINE
8
interiors
10
-404735.0
20
7965.0
30
0
11
-404665.0
21
7965.0
31
0
0
LINE
8
interiors
10
-404735.0
20
8035.0
30
0
11
-404665.0
21
8035.0
31
0
0
LINE
8
interiors
10
-404735.0
20
8765.0
30
0
11
-404735.0
21
8835.0
31
0
0
LINE
8
interiors
10
-404665.0
20
8765.0
30
0
11
-404665.0
21
8835.0
31
0
0
LINE
8
interiors
10
-404735.0
20
8765.0
30
0
11
-404665.0
21
8765.0
31
0
0
LINE
8
interiors
10
-404735.0
20
8835.0
30
0
11
-404665.0
21
8835.0
31
0
0
LINE
8
interiors
10
-408500.0
20
16650.0
30
0
11
-408500.0
21
17350.0
31
0
0
LINE
8
interiors
10
-406500.0
20
16650.0
30
0
11
-406500.0
21
17350.0
31
0
0
LINE
8
interiors
10
-408500.0
20
16650.0
30
0
11
-406500.0
21
16650.0
31
0
0
LINE
8
interiors
10
-408500.0
20
17350.0
30
0
11
-406500.0
21
17350.0
31
0
0
LINE
8
interiors
10
-408400.0
20
16627.5
30
0
11
-408400.0
21
16652.5
31
0
0
LINE
8
interiors
10
-406600.0
20
16627.5
30
0
11
-406600.0
21
16652.5
31
0
0
LINE
8
interiors
10
-408400.0
20
16627.5
30
0
11
-406600.0
21
16627.5
31
0
0
LINE
8
interiors
10
-408400.0
20
16652.5
30
0
11
-406600.0
21
16652.5
31
0
0
LINE
8
interiors
10
-401100.0
20
16500.0
30
0
11
-401100.0
21
17500.0
31
0
0
LINE
8
interiors
10
-398900.0
20
16500.0
30
0
11
-398900.0
21
17500.0
31
0
0
LINE
8
interiors
10
-401100.0
20
16500.0
30
0
11
-398900.0
21
16500.0
31
0
0
LINE
8
interiors
10
-401100.0
20
17500.0
30
0
11
-398900.0
21
17500.0
31
0
0
LINE
8
interiors
10
-401100.0
20
17325.0
30
0
11
-401100.0
21
17475.0
31
0
0
LINE
8
interiors
10
-398900.0
20
17325.0
30
0
11
-398900.0
21
17475.0
31
0
0
LINE
8
interiors
10
-401100.0
20
17325.0
30
0
11
-398900.0
21
17325.0
31
0
0
LINE
8
interiors
10
-401100.0
20
17475.0
30
0
11
-398900.0
21
17475.0
31
0
0
LINE
8
interiors
10
-401150.0
20
16450.0
30
0
11
-401150.0
21
17550.0
31
0
0
LINE
8
interiors
10
-398850.0
20
16450.0
30
0
11
-398850.0
21
17550.0
31
0
0
LINE
8
interiors
10
-401150.0
20
16450.0
30
0
11
-398850.0
21
16450.0
31
0
0
LINE
8
interiors
10
-401150.0
20
17550.0
30
0
11
-398850.0
21
17550.0
31
0
0
LINE
8
electrical
10
-385725.0
20
2075.0
30
0
11
-385725.0
21
2325.0
31
0
0
LINE
8
electrical
10
-385175.0
20
2075.0
30
0
11
-385175.0
21
2325.0
31
0
0
LINE
8
electrical
10
-385725.0
20
2075.0
30
0
11
-385175.0
21
2075.0
31
0
0
LINE
8
electrical
10
-385725.0
20
2325.0
30
0
11
-385175.0
21
2325.0
31
0
0
LINE
8
electrical
10
-385685.0
20
2047.5
30
0
11
-385685.0
21
2082.5
31
0
0
LINE
8
electrical
10
-385215.0
20
2047.5
30
0
11
-385215.0
21
2082.5
31
0
0
LINE
8
electrical
10
-385685.0
20
2047.5
30
0
11
-385215.0
21
2047.5
31
0
0
LINE
8
electrical
10
-385685.0
20
2082.5
30
0
11
-385215.0
21
2082.5
31
0
0
LINE
8
electrical
10
-385637.5
20
2010.0
30
0
11
-385637.5
21
2050.0
31
0
0
LINE
8
electrical
10
-385537.5
20
2010.0
30
0
11
-385537.5
21
2050.0
31
0
0
LINE
8
electrical
10
-385637.5
20
2010.0
30
0
11
-385537.5
21
2010.0
31
0
0
LINE
8
electrical
10
-385637.5
20
2050.0
30
0
11
-385537.5
21
2050.0
31
0
0
LINE
8
electrical
10
-385500.0
20
2010.0
30
0
11
-385500.0
21
2050.0
31
0
0
LINE
8
electrical
10
-385400.0
20
2010.0
30
0
11
-385400.0
21
2050.0
31
0
0
LINE
8
electrical
10
-385500.0
20
2010.0
30
0
11
-385400.0
21
2010.0
31
0
0
LINE
8
electrical
10
-385500.0
20
2050.0
30
0
11
-385400.0
21
2050.0
31
0
0
LINE
8
electrical
10
-385362.5
20
2010.0
30
0
11
-385362.5
21
2050.0
31
0
0
LINE
8
electrical
10
-385262.5
20
2010.0
30
0
11
-385262.5
21
2050.0
31
0
0
LINE
8
electrical
10
-385362.5
20
2010.0
30
0
11
-385262.5
21
2010.0
31
0
0
LINE
8
electrical
10
-385362.5
20
2050.0
30
0
11
-385262.5
21
2050.0
31
0
0
LINE
8
electrical
10
-385587.5
20
1995.0
30
0
11
-385564.12
21
1995.0
31
0
0
LINE
8
electrical
10
-385564.12
20
1995.0
30
0
11
-385610.88
21
1995.0
31
0
0
LINE
8
electrical
10
-385610.88
20
1995.0
30
0
11
-385587.5
21
1995.0
31
0
0
LINE
8
electrical
10
-385587.5
20
2020.0
30
0
11
-385587.5
21
1995.0
31
0
0
LINE
8
electrical
10
-385587.5
20
2020.0
30
0
11
-385564.12
21
2020.0
31
0
0
LINE
8
electrical
10
-385564.12
20
2020.0
30
0
11
-385610.88
21
2020.0
31
0
0
LINE
8
electrical
10
-385610.88
20
2020.0
30
0
11
-385587.5
21
2020.0
31
0
0
LINE
8
electrical
10
-385450.0
20
1995.0
30
0
11
-385426.62
21
1995.0
31
0
0
LINE
8
electrical
10
-385426.62
20
1995.0
30
0
11
-385473.38
21
1995.0
31
0
0
LINE
8
electrical
10
-385473.38
20
1995.0
30
0
11
-385450.0
21
1995.0
31
0
0
LINE
8
electrical
10
-385450.0
20
2020.0
30
0
11
-385450.0
21
1995.0
31
0
0
LINE
8
electrical
10
-385450.0
20
2020.0
30
0
11
-385426.62
21
2020.0
31
0
0
LINE
8
electrical
10
-385426.62
20
2020.0
30
0
11
-385473.38
21
2020.0
31
0
0
LINE
8
electrical
10
-385473.38
20
2020.0
30
0
11
-385450.0
21
2020.0
31
0
0
LINE
8
electrical
10
-385312.5
20
1995.0
30
0
11
-385289.12
21
1995.0
31
0
0
LINE
8
electrical
10
-385289.12
20
1995.0
30
0
11
-385335.88
21
1995.0
31
0
0
LINE
8
electrical
10
-385335.88
20
1995.0
30
0
11
-385312.5
21
1995.0
31
0
0
LINE
8
electrical
10
-385312.5
20
2020.0
30
0
11
-385312.5
21
1995.0
31
0
0
LINE
8
electrical
10
-385312.5
20
2020.0
30
0
11
-385289.12
21
2020.0
31
0
0
LINE
8
electrical
10
-385289.12
20
2020.0
30
0
11
-385335.88
21
2020.0
31
0
0
LINE
8
electrical
10
-385335.88
20
2020.0
30
0
11
-385312.5
21
2020.0
31
0
0
LINE
8
electrical
10
-385450.0
20
2200.0
30
0
11
-385434.41
21
2200.0
31
0
0
LINE
8
electrical
10
-385434.41
20
2200.0
30
0
11
-385465.59
21
2200.0
31
0
0
LINE
8
electrical
10
-385465.59
20
2200.0
30
0
11
-385450.0
21
2200.0
31
0
0
LINE
8
electrical
10
-385450.0
20
-62300.0
30
0
11
-385450.0
21
2200.0
31
0
0
LINE
8
electrical
10
-385450.0
20
-62300.0
30
0
11
-385434.41
21
-62300.0
31
0
0
LINE
8
electrical
10
-385434.41
20
-62300.0
30
0
11
-385465.59
21
-62300.0
31
0
0
LINE
8
electrical
10
-385465.59
20
-62300.0
30
0
11
-385450.0
21
-62300.0
31
0
0
LINE
8
electrical
10
-385468.0
20
2200.0
30
0
11
-385441.0
21
2215.59
31
0
0
LINE
8
electrical
10
-385441.0
20
2215.59
30
0
11
-385441.0
21
2184.41
31
0
0
LINE
8
electrical
10
-385441.0
20
2184.41
30
0
11
-385468.0
21
2200.0
31
0
0
LINE
8
electrical
10
-385450.0
20
2200.0
30
0
11
-385430.56
21
2200.0
31
0
0
LINE
8
electrical
10
-385430.56
20
2200.0
30
0
11
-385450.0
21
2200.0
31
0
0
LINE
8
lighting
10
-411120.0
20
4880.0
30
0
11
-411120.0
21
5520.0
31
0
0
LINE
8
lighting
10
-410480.0
20
4880.0
30
0
11
-410480.0
21
5520.0
31
0
0
LINE
8
lighting
10
-411120.0
20
4880.0
30
0
11
-410480.0
21
4880.0
31
0
0
LINE
8
lighting
10
-411120.0
20
5520.0
30
0
11
-410480.0
21
5520.0
31
0
0
LINE
8
lighting
10
-411080.0
20
4920.0
30
0
11
-411080.0
21
5480.0
31
0
0
LINE
8
lighting
10
-410520.0
20
4920.0
30
0
11
-410520.0
21
5480.0
31
0
0
LINE
8
lighting
10
-411080.0
20
4920.0
30
0
11
-410520.0
21
4920.0
31
0
0
LINE
8
lighting
10
-411080.0
20
5480.0
30
0
11
-410520.0
21
5480.0
31
0
0
LINE
8
lighting
10
-411046.0
20
4930.0
30
0
11
-411046.0
21
5470.0
31
0
0
LINE
8
lighting
10
-411034.0
20
4930.0
30
0
11
-411034.0
21
5470.0
31
0
0
LINE
8
lighting
10
-411046.0
20
4930.0
30
0
11
-411034.0
21
4930.0
31
0
0
LINE
8
lighting
10
-411046.0
20
5470.0
30
0
11
-411034.0
21
5470.0
31
0
0
LINE
8
lighting
10
-410966.0
20
4930.0
30
0
11
-410966.0
21
5470.0
31
0
0
LINE
8
lighting
10
-410954.0
20
4930.0
30
0
11
-410954.0
21
5470.0
31
0
0
LINE
8
lighting
10
-410966.0
20
4930.0
30
0
11
-410954.0
21
4930.0
31
0
0
LINE
8
lighting
10
-410966.0
20
5470.0
30
0
11
-410954.0
21
5470.0
31
0
0
LINE
8
lighting
10
-410886.0
20
4930.0
30
0
11
-410886.0
21
5470.0
31
0
0
LINE
8
lighting
10
-410874.0
20
4930.0
30
0
11
-410874.0
21
5470.0
31
0
0
LINE
8
lighting
10
-410886.0
20
4930.0
30
0
11
-410874.0
21
4930.0
31
0
0
LINE
8
lighting
10
-410886.0
20
5470.0
30
0
11
-410874.0
21
5470.0
31
0
0
LINE
8
lighting
10
-410806.0
20
4930.0
30
0
11
-410806.0
21
5470.0
31
0
0
LINE
8
lighting
10
-410794.0
20
4930.0
30
0
11
-410794.0
21
5470.0
31
0
0
LINE
8
lighting
10
-410806.0
20
4930.0
30
0
11
-410794.0
21
4930.0
31
0
0
LINE
8
lighting
10
-410806.0
20
5470.0
30
0
11
-410794.0
21
5470.0
31
0
0
LINE
8
lighting
10
-410726.0
20
4930.0
30
0
11
-410726.0
21
5470.0
31
0
0
LINE
8
lighting
10
-410714.0
20
4930.0
30
0
11
-410714.0
21
5470.0
31
0
0
LINE
8
lighting
10
-410726.0
20
4930.0
30
0
11
-410714.0
21
4930.0
31
0
0
LINE
8
lighting
10
-410726.0
20
5470.0
30
0
11
-410714.0
21
5470.0
31
0
0
LINE
8
lighting
10
-410646.0
20
4930.0
30
0
11
-410646.0
21
5470.0
31
0
0
LINE
8
lighting
10
-410634.0
20
4930.0
30
0
11
-410634.0
21
5470.0
31
0
0
LINE
8
lighting
10
-410646.0
20
4930.0
30
0
11
-410634.0
21
4930.0
31
0
0
LINE
8
lighting
10
-410646.0
20
5470.0
30
0
11
-410634.0
21
5470.0
31
0
0
LINE
8
lighting
10
-410566.0
20
4930.0
30
0
11
-410566.0
21
5470.0
31
0
0
LINE
8
lighting
10
-410554.0
20
4930.0
30
0
11
-410554.0
21
5470.0
31
0
0
LINE
8
lighting
10
-410566.0
20
4930.0
30
0
11
-410554.0
21
4930.0
31
0
0
LINE
8
lighting
10
-410566.0
20
5470.0
30
0
11
-410554.0
21
5470.0
31
0
0
LINE
8
lighting
10
-410791.0
20
5200.0
30
0
11
-410804.5
21
5207.79
31
0
0
LINE
8
lighting
10
-410804.5
20
5207.79
30
0
11
-410804.5
21
5192.21
31
0
0
LINE
8
lighting
10
-410804.5
20
5192.21
30
0
11
-410791.0
21
5200.0
31
0
0
LINE
8
lighting
10
-389520.0
20
4880.0
30
0
11
-389520.0
21
5520.0
31
0
0
LINE
8
lighting
10
-388880.0
20
4880.0
30
0
11
-388880.0
21
5520.0
31
0
0
LINE
8
lighting
10
-389520.0
20
4880.0
30
0
11
-388880.0
21
4880.0
31
0
0
LINE
8
lighting
10
-389520.0
20
5520.0
30
0
11
-388880.0
21
5520.0
31
0
0
LINE
8
lighting
10
-389480.0
20
4920.0
30
0
11
-389480.0
21
5480.0
31
0
0
LINE
8
lighting
10
-388920.0
20
4920.0
30
0
11
-388920.0
21
5480.0
31
0
0
LINE
8
lighting
10
-389480.0
20
4920.0
30
0
11
-388920.0
21
4920.0
31
0
0
LINE
8
lighting
10
-389480.0
20
5480.0
30
0
11
-388920.0
21
5480.0
31
0
0
LINE
8
lighting
10
-389446.0
20
4930.0
30
0
11
-389446.0
21
5470.0
31
0
0
LINE
8
lighting
10
-389434.0
20
4930.0
30
0
11
-389434.0
21
5470.0
31
0
0
LINE
8
lighting
10
-389446.0
20
4930.0
30
0
11
-389434.0
21
4930.0
31
0
0
LINE
8
lighting
10
-389446.0
20
5470.0
30
0
11
-389434.0
21
5470.0
31
0
0
LINE
8
lighting
10
-389366.0
20
4930.0
30
0
11
-389366.0
21
5470.0
31
0
0
LINE
8
lighting
10
-389354.0
20
4930.0
30
0
11
-389354.0
21
5470.0
31
0
0
LINE
8
lighting
10
-389366.0
20
4930.0
30
0
11
-389354.0
21
4930.0
31
0
0
LINE
8
lighting
10
-389366.0
20
5470.0
30
0
11
-389354.0
21
5470.0
31
0
0
LINE
8
lighting
10
-389286.0
20
4930.0
30
0
11
-389286.0
21
5470.0
31
0
0
LINE
8
lighting
10
-389274.0
20
4930.0
30
0
11
-389274.0
21
5470.0
31
0
0
LINE
8
lighting
10
-389286.0
20
4930.0
30
0
11
-389274.0
21
4930.0
31
0
0
LINE
8
lighting
10
-389286.0
20
5470.0
30
0
11
-389274.0
21
5470.0
31
0
0
LINE
8
lighting
10
-389206.0
20
4930.0
30
0
11
-389206.0
21
5470.0
31
0
0
LINE
8
lighting
10
-389194.0
20
4930.0
30
0
11
-389194.0
21
5470.0
31
0
0
LINE
8
lighting
10
-389206.0
20
4930.0
30
0
11
-389194.0
21
4930.0
31
0
0
LINE
8
lighting
10
-389206.0
20
5470.0
30
0
11
-389194.0
21
5470.0
31
0
0
LINE
8
lighting
10
-389126.0
20
4930.0
30
0
11
-389126.0
21
5470.0
31
0
0
LINE
8
lighting
10
-389114.0
20
4930.0
30
0
11
-389114.0
21
5470.0
31
0
0
LINE
8
lighting
10
-389126.0
20
4930.0
30
0
11
-389114.0
21
4930.0
31
0
0
LINE
8
lighting
10
-389126.0
20
5470.0
30
0
11
-389114.0
21
5470.0
31
0
0
LINE
8
lighting
10
-389046.0
20
4930.0
30
0
11
-389046.0
21
5470.0
31
0
0
LINE
8
lighting
10
-389034.0
20
4930.0
30
0
11
-389034.0
21
5470.0
31
0
0
LINE
8
lighting
10
-389046.0
20
4930.0
30
0
11
-389034.0
21
4930.0
31
0
0
LINE
8
lighting
10
-389046.0
20
5470.0
30
0
11
-389034.0
21
5470.0
31
0
0
LINE
8
lighting
10
-388966.0
20
4930.0
30
0
11
-388966.0
21
5470.0
31
0
0
LINE
8
lighting
10
-388954.0
20
4930.0
30
0
11
-388954.0
21
5470.0
31
0
0
LINE
8
lighting
10
-388966.0
20
4930.0
30
0
11
-388954.0
21
4930.0
31
0
0
LINE
8
lighting
10
-388966.0
20
5470.0
30
0
11
-388954.0
21
5470.0
31
0
0
LINE
8
lighting
10
-389191.0
20
5200.0
30
0
11
-389204.5
21
5207.79
31
0
0
LINE
8
lighting
10
-389204.5
20
5207.79
30
0
11
-389204.5
21
5192.21
31
0
0
LINE
8
lighting
10
-389204.5
20
5192.21
30
0
11
-389191.0
21
5200.0
31
0
0
LINE
8
lighting
10
-400320.0
20
4880.0
30
0
11
-400320.0
21
5520.0
31
0
0
LINE
8
lighting
10
-399680.0
20
4880.0
30
0
11
-399680.0
21
5520.0
31
0
0
LINE
8
lighting
10
-400320.0
20
4880.0
30
0
11
-399680.0
21
4880.0
31
0
0
LINE
8
lighting
10
-400320.0
20
5520.0
30
0
11
-399680.0
21
5520.0
31
0
0
LINE
8
lighting
10
-400280.0
20
4920.0
30
0
11
-400280.0
21
5480.0
31
0
0
LINE
8
lighting
10
-399720.0
20
4920.0
30
0
11
-399720.0
21
5480.0
31
0
0
LINE
8
lighting
10
-400280.0
20
4920.0
30
0
11
-399720.0
21
4920.0
31
0
0
LINE
8
lighting
10
-400280.0
20
5480.0
30
0
11
-399720.0
21
5480.0
31
0
0
LINE
8
lighting
10
-400246.0
20
4930.0
30
0
11
-400246.0
21
5470.0
31
0
0
LINE
8
lighting
10
-400234.0
20
4930.0
30
0
11
-400234.0
21
5470.0
31
0
0
LINE
8
lighting
10
-400246.0
20
4930.0
30
0
11
-400234.0
21
4930.0
31
0
0
LINE
8
lighting
10
-400246.0
20
5470.0
30
0
11
-400234.0
21
5470.0
31
0
0
LINE
8
lighting
10
-400166.0
20
4930.0
30
0
11
-400166.0
21
5470.0
31
0
0
LINE
8
lighting
10
-400154.0
20
4930.0
30
0
11
-400154.0
21
5470.0
31
0
0
LINE
8
lighting
10
-400166.0
20
4930.0
30
0
11
-400154.0
21
4930.0
31
0
0
LINE
8
lighting
10
-400166.0
20
5470.0
30
0
11
-400154.0
21
5470.0
31
0
0
LINE
8
lighting
10
-400086.0
20
4930.0
30
0
11
-400086.0
21
5470.0
31
0
0
LINE
8
lighting
10
-400074.0
20
4930.0
30
0
11
-400074.0
21
5470.0
31
0
0
LINE
8
lighting
10
-400086.0
20
4930.0
30
0
11
-400074.0
21
4930.0
31
0
0
LINE
8
lighting
10
-400086.0
20
5470.0
30
0
11
-400074.0
21
5470.0
31
0
0
LINE
8
lighting
10
-400006.0
20
4930.0
30
0
11
-400006.0
21
5470.0
31
0
0
LINE
8
lighting
10
-399994.0
20
4930.0
30
0
11
-399994.0
21
5470.0
31
0
0
LINE
8
lighting
10
-400006.0
20
4930.0
30
0
11
-399994.0
21
4930.0
31
0
0
LINE
8
lighting
10
-400006.0
20
5470.0
30
0
11
-399994.0
21
5470.0
31
0
0
LINE
8
lighting
10
-399926.0
20
4930.0
30
0
11
-399926.0
21
5470.0
31
0
0
LINE
8
lighting
10
-399914.0
20
4930.0
30
0
11
-399914.0
21
5470.0
31
0
0
LINE
8
lighting
10
-399926.0
20
4930.0
30
0
11
-399914.0
21
4930.0
31
0
0
LINE
8
lighting
10
-399926.0
20
5470.0
30
0
11
-399914.0
21
5470.0
31
0
0
LINE
8
lighting
10
-399846.0
20
4930.0
30
0
11
-399846.0
21
5470.0
31
0
0
LINE
8
lighting
10
-399834.0
20
4930.0
30
0
11
-399834.0
21
5470.0
31
0
0
LINE
8
lighting
10
-399846.0
20
4930.0
30
0
11
-399834.0
21
4930.0
31
0
0
LINE
8
lighting
10
-399846.0
20
5470.0
30
0
11
-399834.0
21
5470.0
31
0
0
LINE
8
lighting
10
-399766.0
20
4930.0
30
0
11
-399766.0
21
5470.0
31
0
0
LINE
8
lighting
10
-399754.0
20
4930.0
30
0
11
-399754.0
21
5470.0
31
0
0
LINE
8
lighting
10
-399766.0
20
4930.0
30
0
11
-399754.0
21
4930.0
31
0
0
LINE
8
lighting
10
-399766.0
20
5470.0
30
0
11
-399754.0
21
5470.0
31
0
0
LINE
8
lighting
10
-399991.0
20
5200.0
30
0
11
-400004.5
21
5207.79
31
0
0
LINE
8
lighting
10
-400004.5
20
5207.79
30
0
11
-400004.5
21
5192.21
31
0
0
LINE
8
lighting
10
-400004.5
20
5192.21
30
0
11
-399991.0
21
5200.0
31
0
0
LINE
8
lighting
10
-411120.0
20
18480.0
30
0
11
-411120.0
21
19120.0
31
0
0
LINE
8
lighting
10
-410480.0
20
18480.0
30
0
11
-410480.0
21
19120.0
31
0
0
LINE
8
lighting
10
-411120.0
20
18480.0
30
0
11
-410480.0
21
18480.0
31
0
0
LINE
8
lighting
10
-411120.0
20
19120.0
30
0
11
-410480.0
21
19120.0
31
0
0
LINE
8
lighting
10
-411080.0
20
18520.0
30
0
11
-411080.0
21
19080.0
31
0
0
LINE
8
lighting
10
-410520.0
20
18520.0
30
0
11
-410520.0
21
19080.0
31
0
0
LINE
8
lighting
10
-411080.0
20
18520.0
30
0
11
-410520.0
21
18520.0
31
0
0
LINE
8
lighting
10
-411080.0
20
19080.0
30
0
11
-410520.0
21
19080.0
31
0
0
LINE
8
lighting
10
-411046.0
20
18530.0
30
0
11
-411046.0
21
19070.0
31
0
0
LINE
8
lighting
10
-411034.0
20
18530.0
30
0
11
-411034.0
21
19070.0
31
0
0
LINE
8
lighting
10
-411046.0
20
18530.0
30
0
11
-411034.0
21
18530.0
31
0
0
LINE
8
lighting
10
-411046.0
20
19070.0
30
0
11
-411034.0
21
19070.0
31
0
0
LINE
8
lighting
10
-410966.0
20
18530.0
30
0
11
-410966.0
21
19070.0
31
0
0
LINE
8
lighting
10
-410954.0
20
18530.0
30
0
11
-410954.0
21
19070.0
31
0
0
LINE
8
lighting
10
-410966.0
20
18530.0
30
0
11
-410954.0
21
18530.0
31
0
0
LINE
8
lighting
10
-410966.0
20
19070.0
30
0
11
-410954.0
21
19070.0
31
0
0
LINE
8
lighting
10
-410886.0
20
18530.0
30
0
11
-410886.0
21
19070.0
31
0
0
LINE
8
lighting
10
-410874.0
20
18530.0
30
0
11
-410874.0
21
19070.0
31
0
0
LINE
8
lighting
10
-410886.0
20
18530.0
30
0
11
-410874.0
21
18530.0
31
0
0
LINE
8
lighting
10
-410886.0
20
19070.0
30
0
11
-410874.0
21
19070.0
31
0
0
LINE
8
lighting
10
-410806.0
20
18530.0
30
0
11
-410806.0
21
19070.0
31
0
0
LINE
8
lighting
10
-410794.0
20
18530.0
30
0
11
-410794.0
21
19070.0
31
0
0
LINE
8
lighting
10
-410806.0
20
18530.0
30
0
11
-410794.0
21
18530.0
31
0
0
LINE
8
lighting
10
-410806.0
20
19070.0
30
0
11
-410794.0
21
19070.0
31
0
0
LINE
8
lighting
10
-410726.0
20
18530.0
30
0
11
-410726.0
21
19070.0
31
0
0
LINE
8
lighting
10
-410714.0
20
18530.0
30
0
11
-410714.0
21
19070.0
31
0
0
LINE
8
lighting
10
-410726.0
20
18530.0
30
0
11
-410714.0
21
18530.0
31
0
0
LINE
8
lighting
10
-410726.0
20
19070.0
30
0
11
-410714.0
21
19070.0
31
0
0
LINE
8
lighting
10
-410646.0
20
18530.0
30
0
11
-410646.0
21
19070.0
31
0
0
LINE
8
lighting
10
-410634.0
20
18530.0
30
0
11
-410634.0
21
19070.0
31
0
0
LINE
8
lighting
10
-410646.0
20
18530.0
30
0
11
-410634.0
21
18530.0
31
0
0
LINE
8
lighting
10
-410646.0
20
19070.0
30
0
11
-410634.0
21
19070.0
31
0
0
LINE
8
lighting
10
-410566.0
20
18530.0
30
0
11
-410566.0
21
19070.0
31
0
0
LINE
8
lighting
10
-410554.0
20
18530.0
30
0
11
-410554.0
21
19070.0
31
0
0
LINE
8
lighting
10
-410566.0
20
18530.0
30
0
11
-410554.0
21
18530.0
31
0
0
LINE
8
lighting
10
-410566.0
20
19070.0
30
0
11
-410554.0
21
19070.0
31
0
0
LINE
8
lighting
10
-410791.0
20
18800.0
30
0
11
-410804.5
21
18807.79
31
0
0
LINE
8
lighting
10
-410804.5
20
18807.79
30
0
11
-410804.5
21
18792.21
31
0
0
LINE
8
lighting
10
-410804.5
20
18792.21
30
0
11
-410791.0
21
18800.0
31
0
0
LINE
8
lighting
10
-389520.0
20
18480.0
30
0
11
-389520.0
21
19120.0
31
0
0
LINE
8
lighting
10
-388880.0
20
18480.0
30
0
11
-388880.0
21
19120.0
31
0
0
LINE
8
lighting
10
-389520.0
20
18480.0
30
0
11
-388880.0
21
18480.0
31
0
0
LINE
8
lighting
10
-389520.0
20
19120.0
30
0
11
-388880.0
21
19120.0
31
0
0
LINE
8
lighting
10
-389480.0
20
18520.0
30
0
11
-389480.0
21
19080.0
31
0
0
LINE
8
lighting
10
-388920.0
20
18520.0
30
0
11
-388920.0
21
19080.0
31
0
0
LINE
8
lighting
10
-389480.0
20
18520.0
30
0
11
-388920.0
21
18520.0
31
0
0
LINE
8
lighting
10
-389480.0
20
19080.0
30
0
11
-388920.0
21
19080.0
31
0
0
LINE
8
lighting
10
-389446.0
20
18530.0
30
0
11
-389446.0
21
19070.0
31
0
0
LINE
8
lighting
10
-389434.0
20
18530.0
30
0
11
-389434.0
21
19070.0
31
0
0
LINE
8
lighting
10
-389446.0
20
18530.0
30
0
11
-389434.0
21
18530.0
31
0
0
LINE
8
lighting
10
-389446.0
20
19070.0
30
0
11
-389434.0
21
19070.0
31
0
0
LINE
8
lighting
10
-389366.0
20
18530.0
30
0
11
-389366.0
21
19070.0
31
0
0
LINE
8
lighting
10
-389354.0
20
18530.0
30
0
11
-389354.0
21
19070.0
31
0
0
LINE
8
lighting
10
-389366.0
20
18530.0
30
0
11
-389354.0
21
18530.0
31
0
0
LINE
8
lighting
10
-389366.0
20
19070.0
30
0
11
-389354.0
21
19070.0
31
0
0
LINE
8
lighting
10
-389286.0
20
18530.0
30
0
11
-389286.0
21
19070.0
31
0
0
LINE
8
lighting
10
-389274.0
20
18530.0
30
0
11
-389274.0
21
19070.0
31
0
0
LINE
8
lighting
10
-389286.0
20
18530.0
30
0
11
-389274.0
21
18530.0
31
0
0
LINE
8
lighting
10
-389286.0
20
19070.0
30
0
11
-389274.0
21
19070.0
31
0
0
LINE
8
lighting
10
-389206.0
20
18530.0
30
0
11
-389206.0
21
19070.0
31
0
0
LINE
8
lighting
10
-389194.0
20
18530.0
30
0
11
-389194.0
21
19070.0
31
0
0
LINE
8
lighting
10
-389206.0
20
18530.0
30
0
11
-389194.0
21
18530.0
31
0
0
LINE
8
lighting
10
-389206.0
20
19070.0
30
0
11
-389194.0
21
19070.0
31
0
0
LINE
8
lighting
10
-389126.0
20
18530.0
30
0
11
-389126.0
21
19070.0
31
0
0
LINE
8
lighting
10
-389114.0
20
18530.0
30
0
11
-389114.0
21
19070.0
31
0
0
LINE
8
lighting
10
-389126.0
20
18530.0
30
0
11
-389114.0
21
18530.0
31
0
0
LINE
8
lighting
10
-389126.0
20
19070.0
30
0
11
-389114.0
21
19070.0
31
0
0
LINE
8
lighting
10
-389046.0
20
18530.0
30
0
11
-389046.0
21
19070.0
31
0
0
LINE
8
lighting
10
-389034.0
20
18530.0
30
0
11
-389034.0
21
19070.0
31
0
0
LINE
8
lighting
10
-389046.0
20
18530.0
30
0
11
-389034.0
21
18530.0
31
0
0
LINE
8
lighting
10
-389046.0
20
19070.0
30
0
11
-389034.0
21
19070.0
31
0
0
LINE
8
lighting
10
-388966.0
20
18530.0
30
0
11
-388966.0
21
19070.0
31
0
0
LINE
8
lighting
10
-388954.0
20
18530.0
30
0
11
-388954.0
21
19070.0
31
0
0
LINE
8
lighting
10
-388966.0
20
18530.0
30
0
11
-388954.0
21
18530.0
31
0
0
LINE
8
lighting
10
-388966.0
20
19070.0
30
0
11
-388954.0
21
19070.0
31
0
0
LINE
8
lighting
10
-389191.0
20
18800.0
30
0
11
-389204.5
21
18807.79
31
0
0
LINE
8
lighting
10
-389204.5
20
18807.79
30
0
11
-389204.5
21
18792.21
31
0
0
LINE
8
lighting
10
-389204.5
20
18792.21
30
0
11
-389191.0
21
18800.0
31
0
0
LINE
8
lighting
10
-400320.0
20
18480.0
30
0
11
-400320.0
21
19120.0
31
0
0
LINE
8
lighting
10
-399680.0
20
18480.0
30
0
11
-399680.0
21
19120.0
31
0
0
LINE
8
lighting
10
-400320.0
20
18480.0
30
0
11
-399680.0
21
18480.0
31
0
0
LINE
8
lighting
10
-400320.0
20
19120.0
30
0
11
-399680.0
21
19120.0
31
0
0
LINE
8
lighting
10
-400280.0
20
18520.0
30
0
11
-400280.0
21
19080.0
31
0
0
LINE
8
lighting
10
-399720.0
20
18520.0
30
0
11
-399720.0
21
19080.0
31
0
0
LINE
8
lighting
10
-400280.0
20
18520.0
30
0
11
-399720.0
21
18520.0
31
0
0
LINE
8
lighting
10
-400280.0
20
19080.0
30
0
11
-399720.0
21
19080.0
31
0
0
LINE
8
lighting
10
-400246.0
20
18530.0
30
0
11
-400246.0
21
19070.0
31
0
0
LINE
8
lighting
10
-400234.0
20
18530.0
30
0
11
-400234.0
21
19070.0
31
0
0
LINE
8
lighting
10
-400246.0
20
18530.0
30
0
11
-400234.0
21
18530.0
31
0
0
LINE
8
lighting
10
-400246.0
20
19070.0
30
0
11
-400234.0
21
19070.0
31
0
0
LINE
8
lighting
10
-400166.0
20
18530.0
30
0
11
-400166.0
21
19070.0
31
0
0
LINE
8
lighting
10
-400154.0
20
18530.0
30
0
11
-400154.0
21
19070.0
31
0
0
LINE
8
lighting
10
-400166.0
20
18530.0
30
0
11
-400154.0
21
18530.0
31
0
0
LINE
8
lighting
10
-400166.0
20
19070.0
30
0
11
-400154.0
21
19070.0
31
0
0
LINE
8
lighting
10
-400086.0
20
18530.0
30
0
11
-400086.0
21
19070.0
31
0
0
LINE
8
lighting
10
-400074.0
20
18530.0
30
0
11
-400074.0
21
19070.0
31
0
0
LINE
8
lighting
10
-400086.0
20
18530.0
30
0
11
-400074.0
21
18530.0
31
0
0
LINE
8
lighting
10
-400086.0
20
19070.0
30
0
11
-400074.0
21
19070.0
31
0
0
LINE
8
lighting
10
-400006.0
20
18530.0
30
0
11
-400006.0
21
19070.0
31
0
0
LINE
8
lighting
10
-399994.0
20
18530.0
30
0
11
-399994.0
21
19070.0
31
0
0
LINE
8
lighting
10
-400006.0
20
18530.0
30
0
11
-399994.0
21
18530.0
31
0
0
LINE
8
lighting
10
-400006.0
20
19070.0
30
0
11
-399994.0
21
19070.0
31
0
0
LINE
8
lighting
10
-399926.0
20
18530.0
30
0
11
-399926.0
21
19070.0
31
0
0
LINE
8
lighting
10
-399914.0
20
18530.0
30
0
11
-399914.0
21
19070.0
31
0
0
LINE
8
lighting
10
-399926.0
20
18530.0
30
0
11
-399914.0
21
18530.0
31
0
0
LINE
8
lighting
10
-399926.0
20
19070.0
30
0
11
-399914.0
21
19070.0
31
0
0
LINE
8
lighting
10
-399846.0
20
18530.0
30
0
11
-399846.0
21
19070.0
31
0
0
LINE
8
lighting
10
-399834.0
20
18530.0
30
0
11
-399834.0
21
19070.0
31
0
0
LINE
8
lighting
10
-399846.0
20
18530.0
30
0
11
-399834.0
21
18530.0
31
0
0
LINE
8
lighting
10
-399846.0
20
19070.0
30
0
11
-399834.0
21
19070.0
31
0
0
LINE
8
lighting
10
-399766.0
20
18530.0
30
0
11
-399766.0
21
19070.0
31
0
0
LINE
8
lighting
10
-399754.0
20
18530.0
30
0
11
-399754.0
21
19070.0
31
0
0
LINE
8
lighting
10
-399766.0
20
18530.0
30
0
11
-399754.0
21
18530.0
31
0
0
LINE
8
lighting
10
-399766.0
20
19070.0
30
0
11
-399754.0
21
19070.0
31
0
0
LINE
8
lighting
10
-399991.0
20
18800.0
30
0
11
-400004.5
21
18807.79
31
0
0
LINE
8
lighting
10
-400004.5
20
18807.79
30
0
11
-400004.5
21
18792.21
31
0
0
LINE
8
lighting
10
-400004.5
20
18792.21
30
0
11
-399991.0
21
18800.0
31
0
0
LINE
8
electrical
10
-410800.0
20
4880.0
30
0
11
-410800.0
21
4872.21
31
0
0
LINE
8
electrical
10
-410800.0
20
4872.21
30
0
11
-410800.0
21
4887.79
31
0
0
LINE
8
electrical
10
-410800.0
20
4887.79
30
0
11
-410800.0
21
4880.0
31
0
0
LINE
8
electrical
10
-385450.0
20
4880.0
30
0
11
-410800.0
21
4880.0
31
0
0
LINE
8
electrical
10
-385450.0
20
4880.0
30
0
11
-385450.0
21
4872.21
31
0
0
LINE
8
electrical
10
-385450.0
20
4872.21
30
0
11
-385450.0
21
4887.79
31
0
0
LINE
8
electrical
10
-385450.0
20
4887.79
30
0
11
-385450.0
21
4880.0
31
0
0
LINE
8
electrical
10
-410800.0
20
18800.0
30
0
11
-410792.21
21
18800.0
31
0
0
LINE
8
electrical
10
-410792.21
20
18800.0
30
0
11
-410807.79
21
18800.0
31
0
0
LINE
8
electrical
10
-410807.79
20
18800.0
30
0
11
-410800.0
21
18800.0
31
0
0
LINE
8
electrical
10
-410800.0
20
4880.0
30
0
11
-410800.0
21
18800.0
31
0
0
LINE
8
electrical
10
-410800.0
20
4880.0
30
0
11
-410792.21
21
4880.0
31
0
0
LINE
8
electrical
10
-410792.21
20
4880.0
30
0
11
-410807.79
21
4880.0
31
0
0
LINE
8
electrical
10
-410807.79
20
4880.0
30
0
11
-410800.0
21
4880.0
31
0
0
LINE
8
electrical
10
-389200.0
20
18800.0
30
0
11
-389192.21
21
18800.0
31
0
0
LINE
8
electrical
10
-389192.21
20
18800.0
30
0
11
-389207.79
21
18800.0
31
0
0
LINE
8
electrical
10
-389207.79
20
18800.0
30
0
11
-389200.0
21
18800.0
31
0
0
LINE
8
electrical
10
-389200.0
20
4880.0
30
0
11
-389200.0
21
18800.0
31
0
0
LINE
8
electrical
10
-389200.0
20
4880.0
30
0
11
-389192.21
21
4880.0
31
0
0
LINE
8
electrical
10
-389192.21
20
4880.0
30
0
11
-389207.79
21
4880.0
31
0
0
LINE
8
electrical
10
-389207.79
20
4880.0
30
0
11
-389200.0
21
4880.0
31
0
0
LINE
8
electrical
10
-400000.0
20
18800.0
30
0
11
-399992.21
21
18800.0
31
0
0
LINE
8
electrical
10
-399992.21
20
18800.0
30
0
11
-400007.79
21
18800.0
31
0
0
LINE
8
electrical
10
-400007.79
20
18800.0
30
0
11
-400000.0
21
18800.0
31
0
0
LINE
8
electrical
10
-400000.0
20
4880.0
30
0
11
-400000.0
21
18800.0
31
0
0
LINE
8
electrical
10
-400000.0
20
4880.0
30
0
11
-399992.21
21
4880.0
31
0
0
LINE
8
electrical
10
-399992.21
20
4880.0
30
0
11
-400007.79
21
4880.0
31
0
0
LINE
8
electrical
10
-400007.79
20
4880.0
30
0
11
-400000.0
21
4880.0
31
0
0
LINE
8
electrical
10
-385437.0
20
2200.0
30
0
11
-385456.5
21
2211.26
31
0
0
LINE
8
electrical
10
-385456.5
20
2211.26
30
0
11
-385456.5
21
2188.74
31
0
0
LINE
8
electrical
10
-385456.5
20
2188.74
30
0
11
-385437.0
21
2200.0
31
0
0
LINE
8
electrical
10
-389507.17
20
4869.16
30
0
11
-389496.41
21
4885.42
31
0
0
LINE
8
electrical
10
-389496.41
20
4885.42
30
0
11
-389496.41
21
4885.42
31
0
0
LINE
8
electrical
10
-389496.41
20
4885.42
30
0
11
-389507.17
21
4869.16
31
0
0
LINE
8
electrical
10
-385457.17
20
2189.16
30
0
11
-389507.17
21
4869.16
31
0
0
LINE
8
electrical
10
-385457.17
20
2189.16
30
0
11
-385446.41
21
2205.42
31
0
0
LINE
8
electrical
10
-385446.41
20
2205.42
30
0
11
-385446.41
21
2205.42
31
0
0
LINE
8
electrical
10
-385446.41
20
2205.42
30
0
11
-385457.17
21
2189.16
31
0
0
LINE
8
electrical
10
-410500.0
20
4880.0
30
0
11
-410500.0
21
4868.74
31
0
0
LINE
8
electrical
10
-410500.0
20
4868.74
30
0
11
-410500.0
21
4891.26
31
0
0
LINE
8
electrical
10
-410500.0
20
4891.26
30
0
11
-410500.0
21
4880.0
31
0
0
LINE
8
electrical
10
-389500.0
20
4880.0
30
0
11
-410500.0
21
4880.0
31
0
0
LINE
8
electrical
10
-389500.0
20
4880.0
30
0
11
-389500.0
21
4868.74
31
0
0
LINE
8
electrical
10
-389500.0
20
4868.74
30
0
11
-389500.0
21
4891.26
31
0
0
LINE
8
electrical
10
-389500.0
20
4891.26
30
0
11
-389500.0
21
4880.0
31
0
0
LINE
8
electrical
10
-385450.0
20
2200.0
30
0
11
-385435.96
21
2200.0
31
0
0
LINE
8
electrical
10
-385435.96
20
2200.0
30
0
11
-385450.0
21
2200.0
31
0
0
LINE
8
electrical
10
-389500.0
20
4880.0
30
0
11
-389485.96
21
4880.0
31
0
0
LINE
8
electrical
10
-389485.96
20
4880.0
30
0
11
-389500.0
21
4880.0
31
0
0
LINE
8
electrical
10
-385437.0
20
2200.0
30
0
11
-385456.5
21
2211.26
31
0
0
LINE
8
electrical
10
-385456.5
20
2211.26
30
0
11
-385456.5
21
2188.74
31
0
0
LINE
8
electrical
10
-385456.5
20
2188.74
30
0
11
-385437.0
21
2200.0
31
0
0
LINE
8
electrical
10
-389507.39
20
4989.31
30
0
11
-389496.3
21
5005.35
31
0
0
LINE
8
electrical
10
-389496.3
20
5005.35
30
0
11
-389496.3
21
5005.35
31
0
0
LINE
8
electrical
10
-389496.3
20
5005.35
30
0
11
-389507.39
21
4989.31
31
0
0
LINE
8
electrical
10
-385457.39
20
2189.31
30
0
11
-389507.39
21
4989.31
31
0
0
LINE
8
electrical
10
-385457.39
20
2189.31
30
0
11
-385446.3
21
2205.35
31
0
0
LINE
8
electrical
10
-385446.3
20
2205.35
30
0
11
-385446.3
21
2205.35
31
0
0
LINE
8
electrical
10
-385446.3
20
2205.35
30
0
11
-385457.39
21
2189.31
31
0
0
LINE
8
electrical
10
-410500.0
20
5000.0
30
0
11
-410500.0
21
4988.74
31
0
0
LINE
8
electrical
10
-410500.0
20
4988.74
30
0
11
-410500.0
21
5011.26
31
0
0
LINE
8
electrical
10
-410500.0
20
5011.26
30
0
11
-410500.0
21
5000.0
31
0
0
LINE
8
electrical
10
-389500.0
20
5000.0
30
0
11
-410500.0
21
5000.0
31
0
0
LINE
8
electrical
10
-389500.0
20
5000.0
30
0
11
-389500.0
21
4988.74
31
0
0
LINE
8
electrical
10
-389500.0
20
4988.74
30
0
11
-389500.0
21
5011.26
31
0
0
LINE
8
electrical
10
-389500.0
20
5011.26
30
0
11
-389500.0
21
5000.0
31
0
0
LINE
8
electrical
10
-385450.0
20
2200.0
30
0
11
-385435.96
21
2200.0
31
0
0
LINE
8
electrical
10
-385435.96
20
2200.0
30
0
11
-385450.0
21
2200.0
31
0
0
LINE
8
electrical
10
-389500.0
20
5000.0
30
0
11
-389485.96
21
5000.0
31
0
0
LINE
8
electrical
10
-389485.96
20
5000.0
30
0
11
-389500.0
21
5000.0
31
0
0
LINE
8
electrical
10
-385437.0
20
2200.0
30
0
11
-385456.5
21
2211.26
31
0
0
LINE
8
electrical
10
-385456.5
20
2211.26
30
0
11
-385456.5
21
2188.74
31
0
0
LINE
8
electrical
10
-385456.5
20
2188.74
30
0
11
-385437.0
21
2200.0
31
0
0
LINE
8
electrical
10
-389507.6
20
5109.45
30
0
11
-389496.2
21
5125.27
31
0
0
LINE
8
electrical
10
-389496.2
20
5125.27
30
0
11
-389496.2
21
5125.27
31
0
0
LINE
8
electrical
10
-389496.2
20
5125.27
30
0
11
-389507.6
21
5109.45
31
0
0
LINE
8
electrical
10
-385457.6
20
2189.45
30
0
11
-389507.6
21
5109.45
31
0
0
LINE
8
electrical
10
-385457.6
20
2189.45
30
0
11
-385446.2
21
2205.27
31
0
0
LINE
8
electrical
10
-385446.2
20
2205.27
30
0
11
-385446.2
21
2205.27
31
0
0
LINE
8
electrical
10
-385446.2
20
2205.27
30
0
11
-385457.6
21
2189.45
31
0
0
LINE
8
electrical
10
-410500.0
20
5120.0
30
0
11
-410500.0
21
5108.74
31
0
0
LINE
8
electrical
10
-410500.0
20
5108.74
30
0
11
-410500.0
21
5131.26
31
0
0
LINE
8
electrical
10
-410500.0
20
5131.26
30
0
11
-410500.0
21
5120.0
31
0
0
LINE
8
electrical
10
-389500.0
20
5120.0
30
0
11
-410500.0
21
5120.0
31
0
0
LINE
8
electrical
10
-389500.0
20
5120.0
30
0
11
-389500.0
21
5108.74
31
0
0
LINE
8
electrical
10
-389500.0
20
5108.74
30
0
11
-389500.0
21
5131.26
31
0
0
LINE
8
electrical
10
-389500.0
20
5131.26
30
0
11
-389500.0
21
5120.0
31
0
0
LINE
8
electrical
10
-385450.0
20
2200.0
30
0
11
-385435.96
21
2200.0
31
0
0
LINE
8
electrical
10
-385435.96
20
2200.0
30
0
11
-385450.0
21
2200.0
31
0
0
LINE
8
electrical
10
-389500.0
20
5120.0
30
0
11
-389485.96
21
5120.0
31
0
0
LINE
8
electrical
10
-389485.96
20
5120.0
30
0
11
-389500.0
21
5120.0
31
0
0
LINE
8
electrical
10
-409065.0
20
2150.0
30
0
11
-409065.0
21
2210.0
31
0
0
LINE
8
electrical
10
-408935.0
20
2150.0
30
0
11
-408935.0
21
2210.0
31
0
0
LINE
8
electrical
10
-409065.0
20
2150.0
30
0
11
-408935.0
21
2150.0
31
0
0
LINE
8
electrical
10
-409065.0
20
2210.0
30
0
11
-408935.0
21
2210.0
31
0
0
LINE
8
electrical
10
-408991.0
20
2180.0
30
0
11
-409004.5
21
2187.79
31
0
0
LINE
8
electrical
10
-409004.5
20
2187.79
30
0
11
-409004.5
21
2172.21
31
0
0
LINE
8
electrical
10
-409004.5
20
2172.21
30
0
11
-408991.0
21
2180.0
31
0
0
LINE
8
electrical
10
-385450.0
20
2180.0
30
0
11
-385450.0
21
2172.21
31
0
0
LINE
8
electrical
10
-385450.0
20
2172.21
30
0
11
-385450.0
21
2187.79
31
0
0
LINE
8
electrical
10
-385450.0
20
2187.79
30
0
11
-385450.0
21
2180.0
31
0
0
LINE
8
electrical
10
-409000.0
20
2180.0
30
0
11
-385450.0
21
2180.0
31
0
0
LINE
8
electrical
10
-409000.0
20
2180.0
30
0
11
-409000.0
21
2172.21
31
0
0
LINE
8
electrical
10
-409000.0
20
2172.21
30
0
11
-409000.0
21
2187.79
31
0
0
LINE
8
electrical
10
-409000.0
20
2187.79
30
0
11
-409000.0
21
2180.0
31
0
0
LINE
8
electrical
10
-409000.0
20
2180.0
30
0
11
-408990.28
21
2180.0
31
0
0
LINE
8
electrical
10
-408990.28
20
2180.0
30
0
11
-409000.0
21
2180.0
31
0
0
LINE
8
electrical
10
-391065.0
20
2150.0
30
0
11
-391065.0
21
2210.0
31
0
0
LINE
8
electrical
10
-390935.0
20
2150.0
30
0
11
-390935.0
21
2210.0
31
0
0
LINE
8
electrical
10
-391065.0
20
2150.0
30
0
11
-390935.0
21
2150.0
31
0
0
LINE
8
electrical
10
-391065.0
20
2210.0
30
0
11
-390935.0
21
2210.0
31
0
0
LINE
8
electrical
10
-390991.0
20
2180.0
30
0
11
-391004.5
21
2187.79
31
0
0
LINE
8
electrical
10
-391004.5
20
2187.79
30
0
11
-391004.5
21
2172.21
31
0
0
LINE
8
electrical
10
-391004.5
20
2172.21
30
0
11
-390991.0
21
2180.0
31
0
0
LINE
8
electrical
10
-385450.0
20
2180.0
30
0
11
-385450.0
21
2172.21
31
0
0
LINE
8
electrical
10
-385450.0
20
2172.21
30
0
11
-385450.0
21
2187.79
31
0
0
LINE
8
electrical
10
-385450.0
20
2187.79
30
0
11
-385450.0
21
2180.0
31
0
0
LINE
8
electrical
10
-391000.0
20
2180.0
30
0
11
-385450.0
21
2180.0
31
0
0
LINE
8
electrical
10
-391000.0
20
2180.0
30
0
11
-391000.0
21
2172.21
31
0
0
LINE
8
electrical
10
-391000.0
20
2172.21
30
0
11
-391000.0
21
2187.79
31
0
0
LINE
8
electrical
10
-391000.0
20
2187.79
30
0
11
-391000.0
21
2180.0
31
0
0
LINE
8
electrical
10
-391000.0
20
2180.0
30
0
11
-390990.28
21
2180.0
31
0
0
LINE
8
electrical
10
-390990.28
20
2180.0
30
0
11
-391000.0
21
2180.0
31
0
0
LINE
8
hvac
10
-414525.0
20
2725.0
30
0
11
-414525.0
21
3475.0
31
0
0
LINE
8
hvac
10
-412875.0
20
2725.0
30
0
11
-412875.0
21
3475.0
31
0
0
LINE
8
hvac
10
-414525.0
20
2725.0
30
0
11
-412875.0
21
2725.0
31
0
0
LINE
8
hvac
10
-414525.0
20
3475.0
30
0
11
-412875.0
21
3475.0
31
0
0
LINE
8
hvac
10
-414425.0
20
2680.0
30
0
11
-414425.0
21
2720.0
31
0
0
LINE
8
hvac
10
-412975.0
20
2680.0
30
0
11
-412975.0
21
2720.0
31
0
0
LINE
8
hvac
10
-414425.0
20
2680.0
30
0
11
-412975.0
21
2680.0
31
0
0
LINE
8
hvac
10
-414425.0
20
2720.0
30
0
11
-412975.0
21
2720.0
31
0
0
LINE
8
hvac
10
-414360.0
20
2640.0
30
0
11
-414360.0
21
2700.0
31
0
0
LINE
8
hvac
10
-414320.0
20
2640.0
30
0
11
-414320.0
21
2700.0
31
0
0
LINE
8
hvac
10
-414360.0
20
2640.0
30
0
11
-414320.0
21
2640.0
31
0
0
LINE
8
hvac
10
-414360.0
20
2700.0
30
0
11
-414320.0
21
2700.0
31
0
0
LINE
8
hvac
10
-414200.0
20
2640.0
30
0
11
-414200.0
21
2700.0
31
0
0
LINE
8
hvac
10
-414160.0
20
2640.0
30
0
11
-414160.0
21
2700.0
31
0
0
LINE
8
hvac
10
-414200.0
20
2640.0
30
0
11
-414160.0
21
2640.0
31
0
0
LINE
8
hvac
10
-414200.0
20
2700.0
30
0
11
-414160.0
21
2700.0
31
0
0
LINE
8
hvac
10
-414040.0
20
2640.0
30
0
11
-414040.0
21
2700.0
31
0
0
LINE
8
hvac
10
-414000.0
20
2640.0
30
0
11
-414000.0
21
2700.0
31
0
0
LINE
8
hvac
10
-414040.0
20
2640.0
30
0
11
-414000.0
21
2640.0
31
0
0
LINE
8
hvac
10
-414040.0
20
2700.0
30
0
11
-414000.0
21
2700.0
31
0
0
LINE
8
hvac
10
-413880.0
20
2640.0
30
0
11
-413880.0
21
2700.0
31
0
0
LINE
8
hvac
10
-413840.0
20
2640.0
30
0
11
-413840.0
21
2700.0
31
0
0
LINE
8
hvac
10
-413880.0
20
2640.0
30
0
11
-413840.0
21
2640.0
31
0
0
LINE
8
hvac
10
-413880.0
20
2700.0
30
0
11
-413840.0
21
2700.0
31
0
0
LINE
8
hvac
10
-413720.0
20
2640.0
30
0
11
-413720.0
21
2700.0
31
0
0
LINE
8
hvac
10
-413680.0
20
2640.0
30
0
11
-413680.0
21
2700.0
31
0
0
LINE
8
hvac
10
-413720.0
20
2640.0
30
0
11
-413680.0
21
2640.0
31
0
0
LINE
8
hvac
10
-413720.0
20
2700.0
30
0
11
-413680.0
21
2700.0
31
0
0
LINE
8
hvac
10
-413560.0
20
2640.0
30
0
11
-413560.0
21
2700.0
31
0
0
LINE
8
hvac
10
-413520.0
20
2640.0
30
0
11
-413520.0
21
2700.0
31
0
0
LINE
8
hvac
10
-413560.0
20
2640.0
30
0
11
-413520.0
21
2640.0
31
0
0
LINE
8
hvac
10
-413560.0
20
2700.0
30
0
11
-413520.0
21
2700.0
31
0
0
LINE
8
hvac
10
-413400.0
20
2640.0
30
0
11
-413400.0
21
2700.0
31
0
0
LINE
8
hvac
10
-413360.0
20
2640.0
30
0
11
-413360.0
21
2700.0
31
0
0
LINE
8
hvac
10
-413400.0
20
2640.0
30
0
11
-413360.0
21
2640.0
31
0
0
LINE
8
hvac
10
-413400.0
20
2700.0
30
0
11
-413360.0
21
2700.0
31
0
0
LINE
8
hvac
10
-413240.0
20
2640.0
30
0
11
-413240.0
21
2700.0
31
0
0
LINE
8
hvac
10
-413200.0
20
2640.0
30
0
11
-413200.0
21
2700.0
31
0
0
LINE
8
hvac
10
-413240.0
20
2640.0
30
0
11
-413200.0
21
2640.0
31
0
0
LINE
8
hvac
10
-413240.0
20
2700.0
30
0
11
-413200.0
21
2700.0
31
0
0
LINE
8
hvac
10
-413080.0
20
2640.0
30
0
11
-413080.0
21
2700.0
31
0
0
LINE
8
hvac
10
-413040.0
20
2640.0
30
0
11
-413040.0
21
2700.0
31
0
0
LINE
8
hvac
10
-413080.0
20
2640.0
30
0
11
-413040.0
21
2640.0
31
0
0
LINE
8
hvac
10
-413080.0
20
2700.0
30
0
11
-413040.0
21
2700.0
31
0
0
LINE
8
hvac
10
-413925.0
20
2875.0
30
0
11
-413925.0
21
3325.0
31
0
0
LINE
8
hvac
10
-413475.0
20
2875.0
30
0
11
-413475.0
21
3325.0
31
0
0
LINE
8
hvac
10
-413925.0
20
2875.0
30
0
11
-413475.0
21
2875.0
31
0
0
LINE
8
hvac
10
-413925.0
20
3325.0
30
0
11
-413475.0
21
3325.0
31
0
0
LINE
8
hvac
10
-410500.0
20
11825.0
30
0
11
-410500.0
21
12175.0
31
0
0
LINE
8
hvac
10
-389500.0
20
11825.0
30
0
11
-389500.0
21
12175.0
31
0
0
LINE
8
hvac
10
-410500.0
20
11825.0
30
0
11
-389500.0
21
11825.0
31
0
0
LINE
8
hvac
10
-410500.0
20
12175.0
30
0
11
-389500.0
21
12175.0
31
0
0
LINE
8
hvac
10
-413875.0
20
2925.0
30
0
11
-413875.0
21
3275.0
31
0
0
LINE
8
hvac
10
-399825.0
20
2925.0
30
0
11
-399825.0
21
3275.0
31
0
0
LINE
8
hvac
10
-413875.0
20
2925.0
30
0
11
-399825.0
21
2925.0
31
0
0
LINE
8
hvac
10
-413875.0
20
3275.0
30
0
11
-399825.0
21
3275.0
31
0
0
LINE
8
hvac
10
-400175.0
20
2925.0
30
0
11
-400175.0
21
12175.0
31
0
0
LINE
8
hvac
10
-399825.0
20
2925.0
30
0
11
-399825.0
21
12175.0
31
0
0
LINE
8
hvac
10
-400175.0
20
2925.0
30
0
11
-399825.0
21
2925.0
31
0
0
LINE
8
hvac
10
-400175.0
20
12175.0
30
0
11
-399825.0
21
12175.0
31
0
0
LINE
8
hvac
10
-406350.0
20
11650.0
30
0
11
-406350.0
21
12350.0
31
0
0
LINE
8
hvac
10
-405650.0
20
11650.0
30
0
11
-405650.0
21
12350.0
31
0
0
LINE
8
hvac
10
-406350.0
20
11650.0
30
0
11
-405650.0
21
11650.0
31
0
0
LINE
8
hvac
10
-406350.0
20
12350.0
30
0
11
-405650.0
21
12350.0
31
0
0
LINE
8
hvac
10
-394350.0
20
11650.0
30
0
11
-394350.0
21
12350.0
31
0
0
LINE
8
hvac
10
-393650.0
20
11650.0
30
0
11
-393650.0
21
12350.0
31
0
0
LINE
8
hvac
10
-394350.0
20
11650.0
30
0
11
-393650.0
21
11650.0
31
0
0
LINE
8
hvac
10
-394350.0
20
12350.0
30
0
11
-393650.0
21
12350.0
31
0
0
LINE
8
water
10
-386510.0
20
14680.0
30
0
11
-386510.0
21
15320.0
31
0
0
LINE
8
water
10
-385590.0
20
14680.0
30
0
11
-385590.0
21
15320.0
31
0
0
LINE
8
water
10
-386510.0
20
14680.0
30
0
11
-385590.0
21
14680.0
31
0
0
LINE
8
water
10
-386510.0
20
15320.0
30
0
11
-385590.0
21
15320.0
31
0
0
LINE
8
water
10
-386500.0
20
14690.0
30
0
11
-386500.0
21
15310.0
31
0
0
LINE
8
water
10
-386500.0
20
14690.0
30
0
11
-385600.0
21
14690.0
31
0
0
LINE
8
water
10
-386500.0
20
15310.0
30
0
11
-385600.0
21
15310.0
31
0
0
LINE
8
water
10
-385600.0
20
14690.0
30
0
11
-385600.0
21
15310.0
31
0
0
LINE
8
water
10
-385725.0
20
14785.0
30
0
11
-386375.0
21
14785.0
31
0
0
LINE
8
water
10
-385725.0
20
14785.0
30
0
11
-385725.0
21
15215.0
31
0
0
LINE
8
water
10
-385725.0
20
15215.0
30
0
11
-386375.0
21
15215.0
31
0
0
LINE
8
water
10
-386375.0
20
14785.0
30
0
11
-386375.0
21
15215.0
31
0
0
LINE
8
water
10
-386032.0
20
15220.0
30
0
11
-386059.0
21
15235.59
31
0
0
LINE
8
water
10
-386059.0
20
15235.59
30
0
11
-386059.0
21
15204.41
31
0
0
LINE
8
water
10
-386059.0
20
15204.41
30
0
11
-386032.0
21
15220.0
31
0
0
LINE
8
water
10
-386050.0
20
15000.0
30
0
11
-386034.41
21
15000.0
31
0
0
LINE
8
water
10
-386034.41
20
15000.0
30
0
11
-386065.59
21
15000.0
31
0
0
LINE
8
water
10
-386065.59
20
15000.0
30
0
11
-386050.0
21
15000.0
31
0
0
LINE
8
water
10
-386050.0
20
15220.0
30
0
11
-386050.0
21
15000.0
31
0
0
LINE
8
water
10
-386050.0
20
15220.0
30
0
11
-386034.41
21
15220.0
31
0
0
LINE
8
water
10
-386034.41
20
15220.0
30
0
11
-386065.59
21
15220.0
31
0
0
LINE
8
water
10
-386065.59
20
15220.0
30
0
11
-386050.0
21
15220.0
31
0
0
LINE
8
water
10
-386050.0
20
15220.0
30
0
11
-386030.56
21
15220.0
31
0
0
LINE
8
water
10
-386030.56
20
15220.0
30
0
11
-386050.0
21
15220.0
31
0
0
LINE
8
water
10
-386105.0
20
15000.0
30
0
11
-386050.0
21
15055.0
31
0
0
LINE
8
water
10
-386050.0
20
15055.0
30
0
11
-385995.0
21
15000.0
31
0
0
LINE
8
water
10
-385995.0
20
15000.0
30
0
11
-386050.0
21
14945.0
31
0
0
LINE
8
water
10
-386050.0
20
14945.0
30
0
11
-386105.0
21
15000.0
31
0
0
LINE
8
water
10
-386050.0
20
13800.0
30
0
11
-385995.0
21
13800.0
31
0
0
LINE
8
water
10
-385995.0
20
13800.0
30
0
11
-386050.0
21
13800.0
31
0
0
LINE
8
water
10
-386050.0
20
13800.0
30
0
11
-386105.0
21
13800.0
31
0
0
LINE
8
water
10
-386105.0
20
13800.0
30
0
11
-386050.0
21
13800.0
31
0
0
LINE
8
water
10
-386050.0
20
15000.0
30
0
11
-386050.0
21
13800.0
31
0
0
LINE
8
water
10
-386050.0
20
15000.0
30
0
11
-385995.0
21
15000.0
31
0
0
LINE
8
water
10
-385995.0
20
15000.0
30
0
11
-386050.0
21
15000.0
31
0
0
LINE
8
water
10
-386050.0
20
15000.0
30
0
11
-386105.0
21
15000.0
31
0
0
LINE
8
water
10
-386105.0
20
15000.0
30
0
11
-386050.0
21
15000.0
31
0
0
LINE
8
water
10
-386105.0
20
13800.0
30
0
11
-386050.0
21
13855.0
31
0
0
LINE
8
water
10
-386050.0
20
13855.0
30
0
11
-385995.0
21
13800.0
31
0
0
LINE
8
water
10
-385995.0
20
13800.0
30
0
11
-386050.0
21
13745.0
31
0
0
LINE
8
water
10
-386050.0
20
13745.0
30
0
11
-386105.0
21
13800.0
31
0
0
LINE
8
water
10
-386050.0
20
-58000.0
30
0
11
-385995.0
21
-58000.0
31
0
0
LINE
8
water
10
-385995.0
20
-58000.0
30
0
11
-386050.0
21
-58000.0
31
0
0
LINE
8
water
10
-386050.0
20
-58000.0
30
0
11
-386105.0
21
-58000.0
31
0
0
LINE
8
water
10
-386105.0
20
-58000.0
30
0
11
-386050.0
21
-58000.0
31
0
0
LINE
8
water
10
-386050.0
20
13800.0
30
0
11
-386050.0
21
-58000.0
31
0
0
LINE
8
water
10
-455000.0
20
-58000.0
30
0
11
-455000.0
21
-58055.0
31
0
0
LINE
8
water
10
-455000.0
20
-58055.0
30
0
11
-455000.0
21
-58000.0
31
0
0
LINE
8
water
10
-455000.0
20
-58000.0
30
0
11
-455000.0
21
-57945.0
31
0
0
LINE
8
water
10
-455000.0
20
-57945.0
30
0
11
-455000.0
21
-58000.0
31
0
0
LINE
8
water
10
-386050.0
20
-58000.0
30
0
11
-455000.0
21
-58000.0
31
0
0
LINE
8
water
10
-386050.0
20
-58000.0
30
0
11
-386050.0
21
-58055.0
31
0
0
LINE
8
water
10
-386050.0
20
-58055.0
30
0
11
-386050.0
21
-58000.0
31
0
0
LINE
8
water
10
-386050.0
20
-58000.0
30
0
11
-386050.0
21
-57945.0
31
0
0
LINE
8
water
10
-386050.0
20
-57945.0
30
0
11
-386050.0
21
-58000.0
31
0
0
LINE
8
water
10
-386050.0
20
15000.0
30
0
11
-385990.6
21
15000.0
31
0
0
LINE
8
water
10
-385990.6
20
15000.0
30
0
11
-386050.0
21
15000.0
31
0
0
LINE
8
water
10
-386050.0
20
13800.0
30
0
11
-385990.6
21
13800.0
31
0
0
LINE
8
water
10
-385990.6
20
13800.0
30
0
11
-386050.0
21
13800.0
31
0
0
LINE
8
water
10
-386050.0
20
-58000.0
30
0
11
-385990.6
21
-58000.0
31
0
0
LINE
8
water
10
-385990.6
20
-58000.0
30
0
11
-386050.0
21
-58000.0
31
0
0
LINE
8
water
10
-385730.0
20
13750.0
30
0
11
-385823.73
21
13976.27
31
0
0
LINE
8
water
10
-385823.73
20
13976.27
30
0
11
-386050.0
21
14070.0
31
0
0
LINE
8
water
10
-386050.0
20
14070.0
30
0
11
-386276.27
21
13976.27
31
0
0
LINE
8
water
10
-386276.27
20
13976.27
30
0
11
-386370.0
21
13750.0
31
0
0
LINE
8
water
10
-386370.0
20
13750.0
30
0
11
-386276.27
21
13523.73
31
0
0
LINE
8
water
10
-386276.27
20
13523.73
30
0
11
-386050.0
21
13430.0
31
0
0
LINE
8
water
10
-386050.0
20
13430.0
30
0
11
-385823.73
21
13523.73
31
0
0
LINE
8
water
10
-385823.73
20
13523.73
30
0
11
-385730.0
21
13750.0
31
0
0
LINE
8
water
10
-386240.0
20
13625.0
30
0
11
-386240.0
21
13875.0
31
0
0
LINE
8
water
10
-385860.0
20
13625.0
30
0
11
-385860.0
21
13875.0
31
0
0
LINE
8
water
10
-386240.0
20
13625.0
30
0
11
-385860.0
21
13625.0
31
0
0
LINE
8
water
10
-386240.0
20
13875.0
30
0
11
-385860.0
21
13875.0
31
0
0
LINE
8
water
10
-394845.0
20
2400.0
30
0
11
-394845.0
21
2325.0
31
0
0
LINE
8
water
10
-394845.0
20
2325.0
30
0
11
-394845.0
21
2400.0
31
0
0
LINE
8
water
10
-394845.0
20
2400.0
30
0
11
-394845.0
21
2475.0
31
0
0
LINE
8
water
10
-394845.0
20
2475.0
30
0
11
-394845.0
21
2400.0
31
0
0
LINE
8
water
10
-395245.0
20
2400.0
30
0
11
-394845.0
21
2400.0
31
0
0
LINE
8
water
10
-395245.0
20
2400.0
30
0
11
-395245.0
21
2325.0
31
0
0
LINE
8
water
10
-395245.0
20
2325.0
30
0
11
-395245.0
21
2400.0
31
0
0
LINE
8
water
10
-395245.0
20
2400.0
30
0
11
-395245.0
21
2475.0
31
0
0
LINE
8
water
10
-395245.0
20
2475.0
30
0
11
-395245.0
21
2400.0
31
0
0
LINE
8
water
10
-394955.0
20
2400.0
30
0
11
-395017.19
21
2485.6
31
0
0
LINE
8
water
10
-395017.19
20
2485.6
30
0
11
-395117.81
21
2452.9
31
0
0
LINE
8
water
10
-395117.81
20
2452.9
30
0
11
-395117.81
21
2347.1
31
0
0
LINE
8
water
10
-395117.81
20
2347.1
30
0
11
-395017.19
21
2314.4
31
0
0
LINE
8
water
10
-395017.19
20
2314.4
30
0
11
-394955.0
21
2400.0
31
0
0
LINE
8
water
10
-395235.0
20
2375.0
30
0
11
-395235.0
21
2425.0
31
0
0
LINE
8
water
10
-394855.0
20
2375.0
30
0
11
-394855.0
21
2425.0
31
0
0
LINE
8
water
10
-395235.0
20
2375.0
30
0
11
-394855.0
21
2375.0
31
0
0
LINE
8
water
10
-395235.0
20
2425.0
30
0
11
-394855.0
21
2425.0
31
0
0
LINE
8
water
10
-395170.0
20
2400.0
30
0
11
-395170.0
21
2295.38
31
0
0
LINE
8
water
10
-395170.0
20
2295.38
30
0
11
-395170.0
21
2335.34
31
0
0
LINE
8
water
10
-395170.0
20
2335.34
30
0
11
-395170.0
21
2464.66
31
0
0
LINE
8
water
10
-395170.0
20
2464.66
30
0
11
-395170.0
21
2504.62
31
0
0
LINE
8
water
10
-395170.0
20
2504.62
30
0
11
-395170.0
21
2400.0
31
0
0
LINE
8
water
10
-395195.0
20
2400.0
30
0
11
-395170.0
21
2400.0
31
0
0
LINE
8
water
10
-395195.0
20
2400.0
30
0
11
-395195.0
21
2295.38
31
0
0
LINE
8
water
10
-395195.0
20
2295.38
30
0
11
-395195.0
21
2335.34
31
0
0
LINE
8
water
10
-395195.0
20
2335.34
30
0
11
-395195.0
21
2464.66
31
0
0
LINE
8
water
10
-395195.0
20
2464.66
30
0
11
-395195.0
21
2504.62
31
0
0
LINE
8
water
10
-395195.0
20
2504.62
30
0
11
-395195.0
21
2400.0
31
0
0
LINE
8
water
10
-394870.0
20
2400.0
30
0
11
-394870.0
21
2295.38
31
0
0
LINE
8
water
10
-394870.0
20
2295.38
30
0
11
-394870.0
21
2335.34
31
0
0
LINE
8
water
10
-394870.0
20
2335.34
30
0
11
-394870.0
21
2464.66
31
0
0
LINE
8
water
10
-394870.0
20
2464.66
30
0
11
-394870.0
21
2504.62
31
0
0
LINE
8
water
10
-394870.0
20
2504.62
30
0
11
-394870.0
21
2400.0
31
0
0
LINE
8
water
10
-394895.0
20
2400.0
30
0
11
-394870.0
21
2400.0
31
0
0
LINE
8
water
10
-394895.0
20
2400.0
30
0
11
-394895.0
21
2295.38
31
0
0
LINE
8
water
10
-394895.0
20
2295.38
30
0
11
-394895.0
21
2335.34
31
0
0
LINE
8
water
10
-394895.0
20
2335.34
30
0
11
-394895.0
21
2464.66
31
0
0
LINE
8
water
10
-394895.0
20
2464.66
30
0
11
-394895.0
21
2504.62
31
0
0
LINE
8
water
10
-394895.0
20
2504.62
30
0
11
-394895.0
21
2400.0
31
0
0
LINE
8
water
10
-398900.0
20
2400.0
30
0
11
-398869.69
21
2400.0
31
0
0
LINE
8
water
10
-398869.69
20
2400.0
30
0
11
-398930.31
21
2400.0
31
0
0
LINE
8
water
10
-398930.31
20
2400.0
30
0
11
-398900.0
21
2400.0
31
0
0
LINE
8
water
10
-398900.0
20
-60500.0
30
0
11
-398900.0
21
2400.0
31
0
0
LINE
8
water
10
-398900.0
20
-60500.0
30
0
11
-398869.69
21
-60500.0
31
0
0
LINE
8
water
10
-398869.69
20
-60500.0
30
0
11
-398930.31
21
-60500.0
31
0
0
LINE
8
water
10
-398930.31
20
-60500.0
30
0
11
-398900.0
21
-60500.0
31
0
0
LINE
8
water
10
-386050.0
20
2400.0
30
0
11
-386050.0
21
2369.69
31
0
0
LINE
8
water
10
-386050.0
20
2369.69
30
0
11
-386050.0
21
2430.31
31
0
0
LINE
8
water
10
-386050.0
20
2430.31
30
0
11
-386050.0
21
2400.0
31
0
0
LINE
8
water
10
-398900.0
20
2400.0
30
0
11
-386050.0
21
2400.0
31
0
0
LINE
8
water
10
-398900.0
20
2400.0
30
0
11
-398900.0
21
2369.69
31
0
0
LINE
8
water
10
-398900.0
20
2369.69
30
0
11
-398900.0
21
2430.31
31
0
0
LINE
8
water
10
-398900.0
20
2430.31
30
0
11
-398900.0
21
2400.0
31
0
0
LINE
8
water
10
-386050.0
20
15230.0
30
0
11
-386019.69
21
15230.0
31
0
0
LINE
8
water
10
-386019.69
20
15230.0
30
0
11
-386080.31
21
15230.0
31
0
0
LINE
8
water
10
-386080.31
20
15230.0
30
0
11
-386050.0
21
15230.0
31
0
0
LINE
8
water
10
-386050.0
20
2400.0
30
0
11
-386050.0
21
15230.0
31
0
0
LINE
8
water
10
-386050.0
20
2400.0
30
0
11
-386019.69
21
2400.0
31
0
0
LINE
8
water
10
-386019.69
20
2400.0
30
0
11
-386080.31
21
2400.0
31
0
0
LINE
8
water
10
-386080.31
20
2400.0
30
0
11
-386050.0
21
2400.0
31
0
0
LINE
8
water
10
-386085.0
20
15230.0
30
0
11
-386032.5
21
15260.31
31
0
0
LINE
8
water
10
-386032.5
20
15260.31
30
0
11
-386032.5
21
15199.69
31
0
0
LINE
8
water
10
-386032.5
20
15199.69
30
0
11
-386085.0
21
15230.0
31
0
0
LINE
8
water
10
-398900.0
20
2400.0
30
0
11
-398862.2
21
2400.0
31
0
0
LINE
8
water
10
-398862.2
20
2400.0
30
0
11
-398900.0
21
2400.0
31
0
0
LINE
8
water
10
-386050.0
20
2400.0
30
0
11
-386012.2
21
2400.0
31
0
0
LINE
8
water
10
-386012.2
20
2400.0
30
0
11
-386050.0
21
2400.0
31
0
0
LINE
8
water
10
-386050.0
20
15230.0
30
0
11
-386012.2
21
15230.0
31
0
0
LINE
8
water
10
-386012.2
20
15230.0
30
0
11
-386050.0
21
15230.0
31
0
0
LINE
8
water
10
-394636.0
20
2400.0
30
0
11
-394636.0
21
2325.0
31
0
0
LINE
8
water
10
-394636.0
20
2325.0
30
0
11
-394636.0
21
2400.0
31
0
0
LINE
8
water
10
-394636.0
20
2400.0
30
0
11
-394636.0
21
2475.0
31
0
0
LINE
8
water
10
-394636.0
20
2475.0
30
0
11
-394636.0
21
2400.0
31
0
0
LINE
8
water
10
-395036.0
20
2400.0
30
0
11
-394636.0
21
2400.0
31
0
0
LINE
8
water
10
-395036.0
20
2400.0
30
0
11
-395036.0
21
2325.0
31
0
0
LINE
8
water
10
-395036.0
20
2325.0
30
0
11
-395036.0
21
2400.0
31
0
0
LINE
8
water
10
-395036.0
20
2400.0
30
0
11
-395036.0
21
2475.0
31
0
0
LINE
8
water
10
-395036.0
20
2475.0
30
0
11
-395036.0
21
2400.0
31
0
0
LINE
8
water
10
-394746.0
20
2400.0
30
0
11
-394808.19
21
2485.6
31
0
0
LINE
8
water
10
-394808.19
20
2485.6
30
0
11
-394908.81
21
2452.9
31
0
0
LINE
8
water
10
-394908.81
20
2452.9
30
0
11
-394908.81
21
2347.1
31
0
0
LINE
8
water
10
-394908.81
20
2347.1
30
0
11
-394808.19
21
2314.4
31
0
0
LINE
8
water
10
-394808.19
20
2314.4
30
0
11
-394746.0
21
2400.0
31
0
0
LINE
8
water
10
-395026.0
20
2375.0
30
0
11
-395026.0
21
2425.0
31
0
0
LINE
8
water
10
-394646.0
20
2375.0
30
0
11
-394646.0
21
2425.0
31
0
0
LINE
8
water
10
-395026.0
20
2375.0
30
0
11
-394646.0
21
2375.0
31
0
0
LINE
8
water
10
-395026.0
20
2425.0
30
0
11
-394646.0
21
2425.0
31
0
0
LINE
8
water
10
-394961.0
20
2400.0
30
0
11
-394961.0
21
2295.38
31
0
0
LINE
8
water
10
-394961.0
20
2295.38
30
0
11
-394961.0
21
2335.34
31
0
0
LINE
8
water
10
-394961.0
20
2335.34
30
0
11
-394961.0
21
2464.66
31
0
0
LINE
8
water
10
-394961.0
20
2464.66
30
0
11
-394961.0
21
2504.62
31
0
0
LINE
8
water
10
-394961.0
20
2504.62
30
0
11
-394961.0
21
2400.0
31
0
0
LINE
8
water
10
-394986.0
20
2400.0
30
0
11
-394961.0
21
2400.0
31
0
0
LINE
8
water
10
-394986.0
20
2400.0
30
0
11
-394986.0
21
2295.38
31
0
0
LINE
8
water
10
-394986.0
20
2295.38
30
0
11
-394986.0
21
2335.34
31
0
0
LINE
8
water
10
-394986.0
20
2335.34
30
0
11
-394986.0
21
2464.66
31
0
0
LINE
8
water
10
-394986.0
20
2464.66
30
0
11
-394986.0
21
2504.62
31
0
0
LINE
8
water
10
-394986.0
20
2504.62
30
0
11
-394986.0
21
2400.0
31
0
0
LINE
8
water
10
-394661.0
20
2400.0
30
0
11
-394661.0
21
2295.38
31
0
0
LINE
8
water
10
-394661.0
20
2295.38
30
0
11
-394661.0
21
2335.34
31
0
0
LINE
8
water
10
-394661.0
20
2335.34
30
0
11
-394661.0
21
2464.66
31
0
0
LINE
8
water
10
-394661.0
20
2464.66
30
0
11
-394661.0
21
2504.62
31
0
0
LINE
8
water
10
-394661.0
20
2504.62
30
0
11
-394661.0
21
2400.0
31
0
0
LINE
8
water
10
-394686.0
20
2400.0
30
0
11
-394661.0
21
2400.0
31
0
0
LINE
8
water
10
-394686.0
20
2400.0
30
0
11
-394686.0
21
2295.38
31
0
0
LINE
8
water
10
-394686.0
20
2295.38
30
0
11
-394686.0
21
2335.34
31
0
0
LINE
8
water
10
-394686.0
20
2335.34
30
0
11
-394686.0
21
2464.66
31
0
0
LINE
8
water
10
-394686.0
20
2464.66
30
0
11
-394686.0
21
2504.62
31
0
0
LINE
8
water
10
-394686.0
20
2504.62
30
0
11
-394686.0
21
2400.0
31
0
0
LINE
8
water
10
-398550.0
20
2400.0
30
0
11
-398519.69
21
2400.0
31
0
0
LINE
8
water
10
-398519.69
20
2400.0
30
0
11
-398580.31
21
2400.0
31
0
0
LINE
8
water
10
-398580.31
20
2400.0
30
0
11
-398550.0
21
2400.0
31
0
0
LINE
8
water
10
-398550.0
20
-59500.0
30
0
11
-398550.0
21
2400.0
31
0
0
LINE
8
water
10
-398550.0
20
-59500.0
30
0
11
-398519.69
21
-59500.0
31
0
0
LINE
8
water
10
-398519.69
20
-59500.0
30
0
11
-398580.31
21
-59500.0
31
0
0
LINE
8
water
10
-398580.31
20
-59500.0
30
0
11
-398550.0
21
-59500.0
31
0
0
LINE
8
water
10
-386170.0
20
2400.0
30
0
11
-386170.0
21
2369.69
31
0
0
LINE
8
water
10
-386170.0
20
2369.69
30
0
11
-386170.0
21
2430.31
31
0
0
LINE
8
water
10
-386170.0
20
2430.31
30
0
11
-386170.0
21
2400.0
31
0
0
LINE
8
water
10
-398550.0
20
2400.0
30
0
11
-386170.0
21
2400.0
31
0
0
LINE
8
water
10
-398550.0
20
2400.0
30
0
11
-398550.0
21
2369.69
31
0
0
LINE
8
water
10
-398550.0
20
2369.69
30
0
11
-398550.0
21
2430.31
31
0
0
LINE
8
water
10
-398550.0
20
2430.31
30
0
11
-398550.0
21
2400.0
31
0
0
LINE
8
water
10
-386170.0
20
15230.0
30
0
11
-386139.69
21
15230.0
31
0
0
LINE
8
water
10
-386139.69
20
15230.0
30
0
11
-386200.31
21
15230.0
31
0
0
LINE
8
water
10
-386200.31
20
15230.0
30
0
11
-386170.0
21
15230.0
31
0
0
LINE
8
water
10
-386170.0
20
2400.0
30
0
11
-386170.0
21
15230.0
31
0
0
LINE
8
water
10
-386170.0
20
2400.0
30
0
11
-386139.69
21
2400.0
31
0
0
LINE
8
water
10
-386139.69
20
2400.0
30
0
11
-386200.31
21
2400.0
31
0
0
LINE
8
water
10
-386200.31
20
2400.0
30
0
11
-386170.0
21
2400.0
31
0
0
LINE
8
water
10
-386205.0
20
15230.0
30
0
11
-386152.5
21
15260.31
31
0
0
LINE
8
water
10
-386152.5
20
15260.31
30
0
11
-386152.5
21
15199.69
31
0
0
LINE
8
water
10
-386152.5
20
15199.69
30
0
11
-386205.0
21
15230.0
31
0
0
LINE
8
water
10
-398550.0
20
2400.0
30
0
11
-398512.2
21
2400.0
31
0
0
LINE
8
water
10
-398512.2
20
2400.0
30
0
11
-398550.0
21
2400.0
31
0
0
LINE
8
water
10
-386170.0
20
2400.0
30
0
11
-386132.2
21
2400.0
31
0
0
LINE
8
water
10
-386132.2
20
2400.0
30
0
11
-386170.0
21
2400.0
31
0
0
LINE
8
water
10
-386170.0
20
15230.0
30
0
11
-386132.2
21
15230.0
31
0
0
LINE
8
water
10
-386132.2
20
15230.0
30
0
11
-386170.0
21
15230.0
31
0
0
LINE
8
sensors
10
-414960.0
20
6320.0
30
0
11
-414960.0
21
6480.0
31
0
0
LINE
8
sensors
10
-414860.0
20
6320.0
30
0
11
-414860.0
21
6480.0
31
0
0
LINE
8
sensors
10
-414960.0
20
6320.0
30
0
11
-414860.0
21
6320.0
31
0
0
LINE
8
sensors
10
-414960.0
20
6480.0
30
0
11
-414860.0
21
6480.0
31
0
0
LINE
8
sensors
10
-414855.0
20
6345.0
30
0
11
-414855.0
21
6455.0
31
0
0
LINE
8
sensors
10
-414835.0
20
6345.0
30
0
11
-414835.0
21
6455.0
31
0
0
LINE
8
sensors
10
-414855.0
20
6345.0
30
0
11
-414835.0
21
6345.0
31
0
0
LINE
8
sensors
10
-414855.0
20
6455.0
30
0
11
-414835.0
21
6455.0
31
0
0
LINE
8
sensors
10
-414960.0
20
6620.0
30
0
11
-414960.0
21
6780.0
31
0
0
LINE
8
sensors
10
-414860.0
20
6620.0
30
0
11
-414860.0
21
6780.0
31
0
0
LINE
8
sensors
10
-414960.0
20
6620.0
30
0
11
-414860.0
21
6620.0
31
0
0
LINE
8
sensors
10
-414960.0
20
6780.0
30
0
11
-414860.0
21
6780.0
31
0
0
LINE
8
sensors
10
-414855.0
20
6645.0
30
0
11
-414855.0
21
6755.0
31
0
0
LINE
8
sensors
10
-414835.0
20
6645.0
30
0
11
-414835.0
21
6755.0
31
0
0
LINE
8
sensors
10
-414855.0
20
6645.0
30
0
11
-414835.0
21
6645.0
31
0
0
LINE
8
sensors
10
-414855.0
20
6755.0
30
0
11
-414835.0
21
6755.0
31
0
0
LINE
8
sensors
10
-414960.0
20
6920.0
30
0
11
-414960.0
21
7080.0
31
0
0
LINE
8
sensors
10
-414860.0
20
6920.0
30
0
11
-414860.0
21
7080.0
31
0
0
LINE
8
sensors
10
-414960.0
20
6920.0
30
0
11
-414860.0
21
6920.0
31
0
0
LINE
8
sensors
10
-414960.0
20
7080.0
30
0
11
-414860.0
21
7080.0
31
0
0
LINE
8
sensors
10
-414855.0
20
6945.0
30
0
11
-414855.0
21
7055.0
31
0
0
LINE
8
sensors
10
-414835.0
20
6945.0
30
0
11
-414835.0
21
7055.0
31
0
0
LINE
8
sensors
10
-414855.0
20
6945.0
30
0
11
-414835.0
21
6945.0
31
0
0
LINE
8
sensors
10
-414855.0
20
7055.0
30
0
11
-414835.0
21
7055.0
31
0
0
LINE
8
sensors
10
-399920.0
20
12000.0
30
0
11
-400000.0
21
12080.0
31
0
0
LINE
8
sensors
10
-400000.0
20
12080.0
30
0
11
-400080.0
21
12000.0
31
0
0
LINE
8
sensors
10
-400080.0
20
12000.0
30
0
11
-400000.0
21
11920.0
31
0
0
LINE
8
sensors
10
-400000.0
20
11920.0
30
0
11
-399920.0
21
12000.0
31
0
0
LINE
8
sensors
10
-400000.0
20
12000.0
30
0
11
-399935.0
21
12000.0
31
0
0
LINE
8
sensors
10
-399935.0
20
12000.0
30
0
11
-400000.0
21
12000.0
31
0
0
LINE
8
sensors
10
-414960.0
20
7520.0
30
0
11
-414960.0
21
7680.0
31
0
0
LINE
8
sensors
10
-414860.0
20
7520.0
30
0
11
-414860.0
21
7680.0
31
0
0
LINE
8
sensors
10
-414960.0
20
7520.0
30
0
11
-414860.0
21
7520.0
31
0
0
LINE
8
sensors
10
-414960.0
20
7680.0
30
0
11
-414860.0
21
7680.0
31
0
0
LINE
8
sensors
10
-414855.0
20
7545.0
30
0
11
-414855.0
21
7655.0
31
0
0
LINE
8
sensors
10
-414835.0
20
7545.0
30
0
11
-414835.0
21
7655.0
31
0
0
LINE
8
sensors
10
-414855.0
20
7545.0
30
0
11
-414835.0
21
7545.0
31
0
0
LINE
8
sensors
10
-414855.0
20
7655.0
30
0
11
-414835.0
21
7655.0
31
0
0
LINE
8
sensors
10
-390437.5
20
2400.0
30
0
11
-390437.5
21
2325.0
31
0
0
LINE
8
sensors
10
-390437.5
20
2325.0
30
0
11
-390437.5
21
2400.0
31
0
0
LINE
8
sensors
10
-390437.5
20
2400.0
30
0
11
-390437.5
21
2475.0
31
0
0
LINE
8
sensors
10
-390437.5
20
2475.0
30
0
11
-390437.5
21
2400.0
31
0
0
LINE
8
sensors
10
-390657.5
20
2400.0
30
0
11
-390437.5
21
2400.0
31
0
0
LINE
8
sensors
10
-390657.5
20
2400.0
30
0
11
-390657.5
21
2325.0
31
0
0
LINE
8
sensors
10
-390657.5
20
2325.0
30
0
11
-390657.5
21
2400.0
31
0
0
LINE
8
sensors
10
-390657.5
20
2400.0
30
0
11
-390657.5
21
2475.0
31
0
0
LINE
8
sensors
10
-390657.5
20
2475.0
30
0
11
-390657.5
21
2400.0
31
0
0
LINE
8
sensors
10
-390627.5
20
2330.0
30
0
11
-390627.5
21
2470.0
31
0
0
LINE
8
sensors
10
-390467.5
20
2330.0
30
0
11
-390467.5
21
2470.0
31
0
0
LINE
8
sensors
10
-390627.5
20
2330.0
30
0
11
-390467.5
21
2330.0
31
0
0
LINE
8
sensors
10
-390627.5
20
2470.0
30
0
11
-390467.5
21
2470.0
31
0
0
LINE
8
sensors
10
-390393.0
20
2400.0
30
0
11
-390393.0
21
2325.0
31
0
0
LINE
8
sensors
10
-390393.0
20
2325.0
30
0
11
-390393.0
21
2400.0
31
0
0
LINE
8
sensors
10
-390393.0
20
2400.0
30
0
11
-390393.0
21
2475.0
31
0
0
LINE
8
sensors
10
-390393.0
20
2475.0
30
0
11
-390393.0
21
2400.0
31
0
0
LINE
8
sensors
10
-390613.0
20
2400.0
30
0
11
-390393.0
21
2400.0
31
0
0
LINE
8
sensors
10
-390613.0
20
2400.0
30
0
11
-390613.0
21
2325.0
31
0
0
LINE
8
sensors
10
-390613.0
20
2325.0
30
0
11
-390613.0
21
2400.0
31
0
0
LINE
8
sensors
10
-390613.0
20
2400.0
30
0
11
-390613.0
21
2475.0
31
0
0
LINE
8
sensors
10
-390613.0
20
2475.0
30
0
11
-390613.0
21
2400.0
31
0
0
LINE
8
sensors
10
-390583.0
20
2330.0
30
0
11
-390583.0
21
2470.0
31
0
0
LINE
8
sensors
10
-390423.0
20
2330.0
30
0
11
-390423.0
21
2470.0
31
0
0
LINE
8
sensors
10
-390583.0
20
2330.0
30
0
11
-390423.0
21
2330.0
31
0
0
LINE
8
sensors
10
-390583.0
20
2470.0
30
0
11
-390423.0
21
2470.0
31
0
0
LINE
8
interiors
10
-375000.0
20
2000.0
30
0
11
-375000.0
21
22000.0
31
0
0
LINE
8
interiors
10
-375000.0
20
2000.0
30
0
11
-361200.0
21
2000.0
31
0
0
LINE
8
interiors
10
-361200.0
20
2000.0
30
0
11
-358800.0
21
2000.0
31
0
0
LINE
8
interiors
10
-358800.0
20
2000.0
30
0
11
-345000.0
21
2000.0
31
0
0
LINE
8
interiors
10
-375000.0
20
2000.0
30
0
11
-345000.0
21
2000.0
31
0
0
LINE
8
interiors
10
-375000.0
20
22000.0
30
0
11
-345000.0
21
22000.0
31
0
0
LINE
8
interiors
10
-345000.0
20
2000.0
30
0
11
-345000.0
21
22000.0
31
0
0
LINE
8
interiors
10
-345120.0
20
2120.0
30
0
11
-374880.0
21
2120.0
31
0
0
LINE
8
interiors
10
-345120.0
20
2120.0
30
0
11
-345120.0
21
21880.0
31
0
0
LINE
8
interiors
10
-345120.0
20
21880.0
30
0
11
-374880.0
21
21880.0
31
0
0
LINE
8
interiors
10
-374880.0
20
2120.0
30
0
11
-374880.0
21
21880.0
31
0
0
LINE
8
interiors
10
-367800.0
20
22000.0
30
0
11
-352200.0
21
22000.0
31
0
0
LINE
8
interiors
10
-358800.0
20
2000.0
30
0
11
-358800.0
21
2120.0
31
0
0
LINE
8
interiors
10
-345120.0
20
2120.0
30
0
11
-358800.0
21
2120.0
31
0
0
LINE
8
interiors
10
-361200.0
20
2120.0
30
0
11
-374880.0
21
2120.0
31
0
0
LINE
8
interiors
10
-361200.0
20
2000.0
30
0
11
-361200.0
21
2120.0
31
0
0
LINE
8
interiors
10
-361200.0
20
2120.0
30
0
11
-358800.0
21
2120.0
31
0
0
LINE
8
interiors
10
-367800.0
20
21880.0
30
0
11
-352200.0
21
21880.0
31
0
0
LINE
8
interiors
10
-367800.0
20
21880.0
30
0
11
-367800.0
21
22000.0
31
0
0
LINE
8
interiors
10
-352200.0
20
21880.0
30
0
11
-352200.0
21
22000.0
31
0
0
LINE
8
interiors
10
-367800.0
20
21977.5
30
0
11
-367800.0
21
22022.5
31
0
0
LINE
8
interiors
10
-352200.0
20
21977.5
30
0
11
-352200.0
21
22022.5
31
0
0
LINE
8
interiors
10
-367800.0
20
21977.5
30
0
11
-352200.0
21
21977.5
31
0
0
LINE
8
interiors
10
-367800.0
20
22022.5
30
0
11
-352200.0
21
22022.5
31
0
0
LINE
8
interiors
10
-374875.0
20
2125.0
30
0
11
-374875.0
21
21875.0
31
0
0
LINE
8
interiors
10
-345125.0
20
2125.0
30
0
11
-345125.0
21
21875.0
31
0
0
LINE
8
interiors
10
-374875.0
20
2125.0
30
0
11
-345125.0
21
2125.0
31
0
0
LINE
8
interiors
10
-374875.0
20
21875.0
30
0
11
-345125.0
21
21875.0
31
0
0
LINE
8
interiors
10
-361155.0
20
1880.0
30
0
11
-361155.0
21
2120.0
31
0
0
LINE
8
interiors
10
-361085.0
20
1880.0
30
0
11
-361085.0
21
2120.0
31
0
0
LINE
8
interiors
10
-361155.0
20
1880.0
30
0
11
-361085.0
21
1880.0
31
0
0
LINE
8
interiors
10
-361155.0
20
2120.0
30
0
11
-361085.0
21
2120.0
31
0
0
LINE
8
interiors
10
-358915.0
20
1880.0
30
0
11
-358915.0
21
2120.0
31
0
0
LINE
8
interiors
10
-358845.0
20
1880.0
30
0
11
-358845.0
21
2120.0
31
0
0
LINE
8
interiors
10
-358915.0
20
1880.0
30
0
11
-358845.0
21
1880.0
31
0
0
LINE
8
interiors
10
-358915.0
20
2120.0
30
0
11
-358845.0
21
2120.0
31
0
0
LINE
8
interiors
10
-361150.0
20
1880.0
30
0
11
-361150.0
21
2120.0
31
0
0
LINE
8
interiors
10
-358850.0
20
1880.0
30
0
11
-358850.0
21
2120.0
31
0
0
LINE
8
interiors
10
-361150.0
20
1880.0
30
0
11
-358850.0
21
1880.0
31
0
0
LINE
8
interiors
10
-361150.0
20
2120.0
30
0
11
-358850.0
21
2120.0
31
0
0
LINE
8
interiors
10
-361069.61
20
2090.49
30
0
11
-361110.39
21
2109.51
31
0
0
LINE
8
interiors
10
-360613.18
20
3069.3
30
0
11
-360653.96
21
3088.32
31
0
0
LINE
8
interiors
10
-361069.61
20
2090.49
30
0
11
-360613.18
21
3069.3
31
0
0
LINE
8
interiors
10
-361110.39
20
2109.51
30
0
11
-360653.96
21
3088.32
31
0
0
LINE
8
interiors
10
-368950.0
20
10800.0
30
0
11
-368950.0
21
13200.0
31
0
0
LINE
8
interiors
10
-365450.0
20
10800.0
30
0
11
-365450.0
21
13200.0
31
0
0
LINE
8
interiors
10
-368950.0
20
10800.0
30
0
11
-365450.0
21
10800.0
31
0
0
LINE
8
interiors
10
-368950.0
20
13200.0
30
0
11
-365450.0
21
13200.0
31
0
0
LINE
8
interiors
10
-366600.0
20
12000.0
30
0
11
-366695.25
21
12324.38
31
0
0
LINE
8
interiors
10
-366695.25
20
12324.38
30
0
11
-366950.75
21
12545.78
31
0
0
LINE
8
interiors
10
-366950.75
20
12545.78
30
0
11
-367285.39
21
12593.89
31
0
0
LINE
8
interiors
10
-367285.39
20
12593.89
30
0
11
-367592.92
21
12453.45
31
0
0
LINE
8
interiors
10
-367592.92
20
12453.45
30
0
11
-367775.7
21
12169.04
31
0
0
LINE
8
interiors
10
-367775.7
20
12169.04
30
0
11
-367775.7
21
11830.96
31
0
0
LINE
8
interiors
10
-367775.7
20
11830.96
30
0
11
-367592.92
21
11546.55
31
0
0
LINE
8
interiors
10
-367592.92
20
11546.55
30
0
11
-367285.39
21
11406.11
31
0
0
LINE
8
interiors
10
-367285.39
20
11406.11
30
0
11
-366950.75
21
11454.22
31
0
0
LINE
8
interiors
10
-366950.75
20
11454.22
30
0
11
-366695.25
21
11675.62
31
0
0
LINE
8
interiors
10
-366695.25
20
11675.62
30
0
11
-366600.0
21
12000.0
31
0
0
LINE
8
interiors
10
-365600.0
20
11350.0
30
0
11
-365600.0
21
12650.0
31
0
0
LINE
8
interiors
10
-364600.0
20
11350.0
30
0
11
-364600.0
21
12650.0
31
0
0
LINE
8
interiors
10
-365600.0
20
11350.0
30
0
11
-364600.0
21
11350.0
31
0
0
LINE
8
interiors
10
-365600.0
20
12650.0
30
0
11
-364600.0
21
12650.0
31
0
0
LINE
8
interiors
10
-365400.0
20
11270.0
30
0
11
-365400.0
21
11330.0
31
0
0
LINE
8
interiors
10
-364800.0
20
11270.0
30
0
11
-364800.0
21
11330.0
31
0
0
LINE
8
interiors
10
-365400.0
20
11270.0
30
0
11
-364800.0
21
11270.0
31
0
0
LINE
8
interiors
10
-365400.0
20
11330.0
30
0
11
-364800.0
21
11330.0
31
0
0
LINE
8
interiors
10
-365130.0
20
11265.0
30
0
11
-365130.0
21
11335.0
31
0
0
LINE
8
interiors
10
-365070.0
20
11265.0
30
0
11
-365070.0
21
11335.0
31
0
0
LINE
8
interiors
10
-365130.0
20
11265.0
30
0
11
-365070.0
21
11265.0
31
0
0
LINE
8
interiors
10
-365130.0
20
11335.0
30
0
11
-365070.0
21
11335.0
31
0
0
LINE
8
interiors
10
-365250.0
20
11190.0
30
0
11
-365250.0
21
11410.0
31
0
0
LINE
8
interiors
10
-364950.0
20
11190.0
30
0
11
-364950.0
21
11410.0
31
0
0
LINE
8
interiors
10
-365250.0
20
11190.0
30
0
11
-364950.0
21
11190.0
31
0
0
LINE
8
interiors
10
-365250.0
20
11410.0
30
0
11
-364950.0
21
11410.0
31
0
0
LINE
8
interiors
10
-354550.0
20
10800.0
30
0
11
-354550.0
21
13200.0
31
0
0
LINE
8
interiors
10
-351050.0
20
10800.0
30
0
11
-351050.0
21
13200.0
31
0
0
LINE
8
interiors
10
-354550.0
20
10800.0
30
0
11
-351050.0
21
10800.0
31
0
0
LINE
8
interiors
10
-354550.0
20
13200.0
30
0
11
-351050.0
21
13200.0
31
0
0
LINE
8
interiors
10
-352200.0
20
12000.0
30
0
11
-352295.25
21
12324.38
31
0
0
LINE
8
interiors
10
-352295.25
20
12324.38
30
0
11
-352550.75
21
12545.78
31
0
0
LINE
8
interiors
10
-352550.75
20
12545.78
30
0
11
-352885.39
21
12593.89
31
0
0
LINE
8
interiors
10
-352885.39
20
12593.89
30
0
11
-353192.92
21
12453.45
31
0
0
LINE
8
interiors
10
-353192.92
20
12453.45
30
0
11
-353375.7
21
12169.04
31
0
0
LINE
8
interiors
10
-353375.7
20
12169.04
30
0
11
-353375.7
21
11830.96
31
0
0
LINE
8
interiors
10
-353375.7
20
11830.96
30
0
11
-353192.92
21
11546.55
31
0
0
LINE
8
interiors
10
-353192.92
20
11546.55
30
0
11
-352885.39
21
11406.11
31
0
0
LINE
8
interiors
10
-352885.39
20
11406.11
30
0
11
-352550.75
21
11454.22
31
0
0
LINE
8
interiors
10
-352550.75
20
11454.22
30
0
11
-352295.25
21
11675.62
31
0
0
LINE
8
interiors
10
-352295.25
20
11675.62
30
0
11
-352200.0
21
12000.0
31
0
0
LINE
8
interiors
10
-351200.0
20
11350.0
30
0
11
-351200.0
21
12650.0
31
0
0
LINE
8
interiors
10
-350200.0
20
11350.0
30
0
11
-350200.0
21
12650.0
31
0
0
LINE
8
interiors
10
-351200.0
20
11350.0
30
0
11
-350200.0
21
11350.0
31
0
0
LINE
8
interiors
10
-351200.0
20
12650.0
30
0
11
-350200.0
21
12650.0
31
0
0
LINE
8
interiors
10
-351000.0
20
11270.0
30
0
11
-351000.0
21
11330.0
31
0
0
LINE
8
interiors
10
-350400.0
20
11270.0
30
0
11
-350400.0
21
11330.0
31
0
0
LINE
8
interiors
10
-351000.0
20
11270.0
30
0
11
-350400.0
21
11270.0
31
0
0
LINE
8
interiors
10
-351000.0
20
11330.0
30
0
11
-350400.0
21
11330.0
31
0
0
LINE
8
interiors
10
-350730.0
20
11265.0
30
0
11
-350730.0
21
11335.0
31
0
0
LINE
8
interiors
10
-350670.0
20
11265.0
30
0
11
-350670.0
21
11335.0
31
0
0
LINE
8
interiors
10
-350730.0
20
11265.0
30
0
11
-350670.0
21
11265.0
31
0
0
LINE
8
interiors
10
-350730.0
20
11335.0
30
0
11
-350670.0
21
11335.0
31
0
0
LINE
8
interiors
10
-350850.0
20
11190.0
30
0
11
-350850.0
21
11410.0
31
0
0
LINE
8
interiors
10
-350550.0
20
11190.0
30
0
11
-350550.0
21
11410.0
31
0
0
LINE
8
interiors
10
-350850.0
20
11190.0
30
0
11
-350550.0
21
11190.0
31
0
0
LINE
8
interiors
10
-350850.0
20
11410.0
30
0
11
-350550.0
21
11410.0
31
0
0
LINE
8
electrical
10
-345725.0
20
2075.0
30
0
11
-345725.0
21
2325.0
31
0
0
LINE
8
electrical
10
-345175.0
20
2075.0
30
0
11
-345175.0
21
2325.0
31
0
0
LINE
8
electrical
10
-345725.0
20
2075.0
30
0
11
-345175.0
21
2075.0
31
0
0
LINE
8
electrical
10
-345725.0
20
2325.0
30
0
11
-345175.0
21
2325.0
31
0
0
LINE
8
electrical
10
-345685.0
20
2047.5
30
0
11
-345685.0
21
2082.5
31
0
0
LINE
8
electrical
10
-345215.0
20
2047.5
30
0
11
-345215.0
21
2082.5
31
0
0
LINE
8
electrical
10
-345685.0
20
2047.5
30
0
11
-345215.0
21
2047.5
31
0
0
LINE
8
electrical
10
-345685.0
20
2082.5
30
0
11
-345215.0
21
2082.5
31
0
0
LINE
8
electrical
10
-345637.5
20
2010.0
30
0
11
-345637.5
21
2050.0
31
0
0
LINE
8
electrical
10
-345537.5
20
2010.0
30
0
11
-345537.5
21
2050.0
31
0
0
LINE
8
electrical
10
-345637.5
20
2010.0
30
0
11
-345537.5
21
2010.0
31
0
0
LINE
8
electrical
10
-345637.5
20
2050.0
30
0
11
-345537.5
21
2050.0
31
0
0
LINE
8
electrical
10
-345500.0
20
2010.0
30
0
11
-345500.0
21
2050.0
31
0
0
LINE
8
electrical
10
-345400.0
20
2010.0
30
0
11
-345400.0
21
2050.0
31
0
0
LINE
8
electrical
10
-345500.0
20
2010.0
30
0
11
-345400.0
21
2010.0
31
0
0
LINE
8
electrical
10
-345500.0
20
2050.0
30
0
11
-345400.0
21
2050.0
31
0
0
LINE
8
electrical
10
-345362.5
20
2010.0
30
0
11
-345362.5
21
2050.0
31
0
0
LINE
8
electrical
10
-345262.5
20
2010.0
30
0
11
-345262.5
21
2050.0
31
0
0
LINE
8
electrical
10
-345362.5
20
2010.0
30
0
11
-345262.5
21
2010.0
31
0
0
LINE
8
electrical
10
-345362.5
20
2050.0
30
0
11
-345262.5
21
2050.0
31
0
0
LINE
8
electrical
10
-345587.5
20
1995.0
30
0
11
-345564.12
21
1995.0
31
0
0
LINE
8
electrical
10
-345564.12
20
1995.0
30
0
11
-345610.88
21
1995.0
31
0
0
LINE
8
electrical
10
-345610.88
20
1995.0
30
0
11
-345587.5
21
1995.0
31
0
0
LINE
8
electrical
10
-345587.5
20
2020.0
30
0
11
-345587.5
21
1995.0
31
0
0
LINE
8
electrical
10
-345587.5
20
2020.0
30
0
11
-345564.12
21
2020.0
31
0
0
LINE
8
electrical
10
-345564.12
20
2020.0
30
0
11
-345610.88
21
2020.0
31
0
0
LINE
8
electrical
10
-345610.88
20
2020.0
30
0
11
-345587.5
21
2020.0
31
0
0
LINE
8
electrical
10
-345450.0
20
1995.0
30
0
11
-345426.62
21
1995.0
31
0
0
LINE
8
electrical
10
-345426.62
20
1995.0
30
0
11
-345473.38
21
1995.0
31
0
0
LINE
8
electrical
10
-345473.38
20
1995.0
30
0
11
-345450.0
21
1995.0
31
0
0
LINE
8
electrical
10
-345450.0
20
2020.0
30
0
11
-345450.0
21
1995.0
31
0
0
LINE
8
electrical
10
-345450.0
20
2020.0
30
0
11
-345426.62
21
2020.0
31
0
0
LINE
8
electrical
10
-345426.62
20
2020.0
30
0
11
-345473.38
21
2020.0
31
0
0
LINE
8
electrical
10
-345473.38
20
2020.0
30
0
11
-345450.0
21
2020.0
31
0
0
LINE
8
electrical
10
-345312.5
20
1995.0
30
0
11
-345289.12
21
1995.0
31
0
0
LINE
8
electrical
10
-345289.12
20
1995.0
30
0
11
-345335.88
21
1995.0
31
0
0
LINE
8
electrical
10
-345335.88
20
1995.0
30
0
11
-345312.5
21
1995.0
31
0
0
LINE
8
electrical
10
-345312.5
20
2020.0
30
0
11
-345312.5
21
1995.0
31
0
0
LINE
8
electrical
10
-345312.5
20
2020.0
30
0
11
-345289.12
21
2020.0
31
0
0
LINE
8
electrical
10
-345289.12
20
2020.0
30
0
11
-345335.88
21
2020.0
31
0
0
LINE
8
electrical
10
-345335.88
20
2020.0
30
0
11
-345312.5
21
2020.0
31
0
0
LINE
8
electrical
10
-345450.0
20
2200.0
30
0
11
-345434.41
21
2200.0
31
0
0
LINE
8
electrical
10
-345434.41
20
2200.0
30
0
11
-345465.59
21
2200.0
31
0
0
LINE
8
electrical
10
-345465.59
20
2200.0
30
0
11
-345450.0
21
2200.0
31
0
0
LINE
8
electrical
10
-345450.0
20
-62300.0
30
0
11
-345450.0
21
2200.0
31
0
0
LINE
8
electrical
10
-345450.0
20
-62300.0
30
0
11
-345434.41
21
-62300.0
31
0
0
LINE
8
electrical
10
-345434.41
20
-62300.0
30
0
11
-345465.59
21
-62300.0
31
0
0
LINE
8
electrical
10
-345465.59
20
-62300.0
30
0
11
-345450.0
21
-62300.0
31
0
0
LINE
8
electrical
10
-345468.0
20
2200.0
30
0
11
-345441.0
21
2215.59
31
0
0
LINE
8
electrical
10
-345441.0
20
2215.59
30
0
11
-345441.0
21
2184.41
31
0
0
LINE
8
electrical
10
-345441.0
20
2184.41
30
0
11
-345468.0
21
2200.0
31
0
0
LINE
8
electrical
10
-345450.0
20
2200.0
30
0
11
-345430.56
21
2200.0
31
0
0
LINE
8
electrical
10
-345430.56
20
2200.0
30
0
11
-345450.0
21
2200.0
31
0
0
LINE
8
lighting
10
-371120.0
20
4880.0
30
0
11
-371120.0
21
5520.0
31
0
0
LINE
8
lighting
10
-370480.0
20
4880.0
30
0
11
-370480.0
21
5520.0
31
0
0
LINE
8
lighting
10
-371120.0
20
4880.0
30
0
11
-370480.0
21
4880.0
31
0
0
LINE
8
lighting
10
-371120.0
20
5520.0
30
0
11
-370480.0
21
5520.0
31
0
0
LINE
8
lighting
10
-371080.0
20
4920.0
30
0
11
-371080.0
21
5480.0
31
0
0
LINE
8
lighting
10
-370520.0
20
4920.0
30
0
11
-370520.0
21
5480.0
31
0
0
LINE
8
lighting
10
-371080.0
20
4920.0
30
0
11
-370520.0
21
4920.0
31
0
0
LINE
8
lighting
10
-371080.0
20
5480.0
30
0
11
-370520.0
21
5480.0
31
0
0
LINE
8
lighting
10
-371046.0
20
4930.0
30
0
11
-371046.0
21
5470.0
31
0
0
LINE
8
lighting
10
-371034.0
20
4930.0
30
0
11
-371034.0
21
5470.0
31
0
0
LINE
8
lighting
10
-371046.0
20
4930.0
30
0
11
-371034.0
21
4930.0
31
0
0
LINE
8
lighting
10
-371046.0
20
5470.0
30
0
11
-371034.0
21
5470.0
31
0
0
LINE
8
lighting
10
-370966.0
20
4930.0
30
0
11
-370966.0
21
5470.0
31
0
0
LINE
8
lighting
10
-370954.0
20
4930.0
30
0
11
-370954.0
21
5470.0
31
0
0
LINE
8
lighting
10
-370966.0
20
4930.0
30
0
11
-370954.0
21
4930.0
31
0
0
LINE
8
lighting
10
-370966.0
20
5470.0
30
0
11
-370954.0
21
5470.0
31
0
0
LINE
8
lighting
10
-370886.0
20
4930.0
30
0
11
-370886.0
21
5470.0
31
0
0
LINE
8
lighting
10
-370874.0
20
4930.0
30
0
11
-370874.0
21
5470.0
31
0
0
LINE
8
lighting
10
-370886.0
20
4930.0
30
0
11
-370874.0
21
4930.0
31
0
0
LINE
8
lighting
10
-370886.0
20
5470.0
30
0
11
-370874.0
21
5470.0
31
0
0
LINE
8
lighting
10
-370806.0
20
4930.0
30
0
11
-370806.0
21
5470.0
31
0
0
LINE
8
lighting
10
-370794.0
20
4930.0
30
0
11
-370794.0
21
5470.0
31
0
0
LINE
8
lighting
10
-370806.0
20
4930.0
30
0
11
-370794.0
21
4930.0
31
0
0
LINE
8
lighting
10
-370806.0
20
5470.0
30
0
11
-370794.0
21
5470.0
31
0
0
LINE
8
lighting
10
-370726.0
20
4930.0
30
0
11
-370726.0
21
5470.0
31
0
0
LINE
8
lighting
10
-370714.0
20
4930.0
30
0
11
-370714.0
21
5470.0
31
0
0
LINE
8
lighting
10
-370726.0
20
4930.0
30
0
11
-370714.0
21
4930.0
31
0
0
LINE
8
lighting
10
-370726.0
20
5470.0
30
0
11
-370714.0
21
5470.0
31
0
0
LINE
8
lighting
10
-370646.0
20
4930.0
30
0
11
-370646.0
21
5470.0
31
0
0
LINE
8
lighting
10
-370634.0
20
4930.0
30
0
11
-370634.0
21
5470.0
31
0
0
LINE
8
lighting
10
-370646.0
20
4930.0
30
0
11
-370634.0
21
4930.0
31
0
0
LINE
8
lighting
10
-370646.0
20
5470.0
30
0
11
-370634.0
21
5470.0
31
0
0
LINE
8
lighting
10
-370566.0
20
4930.0
30
0
11
-370566.0
21
5470.0
31
0
0
LINE
8
lighting
10
-370554.0
20
4930.0
30
0
11
-370554.0
21
5470.0
31
0
0
LINE
8
lighting
10
-370566.0
20
4930.0
30
0
11
-370554.0
21
4930.0
31
0
0
LINE
8
lighting
10
-370566.0
20
5470.0
30
0
11
-370554.0
21
5470.0
31
0
0
LINE
8
lighting
10
-370791.0
20
5200.0
30
0
11
-370804.5
21
5207.79
31
0
0
LINE
8
lighting
10
-370804.5
20
5207.79
30
0
11
-370804.5
21
5192.21
31
0
0
LINE
8
lighting
10
-370804.5
20
5192.21
30
0
11
-370791.0
21
5200.0
31
0
0
LINE
8
lighting
10
-349520.0
20
4880.0
30
0
11
-349520.0
21
5520.0
31
0
0
LINE
8
lighting
10
-348880.0
20
4880.0
30
0
11
-348880.0
21
5520.0
31
0
0
LINE
8
lighting
10
-349520.0
20
4880.0
30
0
11
-348880.0
21
4880.0
31
0
0
LINE
8
lighting
10
-349520.0
20
5520.0
30
0
11
-348880.0
21
5520.0
31
0
0
LINE
8
lighting
10
-349480.0
20
4920.0
30
0
11
-349480.0
21
5480.0
31
0
0
LINE
8
lighting
10
-348920.0
20
4920.0
30
0
11
-348920.0
21
5480.0
31
0
0
LINE
8
lighting
10
-349480.0
20
4920.0
30
0
11
-348920.0
21
4920.0
31
0
0
LINE
8
lighting
10
-349480.0
20
5480.0
30
0
11
-348920.0
21
5480.0
31
0
0
LINE
8
lighting
10
-349446.0
20
4930.0
30
0
11
-349446.0
21
5470.0
31
0
0
LINE
8
lighting
10
-349434.0
20
4930.0
30
0
11
-349434.0
21
5470.0
31
0
0
LINE
8
lighting
10
-349446.0
20
4930.0
30
0
11
-349434.0
21
4930.0
31
0
0
LINE
8
lighting
10
-349446.0
20
5470.0
30
0
11
-349434.0
21
5470.0
31
0
0
LINE
8
lighting
10
-349366.0
20
4930.0
30
0
11
-349366.0
21
5470.0
31
0
0
LINE
8
lighting
10
-349354.0
20
4930.0
30
0
11
-349354.0
21
5470.0
31
0
0
LINE
8
lighting
10
-349366.0
20
4930.0
30
0
11
-349354.0
21
4930.0
31
0
0
LINE
8
lighting
10
-349366.0
20
5470.0
30
0
11
-349354.0
21
5470.0
31
0
0
LINE
8
lighting
10
-349286.0
20
4930.0
30
0
11
-349286.0
21
5470.0
31
0
0
LINE
8
lighting
10
-349274.0
20
4930.0
30
0
11
-349274.0
21
5470.0
31
0
0
LINE
8
lighting
10
-349286.0
20
4930.0
30
0
11
-349274.0
21
4930.0
31
0
0
LINE
8
lighting
10
-349286.0
20
5470.0
30
0
11
-349274.0
21
5470.0
31
0
0
LINE
8
lighting
10
-349206.0
20
4930.0
30
0
11
-349206.0
21
5470.0
31
0
0
LINE
8
lighting
10
-349194.0
20
4930.0
30
0
11
-349194.0
21
5470.0
31
0
0
LINE
8
lighting
10
-349206.0
20
4930.0
30
0
11
-349194.0
21
4930.0
31
0
0
LINE
8
lighting
10
-349206.0
20
5470.0
30
0
11
-349194.0
21
5470.0
31
0
0
LINE
8
lighting
10
-349126.0
20
4930.0
30
0
11
-349126.0
21
5470.0
31
0
0
LINE
8
lighting
10
-349114.0
20
4930.0
30
0
11
-349114.0
21
5470.0
31
0
0
LINE
8
lighting
10
-349126.0
20
4930.0
30
0
11
-349114.0
21
4930.0
31
0
0
LINE
8
lighting
10
-349126.0
20
5470.0
30
0
11
-349114.0
21
5470.0
31
0
0
LINE
8
lighting
10
-349046.0
20
4930.0
30
0
11
-349046.0
21
5470.0
31
0
0
LINE
8
lighting
10
-349034.0
20
4930.0
30
0
11
-349034.0
21
5470.0
31
0
0
LINE
8
lighting
10
-349046.0
20
4930.0
30
0
11
-349034.0
21
4930.0
31
0
0
LINE
8
lighting
10
-349046.0
20
5470.0
30
0
11
-349034.0
21
5470.0
31
0
0
LINE
8
lighting
10
-348966.0
20
4930.0
30
0
11
-348966.0
21
5470.0
31
0
0
LINE
8
lighting
10
-348954.0
20
4930.0
30
0
11
-348954.0
21
5470.0
31
0
0
LINE
8
lighting
10
-348966.0
20
4930.0
30
0
11
-348954.0
21
4930.0
31
0
0
LINE
8
lighting
10
-348966.0
20
5470.0
30
0
11
-348954.0
21
5470.0
31
0
0
LINE
8
lighting
10
-349191.0
20
5200.0
30
0
11
-349204.5
21
5207.79
31
0
0
LINE
8
lighting
10
-349204.5
20
5207.79
30
0
11
-349204.5
21
5192.21
31
0
0
LINE
8
lighting
10
-349204.5
20
5192.21
30
0
11
-349191.0
21
5200.0
31
0
0
LINE
8
lighting
10
-360320.0
20
4880.0
30
0
11
-360320.0
21
5520.0
31
0
0
LINE
8
lighting
10
-359680.0
20
4880.0
30
0
11
-359680.0
21
5520.0
31
0
0
LINE
8
lighting
10
-360320.0
20
4880.0
30
0
11
-359680.0
21
4880.0
31
0
0
LINE
8
lighting
10
-360320.0
20
5520.0
30
0
11
-359680.0
21
5520.0
31
0
0
LINE
8
lighting
10
-360280.0
20
4920.0
30
0
11
-360280.0
21
5480.0
31
0
0
LINE
8
lighting
10
-359720.0
20
4920.0
30
0
11
-359720.0
21
5480.0
31
0
0
LINE
8
lighting
10
-360280.0
20
4920.0
30
0
11
-359720.0
21
4920.0
31
0
0
LINE
8
lighting
10
-360280.0
20
5480.0
30
0
11
-359720.0
21
5480.0
31
0
0
LINE
8
lighting
10
-360246.0
20
4930.0
30
0
11
-360246.0
21
5470.0
31
0
0
LINE
8
lighting
10
-360234.0
20
4930.0
30
0
11
-360234.0
21
5470.0
31
0
0
LINE
8
lighting
10
-360246.0
20
4930.0
30
0
11
-360234.0
21
4930.0
31
0
0
LINE
8
lighting
10
-360246.0
20
5470.0
30
0
11
-360234.0
21
5470.0
31
0
0
LINE
8
lighting
10
-360166.0
20
4930.0
30
0
11
-360166.0
21
5470.0
31
0
0
LINE
8
lighting
10
-360154.0
20
4930.0
30
0
11
-360154.0
21
5470.0
31
0
0
LINE
8
lighting
10
-360166.0
20
4930.0
30
0
11
-360154.0
21
4930.0
31
0
0
LINE
8
lighting
10
-360166.0
20
5470.0
30
0
11
-360154.0
21
5470.0
31
0
0
LINE
8
lighting
10
-360086.0
20
4930.0
30
0
11
-360086.0
21
5470.0
31
0
0
LINE
8
lighting
10
-360074.0
20
4930.0
30
0
11
-360074.0
21
5470.0
31
0
0
LINE
8
lighting
10
-360086.0
20
4930.0
30
0
11
-360074.0
21
4930.0
31
0
0
LINE
8
lighting
10
-360086.0
20
5470.0
30
0
11
-360074.0
21
5470.0
31
0
0
LINE
8
lighting
10
-360006.0
20
4930.0
30
0
11
-360006.0
21
5470.0
31
0
0
LINE
8
lighting
10
-359994.0
20
4930.0
30
0
11
-359994.0
21
5470.0
31
0
0
LINE
8
lighting
10
-360006.0
20
4930.0
30
0
11
-359994.0
21
4930.0
31
0
0
LINE
8
lighting
10
-360006.0
20
5470.0
30
0
11
-359994.0
21
5470.0
31
0
0
LINE
8
lighting
10
-359926.0
20
4930.0
30
0
11
-359926.0
21
5470.0
31
0
0
LINE
8
lighting
10
-359914.0
20
4930.0
30
0
11
-359914.0
21
5470.0
31
0
0
LINE
8
lighting
10
-359926.0
20
4930.0
30
0
11
-359914.0
21
4930.0
31
0
0
LINE
8
lighting
10
-359926.0
20
5470.0
30
0
11
-359914.0
21
5470.0
31
0
0
LINE
8
lighting
10
-359846.0
20
4930.0
30
0
11
-359846.0
21
5470.0
31
0
0
LINE
8
lighting
10
-359834.0
20
4930.0
30
0
11
-359834.0
21
5470.0
31
0
0
LINE
8
lighting
10
-359846.0
20
4930.0
30
0
11
-359834.0
21
4930.0
31
0
0
LINE
8
lighting
10
-359846.0
20
5470.0
30
0
11
-359834.0
21
5470.0
31
0
0
LINE
8
lighting
10
-359766.0
20
4930.0
30
0
11
-359766.0
21
5470.0
31
0
0
LINE
8
lighting
10
-359754.0
20
4930.0
30
0
11
-359754.0
21
5470.0
31
0
0
LINE
8
lighting
10
-359766.0
20
4930.0
30
0
11
-359754.0
21
4930.0
31
0
0
LINE
8
lighting
10
-359766.0
20
5470.0
30
0
11
-359754.0
21
5470.0
31
0
0
LINE
8
lighting
10
-359991.0
20
5200.0
30
0
11
-360004.5
21
5207.79
31
0
0
LINE
8
lighting
10
-360004.5
20
5207.79
30
0
11
-360004.5
21
5192.21
31
0
0
LINE
8
lighting
10
-360004.5
20
5192.21
30
0
11
-359991.0
21
5200.0
31
0
0
LINE
8
lighting
10
-371120.0
20
18480.0
30
0
11
-371120.0
21
19120.0
31
0
0
LINE
8
lighting
10
-370480.0
20
18480.0
30
0
11
-370480.0
21
19120.0
31
0
0
LINE
8
lighting
10
-371120.0
20
18480.0
30
0
11
-370480.0
21
18480.0
31
0
0
LINE
8
lighting
10
-371120.0
20
19120.0
30
0
11
-370480.0
21
19120.0
31
0
0
LINE
8
lighting
10
-371080.0
20
18520.0
30
0
11
-371080.0
21
19080.0
31
0
0
LINE
8
lighting
10
-370520.0
20
18520.0
30
0
11
-370520.0
21
19080.0
31
0
0
LINE
8
lighting
10
-371080.0
20
18520.0
30
0
11
-370520.0
21
18520.0
31
0
0
LINE
8
lighting
10
-371080.0
20
19080.0
30
0
11
-370520.0
21
19080.0
31
0
0
LINE
8
lighting
10
-371046.0
20
18530.0
30
0
11
-371046.0
21
19070.0
31
0
0
LINE
8
lighting
10
-371034.0
20
18530.0
30
0
11
-371034.0
21
19070.0
31
0
0
LINE
8
lighting
10
-371046.0
20
18530.0
30
0
11
-371034.0
21
18530.0
31
0
0
LINE
8
lighting
10
-371046.0
20
19070.0
30
0
11
-371034.0
21
19070.0
31
0
0
LINE
8
lighting
10
-370966.0
20
18530.0
30
0
11
-370966.0
21
19070.0
31
0
0
LINE
8
lighting
10
-370954.0
20
18530.0
30
0
11
-370954.0
21
19070.0
31
0
0
LINE
8
lighting
10
-370966.0
20
18530.0
30
0
11
-370954.0
21
18530.0
31
0
0
LINE
8
lighting
10
-370966.0
20
19070.0
30
0
11
-370954.0
21
19070.0
31
0
0
LINE
8
lighting
10
-370886.0
20
18530.0
30
0
11
-370886.0
21
19070.0
31
0
0
LINE
8
lighting
10
-370874.0
20
18530.0
30
0
11
-370874.0
21
19070.0
31
0
0
LINE
8
lighting
10
-370886.0
20
18530.0
30
0
11
-370874.0
21
18530.0
31
0
0
LINE
8
lighting
10
-370886.0
20
19070.0
30
0
11
-370874.0
21
19070.0
31
0
0
LINE
8
lighting
10
-370806.0
20
18530.0
30
0
11
-370806.0
21
19070.0
31
0
0
LINE
8
lighting
10
-370794.0
20
18530.0
30
0
11
-370794.0
21
19070.0
31
0
0
LINE
8
lighting
10
-370806.0
20
18530.0
30
0
11
-370794.0
21
18530.0
31
0
0
LINE
8
lighting
10
-370806.0
20
19070.0
30
0
11
-370794.0
21
19070.0
31
0
0
LINE
8
lighting
10
-370726.0
20
18530.0
30
0
11
-370726.0
21
19070.0
31
0
0
LINE
8
lighting
10
-370714.0
20
18530.0
30
0
11
-370714.0
21
19070.0
31
0
0
LINE
8
lighting
10
-370726.0
20
18530.0
30
0
11
-370714.0
21
18530.0
31
0
0
LINE
8
lighting
10
-370726.0
20
19070.0
30
0
11
-370714.0
21
19070.0
31
0
0
LINE
8
lighting
10
-370646.0
20
18530.0
30
0
11
-370646.0
21
19070.0
31
0
0
LINE
8
lighting
10
-370634.0
20
18530.0
30
0
11
-370634.0
21
19070.0
31
0
0
LINE
8
lighting
10
-370646.0
20
18530.0
30
0
11
-370634.0
21
18530.0
31
0
0
LINE
8
lighting
10
-370646.0
20
19070.0
30
0
11
-370634.0
21
19070.0
31
0
0
LINE
8
lighting
10
-370566.0
20
18530.0
30
0
11
-370566.0
21
19070.0
31
0
0
LINE
8
lighting
10
-370554.0
20
18530.0
30
0
11
-370554.0
21
19070.0
31
0
0
LINE
8
lighting
10
-370566.0
20
18530.0
30
0
11
-370554.0
21
18530.0
31
0
0
LINE
8
lighting
10
-370566.0
20
19070.0
30
0
11
-370554.0
21
19070.0
31
0
0
LINE
8
lighting
10
-370791.0
20
18800.0
30
0
11
-370804.5
21
18807.79
31
0
0
LINE
8
lighting
10
-370804.5
20
18807.79
30
0
11
-370804.5
21
18792.21
31
0
0
LINE
8
lighting
10
-370804.5
20
18792.21
30
0
11
-370791.0
21
18800.0
31
0
0
LINE
8
lighting
10
-349520.0
20
18480.0
30
0
11
-349520.0
21
19120.0
31
0
0
LINE
8
lighting
10
-348880.0
20
18480.0
30
0
11
-348880.0
21
19120.0
31
0
0
LINE
8
lighting
10
-349520.0
20
18480.0
30
0
11
-348880.0
21
18480.0
31
0
0
LINE
8
lighting
10
-349520.0
20
19120.0
30
0
11
-348880.0
21
19120.0
31
0
0
LINE
8
lighting
10
-349480.0
20
18520.0
30
0
11
-349480.0
21
19080.0
31
0
0
LINE
8
lighting
10
-348920.0
20
18520.0
30
0
11
-348920.0
21
19080.0
31
0
0
LINE
8
lighting
10
-349480.0
20
18520.0
30
0
11
-348920.0
21
18520.0
31
0
0
LINE
8
lighting
10
-349480.0
20
19080.0
30
0
11
-348920.0
21
19080.0
31
0
0
LINE
8
lighting
10
-349446.0
20
18530.0
30
0
11
-349446.0
21
19070.0
31
0
0
LINE
8
lighting
10
-349434.0
20
18530.0
30
0
11
-349434.0
21
19070.0
31
0
0
LINE
8
lighting
10
-349446.0
20
18530.0
30
0
11
-349434.0
21
18530.0
31
0
0
LINE
8
lighting
10
-349446.0
20
19070.0
30
0
11
-349434.0
21
19070.0
31
0
0
LINE
8
lighting
10
-349366.0
20
18530.0
30
0
11
-349366.0
21
19070.0
31
0
0
LINE
8
lighting
10
-349354.0
20
18530.0
30
0
11
-349354.0
21
19070.0
31
0
0
LINE
8
lighting
10
-349366.0
20
18530.0
30
0
11
-349354.0
21
18530.0
31
0
0
LINE
8
lighting
10
-349366.0
20
19070.0
30
0
11
-349354.0
21
19070.0
31
0
0
LINE
8
lighting
10
-349286.0
20
18530.0
30
0
11
-349286.0
21
19070.0
31
0
0
LINE
8
lighting
10
-349274.0
20
18530.0
30
0
11
-349274.0
21
19070.0
31
0
0
LINE
8
lighting
10
-349286.0
20
18530.0
30
0
11
-349274.0
21
18530.0
31
0
0
LINE
8
lighting
10
-349286.0
20
19070.0
30
0
11
-349274.0
21
19070.0
31
0
0
LINE
8
lighting
10
-349206.0
20
18530.0
30
0
11
-349206.0
21
19070.0
31
0
0
LINE
8
lighting
10
-349194.0
20
18530.0
30
0
11
-349194.0
21
19070.0
31
0
0
LINE
8
lighting
10
-349206.0
20
18530.0
30
0
11
-349194.0
21
18530.0
31
0
0
LINE
8
lighting
10
-349206.0
20
19070.0
30
0
11
-349194.0
21
19070.0
31
0
0
LINE
8
lighting
10
-349126.0
20
18530.0
30
0
11
-349126.0
21
19070.0
31
0
0
LINE
8
lighting
10
-349114.0
20
18530.0
30
0
11
-349114.0
21
19070.0
31
0
0
LINE
8
lighting
10
-349126.0
20
18530.0
30
0
11
-349114.0
21
18530.0
31
0
0
LINE
8
lighting
10
-349126.0
20
19070.0
30
0
11
-349114.0
21
19070.0
31
0
0
LINE
8
lighting
10
-349046.0
20
18530.0
30
0
11
-349046.0
21
19070.0
31
0
0
LINE
8
lighting
10
-349034.0
20
18530.0
30
0
11
-349034.0
21
19070.0
31
0
0
LINE
8
lighting
10
-349046.0
20
18530.0
30
0
11
-349034.0
21
18530.0
31
0
0
LINE
8
lighting
10
-349046.0
20
19070.0
30
0
11
-349034.0
21
19070.0
31
0
0
LINE
8
lighting
10
-348966.0
20
18530.0
30
0
11
-348966.0
21
19070.0
31
0
0
LINE
8
lighting
10
-348954.0
20
18530.0
30
0
11
-348954.0
21
19070.0
31
0
0
LINE
8
lighting
10
-348966.0
20
18530.0
30
0
11
-348954.0
21
18530.0
31
0
0
LINE
8
lighting
10
-348966.0
20
19070.0
30
0
11
-348954.0
21
19070.0
31
0
0
LINE
8
lighting
10
-349191.0
20
18800.0
30
0
11
-349204.5
21
18807.79
31
0
0
LINE
8
lighting
10
-349204.5
20
18807.79
30
0
11
-349204.5
21
18792.21
31
0
0
LINE
8
lighting
10
-349204.5
20
18792.21
30
0
11
-349191.0
21
18800.0
31
0
0
LINE
8
lighting
10
-360320.0
20
18480.0
30
0
11
-360320.0
21
19120.0
31
0
0
LINE
8
lighting
10
-359680.0
20
18480.0
30
0
11
-359680.0
21
19120.0
31
0
0
LINE
8
lighting
10
-360320.0
20
18480.0
30
0
11
-359680.0
21
18480.0
31
0
0
LINE
8
lighting
10
-360320.0
20
19120.0
30
0
11
-359680.0
21
19120.0
31
0
0
LINE
8
lighting
10
-360280.0
20
18520.0
30
0
11
-360280.0
21
19080.0
31
0
0
LINE
8
lighting
10
-359720.0
20
18520.0
30
0
11
-359720.0
21
19080.0
31
0
0
LINE
8
lighting
10
-360280.0
20
18520.0
30
0
11
-359720.0
21
18520.0
31
0
0
LINE
8
lighting
10
-360280.0
20
19080.0
30
0
11
-359720.0
21
19080.0
31
0
0
LINE
8
lighting
10
-360246.0
20
18530.0
30
0
11
-360246.0
21
19070.0
31
0
0
LINE
8
lighting
10
-360234.0
20
18530.0
30
0
11
-360234.0
21
19070.0
31
0
0
LINE
8
lighting
10
-360246.0
20
18530.0
30
0
11
-360234.0
21
18530.0
31
0
0
LINE
8
lighting
10
-360246.0
20
19070.0
30
0
11
-360234.0
21
19070.0
31
0
0
LINE
8
lighting
10
-360166.0
20
18530.0
30
0
11
-360166.0
21
19070.0
31
0
0
LINE
8
lighting
10
-360154.0
20
18530.0
30
0
11
-360154.0
21
19070.0
31
0
0
LINE
8
lighting
10
-360166.0
20
18530.0
30
0
11
-360154.0
21
18530.0
31
0
0
LINE
8
lighting
10
-360166.0
20
19070.0
30
0
11
-360154.0
21
19070.0
31
0
0
LINE
8
lighting
10
-360086.0
20
18530.0
30
0
11
-360086.0
21
19070.0
31
0
0
LINE
8
lighting
10
-360074.0
20
18530.0
30
0
11
-360074.0
21
19070.0
31
0
0
LINE
8
lighting
10
-360086.0
20
18530.0
30
0
11
-360074.0
21
18530.0
31
0
0
LINE
8
lighting
10
-360086.0
20
19070.0
30
0
11
-360074.0
21
19070.0
31
0
0
LINE
8
lighting
10
-360006.0
20
18530.0
30
0
11
-360006.0
21
19070.0
31
0
0
LINE
8
lighting
10
-359994.0
20
18530.0
30
0
11
-359994.0
21
19070.0
31
0
0
LINE
8
lighting
10
-360006.0
20
18530.0
30
0
11
-359994.0
21
18530.0
31
0
0
LINE
8
lighting
10
-360006.0
20
19070.0
30
0
11
-359994.0
21
19070.0
31
0
0
LINE
8
lighting
10
-359926.0
20
18530.0
30
0
11
-359926.0
21
19070.0
31
0
0
LINE
8
lighting
10
-359914.0
20
18530.0
30
0
11
-359914.0
21
19070.0
31
0
0
LINE
8
lighting
10
-359926.0
20
18530.0
30
0
11
-359914.0
21
18530.0
31
0
0
LINE
8
lighting
10
-359926.0
20
19070.0
30
0
11
-359914.0
21
19070.0
31
0
0
LINE
8
lighting
10
-359846.0
20
18530.0
30
0
11
-359846.0
21
19070.0
31
0
0
LINE
8
lighting
10
-359834.0
20
18530.0
30
0
11
-359834.0
21
19070.0
31
0
0
LINE
8
lighting
10
-359846.0
20
18530.0
30
0
11
-359834.0
21
18530.0
31
0
0
LINE
8
lighting
10
-359846.0
20
19070.0
30
0
11
-359834.0
21
19070.0
31
0
0
LINE
8
lighting
10
-359766.0
20
18530.0
30
0
11
-359766.0
21
19070.0
31
0
0
LINE
8
lighting
10
-359754.0
20
18530.0
30
0
11
-359754.0
21
19070.0
31
0
0
LINE
8
lighting
10
-359766.0
20
18530.0
30
0
11
-359754.0
21
18530.0
31
0
0
LINE
8
lighting
10
-359766.0
20
19070.0
30
0
11
-359754.0
21
19070.0
31
0
0
LINE
8
lighting
10
-359991.0
20
18800.0
30
0
11
-360004.5
21
18807.79
31
0
0
LINE
8
lighting
10
-360004.5
20
18807.79
30
0
11
-360004.5
21
18792.21
31
0
0
LINE
8
lighting
10
-360004.5
20
18792.21
30
0
11
-359991.0
21
18800.0
31
0
0
LINE
8
electrical
10
-370800.0
20
4880.0
30
0
11
-370800.0
21
4872.21
31
0
0
LINE
8
electrical
10
-370800.0
20
4872.21
30
0
11
-370800.0
21
4887.79
31
0
0
LINE
8
electrical
10
-370800.0
20
4887.79
30
0
11
-370800.0
21
4880.0
31
0
0
LINE
8
electrical
10
-345450.0
20
4880.0
30
0
11
-370800.0
21
4880.0
31
0
0
LINE
8
electrical
10
-345450.0
20
4880.0
30
0
11
-345450.0
21
4872.21
31
0
0
LINE
8
electrical
10
-345450.0
20
4872.21
30
0
11
-345450.0
21
4887.79
31
0
0
LINE
8
electrical
10
-345450.0
20
4887.79
30
0
11
-345450.0
21
4880.0
31
0
0
LINE
8
electrical
10
-370800.0
20
18800.0
30
0
11
-370792.21
21
18800.0
31
0
0
LINE
8
electrical
10
-370792.21
20
18800.0
30
0
11
-370807.79
21
18800.0
31
0
0
LINE
8
electrical
10
-370807.79
20
18800.0
30
0
11
-370800.0
21
18800.0
31
0
0
LINE
8
electrical
10
-370800.0
20
4880.0
30
0
11
-370800.0
21
18800.0
31
0
0
LINE
8
electrical
10
-370800.0
20
4880.0
30
0
11
-370792.21
21
4880.0
31
0
0
LINE
8
electrical
10
-370792.21
20
4880.0
30
0
11
-370807.79
21
4880.0
31
0
0
LINE
8
electrical
10
-370807.79
20
4880.0
30
0
11
-370800.0
21
4880.0
31
0
0
LINE
8
electrical
10
-349200.0
20
18800.0
30
0
11
-349192.21
21
18800.0
31
0
0
LINE
8
electrical
10
-349192.21
20
18800.0
30
0
11
-349207.79
21
18800.0
31
0
0
LINE
8
electrical
10
-349207.79
20
18800.0
30
0
11
-349200.0
21
18800.0
31
0
0
LINE
8
electrical
10
-349200.0
20
4880.0
30
0
11
-349200.0
21
18800.0
31
0
0
LINE
8
electrical
10
-349200.0
20
4880.0
30
0
11
-349192.21
21
4880.0
31
0
0
LINE
8
electrical
10
-349192.21
20
4880.0
30
0
11
-349207.79
21
4880.0
31
0
0
LINE
8
electrical
10
-349207.79
20
4880.0
30
0
11
-349200.0
21
4880.0
31
0
0
LINE
8
electrical
10
-360000.0
20
18800.0
30
0
11
-359992.21
21
18800.0
31
0
0
LINE
8
electrical
10
-359992.21
20
18800.0
30
0
11
-360007.79
21
18800.0
31
0
0
LINE
8
electrical
10
-360007.79
20
18800.0
30
0
11
-360000.0
21
18800.0
31
0
0
LINE
8
electrical
10
-360000.0
20
4880.0
30
0
11
-360000.0
21
18800.0
31
0
0
LINE
8
electrical
10
-360000.0
20
4880.0
30
0
11
-359992.21
21
4880.0
31
0
0
LINE
8
electrical
10
-359992.21
20
4880.0
30
0
11
-360007.79
21
4880.0
31
0
0
LINE
8
electrical
10
-360007.79
20
4880.0
30
0
11
-360000.0
21
4880.0
31
0
0
LINE
8
electrical
10
-345437.0
20
2200.0
30
0
11
-345456.5
21
2211.26
31
0
0
LINE
8
electrical
10
-345456.5
20
2211.26
30
0
11
-345456.5
21
2188.74
31
0
0
LINE
8
electrical
10
-345456.5
20
2188.74
30
0
11
-345437.0
21
2200.0
31
0
0
LINE
8
electrical
10
-349507.17
20
4869.16
30
0
11
-349496.41
21
4885.42
31
0
0
LINE
8
electrical
10
-349496.41
20
4885.42
30
0
11
-349496.41
21
4885.42
31
0
0
LINE
8
electrical
10
-349496.41
20
4885.42
30
0
11
-349507.17
21
4869.16
31
0
0
LINE
8
electrical
10
-345457.17
20
2189.16
30
0
11
-349507.17
21
4869.16
31
0
0
LINE
8
electrical
10
-345457.17
20
2189.16
30
0
11
-345446.41
21
2205.42
31
0
0
LINE
8
electrical
10
-345446.41
20
2205.42
30
0
11
-345446.41
21
2205.42
31
0
0
LINE
8
electrical
10
-345446.41
20
2205.42
30
0
11
-345457.17
21
2189.16
31
0
0
LINE
8
electrical
10
-370500.0
20
4880.0
30
0
11
-370500.0
21
4868.74
31
0
0
LINE
8
electrical
10
-370500.0
20
4868.74
30
0
11
-370500.0
21
4891.26
31
0
0
LINE
8
electrical
10
-370500.0
20
4891.26
30
0
11
-370500.0
21
4880.0
31
0
0
LINE
8
electrical
10
-349500.0
20
4880.0
30
0
11
-370500.0
21
4880.0
31
0
0
LINE
8
electrical
10
-349500.0
20
4880.0
30
0
11
-349500.0
21
4868.74
31
0
0
LINE
8
electrical
10
-349500.0
20
4868.74
30
0
11
-349500.0
21
4891.26
31
0
0
LINE
8
electrical
10
-349500.0
20
4891.26
30
0
11
-349500.0
21
4880.0
31
0
0
LINE
8
electrical
10
-345450.0
20
2200.0
30
0
11
-345435.96
21
2200.0
31
0
0
LINE
8
electrical
10
-345435.96
20
2200.0
30
0
11
-345450.0
21
2200.0
31
0
0
LINE
8
electrical
10
-349500.0
20
4880.0
30
0
11
-349485.96
21
4880.0
31
0
0
LINE
8
electrical
10
-349485.96
20
4880.0
30
0
11
-349500.0
21
4880.0
31
0
0
LINE
8
electrical
10
-345437.0
20
2200.0
30
0
11
-345456.5
21
2211.26
31
0
0
LINE
8
electrical
10
-345456.5
20
2211.26
30
0
11
-345456.5
21
2188.74
31
0
0
LINE
8
electrical
10
-345456.5
20
2188.74
30
0
11
-345437.0
21
2200.0
31
0
0
LINE
8
electrical
10
-349507.39
20
4989.31
30
0
11
-349496.3
21
5005.35
31
0
0
LINE
8
electrical
10
-349496.3
20
5005.35
30
0
11
-349496.3
21
5005.35
31
0
0
LINE
8
electrical
10
-349496.3
20
5005.35
30
0
11
-349507.39
21
4989.31
31
0
0
LINE
8
electrical
10
-345457.39
20
2189.31
30
0
11
-349507.39
21
4989.31
31
0
0
LINE
8
electrical
10
-345457.39
20
2189.31
30
0
11
-345446.3
21
2205.35
31
0
0
LINE
8
electrical
10
-345446.3
20
2205.35
30
0
11
-345446.3
21
2205.35
31
0
0
LINE
8
electrical
10
-345446.3
20
2205.35
30
0
11
-345457.39
21
2189.31
31
0
0
LINE
8
electrical
10
-370500.0
20
5000.0
30
0
11
-370500.0
21
4988.74
31
0
0
LINE
8
electrical
10
-370500.0
20
4988.74
30
0
11
-370500.0
21
5011.26
31
0
0
LINE
8
electrical
10
-370500.0
20
5011.26
30
0
11
-370500.0
21
5000.0
31
0
0
LINE
8
electrical
10
-349500.0
20
5000.0
30
0
11
-370500.0
21
5000.0
31
0
0
LINE
8
electrical
10
-349500.0
20
5000.0
30
0
11
-349500.0
21
4988.74
31
0
0
LINE
8
electrical
10
-349500.0
20
4988.74
30
0
11
-349500.0
21
5011.26
31
0
0
LINE
8
electrical
10
-349500.0
20
5011.26
30
0
11
-349500.0
21
5000.0
31
0
0
LINE
8
electrical
10
-345450.0
20
2200.0
30
0
11
-345435.96
21
2200.0
31
0
0
LINE
8
electrical
10
-345435.96
20
2200.0
30
0
11
-345450.0
21
2200.0
31
0
0
LINE
8
electrical
10
-349500.0
20
5000.0
30
0
11
-349485.96
21
5000.0
31
0
0
LINE
8
electrical
10
-349485.96
20
5000.0
30
0
11
-349500.0
21
5000.0
31
0
0
LINE
8
electrical
10
-345437.0
20
2200.0
30
0
11
-345456.5
21
2211.26
31
0
0
LINE
8
electrical
10
-345456.5
20
2211.26
30
0
11
-345456.5
21
2188.74
31
0
0
LINE
8
electrical
10
-345456.5
20
2188.74
30
0
11
-345437.0
21
2200.0
31
0
0
LINE
8
electrical
10
-349507.6
20
5109.45
30
0
11
-349496.2
21
5125.27
31
0
0
LINE
8
electrical
10
-349496.2
20
5125.27
30
0
11
-349496.2
21
5125.27
31
0
0
LINE
8
electrical
10
-349496.2
20
5125.27
30
0
11
-349507.6
21
5109.45
31
0
0
LINE
8
electrical
10
-345457.6
20
2189.45
30
0
11
-349507.6
21
5109.45
31
0
0
LINE
8
electrical
10
-345457.6
20
2189.45
30
0
11
-345446.2
21
2205.27
31
0
0
LINE
8
electrical
10
-345446.2
20
2205.27
30
0
11
-345446.2
21
2205.27
31
0
0
LINE
8
electrical
10
-345446.2
20
2205.27
30
0
11
-345457.6
21
2189.45
31
0
0
LINE
8
electrical
10
-370500.0
20
5120.0
30
0
11
-370500.0
21
5108.74
31
0
0
LINE
8
electrical
10
-370500.0
20
5108.74
30
0
11
-370500.0
21
5131.26
31
0
0
LINE
8
electrical
10
-370500.0
20
5131.26
30
0
11
-370500.0
21
5120.0
31
0
0
LINE
8
electrical
10
-349500.0
20
5120.0
30
0
11
-370500.0
21
5120.0
31
0
0
LINE
8
electrical
10
-349500.0
20
5120.0
30
0
11
-349500.0
21
5108.74
31
0
0
LINE
8
electrical
10
-349500.0
20
5108.74
30
0
11
-349500.0
21
5131.26
31
0
0
LINE
8
electrical
10
-349500.0
20
5131.26
30
0
11
-349500.0
21
5120.0
31
0
0
LINE
8
electrical
10
-345450.0
20
2200.0
30
0
11
-345435.96
21
2200.0
31
0
0
LINE
8
electrical
10
-345435.96
20
2200.0
30
0
11
-345450.0
21
2200.0
31
0
0
LINE
8
electrical
10
-349500.0
20
5120.0
30
0
11
-349485.96
21
5120.0
31
0
0
LINE
8
electrical
10
-349485.96
20
5120.0
30
0
11
-349500.0
21
5120.0
31
0
0
LINE
8
electrical
10
-369065.0
20
2150.0
30
0
11
-369065.0
21
2210.0
31
0
0
LINE
8
electrical
10
-368935.0
20
2150.0
30
0
11
-368935.0
21
2210.0
31
0
0
LINE
8
electrical
10
-369065.0
20
2150.0
30
0
11
-368935.0
21
2150.0
31
0
0
LINE
8
electrical
10
-369065.0
20
2210.0
30
0
11
-368935.0
21
2210.0
31
0
0
LINE
8
electrical
10
-368991.0
20
2180.0
30
0
11
-369004.5
21
2187.79
31
0
0
LINE
8
electrical
10
-369004.5
20
2187.79
30
0
11
-369004.5
21
2172.21
31
0
0
LINE
8
electrical
10
-369004.5
20
2172.21
30
0
11
-368991.0
21
2180.0
31
0
0
LINE
8
electrical
10
-345450.0
20
2180.0
30
0
11
-345450.0
21
2172.21
31
0
0
LINE
8
electrical
10
-345450.0
20
2172.21
30
0
11
-345450.0
21
2187.79
31
0
0
LINE
8
electrical
10
-345450.0
20
2187.79
30
0
11
-345450.0
21
2180.0
31
0
0
LINE
8
electrical
10
-369000.0
20
2180.0
30
0
11
-345450.0
21
2180.0
31
0
0
LINE
8
electrical
10
-369000.0
20
2180.0
30
0
11
-369000.0
21
2172.21
31
0
0
LINE
8
electrical
10
-369000.0
20
2172.21
30
0
11
-369000.0
21
2187.79
31
0
0
LINE
8
electrical
10
-369000.0
20
2187.79
30
0
11
-369000.0
21
2180.0
31
0
0
LINE
8
electrical
10
-369000.0
20
2180.0
30
0
11
-368990.28
21
2180.0
31
0
0
LINE
8
electrical
10
-368990.28
20
2180.0
30
0
11
-369000.0
21
2180.0
31
0
0
LINE
8
electrical
10
-351065.0
20
2150.0
30
0
11
-351065.0
21
2210.0
31
0
0
LINE
8
electrical
10
-350935.0
20
2150.0
30
0
11
-350935.0
21
2210.0
31
0
0
LINE
8
electrical
10
-351065.0
20
2150.0
30
0
11
-350935.0
21
2150.0
31
0
0
LINE
8
electrical
10
-351065.0
20
2210.0
30
0
11
-350935.0
21
2210.0
31
0
0
LINE
8
electrical
10
-350991.0
20
2180.0
30
0
11
-351004.5
21
2187.79
31
0
0
LINE
8
electrical
10
-351004.5
20
2187.79
30
0
11
-351004.5
21
2172.21
31
0
0
LINE
8
electrical
10
-351004.5
20
2172.21
30
0
11
-350991.0
21
2180.0
31
0
0
LINE
8
electrical
10
-345450.0
20
2180.0
30
0
11
-345450.0
21
2172.21
31
0
0
LINE
8
electrical
10
-345450.0
20
2172.21
30
0
11
-345450.0
21
2187.79
31
0
0
LINE
8
electrical
10
-345450.0
20
2187.79
30
0
11
-345450.0
21
2180.0
31
0
0
LINE
8
electrical
10
-351000.0
20
2180.0
30
0
11
-345450.0
21
2180.0
31
0
0
LINE
8
electrical
10
-351000.0
20
2180.0
30
0
11
-351000.0
21
2172.21
31
0
0
LINE
8
electrical
10
-351000.0
20
2172.21
30
0
11
-351000.0
21
2187.79
31
0
0
LINE
8
electrical
10
-351000.0
20
2187.79
30
0
11
-351000.0
21
2180.0
31
0
0
LINE
8
electrical
10
-351000.0
20
2180.0
30
0
11
-350990.28
21
2180.0
31
0
0
LINE
8
electrical
10
-350990.28
20
2180.0
30
0
11
-351000.0
21
2180.0
31
0
0
LINE
8
hvac
10
-374525.0
20
2725.0
30
0
11
-374525.0
21
3475.0
31
0
0
LINE
8
hvac
10
-372875.0
20
2725.0
30
0
11
-372875.0
21
3475.0
31
0
0
LINE
8
hvac
10
-374525.0
20
2725.0
30
0
11
-372875.0
21
2725.0
31
0
0
LINE
8
hvac
10
-374525.0
20
3475.0
30
0
11
-372875.0
21
3475.0
31
0
0
LINE
8
hvac
10
-374425.0
20
2680.0
30
0
11
-374425.0
21
2720.0
31
0
0
LINE
8
hvac
10
-372975.0
20
2680.0
30
0
11
-372975.0
21
2720.0
31
0
0
LINE
8
hvac
10
-374425.0
20
2680.0
30
0
11
-372975.0
21
2680.0
31
0
0
LINE
8
hvac
10
-374425.0
20
2720.0
30
0
11
-372975.0
21
2720.0
31
0
0
LINE
8
hvac
10
-374360.0
20
2640.0
30
0
11
-374360.0
21
2700.0
31
0
0
LINE
8
hvac
10
-374320.0
20
2640.0
30
0
11
-374320.0
21
2700.0
31
0
0
LINE
8
hvac
10
-374360.0
20
2640.0
30
0
11
-374320.0
21
2640.0
31
0
0
LINE
8
hvac
10
-374360.0
20
2700.0
30
0
11
-374320.0
21
2700.0
31
0
0
LINE
8
hvac
10
-374200.0
20
2640.0
30
0
11
-374200.0
21
2700.0
31
0
0
LINE
8
hvac
10
-374160.0
20
2640.0
30
0
11
-374160.0
21
2700.0
31
0
0
LINE
8
hvac
10
-374200.0
20
2640.0
30
0
11
-374160.0
21
2640.0
31
0
0
LINE
8
hvac
10
-374200.0
20
2700.0
30
0
11
-374160.0
21
2700.0
31
0
0
LINE
8
hvac
10
-374040.0
20
2640.0
30
0
11
-374040.0
21
2700.0
31
0
0
LINE
8
hvac
10
-374000.0
20
2640.0
30
0
11
-374000.0
21
2700.0
31
0
0
LINE
8
hvac
10
-374040.0
20
2640.0
30
0
11
-374000.0
21
2640.0
31
0
0
LINE
8
hvac
10
-374040.0
20
2700.0
30
0
11
-374000.0
21
2700.0
31
0
0
LINE
8
hvac
10
-373880.0
20
2640.0
30
0
11
-373880.0
21
2700.0
31
0
0
LINE
8
hvac
10
-373840.0
20
2640.0
30
0
11
-373840.0
21
2700.0
31
0
0
LINE
8
hvac
10
-373880.0
20
2640.0
30
0
11
-373840.0
21
2640.0
31
0
0
LINE
8
hvac
10
-373880.0
20
2700.0
30
0
11
-373840.0
21
2700.0
31
0
0
LINE
8
hvac
10
-373720.0
20
2640.0
30
0
11
-373720.0
21
2700.0
31
0
0
LINE
8
hvac
10
-373680.0
20
2640.0
30
0
11
-373680.0
21
2700.0
31
0
0
LINE
8
hvac
10
-373720.0
20
2640.0
30
0
11
-373680.0
21
2640.0
31
0
0
LINE
8
hvac
10
-373720.0
20
2700.0
30
0
11
-373680.0
21
2700.0
31
0
0
LINE
8
hvac
10
-373560.0
20
2640.0
30
0
11
-373560.0
21
2700.0
31
0
0
LINE
8
hvac
10
-373520.0
20
2640.0
30
0
11
-373520.0
21
2700.0
31
0
0
LINE
8
hvac
10
-373560.0
20
2640.0
30
0
11
-373520.0
21
2640.0
31
0
0
LINE
8
hvac
10
-373560.0
20
2700.0
30
0
11
-373520.0
21
2700.0
31
0
0
LINE
8
hvac
10
-373400.0
20
2640.0
30
0
11
-373400.0
21
2700.0
31
0
0
LINE
8
hvac
10
-373360.0
20
2640.0
30
0
11
-373360.0
21
2700.0
31
0
0
LINE
8
hvac
10
-373400.0
20
2640.0
30
0
11
-373360.0
21
2640.0
31
0
0
LINE
8
hvac
10
-373400.0
20
2700.0
30
0
11
-373360.0
21
2700.0
31
0
0
LINE
8
hvac
10
-373240.0
20
2640.0
30
0
11
-373240.0
21
2700.0
31
0
0
LINE
8
hvac
10
-373200.0
20
2640.0
30
0
11
-373200.0
21
2700.0
31
0
0
LINE
8
hvac
10
-373240.0
20
2640.0
30
0
11
-373200.0
21
2640.0
31
0
0
LINE
8
hvac
10
-373240.0
20
2700.0
30
0
11
-373200.0
21
2700.0
31
0
0
LINE
8
hvac
10
-373080.0
20
2640.0
30
0
11
-373080.0
21
2700.0
31
0
0
LINE
8
hvac
10
-373040.0
20
2640.0
30
0
11
-373040.0
21
2700.0
31
0
0
LINE
8
hvac
10
-373080.0
20
2640.0
30
0
11
-373040.0
21
2640.0
31
0
0
LINE
8
hvac
10
-373080.0
20
2700.0
30
0
11
-373040.0
21
2700.0
31
0
0
LINE
8
hvac
10
-373925.0
20
2875.0
30
0
11
-373925.0
21
3325.0
31
0
0
LINE
8
hvac
10
-373475.0
20
2875.0
30
0
11
-373475.0
21
3325.0
31
0
0
LINE
8
hvac
10
-373925.0
20
2875.0
30
0
11
-373475.0
21
2875.0
31
0
0
LINE
8
hvac
10
-373925.0
20
3325.0
30
0
11
-373475.0
21
3325.0
31
0
0
LINE
8
hvac
10
-370500.0
20
11825.0
30
0
11
-370500.0
21
12175.0
31
0
0
LINE
8
hvac
10
-349500.0
20
11825.0
30
0
11
-349500.0
21
12175.0
31
0
0
LINE
8
hvac
10
-370500.0
20
11825.0
30
0
11
-349500.0
21
11825.0
31
0
0
LINE
8
hvac
10
-370500.0
20
12175.0
30
0
11
-349500.0
21
12175.0
31
0
0
LINE
8
hvac
10
-373875.0
20
2925.0
30
0
11
-373875.0
21
3275.0
31
0
0
LINE
8
hvac
10
-359825.0
20
2925.0
30
0
11
-359825.0
21
3275.0
31
0
0
LINE
8
hvac
10
-373875.0
20
2925.0
30
0
11
-359825.0
21
2925.0
31
0
0
LINE
8
hvac
10
-373875.0
20
3275.0
30
0
11
-359825.0
21
3275.0
31
0
0
LINE
8
hvac
10
-360175.0
20
2925.0
30
0
11
-360175.0
21
12175.0
31
0
0
LINE
8
hvac
10
-359825.0
20
2925.0
30
0
11
-359825.0
21
12175.0
31
0
0
LINE
8
hvac
10
-360175.0
20
2925.0
30
0
11
-359825.0
21
2925.0
31
0
0
LINE
8
hvac
10
-360175.0
20
12175.0
30
0
11
-359825.0
21
12175.0
31
0
0
LINE
8
hvac
10
-366350.0
20
11650.0
30
0
11
-366350.0
21
12350.0
31
0
0
LINE
8
hvac
10
-365650.0
20
11650.0
30
0
11
-365650.0
21
12350.0
31
0
0
LINE
8
hvac
10
-366350.0
20
11650.0
30
0
11
-365650.0
21
11650.0
31
0
0
LINE
8
hvac
10
-366350.0
20
12350.0
30
0
11
-365650.0
21
12350.0
31
0
0
LINE
8
hvac
10
-354350.0
20
11650.0
30
0
11
-354350.0
21
12350.0
31
0
0
LINE
8
hvac
10
-353650.0
20
11650.0
30
0
11
-353650.0
21
12350.0
31
0
0
LINE
8
hvac
10
-354350.0
20
11650.0
30
0
11
-353650.0
21
11650.0
31
0
0
LINE
8
hvac
10
-354350.0
20
12350.0
30
0
11
-353650.0
21
12350.0
31
0
0
LINE
8
water
10
-361060.0
20
2400.0
30
0
11
-361060.0
21
2325.0
31
0
0
LINE
8
water
10
-361060.0
20
2325.0
30
0
11
-361060.0
21
2400.0
31
0
0
LINE
8
water
10
-361060.0
20
2400.0
30
0
11
-361060.0
21
2475.0
31
0
0
LINE
8
water
10
-361060.0
20
2475.0
30
0
11
-361060.0
21
2400.0
31
0
0
LINE
8
water
10
-361460.0
20
2400.0
30
0
11
-361060.0
21
2400.0
31
0
0
LINE
8
water
10
-361460.0
20
2400.0
30
0
11
-361460.0
21
2325.0
31
0
0
LINE
8
water
10
-361460.0
20
2325.0
30
0
11
-361460.0
21
2400.0
31
0
0
LINE
8
water
10
-361460.0
20
2400.0
30
0
11
-361460.0
21
2475.0
31
0
0
LINE
8
water
10
-361460.0
20
2475.0
30
0
11
-361460.0
21
2400.0
31
0
0
LINE
8
water
10
-361170.0
20
2400.0
30
0
11
-361232.19
21
2485.6
31
0
0
LINE
8
water
10
-361232.19
20
2485.6
30
0
11
-361332.81
21
2452.9
31
0
0
LINE
8
water
10
-361332.81
20
2452.9
30
0
11
-361332.81
21
2347.1
31
0
0
LINE
8
water
10
-361332.81
20
2347.1
30
0
11
-361232.19
21
2314.4
31
0
0
LINE
8
water
10
-361232.19
20
2314.4
30
0
11
-361170.0
21
2400.0
31
0
0
LINE
8
water
10
-361450.0
20
2375.0
30
0
11
-361450.0
21
2425.0
31
0
0
LINE
8
water
10
-361070.0
20
2375.0
30
0
11
-361070.0
21
2425.0
31
0
0
LINE
8
water
10
-361450.0
20
2375.0
30
0
11
-361070.0
21
2375.0
31
0
0
LINE
8
water
10
-361450.0
20
2425.0
30
0
11
-361070.0
21
2425.0
31
0
0
LINE
8
water
10
-361385.0
20
2400.0
30
0
11
-361385.0
21
2295.38
31
0
0
LINE
8
water
10
-361385.0
20
2295.38
30
0
11
-361385.0
21
2335.34
31
0
0
LINE
8
water
10
-361385.0
20
2335.34
30
0
11
-361385.0
21
2464.66
31
0
0
LINE
8
water
10
-361385.0
20
2464.66
30
0
11
-361385.0
21
2504.62
31
0
0
LINE
8
water
10
-361385.0
20
2504.62
30
0
11
-361385.0
21
2400.0
31
0
0
LINE
8
water
10
-361410.0
20
2400.0
30
0
11
-361385.0
21
2400.0
31
0
0
LINE
8
water
10
-361410.0
20
2400.0
30
0
11
-361410.0
21
2295.38
31
0
0
LINE
8
water
10
-361410.0
20
2295.38
30
0
11
-361410.0
21
2335.34
31
0
0
LINE
8
water
10
-361410.0
20
2335.34
30
0
11
-361410.0
21
2464.66
31
0
0
LINE
8
water
10
-361410.0
20
2464.66
30
0
11
-361410.0
21
2504.62
31
0
0
LINE
8
water
10
-361410.0
20
2504.62
30
0
11
-361410.0
21
2400.0
31
0
0
LINE
8
water
10
-361085.0
20
2400.0
30
0
11
-361085.0
21
2295.38
31
0
0
LINE
8
water
10
-361085.0
20
2295.38
30
0
11
-361085.0
21
2335.34
31
0
0
LINE
8
water
10
-361085.0
20
2335.34
30
0
11
-361085.0
21
2464.66
31
0
0
LINE
8
water
10
-361085.0
20
2464.66
30
0
11
-361085.0
21
2504.62
31
0
0
LINE
8
water
10
-361085.0
20
2504.62
30
0
11
-361085.0
21
2400.0
31
0
0
LINE
8
water
10
-361110.0
20
2400.0
30
0
11
-361085.0
21
2400.0
31
0
0
LINE
8
water
10
-361110.0
20
2400.0
30
0
11
-361110.0
21
2295.38
31
0
0
LINE
8
water
10
-361110.0
20
2295.38
30
0
11
-361110.0
21
2335.34
31
0
0
LINE
8
water
10
-361110.0
20
2335.34
30
0
11
-361110.0
21
2464.66
31
0
0
LINE
8
water
10
-361110.0
20
2464.66
30
0
11
-361110.0
21
2504.62
31
0
0
LINE
8
water
10
-361110.0
20
2504.62
30
0
11
-361110.0
21
2400.0
31
0
0
LINE
8
water
10
-358200.0
20
2400.0
30
0
11
-358156.7
21
2400.0
31
0
0
LINE
8
water
10
-358156.7
20
2400.0
30
0
11
-358243.3
21
2400.0
31
0
0
LINE
8
water
10
-358243.3
20
2400.0
30
0
11
-358200.0
21
2400.0
31
0
0
LINE
8
water
10
-358200.0
20
-57500.0
30
0
11
-358200.0
21
2400.0
31
0
0
LINE
8
water
10
-358200.0
20
-57500.0
30
0
11
-358156.7
21
-57500.0
31
0
0
LINE
8
water
10
-358156.7
20
-57500.0
30
0
11
-358243.3
21
-57500.0
31
0
0
LINE
8
water
10
-358243.3
20
-57500.0
30
0
11
-358200.0
21
-57500.0
31
0
0
LINE
8
water
10
-368400.0
20
2400.0
30
0
11
-368400.0
21
2356.7
31
0
0
LINE
8
water
10
-368400.0
20
2356.7
30
0
11
-368400.0
21
2443.3
31
0
0
LINE
8
water
10
-368400.0
20
2443.3
30
0
11
-368400.0
21
2400.0
31
0
0
LINE
8
water
10
-358200.0
20
2400.0
30
0
11
-368400.0
21
2400.0
31
0
0
LINE
8
water
10
-358200.0
20
2400.0
30
0
11
-358200.0
21
2356.7
31
0
0
LINE
8
water
10
-358200.0
20
2356.7
30
0
11
-358200.0
21
2443.3
31
0
0
LINE
8
water
10
-358200.0
20
2443.3
30
0
11
-358200.0
21
2400.0
31
0
0
LINE
8
water
10
-368400.0
20
16600.0
30
0
11
-368356.7
21
16600.0
31
0
0
LINE
8
water
10
-368356.7
20
16600.0
30
0
11
-368443.3
21
16600.0
31
0
0
LINE
8
water
10
-368443.3
20
16600.0
30
0
11
-368400.0
21
16600.0
31
0
0
LINE
8
water
10
-368400.0
20
2400.0
30
0
11
-368400.0
21
16600.0
31
0
0
LINE
8
water
10
-368400.0
20
2400.0
30
0
11
-368356.7
21
2400.0
31
0
0
LINE
8
water
10
-368356.7
20
2400.0
30
0
11
-368443.3
21
2400.0
31
0
0
LINE
8
water
10
-368443.3
20
2400.0
30
0
11
-368400.0
21
2400.0
31
0
0
LINE
8
water
10
-368450.0
20
16600.0
30
0
11
-368375.0
21
16643.3
31
0
0
LINE
8
water
10
-368375.0
20
16643.3
30
0
11
-368375.0
21
16556.7
31
0
0
LINE
8
water
10
-368375.0
20
16556.7
30
0
11
-368450.0
21
16600.0
31
0
0
LINE
8
water
10
-358200.0
20
2400.0
30
0
11
-358146.0
21
2400.0
31
0
0
LINE
8
water
10
-358146.0
20
2400.0
30
0
11
-358200.0
21
2400.0
31
0
0
LINE
8
water
10
-368400.0
20
2400.0
30
0
11
-368346.0
21
2400.0
31
0
0
LINE
8
water
10
-368346.0
20
2400.0
30
0
11
-368400.0
21
2400.0
31
0
0
LINE
8
water
10
-368400.0
20
16600.0
30
0
11
-368346.0
21
16600.0
31
0
0
LINE
8
water
10
-368346.0
20
16600.0
30
0
11
-368400.0
21
16600.0
31
0
0
LINE
8
water
10
-369100.0
20
16200.0
30
0
11
-369100.0
21
17000.0
31
0
0
LINE
8
water
10
-367700.0
20
16200.0
30
0
11
-367700.0
21
17000.0
31
0
0
LINE
8
water
10
-369100.0
20
16200.0
30
0
11
-367700.0
21
16200.0
31
0
0
LINE
8
water
10
-369100.0
20
17000.0
30
0
11
-367700.0
21
17000.0
31
0
0
LINE
8
water
10
-368775.0
20
16275.0
30
0
11
-368775.0
21
16925.0
31
0
0
LINE
8
water
10
-368025.0
20
16275.0
30
0
11
-368025.0
21
16925.0
31
0
0
LINE
8
water
10
-368775.0
20
16275.0
30
0
11
-368025.0
21
16275.0
31
0
0
LINE
8
water
10
-368775.0
20
16925.0
30
0
11
-368025.0
21
16925.0
31
0
0
LINE
8
water
10
-368350.0
20
16600.0
30
0
11
-368350.0
21
16504.89
31
0
0
LINE
8
water
10
-368350.0
20
16504.89
30
0
11
-368350.0
21
16541.22
31
0
0
LINE
8
water
10
-368350.0
20
16541.22
30
0
11
-368350.0
21
16658.78
31
0
0
LINE
8
water
10
-368350.0
20
16658.78
30
0
11
-368350.0
21
16695.11
31
0
0
LINE
8
water
10
-368350.0
20
16695.11
30
0
11
-368350.0
21
16600.0
31
0
0
LINE
8
water
10
-368800.0
20
16600.0
30
0
11
-368350.0
21
16600.0
31
0
0
LINE
8
water
10
-368800.0
20
16600.0
30
0
11
-368800.0
21
16504.89
31
0
0
LINE
8
water
10
-368800.0
20
16504.89
30
0
11
-368800.0
21
16541.22
31
0
0
LINE
8
water
10
-368800.0
20
16541.22
30
0
11
-368800.0
21
16658.78
31
0
0
LINE
8
water
10
-368800.0
20
16658.78
30
0
11
-368800.0
21
16695.11
31
0
0
LINE
8
water
10
-368800.0
20
16695.11
30
0
11
-368800.0
21
16600.0
31
0
0
LINE
8
water
10
-368000.0
20
16600.0
30
0
11
-368075.0
21
16643.3
31
0
0
LINE
8
water
10
-368075.0
20
16643.3
30
0
11
-368075.0
21
16556.7
31
0
0
LINE
8
water
10
-368075.0
20
16556.7
30
0
11
-368000.0
21
16600.0
31
0
0
LINE
8
water
10
-357750.0
20
16600.0
30
0
11
-357750.0
21
16556.7
31
0
0
LINE
8
water
10
-357750.0
20
16556.7
30
0
11
-357750.0
21
16643.3
31
0
0
LINE
8
water
10
-357750.0
20
16643.3
30
0
11
-357750.0
21
16600.0
31
0
0
LINE
8
water
10
-368050.0
20
16600.0
30
0
11
-357750.0
21
16600.0
31
0
0
LINE
8
water
10
-368050.0
20
16600.0
30
0
11
-368050.0
21
16556.7
31
0
0
LINE
8
water
10
-368050.0
20
16556.7
30
0
11
-368050.0
21
16643.3
31
0
0
LINE
8
water
10
-368050.0
20
16643.3
30
0
11
-368050.0
21
16600.0
31
0
0
LINE
8
water
10
-357750.0
20
-56500.0
30
0
11
-357706.7
21
-56500.0
31
0
0
LINE
8
water
10
-357706.7
20
-56500.0
30
0
11
-357793.3
21
-56500.0
31
0
0
LINE
8
water
10
-357793.3
20
-56500.0
30
0
11
-357750.0
21
-56500.0
31
0
0
LINE
8
water
10
-357750.0
20
16600.0
30
0
11
-357750.0
21
-56500.0
31
0
0
LINE
8
water
10
-357750.0
20
16600.0
30
0
11
-357706.7
21
16600.0
31
0
0
LINE
8
water
10
-357706.7
20
16600.0
30
0
11
-357793.3
21
16600.0
31
0
0
LINE
8
water
10
-357793.3
20
16600.0
30
0
11
-357750.0
21
16600.0
31
0
0
LINE
8
water
10
-357700.0
20
-56500.0
30
0
11
-357775.0
21
-56456.7
31
0
0
LINE
8
water
10
-357775.0
20
-56456.7
30
0
11
-357775.0
21
-56543.3
31
0
0
LINE
8
water
10
-357775.0
20
-56543.3
30
0
11
-357700.0
21
-56500.0
31
0
0
LINE
8
water
10
-368050.0
20
16600.0
30
0
11
-367996.0
21
16600.0
31
0
0
LINE
8
water
10
-367996.0
20
16600.0
30
0
11
-368050.0
21
16600.0
31
0
0
LINE
8
water
10
-357750.0
20
16600.0
30
0
11
-357696.0
21
16600.0
31
0
0
LINE
8
water
10
-357696.0
20
16600.0
30
0
11
-357750.0
21
16600.0
31
0
0
LINE
8
water
10
-357750.0
20
-56500.0
30
0
11
-357696.0
21
-56500.0
31
0
0
LINE
8
water
10
-357696.0
20
-56500.0
30
0
11
-357750.0
21
-56500.0
31
0
0
LINE
8
sensors
10
-374960.0
20
6320.0
30
0
11
-374960.0
21
6480.0
31
0
0
LINE
8
sensors
10
-374860.0
20
6320.0
30
0
11
-374860.0
21
6480.0
31
0
0
LINE
8
sensors
10
-374960.0
20
6320.0
30
0
11
-374860.0
21
6320.0
31
0
0
LINE
8
sensors
10
-374960.0
20
6480.0
30
0
11
-374860.0
21
6480.0
31
0
0
LINE
8
sensors
10
-374855.0
20
6345.0
30
0
11
-374855.0
21
6455.0
31
0
0
LINE
8
sensors
10
-374835.0
20
6345.0
30
0
11
-374835.0
21
6455.0
31
0
0
LINE
8
sensors
10
-374855.0
20
6345.0
30
0
11
-374835.0
21
6345.0
31
0
0
LINE
8
sensors
10
-374855.0
20
6455.0
30
0
11
-374835.0
21
6455.0
31
0
0
LINE
8
sensors
10
-374960.0
20
6620.0
30
0
11
-374960.0
21
6780.0
31
0
0
LINE
8
sensors
10
-374860.0
20
6620.0
30
0
11
-374860.0
21
6780.0
31
0
0
LINE
8
sensors
10
-374960.0
20
6620.0
30
0
11
-374860.0
21
6620.0
31
0
0
LINE
8
sensors
10
-374960.0
20
6780.0
30
0
11
-374860.0
21
6780.0
31
0
0
LINE
8
sensors
10
-374855.0
20
6645.0
30
0
11
-374855.0
21
6755.0
31
0
0
LINE
8
sensors
10
-374835.0
20
6645.0
30
0
11
-374835.0
21
6755.0
31
0
0
LINE
8
sensors
10
-374855.0
20
6645.0
30
0
11
-374835.0
21
6645.0
31
0
0
LINE
8
sensors
10
-374855.0
20
6755.0
30
0
11
-374835.0
21
6755.0
31
0
0
LINE
8
sensors
10
-374960.0
20
6920.0
30
0
11
-374960.0
21
7080.0
31
0
0
LINE
8
sensors
10
-374860.0
20
6920.0
30
0
11
-374860.0
21
7080.0
31
0
0
LINE
8
sensors
10
-374960.0
20
6920.0
30
0
11
-374860.0
21
6920.0
31
0
0
LINE
8
sensors
10
-374960.0
20
7080.0
30
0
11
-374860.0
21
7080.0
31
0
0
LINE
8
sensors
10
-374855.0
20
6945.0
30
0
11
-374855.0
21
7055.0
31
0
0
LINE
8
sensors
10
-374835.0
20
6945.0
30
0
11
-374835.0
21
7055.0
31
0
0
LINE
8
sensors
10
-374855.0
20
6945.0
30
0
11
-374835.0
21
6945.0
31
0
0
LINE
8
sensors
10
-374855.0
20
7055.0
30
0
11
-374835.0
21
7055.0
31
0
0
LINE
8
sensors
10
-359920.0
20
12000.0
30
0
11
-360000.0
21
12080.0
31
0
0
LINE
8
sensors
10
-360000.0
20
12080.0
30
0
11
-360080.0
21
12000.0
31
0
0
LINE
8
sensors
10
-360080.0
20
12000.0
30
0
11
-360000.0
21
11920.0
31
0
0
LINE
8
sensors
10
-360000.0
20
11920.0
30
0
11
-359920.0
21
12000.0
31
0
0
LINE
8
sensors
10
-360000.0
20
12000.0
30
0
11
-359935.0
21
12000.0
31
0
0
LINE
8
sensors
10
-359935.0
20
12000.0
30
0
11
-360000.0
21
12000.0
31
0
0
LINE
8
sensors
10
-374960.0
20
7520.0
30
0
11
-374960.0
21
7680.0
31
0
0
LINE
8
sensors
10
-374860.0
20
7520.0
30
0
11
-374860.0
21
7680.0
31
0
0
LINE
8
sensors
10
-374960.0
20
7520.0
30
0
11
-374860.0
21
7520.0
31
0
0
LINE
8
sensors
10
-374960.0
20
7680.0
30
0
11
-374860.0
21
7680.0
31
0
0
LINE
8
sensors
10
-374855.0
20
7545.0
30
0
11
-374855.0
21
7655.0
31
0
0
LINE
8
sensors
10
-374835.0
20
7545.0
30
0
11
-374835.0
21
7655.0
31
0
0
LINE
8
sensors
10
-374855.0
20
7545.0
30
0
11
-374835.0
21
7545.0
31
0
0
LINE
8
sensors
10
-374855.0
20
7655.0
30
0
11
-374835.0
21
7655.0
31
0
0
LINE
8
sensors
10
-364720.0
20
2400.0
30
0
11
-364720.0
21
2325.0
31
0
0
LINE
8
sensors
10
-364720.0
20
2325.0
30
0
11
-364720.0
21
2400.0
31
0
0
LINE
8
sensors
10
-364720.0
20
2400.0
30
0
11
-364720.0
21
2475.0
31
0
0
LINE
8
sensors
10
-364720.0
20
2475.0
30
0
11
-364720.0
21
2400.0
31
0
0
LINE
8
sensors
10
-364940.0
20
2400.0
30
0
11
-364720.0
21
2400.0
31
0
0
LINE
8
sensors
10
-364940.0
20
2400.0
30
0
11
-364940.0
21
2325.0
31
0
0
LINE
8
sensors
10
-364940.0
20
2325.0
30
0
11
-364940.0
21
2400.0
31
0
0
LINE
8
sensors
10
-364940.0
20
2400.0
30
0
11
-364940.0
21
2475.0
31
0
0
LINE
8
sensors
10
-364940.0
20
2475.0
30
0
11
-364940.0
21
2400.0
31
0
0
LINE
8
sensors
10
-364910.0
20
2330.0
30
0
11
-364910.0
21
2470.0
31
0
0
LINE
8
sensors
10
-364750.0
20
2330.0
30
0
11
-364750.0
21
2470.0
31
0
0
LINE
8
sensors
10
-364910.0
20
2330.0
30
0
11
-364750.0
21
2330.0
31
0
0
LINE
8
sensors
10
-364910.0
20
2470.0
30
0
11
-364750.0
21
2470.0
31
0
0
LINE
8
interiors
10
-336000.0
20
2000.0
30
0
11
-336000.0
21
22000.0
31
0
0
LINE
8
interiors
10
-336000.0
20
2000.0
30
0
11
-322200.0
21
2000.0
31
0
0
LINE
8
interiors
10
-322200.0
20
2000.0
30
0
11
-319800.0
21
2000.0
31
0
0
LINE
8
interiors
10
-319800.0
20
2000.0
30
0
11
-306000.0
21
2000.0
31
0
0
LINE
8
interiors
10
-336000.0
20
2000.0
30
0
11
-306000.0
21
2000.0
31
0
0
LINE
8
interiors
10
-336000.0
20
22000.0
30
0
11
-306000.0
21
22000.0
31
0
0
LINE
8
interiors
10
-306000.0
20
2000.0
30
0
11
-306000.0
21
22000.0
31
0
0
LINE
8
interiors
10
-306120.0
20
2120.0
30
0
11
-335880.0
21
2120.0
31
0
0
LINE
8
interiors
10
-306120.0
20
2120.0
30
0
11
-306120.0
21
21880.0
31
0
0
LINE
8
interiors
10
-306120.0
20
21880.0
30
0
11
-335880.0
21
21880.0
31
0
0
LINE
8
interiors
10
-335880.0
20
2120.0
30
0
11
-335880.0
21
21880.0
31
0
0
LINE
8
interiors
10
-328800.0
20
22000.0
30
0
11
-313200.0
21
22000.0
31
0
0
LINE
8
interiors
10
-319800.0
20
2000.0
30
0
11
-319800.0
21
2120.0
31
0
0
LINE
8
interiors
10
-306120.0
20
2120.0
30
0
11
-319800.0
21
2120.0
31
0
0
LINE
8
interiors
10
-322200.0
20
2120.0
30
0
11
-335880.0
21
2120.0
31
0
0
LINE
8
interiors
10
-322200.0
20
2000.0
30
0
11
-322200.0
21
2120.0
31
0
0
LINE
8
interiors
10
-322200.0
20
2120.0
30
0
11
-319800.0
21
2120.0
31
0
0
LINE
8
interiors
10
-328800.0
20
21880.0
30
0
11
-313200.0
21
21880.0
31
0
0
LINE
8
interiors
10
-328800.0
20
21880.0
30
0
11
-328800.0
21
22000.0
31
0
0
LINE
8
interiors
10
-313200.0
20
21880.0
30
0
11
-313200.0
21
22000.0
31
0
0
LINE
8
interiors
10
-328800.0
20
21977.5
30
0
11
-328800.0
21
22022.5
31
0
0
LINE
8
interiors
10
-313200.0
20
21977.5
30
0
11
-313200.0
21
22022.5
31
0
0
LINE
8
interiors
10
-328800.0
20
21977.5
30
0
11
-313200.0
21
21977.5
31
0
0
LINE
8
interiors
10
-328800.0
20
22022.5
30
0
11
-313200.0
21
22022.5
31
0
0
LINE
8
interiors
10
-335875.0
20
2125.0
30
0
11
-335875.0
21
21875.0
31
0
0
LINE
8
interiors
10
-306125.0
20
2125.0
30
0
11
-306125.0
21
21875.0
31
0
0
LINE
8
interiors
10
-335875.0
20
2125.0
30
0
11
-306125.0
21
2125.0
31
0
0
LINE
8
interiors
10
-335875.0
20
21875.0
30
0
11
-306125.0
21
21875.0
31
0
0
LINE
8
interiors
10
-322155.0
20
1880.0
30
0
11
-322155.0
21
2120.0
31
0
0
LINE
8
interiors
10
-322085.0
20
1880.0
30
0
11
-322085.0
21
2120.0
31
0
0
LINE
8
interiors
10
-322155.0
20
1880.0
30
0
11
-322085.0
21
1880.0
31
0
0
LINE
8
interiors
10
-322155.0
20
2120.0
30
0
11
-322085.0
21
2120.0
31
0
0
LINE
8
interiors
10
-319915.0
20
1880.0
30
0
11
-319915.0
21
2120.0
31
0
0
LINE
8
interiors
10
-319845.0
20
1880.0
30
0
11
-319845.0
21
2120.0
31
0
0
LINE
8
interiors
10
-319915.0
20
1880.0
30
0
11
-319845.0
21
1880.0
31
0
0
LINE
8
interiors
10
-319915.0
20
2120.0
30
0
11
-319845.0
21
2120.0
31
0
0
LINE
8
interiors
10
-322150.0
20
1880.0
30
0
11
-322150.0
21
2120.0
31
0
0
LINE
8
interiors
10
-319850.0
20
1880.0
30
0
11
-319850.0
21
2120.0
31
0
0
LINE
8
interiors
10
-322150.0
20
1880.0
30
0
11
-319850.0
21
1880.0
31
0
0
LINE
8
interiors
10
-322150.0
20
2120.0
30
0
11
-319850.0
21
2120.0
31
0
0
LINE
8
interiors
10
-322069.61
20
2090.49
30
0
11
-322110.39
21
2109.51
31
0
0
LINE
8
interiors
10
-321613.18
20
3069.3
30
0
11
-321653.96
21
3088.32
31
0
0
LINE
8
interiors
10
-322069.61
20
2090.49
30
0
11
-321613.18
21
3069.3
31
0
0
LINE
8
interiors
10
-322110.39
20
2109.51
30
0
11
-321653.96
21
3088.32
31
0
0
LINE
8
interiors
10
-329795.0
20
15500.0
30
0
11
-329795.0
21
16500.0
31
0
0
LINE
8
interiors
10
-329705.0
20
15500.0
30
0
11
-329705.0
21
16500.0
31
0
0
LINE
8
interiors
10
-329795.0
20
15500.0
30
0
11
-329705.0
21
15500.0
31
0
0
LINE
8
interiors
10
-329795.0
20
16500.0
30
0
11
-329705.0
21
16500.0
31
0
0
LINE
8
interiors
10
-327295.0
20
15500.0
30
0
11
-327295.0
21
16500.0
31
0
0
LINE
8
interiors
10
-327205.0
20
15500.0
30
0
11
-327205.0
21
16500.0
31
0
0
LINE
8
interiors
10
-327295.0
20
15500.0
30
0
11
-327205.0
21
15500.0
31
0
0
LINE
8
interiors
10
-327295.0
20
16500.0
30
0
11
-327205.0
21
16500.0
31
0
0
LINE
8
interiors
10
-329800.0
20
15500.0
30
0
11
-329800.0
21
16500.0
31
0
0
LINE
8
interiors
10
-327200.0
20
15500.0
30
0
11
-327200.0
21
16500.0
31
0
0
LINE
8
interiors
10
-329800.0
20
15500.0
30
0
11
-327200.0
21
15500.0
31
0
0
LINE
8
interiors
10
-329800.0
20
16500.0
30
0
11
-327200.0
21
16500.0
31
0
0
LINE
8
interiors
10
-314795.0
20
15500.0
30
0
11
-314795.0
21
16500.0
31
0
0
LINE
8
interiors
10
-314705.0
20
15500.0
30
0
11
-314705.0
21
16500.0
31
0
0
LINE
8
interiors
10
-314795.0
20
15500.0
30
0
11
-314705.0
21
15500.0
31
0
0
LINE
8
interiors
10
-314795.0
20
16500.0
30
0
11
-314705.0
21
16500.0
31
0
0
LINE
8
interiors
10
-312295.0
20
15500.0
30
0
11
-312295.0
21
16500.0
31
0
0
LINE
8
interiors
10
-312205.0
20
15500.0
30
0
11
-312205.0
21
16500.0
31
0
0
LINE
8
interiors
10
-312295.0
20
15500.0
30
0
11
-312205.0
21
15500.0
31
0
0
LINE
8
interiors
10
-312295.0
20
16500.0
30
0
11
-312205.0
21
16500.0
31
0
0
LINE
8
interiors
10
-314800.0
20
15500.0
30
0
11
-314800.0
21
16500.0
31
0
0
LINE
8
interiors
10
-312200.0
20
15500.0
30
0
11
-312200.0
21
16500.0
31
0
0
LINE
8
interiors
10
-314800.0
20
15500.0
30
0
11
-312200.0
21
15500.0
31
0
0
LINE
8
interiors
10
-314800.0
20
16500.0
30
0
11
-312200.0
21
16500.0
31
0
0
LINE
8
interiors
10
-322400.0
20
7350.0
30
0
11
-322400.0
21
7850.0
31
0
0
LINE
8
interiors
10
-319600.0
20
7350.0
30
0
11
-319600.0
21
7850.0
31
0
0
LINE
8
interiors
10
-322400.0
20
7350.0
30
0
11
-319600.0
21
7350.0
31
0
0
LINE
8
interiors
10
-322400.0
20
7850.0
30
0
11
-319600.0
21
7850.0
31
0
0
LINE
8
interiors
10
-322335.0
20
7415.0
30
0
11
-322335.0
21
7485.0
31
0
0
LINE
8
interiors
10
-322265.0
20
7415.0
30
0
11
-322265.0
21
7485.0
31
0
0
LINE
8
interiors
10
-322335.0
20
7415.0
30
0
11
-322265.0
21
7415.0
31
0
0
LINE
8
interiors
10
-322335.0
20
7485.0
30
0
11
-322265.0
21
7485.0
31
0
0
LINE
8
interiors
10
-322335.0
20
7715.0
30
0
11
-322335.0
21
7785.0
31
0
0
LINE
8
interiors
10
-322265.0
20
7715.0
30
0
11
-322265.0
21
7785.0
31
0
0
LINE
8
interiors
10
-322335.0
20
7715.0
30
0
11
-322265.0
21
7715.0
31
0
0
LINE
8
interiors
10
-322335.0
20
7785.0
30
0
11
-322265.0
21
7785.0
31
0
0
LINE
8
interiors
10
-319735.0
20
7415.0
30
0
11
-319735.0
21
7485.0
31
0
0
LINE
8
interiors
10
-319665.0
20
7415.0
30
0
11
-319665.0
21
7485.0
31
0
0
LINE
8
interiors
10
-319735.0
20
7415.0
30
0
11
-319665.0
21
7415.0
31
0
0
LINE
8
interiors
10
-319735.0
20
7485.0
30
0
11
-319665.0
21
7485.0
31
0
0
LINE
8
interiors
10
-319735.0
20
7715.0
30
0
11
-319735.0
21
7785.0
31
0
0
LINE
8
interiors
10
-319665.0
20
7715.0
30
0
11
-319665.0
21
7785.0
31
0
0
LINE
8
interiors
10
-319735.0
20
7715.0
30
0
11
-319665.0
21
7715.0
31
0
0
LINE
8
interiors
10
-319735.0
20
7785.0
30
0
11
-319665.0
21
7785.0
31
0
0
LINE
8
electrical
10
-306725.0
20
2075.0
30
0
11
-306725.0
21
2325.0
31
0
0
LINE
8
electrical
10
-306175.0
20
2075.0
30
0
11
-306175.0
21
2325.0
31
0
0
LINE
8
electrical
10
-306725.0
20
2075.0
30
0
11
-306175.0
21
2075.0
31
0
0
LINE
8
electrical
10
-306725.0
20
2325.0
30
0
11
-306175.0
21
2325.0
31
0
0
LINE
8
electrical
10
-306685.0
20
2047.5
30
0
11
-306685.0
21
2082.5
31
0
0
LINE
8
electrical
10
-306215.0
20
2047.5
30
0
11
-306215.0
21
2082.5
31
0
0
LINE
8
electrical
10
-306685.0
20
2047.5
30
0
11
-306215.0
21
2047.5
31
0
0
LINE
8
electrical
10
-306685.0
20
2082.5
30
0
11
-306215.0
21
2082.5
31
0
0
LINE
8
electrical
10
-306637.5
20
2010.0
30
0
11
-306637.5
21
2050.0
31
0
0
LINE
8
electrical
10
-306537.5
20
2010.0
30
0
11
-306537.5
21
2050.0
31
0
0
LINE
8
electrical
10
-306637.5
20
2010.0
30
0
11
-306537.5
21
2010.0
31
0
0
LINE
8
electrical
10
-306637.5
20
2050.0
30
0
11
-306537.5
21
2050.0
31
0
0
LINE
8
electrical
10
-306500.0
20
2010.0
30
0
11
-306500.0
21
2050.0
31
0
0
LINE
8
electrical
10
-306400.0
20
2010.0
30
0
11
-306400.0
21
2050.0
31
0
0
LINE
8
electrical
10
-306500.0
20
2010.0
30
0
11
-306400.0
21
2010.0
31
0
0
LINE
8
electrical
10
-306500.0
20
2050.0
30
0
11
-306400.0
21
2050.0
31
0
0
LINE
8
electrical
10
-306362.5
20
2010.0
30
0
11
-306362.5
21
2050.0
31
0
0
LINE
8
electrical
10
-306262.5
20
2010.0
30
0
11
-306262.5
21
2050.0
31
0
0
LINE
8
electrical
10
-306362.5
20
2010.0
30
0
11
-306262.5
21
2010.0
31
0
0
LINE
8
electrical
10
-306362.5
20
2050.0
30
0
11
-306262.5
21
2050.0
31
0
0
LINE
8
electrical
10
-306587.5
20
1995.0
30
0
11
-306564.12
21
1995.0
31
0
0
LINE
8
electrical
10
-306564.12
20
1995.0
30
0
11
-306610.88
21
1995.0
31
0
0
LINE
8
electrical
10
-306610.88
20
1995.0
30
0
11
-306587.5
21
1995.0
31
0
0
LINE
8
electrical
10
-306587.5
20
2020.0
30
0
11
-306587.5
21
1995.0
31
0
0
LINE
8
electrical
10
-306587.5
20
2020.0
30
0
11
-306564.12
21
2020.0
31
0
0
LINE
8
electrical
10
-306564.12
20
2020.0
30
0
11
-306610.88
21
2020.0
31
0
0
LINE
8
electrical
10
-306610.88
20
2020.0
30
0
11
-306587.5
21
2020.0
31
0
0
LINE
8
electrical
10
-306450.0
20
1995.0
30
0
11
-306426.62
21
1995.0
31
0
0
LINE
8
electrical
10
-306426.62
20
1995.0
30
0
11
-306473.38
21
1995.0
31
0
0
LINE
8
electrical
10
-306473.38
20
1995.0
30
0
11
-306450.0
21
1995.0
31
0
0
LINE
8
electrical
10
-306450.0
20
2020.0
30
0
11
-306450.0
21
1995.0
31
0
0
LINE
8
electrical
10
-306450.0
20
2020.0
30
0
11
-306426.62
21
2020.0
31
0
0
LINE
8
electrical
10
-306426.62
20
2020.0
30
0
11
-306473.38
21
2020.0
31
0
0
LINE
8
electrical
10
-306473.38
20
2020.0
30
0
11
-306450.0
21
2020.0
31
0
0
LINE
8
electrical
10
-306312.5
20
1995.0
30
0
11
-306289.12
21
1995.0
31
0
0
LINE
8
electrical
10
-306289.12
20
1995.0
30
0
11
-306335.88
21
1995.0
31
0
0
LINE
8
electrical
10
-306335.88
20
1995.0
30
0
11
-306312.5
21
1995.0
31
0
0
LINE
8
electrical
10
-306312.5
20
2020.0
30
0
11
-306312.5
21
1995.0
31
0
0
LINE
8
electrical
10
-306312.5
20
2020.0
30
0
11
-306289.12
21
2020.0
31
0
0
LINE
8
electrical
10
-306289.12
20
2020.0
30
0
11
-306335.88
21
2020.0
31
0
0
LINE
8
electrical
10
-306335.88
20
2020.0
30
0
11
-306312.5
21
2020.0
31
0
0
LINE
8
electrical
10
-306450.0
20
2200.0
30
0
11
-306434.41
21
2200.0
31
0
0
LINE
8
electrical
10
-306434.41
20
2200.0
30
0
11
-306465.59
21
2200.0
31
0
0
LINE
8
electrical
10
-306465.59
20
2200.0
30
0
11
-306450.0
21
2200.0
31
0
0
LINE
8
electrical
10
-306450.0
20
-62300.0
30
0
11
-306450.0
21
2200.0
31
0
0
LINE
8
electrical
10
-306450.0
20
-62300.0
30
0
11
-306434.41
21
-62300.0
31
0
0
LINE
8
electrical
10
-306434.41
20
-62300.0
30
0
11
-306465.59
21
-62300.0
31
0
0
LINE
8
electrical
10
-306465.59
20
-62300.0
30
0
11
-306450.0
21
-62300.0
31
0
0
LINE
8
electrical
10
-306468.0
20
2200.0
30
0
11
-306441.0
21
2215.59
31
0
0
LINE
8
electrical
10
-306441.0
20
2215.59
30
0
11
-306441.0
21
2184.41
31
0
0
LINE
8
electrical
10
-306441.0
20
2184.41
30
0
11
-306468.0
21
2200.0
31
0
0
LINE
8
electrical
10
-306450.0
20
2200.0
30
0
11
-306430.56
21
2200.0
31
0
0
LINE
8
electrical
10
-306430.56
20
2200.0
30
0
11
-306450.0
21
2200.0
31
0
0
LINE
8
lighting
10
-332120.0
20
4880.0
30
0
11
-332120.0
21
5520.0
31
0
0
LINE
8
lighting
10
-331480.0
20
4880.0
30
0
11
-331480.0
21
5520.0
31
0
0
LINE
8
lighting
10
-332120.0
20
4880.0
30
0
11
-331480.0
21
4880.0
31
0
0
LINE
8
lighting
10
-332120.0
20
5520.0
30
0
11
-331480.0
21
5520.0
31
0
0
LINE
8
lighting
10
-332080.0
20
4920.0
30
0
11
-332080.0
21
5480.0
31
0
0
LINE
8
lighting
10
-331520.0
20
4920.0
30
0
11
-331520.0
21
5480.0
31
0
0
LINE
8
lighting
10
-332080.0
20
4920.0
30
0
11
-331520.0
21
4920.0
31
0
0
LINE
8
lighting
10
-332080.0
20
5480.0
30
0
11
-331520.0
21
5480.0
31
0
0
LINE
8
lighting
10
-332046.0
20
4930.0
30
0
11
-332046.0
21
5470.0
31
0
0
LINE
8
lighting
10
-332034.0
20
4930.0
30
0
11
-332034.0
21
5470.0
31
0
0
LINE
8
lighting
10
-332046.0
20
4930.0
30
0
11
-332034.0
21
4930.0
31
0
0
LINE
8
lighting
10
-332046.0
20
5470.0
30
0
11
-332034.0
21
5470.0
31
0
0
LINE
8
lighting
10
-331966.0
20
4930.0
30
0
11
-331966.0
21
5470.0
31
0
0
LINE
8
lighting
10
-331954.0
20
4930.0
30
0
11
-331954.0
21
5470.0
31
0
0
LINE
8
lighting
10
-331966.0
20
4930.0
30
0
11
-331954.0
21
4930.0
31
0
0
LINE
8
lighting
10
-331966.0
20
5470.0
30
0
11
-331954.0
21
5470.0
31
0
0
LINE
8
lighting
10
-331886.0
20
4930.0
30
0
11
-331886.0
21
5470.0
31
0
0
LINE
8
lighting
10
-331874.0
20
4930.0
30
0
11
-331874.0
21
5470.0
31
0
0
LINE
8
lighting
10
-331886.0
20
4930.0
30
0
11
-331874.0
21
4930.0
31
0
0
LINE
8
lighting
10
-331886.0
20
5470.0
30
0
11
-331874.0
21
5470.0
31
0
0
LINE
8
lighting
10
-331806.0
20
4930.0
30
0
11
-331806.0
21
5470.0
31
0
0
LINE
8
lighting
10
-331794.0
20
4930.0
30
0
11
-331794.0
21
5470.0
31
0
0
LINE
8
lighting
10
-331806.0
20
4930.0
30
0
11
-331794.0
21
4930.0
31
0
0
LINE
8
lighting
10
-331806.0
20
5470.0
30
0
11
-331794.0
21
5470.0
31
0
0
LINE
8
lighting
10
-331726.0
20
4930.0
30
0
11
-331726.0
21
5470.0
31
0
0
LINE
8
lighting
10
-331714.0
20
4930.0
30
0
11
-331714.0
21
5470.0
31
0
0
LINE
8
lighting
10
-331726.0
20
4930.0
30
0
11
-331714.0
21
4930.0
31
0
0
LINE
8
lighting
10
-331726.0
20
5470.0
30
0
11
-331714.0
21
5470.0
31
0
0
LINE
8
lighting
10
-331646.0
20
4930.0
30
0
11
-331646.0
21
5470.0
31
0
0
LINE
8
lighting
10
-331634.0
20
4930.0
30
0
11
-331634.0
21
5470.0
31
0
0
LINE
8
lighting
10
-331646.0
20
4930.0
30
0
11
-331634.0
21
4930.0
31
0
0
LINE
8
lighting
10
-331646.0
20
5470.0
30
0
11
-331634.0
21
5470.0
31
0
0
LINE
8
lighting
10
-331566.0
20
4930.0
30
0
11
-331566.0
21
5470.0
31
0
0
LINE
8
lighting
10
-331554.0
20
4930.0
30
0
11
-331554.0
21
5470.0
31
0
0
LINE
8
lighting
10
-331566.0
20
4930.0
30
0
11
-331554.0
21
4930.0
31
0
0
LINE
8
lighting
10
-331566.0
20
5470.0
30
0
11
-331554.0
21
5470.0
31
0
0
LINE
8
lighting
10
-331791.0
20
5200.0
30
0
11
-331804.5
21
5207.79
31
0
0
LINE
8
lighting
10
-331804.5
20
5207.79
30
0
11
-331804.5
21
5192.21
31
0
0
LINE
8
lighting
10
-331804.5
20
5192.21
30
0
11
-331791.0
21
5200.0
31
0
0
LINE
8
lighting
10
-310520.0
20
4880.0
30
0
11
-310520.0
21
5520.0
31
0
0
LINE
8
lighting
10
-309880.0
20
4880.0
30
0
11
-309880.0
21
5520.0
31
0
0
LINE
8
lighting
10
-310520.0
20
4880.0
30
0
11
-309880.0
21
4880.0
31
0
0
LINE
8
lighting
10
-310520.0
20
5520.0
30
0
11
-309880.0
21
5520.0
31
0
0
LINE
8
lighting
10
-310480.0
20
4920.0
30
0
11
-310480.0
21
5480.0
31
0
0
LINE
8
lighting
10
-309920.0
20
4920.0
30
0
11
-309920.0
21
5480.0
31
0
0
LINE
8
lighting
10
-310480.0
20
4920.0
30
0
11
-309920.0
21
4920.0
31
0
0
LINE
8
lighting
10
-310480.0
20
5480.0
30
0
11
-309920.0
21
5480.0
31
0
0
LINE
8
lighting
10
-310446.0
20
4930.0
30
0
11
-310446.0
21
5470.0
31
0
0
LINE
8
lighting
10
-310434.0
20
4930.0
30
0
11
-310434.0
21
5470.0
31
0
0
LINE
8
lighting
10
-310446.0
20
4930.0
30
0
11
-310434.0
21
4930.0
31
0
0
LINE
8
lighting
10
-310446.0
20
5470.0
30
0
11
-310434.0
21
5470.0
31
0
0
LINE
8
lighting
10
-310366.0
20
4930.0
30
0
11
-310366.0
21
5470.0
31
0
0
LINE
8
lighting
10
-310354.0
20
4930.0
30
0
11
-310354.0
21
5470.0
31
0
0
LINE
8
lighting
10
-310366.0
20
4930.0
30
0
11
-310354.0
21
4930.0
31
0
0
LINE
8
lighting
10
-310366.0
20
5470.0
30
0
11
-310354.0
21
5470.0
31
0
0
LINE
8
lighting
10
-310286.0
20
4930.0
30
0
11
-310286.0
21
5470.0
31
0
0
LINE
8
lighting
10
-310274.0
20
4930.0
30
0
11
-310274.0
21
5470.0
31
0
0
LINE
8
lighting
10
-310286.0
20
4930.0
30
0
11
-310274.0
21
4930.0
31
0
0
LINE
8
lighting
10
-310286.0
20
5470.0
30
0
11
-310274.0
21
5470.0
31
0
0
LINE
8
lighting
10
-310206.0
20
4930.0
30
0
11
-310206.0
21
5470.0
31
0
0
LINE
8
lighting
10
-310194.0
20
4930.0
30
0
11
-310194.0
21
5470.0
31
0
0
LINE
8
lighting
10
-310206.0
20
4930.0
30
0
11
-310194.0
21
4930.0
31
0
0
LINE
8
lighting
10
-310206.0
20
5470.0
30
0
11
-310194.0
21
5470.0
31
0
0
LINE
8
lighting
10
-310126.0
20
4930.0
30
0
11
-310126.0
21
5470.0
31
0
0
LINE
8
lighting
10
-310114.0
20
4930.0
30
0
11
-310114.0
21
5470.0
31
0
0
LINE
8
lighting
10
-310126.0
20
4930.0
30
0
11
-310114.0
21
4930.0
31
0
0
LINE
8
lighting
10
-310126.0
20
5470.0
30
0
11
-310114.0
21
5470.0
31
0
0
LINE
8
lighting
10
-310046.0
20
4930.0
30
0
11
-310046.0
21
5470.0
31
0
0
LINE
8
lighting
10
-310034.0
20
4930.0
30
0
11
-310034.0
21
5470.0
31
0
0
LINE
8
lighting
10
-310046.0
20
4930.0
30
0
11
-310034.0
21
4930.0
31
0
0
LINE
8
lighting
10
-310046.0
20
5470.0
30
0
11
-310034.0
21
5470.0
31
0
0
LINE
8
lighting
10
-309966.0
20
4930.0
30
0
11
-309966.0
21
5470.0
31
0
0
LINE
8
lighting
10
-309954.0
20
4930.0
30
0
11
-309954.0
21
5470.0
31
0
0
LINE
8
lighting
10
-309966.0
20
4930.0
30
0
11
-309954.0
21
4930.0
31
0
0
LINE
8
lighting
10
-309966.0
20
5470.0
30
0
11
-309954.0
21
5470.0
31
0
0
LINE
8
lighting
10
-310191.0
20
5200.0
30
0
11
-310204.5
21
5207.79
31
0
0
LINE
8
lighting
10
-310204.5
20
5207.79
30
0
11
-310204.5
21
5192.21
31
0
0
LINE
8
lighting
10
-310204.5
20
5192.21
30
0
11
-310191.0
21
5200.0
31
0
0
LINE
8
lighting
10
-321320.0
20
4880.0
30
0
11
-321320.0
21
5520.0
31
0
0
LINE
8
lighting
10
-320680.0
20
4880.0
30
0
11
-320680.0
21
5520.0
31
0
0
LINE
8
lighting
10
-321320.0
20
4880.0
30
0
11
-320680.0
21
4880.0
31
0
0
LINE
8
lighting
10
-321320.0
20
5520.0
30
0
11
-320680.0
21
5520.0
31
0
0
LINE
8
lighting
10
-321280.0
20
4920.0
30
0
11
-321280.0
21
5480.0
31
0
0
LINE
8
lighting
10
-320720.0
20
4920.0
30
0
11
-320720.0
21
5480.0
31
0
0
LINE
8
lighting
10
-321280.0
20
4920.0
30
0
11
-320720.0
21
4920.0
31
0
0
LINE
8
lighting
10
-321280.0
20
5480.0
30
0
11
-320720.0
21
5480.0
31
0
0
LINE
8
lighting
10
-321246.0
20
4930.0
30
0
11
-321246.0
21
5470.0
31
0
0
LINE
8
lighting
10
-321234.0
20
4930.0
30
0
11
-321234.0
21
5470.0
31
0
0
LINE
8
lighting
10
-321246.0
20
4930.0
30
0
11
-321234.0
21
4930.0
31
0
0
LINE
8
lighting
10
-321246.0
20
5470.0
30
0
11
-321234.0
21
5470.0
31
0
0
LINE
8
lighting
10
-321166.0
20
4930.0
30
0
11
-321166.0
21
5470.0
31
0
0
LINE
8
lighting
10
-321154.0
20
4930.0
30
0
11
-321154.0
21
5470.0
31
0
0
LINE
8
lighting
10
-321166.0
20
4930.0
30
0
11
-321154.0
21
4930.0
31
0
0
LINE
8
lighting
10
-321166.0
20
5470.0
30
0
11
-321154.0
21
5470.0
31
0
0
LINE
8
lighting
10
-321086.0
20
4930.0
30
0
11
-321086.0
21
5470.0
31
0
0
LINE
8
lighting
10
-321074.0
20
4930.0
30
0
11
-321074.0
21
5470.0
31
0
0
LINE
8
lighting
10
-321086.0
20
4930.0
30
0
11
-321074.0
21
4930.0
31
0
0
LINE
8
lighting
10
-321086.0
20
5470.0
30
0
11
-321074.0
21
5470.0
31
0
0
LINE
8
lighting
10
-321006.0
20
4930.0
30
0
11
-321006.0
21
5470.0
31
0
0
LINE
8
lighting
10
-320994.0
20
4930.0
30
0
11
-320994.0
21
5470.0
31
0
0
LINE
8
lighting
10
-321006.0
20
4930.0
30
0
11
-320994.0
21
4930.0
31
0
0
LINE
8
lighting
10
-321006.0
20
5470.0
30
0
11
-320994.0
21
5470.0
31
0
0
LINE
8
lighting
10
-320926.0
20
4930.0
30
0
11
-320926.0
21
5470.0
31
0
0
LINE
8
lighting
10
-320914.0
20
4930.0
30
0
11
-320914.0
21
5470.0
31
0
0
LINE
8
lighting
10
-320926.0
20
4930.0
30
0
11
-320914.0
21
4930.0
31
0
0
LINE
8
lighting
10
-320926.0
20
5470.0
30
0
11
-320914.0
21
5470.0
31
0
0
LINE
8
lighting
10
-320846.0
20
4930.0
30
0
11
-320846.0
21
5470.0
31
0
0
LINE
8
lighting
10
-320834.0
20
4930.0
30
0
11
-320834.0
21
5470.0
31
0
0
LINE
8
lighting
10
-320846.0
20
4930.0
30
0
11
-320834.0
21
4930.0
31
0
0
LINE
8
lighting
10
-320846.0
20
5470.0
30
0
11
-320834.0
21
5470.0
31
0
0
LINE
8
lighting
10
-320766.0
20
4930.0
30
0
11
-320766.0
21
5470.0
31
0
0
LINE
8
lighting
10
-320754.0
20
4930.0
30
0
11
-320754.0
21
5470.0
31
0
0
LINE
8
lighting
10
-320766.0
20
4930.0
30
0
11
-320754.0
21
4930.0
31
0
0
LINE
8
lighting
10
-320766.0
20
5470.0
30
0
11
-320754.0
21
5470.0
31
0
0
LINE
8
lighting
10
-320991.0
20
5200.0
30
0
11
-321004.5
21
5207.79
31
0
0
LINE
8
lighting
10
-321004.5
20
5207.79
30
0
11
-321004.5
21
5192.21
31
0
0
LINE
8
lighting
10
-321004.5
20
5192.21
30
0
11
-320991.0
21
5200.0
31
0
0
LINE
8
lighting
10
-332120.0
20
18480.0
30
0
11
-332120.0
21
19120.0
31
0
0
LINE
8
lighting
10
-331480.0
20
18480.0
30
0
11
-331480.0
21
19120.0
31
0
0
LINE
8
lighting
10
-332120.0
20
18480.0
30
0
11
-331480.0
21
18480.0
31
0
0
LINE
8
lighting
10
-332120.0
20
19120.0
30
0
11
-331480.0
21
19120.0
31
0
0
LINE
8
lighting
10
-332080.0
20
18520.0
30
0
11
-332080.0
21
19080.0
31
0
0
LINE
8
lighting
10
-331520.0
20
18520.0
30
0
11
-331520.0
21
19080.0
31
0
0
LINE
8
lighting
10
-332080.0
20
18520.0
30
0
11
-331520.0
21
18520.0
31
0
0
LINE
8
lighting
10
-332080.0
20
19080.0
30
0
11
-331520.0
21
19080.0
31
0
0
LINE
8
lighting
10
-332046.0
20
18530.0
30
0
11
-332046.0
21
19070.0
31
0
0
LINE
8
lighting
10
-332034.0
20
18530.0
30
0
11
-332034.0
21
19070.0
31
0
0
LINE
8
lighting
10
-332046.0
20
18530.0
30
0
11
-332034.0
21
18530.0
31
0
0
LINE
8
lighting
10
-332046.0
20
19070.0
30
0
11
-332034.0
21
19070.0
31
0
0
LINE
8
lighting
10
-331966.0
20
18530.0
30
0
11
-331966.0
21
19070.0
31
0
0
LINE
8
lighting
10
-331954.0
20
18530.0
30
0
11
-331954.0
21
19070.0
31
0
0
LINE
8
lighting
10
-331966.0
20
18530.0
30
0
11
-331954.0
21
18530.0
31
0
0
LINE
8
lighting
10
-331966.0
20
19070.0
30
0
11
-331954.0
21
19070.0
31
0
0
LINE
8
lighting
10
-331886.0
20
18530.0
30
0
11
-331886.0
21
19070.0
31
0
0
LINE
8
lighting
10
-331874.0
20
18530.0
30
0
11
-331874.0
21
19070.0
31
0
0
LINE
8
lighting
10
-331886.0
20
18530.0
30
0
11
-331874.0
21
18530.0
31
0
0
LINE
8
lighting
10
-331886.0
20
19070.0
30
0
11
-331874.0
21
19070.0
31
0
0
LINE
8
lighting
10
-331806.0
20
18530.0
30
0
11
-331806.0
21
19070.0
31
0
0
LINE
8
lighting
10
-331794.0
20
18530.0
30
0
11
-331794.0
21
19070.0
31
0
0
LINE
8
lighting
10
-331806.0
20
18530.0
30
0
11
-331794.0
21
18530.0
31
0
0
LINE
8
lighting
10
-331806.0
20
19070.0
30
0
11
-331794.0
21
19070.0
31
0
0
LINE
8
lighting
10
-331726.0
20
18530.0
30
0
11
-331726.0
21
19070.0
31
0
0
LINE
8
lighting
10
-331714.0
20
18530.0
30
0
11
-331714.0
21
19070.0
31
0
0
LINE
8
lighting
10
-331726.0
20
18530.0
30
0
11
-331714.0
21
18530.0
31
0
0
LINE
8
lighting
10
-331726.0
20
19070.0
30
0
11
-331714.0
21
19070.0
31
0
0
LINE
8
lighting
10
-331646.0
20
18530.0
30
0
11
-331646.0
21
19070.0
31
0
0
LINE
8
lighting
10
-331634.0
20
18530.0
30
0
11
-331634.0
21
19070.0
31
0
0
LINE
8
lighting
10
-331646.0
20
18530.0
30
0
11
-331634.0
21
18530.0
31
0
0
LINE
8
lighting
10
-331646.0
20
19070.0
30
0
11
-331634.0
21
19070.0
31
0
0
LINE
8
lighting
10
-331566.0
20
18530.0
30
0
11
-331566.0
21
19070.0
31
0
0
LINE
8
lighting
10
-331554.0
20
18530.0
30
0
11
-331554.0
21
19070.0
31
0
0
LINE
8
lighting
10
-331566.0
20
18530.0
30
0
11
-331554.0
21
18530.0
31
0
0
LINE
8
lighting
10
-331566.0
20
19070.0
30
0
11
-331554.0
21
19070.0
31
0
0
LINE
8
lighting
10
-331791.0
20
18800.0
30
0
11
-331804.5
21
18807.79
31
0
0
LINE
8
lighting
10
-331804.5
20
18807.79
30
0
11
-331804.5
21
18792.21
31
0
0
LINE
8
lighting
10
-331804.5
20
18792.21
30
0
11
-331791.0
21
18800.0
31
0
0
LINE
8
lighting
10
-310520.0
20
18480.0
30
0
11
-310520.0
21
19120.0
31
0
0
LINE
8
lighting
10
-309880.0
20
18480.0
30
0
11
-309880.0
21
19120.0
31
0
0
LINE
8
lighting
10
-310520.0
20
18480.0
30
0
11
-309880.0
21
18480.0
31
0
0
LINE
8
lighting
10
-310520.0
20
19120.0
30
0
11
-309880.0
21
19120.0
31
0
0
LINE
8
lighting
10
-310480.0
20
18520.0
30
0
11
-310480.0
21
19080.0
31
0
0
LINE
8
lighting
10
-309920.0
20
18520.0
30
0
11
-309920.0
21
19080.0
31
0
0
LINE
8
lighting
10
-310480.0
20
18520.0
30
0
11
-309920.0
21
18520.0
31
0
0
LINE
8
lighting
10
-310480.0
20
19080.0
30
0
11
-309920.0
21
19080.0
31
0
0
LINE
8
lighting
10
-310446.0
20
18530.0
30
0
11
-310446.0
21
19070.0
31
0
0
LINE
8
lighting
10
-310434.0
20
18530.0
30
0
11
-310434.0
21
19070.0
31
0
0
LINE
8
lighting
10
-310446.0
20
18530.0
30
0
11
-310434.0
21
18530.0
31
0
0
LINE
8
lighting
10
-310446.0
20
19070.0
30
0
11
-310434.0
21
19070.0
31
0
0
LINE
8
lighting
10
-310366.0
20
18530.0
30
0
11
-310366.0
21
19070.0
31
0
0
LINE
8
lighting
10
-310354.0
20
18530.0
30
0
11
-310354.0
21
19070.0
31
0
0
LINE
8
lighting
10
-310366.0
20
18530.0
30
0
11
-310354.0
21
18530.0
31
0
0
LINE
8
lighting
10
-310366.0
20
19070.0
30
0
11
-310354.0
21
19070.0
31
0
0
LINE
8
lighting
10
-310286.0
20
18530.0
30
0
11
-310286.0
21
19070.0
31
0
0
LINE
8
lighting
10
-310274.0
20
18530.0
30
0
11
-310274.0
21
19070.0
31
0
0
LINE
8
lighting
10
-310286.0
20
18530.0
30
0
11
-310274.0
21
18530.0
31
0
0
LINE
8
lighting
10
-310286.0
20
19070.0
30
0
11
-310274.0
21
19070.0
31
0
0
LINE
8
lighting
10
-310206.0
20
18530.0
30
0
11
-310206.0
21
19070.0
31
0
0
LINE
8
lighting
10
-310194.0
20
18530.0
30
0
11
-310194.0
21
19070.0
31
0
0
LINE
8
lighting
10
-310206.0
20
18530.0
30
0
11
-310194.0
21
18530.0
31
0
0
LINE
8
lighting
10
-310206.0
20
19070.0
30
0
11
-310194.0
21
19070.0
31
0
0
LINE
8
lighting
10
-310126.0
20
18530.0
30
0
11
-310126.0
21
19070.0
31
0
0
LINE
8
lighting
10
-310114.0
20
18530.0
30
0
11
-310114.0
21
19070.0
31
0
0
LINE
8
lighting
10
-310126.0
20
18530.0
30
0
11
-310114.0
21
18530.0
31
0
0
LINE
8
lighting
10
-310126.0
20
19070.0
30
0
11
-310114.0
21
19070.0
31
0
0
LINE
8
lighting
10
-310046.0
20
18530.0
30
0
11
-310046.0
21
19070.0
31
0
0
LINE
8
lighting
10
-310034.0
20
18530.0
30
0
11
-310034.0
21
19070.0
31
0
0
LINE
8
lighting
10
-310046.0
20
18530.0
30
0
11
-310034.0
21
18530.0
31
0
0
LINE
8
lighting
10
-310046.0
20
19070.0
30
0
11
-310034.0
21
19070.0
31
0
0
LINE
8
lighting
10
-309966.0
20
18530.0
30
0
11
-309966.0
21
19070.0
31
0
0
LINE
8
lighting
10
-309954.0
20
18530.0
30
0
11
-309954.0
21
19070.0
31
0
0
LINE
8
lighting
10
-309966.0
20
18530.0
30
0
11
-309954.0
21
18530.0
31
0
0
LINE
8
lighting
10
-309966.0
20
19070.0
30
0
11
-309954.0
21
19070.0
31
0
0
LINE
8
lighting
10
-310191.0
20
18800.0
30
0
11
-310204.5
21
18807.79
31
0
0
LINE
8
lighting
10
-310204.5
20
18807.79
30
0
11
-310204.5
21
18792.21
31
0
0
LINE
8
lighting
10
-310204.5
20
18792.21
30
0
11
-310191.0
21
18800.0
31
0
0
LINE
8
lighting
10
-321320.0
20
18480.0
30
0
11
-321320.0
21
19120.0
31
0
0
LINE
8
lighting
10
-320680.0
20
18480.0
30
0
11
-320680.0
21
19120.0
31
0
0
LINE
8
lighting
10
-321320.0
20
18480.0
30
0
11
-320680.0
21
18480.0
31
0
0
LINE
8
lighting
10
-321320.0
20
19120.0
30
0
11
-320680.0
21
19120.0
31
0
0
LINE
8
lighting
10
-321280.0
20
18520.0
30
0
11
-321280.0
21
19080.0
31
0
0
LINE
8
lighting
10
-320720.0
20
18520.0
30
0
11
-320720.0
21
19080.0
31
0
0
LINE
8
lighting
10
-321280.0
20
18520.0
30
0
11
-320720.0
21
18520.0
31
0
0
LINE
8
lighting
10
-321280.0
20
19080.0
30
0
11
-320720.0
21
19080.0
31
0
0
LINE
8
lighting
10
-321246.0
20
18530.0
30
0
11
-321246.0
21
19070.0
31
0
0
LINE
8
lighting
10
-321234.0
20
18530.0
30
0
11
-321234.0
21
19070.0
31
0
0
LINE
8
lighting
10
-321246.0
20
18530.0
30
0
11
-321234.0
21
18530.0
31
0
0
LINE
8
lighting
10
-321246.0
20
19070.0
30
0
11
-321234.0
21
19070.0
31
0
0
LINE
8
lighting
10
-321166.0
20
18530.0
30
0
11
-321166.0
21
19070.0
31
0
0
LINE
8
lighting
10
-321154.0
20
18530.0
30
0
11
-321154.0
21
19070.0
31
0
0
LINE
8
lighting
10
-321166.0
20
18530.0
30
0
11
-321154.0
21
18530.0
31
0
0
LINE
8
lighting
10
-321166.0
20
19070.0
30
0
11
-321154.0
21
19070.0
31
0
0
LINE
8
lighting
10
-321086.0
20
18530.0
30
0
11
-321086.0
21
19070.0
31
0
0
LINE
8
lighting
10
-321074.0
20
18530.0
30
0
11
-321074.0
21
19070.0
31
0
0
LINE
8
lighting
10
-321086.0
20
18530.0
30
0
11
-321074.0
21
18530.0
31
0
0
LINE
8
lighting
10
-321086.0
20
19070.0
30
0
11
-321074.0
21
19070.0
31
0
0
LINE
8
lighting
10
-321006.0
20
18530.0
30
0
11
-321006.0
21
19070.0
31
0
0
LINE
8
lighting
10
-320994.0
20
18530.0
30
0
11
-320994.0
21
19070.0
31
0
0
LINE
8
lighting
10
-321006.0
20
18530.0
30
0
11
-320994.0
21
18530.0
31
0
0
LINE
8
lighting
10
-321006.0
20
19070.0
30
0
11
-320994.0
21
19070.0
31
0
0
LINE
8
lighting
10
-320926.0
20
18530.0
30
0
11
-320926.0
21
19070.0
31
0
0
LINE
8
lighting
10
-320914.0
20
18530.0
30
0
11
-320914.0
21
19070.0
31
0
0
LINE
8
lighting
10
-320926.0
20
18530.0
30
0
11
-320914.0
21
18530.0
31
0
0
LINE
8
lighting
10
-320926.0
20
19070.0
30
0
11
-320914.0
21
19070.0
31
0
0
LINE
8
lighting
10
-320846.0
20
18530.0
30
0
11
-320846.0
21
19070.0
31
0
0
LINE
8
lighting
10
-320834.0
20
18530.0
30
0
11
-320834.0
21
19070.0
31
0
0
LINE
8
lighting
10
-320846.0
20
18530.0
30
0
11
-320834.0
21
18530.0
31
0
0
LINE
8
lighting
10
-320846.0
20
19070.0
30
0
11
-320834.0
21
19070.0
31
0
0
LINE
8
lighting
10
-320766.0
20
18530.0
30
0
11
-320766.0
21
19070.0
31
0
0
LINE
8
lighting
10
-320754.0
20
18530.0
30
0
11
-320754.0
21
19070.0
31
0
0
LINE
8
lighting
10
-320766.0
20
18530.0
30
0
11
-320754.0
21
18530.0
31
0
0
LINE
8
lighting
10
-320766.0
20
19070.0
30
0
11
-320754.0
21
19070.0
31
0
0
LINE
8
lighting
10
-320991.0
20
18800.0
30
0
11
-321004.5
21
18807.79
31
0
0
LINE
8
lighting
10
-321004.5
20
18807.79
30
0
11
-321004.5
21
18792.21
31
0
0
LINE
8
lighting
10
-321004.5
20
18792.21
30
0
11
-320991.0
21
18800.0
31
0
0
LINE
8
electrical
10
-331800.0
20
4880.0
30
0
11
-331800.0
21
4872.21
31
0
0
LINE
8
electrical
10
-331800.0
20
4872.21
30
0
11
-331800.0
21
4887.79
31
0
0
LINE
8
electrical
10
-331800.0
20
4887.79
30
0
11
-331800.0
21
4880.0
31
0
0
LINE
8
electrical
10
-306450.0
20
4880.0
30
0
11
-331800.0
21
4880.0
31
0
0
LINE
8
electrical
10
-306450.0
20
4880.0
30
0
11
-306450.0
21
4872.21
31
0
0
LINE
8
electrical
10
-306450.0
20
4872.21
30
0
11
-306450.0
21
4887.79
31
0
0
LINE
8
electrical
10
-306450.0
20
4887.79
30
0
11
-306450.0
21
4880.0
31
0
0
LINE
8
electrical
10
-331800.0
20
18800.0
30
0
11
-331792.21
21
18800.0
31
0
0
LINE
8
electrical
10
-331792.21
20
18800.0
30
0
11
-331807.79
21
18800.0
31
0
0
LINE
8
electrical
10
-331807.79
20
18800.0
30
0
11
-331800.0
21
18800.0
31
0
0
LINE
8
electrical
10
-331800.0
20
4880.0
30
0
11
-331800.0
21
18800.0
31
0
0
LINE
8
electrical
10
-331800.0
20
4880.0
30
0
11
-331792.21
21
4880.0
31
0
0
LINE
8
electrical
10
-331792.21
20
4880.0
30
0
11
-331807.79
21
4880.0
31
0
0
LINE
8
electrical
10
-331807.79
20
4880.0
30
0
11
-331800.0
21
4880.0
31
0
0
LINE
8
electrical
10
-310200.0
20
18800.0
30
0
11
-310192.21
21
18800.0
31
0
0
LINE
8
electrical
10
-310192.21
20
18800.0
30
0
11
-310207.79
21
18800.0
31
0
0
LINE
8
electrical
10
-310207.79
20
18800.0
30
0
11
-310200.0
21
18800.0
31
0
0
LINE
8
electrical
10
-310200.0
20
4880.0
30
0
11
-310200.0
21
18800.0
31
0
0
LINE
8
electrical
10
-310200.0
20
4880.0
30
0
11
-310192.21
21
4880.0
31
0
0
LINE
8
electrical
10
-310192.21
20
4880.0
30
0
11
-310207.79
21
4880.0
31
0
0
LINE
8
electrical
10
-310207.79
20
4880.0
30
0
11
-310200.0
21
4880.0
31
0
0
LINE
8
electrical
10
-321000.0
20
18800.0
30
0
11
-320992.21
21
18800.0
31
0
0
LINE
8
electrical
10
-320992.21
20
18800.0
30
0
11
-321007.79
21
18800.0
31
0
0
LINE
8
electrical
10
-321007.79
20
18800.0
30
0
11
-321000.0
21
18800.0
31
0
0
LINE
8
electrical
10
-321000.0
20
4880.0
30
0
11
-321000.0
21
18800.0
31
0
0
LINE
8
electrical
10
-321000.0
20
4880.0
30
0
11
-320992.21
21
4880.0
31
0
0
LINE
8
electrical
10
-320992.21
20
4880.0
30
0
11
-321007.79
21
4880.0
31
0
0
LINE
8
electrical
10
-321007.79
20
4880.0
30
0
11
-321000.0
21
4880.0
31
0
0
LINE
8
electrical
10
-306437.0
20
2200.0
30
0
11
-306456.5
21
2211.26
31
0
0
LINE
8
electrical
10
-306456.5
20
2211.26
30
0
11
-306456.5
21
2188.74
31
0
0
LINE
8
electrical
10
-306456.5
20
2188.74
30
0
11
-306437.0
21
2200.0
31
0
0
LINE
8
electrical
10
-310507.17
20
4869.16
30
0
11
-310496.41
21
4885.42
31
0
0
LINE
8
electrical
10
-310496.41
20
4885.42
30
0
11
-310496.41
21
4885.42
31
0
0
LINE
8
electrical
10
-310496.41
20
4885.42
30
0
11
-310507.17
21
4869.16
31
0
0
LINE
8
electrical
10
-306457.17
20
2189.16
30
0
11
-310507.17
21
4869.16
31
0
0
LINE
8
electrical
10
-306457.17
20
2189.16
30
0
11
-306446.41
21
2205.42
31
0
0
LINE
8
electrical
10
-306446.41
20
2205.42
30
0
11
-306446.41
21
2205.42
31
0
0
LINE
8
electrical
10
-306446.41
20
2205.42
30
0
11
-306457.17
21
2189.16
31
0
0
LINE
8
electrical
10
-331500.0
20
4880.0
30
0
11
-331500.0
21
4868.74
31
0
0
LINE
8
electrical
10
-331500.0
20
4868.74
30
0
11
-331500.0
21
4891.26
31
0
0
LINE
8
electrical
10
-331500.0
20
4891.26
30
0
11
-331500.0
21
4880.0
31
0
0
LINE
8
electrical
10
-310500.0
20
4880.0
30
0
11
-331500.0
21
4880.0
31
0
0
LINE
8
electrical
10
-310500.0
20
4880.0
30
0
11
-310500.0
21
4868.74
31
0
0
LINE
8
electrical
10
-310500.0
20
4868.74
30
0
11
-310500.0
21
4891.26
31
0
0
LINE
8
electrical
10
-310500.0
20
4891.26
30
0
11
-310500.0
21
4880.0
31
0
0
LINE
8
electrical
10
-306450.0
20
2200.0
30
0
11
-306435.96
21
2200.0
31
0
0
LINE
8
electrical
10
-306435.96
20
2200.0
30
0
11
-306450.0
21
2200.0
31
0
0
LINE
8
electrical
10
-310500.0
20
4880.0
30
0
11
-310485.96
21
4880.0
31
0
0
LINE
8
electrical
10
-310485.96
20
4880.0
30
0
11
-310500.0
21
4880.0
31
0
0
LINE
8
electrical
10
-306437.0
20
2200.0
30
0
11
-306456.5
21
2211.26
31
0
0
LINE
8
electrical
10
-306456.5
20
2211.26
30
0
11
-306456.5
21
2188.74
31
0
0
LINE
8
electrical
10
-306456.5
20
2188.74
30
0
11
-306437.0
21
2200.0
31
0
0
LINE
8
electrical
10
-310507.39
20
4989.31
30
0
11
-310496.3
21
5005.35
31
0
0
LINE
8
electrical
10
-310496.3
20
5005.35
30
0
11
-310496.3
21
5005.35
31
0
0
LINE
8
electrical
10
-310496.3
20
5005.35
30
0
11
-310507.39
21
4989.31
31
0
0
LINE
8
electrical
10
-306457.39
20
2189.31
30
0
11
-310507.39
21
4989.31
31
0
0
LINE
8
electrical
10
-306457.39
20
2189.31
30
0
11
-306446.3
21
2205.35
31
0
0
LINE
8
electrical
10
-306446.3
20
2205.35
30
0
11
-306446.3
21
2205.35
31
0
0
LINE
8
electrical
10
-306446.3
20
2205.35
30
0
11
-306457.39
21
2189.31
31
0
0
LINE
8
electrical
10
-331500.0
20
5000.0
30
0
11
-331500.0
21
4988.74
31
0
0
LINE
8
electrical
10
-331500.0
20
4988.74
30
0
11
-331500.0
21
5011.26
31
0
0
LINE
8
electrical
10
-331500.0
20
5011.26
30
0
11
-331500.0
21
5000.0
31
0
0
LINE
8
electrical
10
-310500.0
20
5000.0
30
0
11
-331500.0
21
5000.0
31
0
0
LINE
8
electrical
10
-310500.0
20
5000.0
30
0
11
-310500.0
21
4988.74
31
0
0
LINE
8
electrical
10
-310500.0
20
4988.74
30
0
11
-310500.0
21
5011.26
31
0
0
LINE
8
electrical
10
-310500.0
20
5011.26
30
0
11
-310500.0
21
5000.0
31
0
0
LINE
8
electrical
10
-306450.0
20
2200.0
30
0
11
-306435.96
21
2200.0
31
0
0
LINE
8
electrical
10
-306435.96
20
2200.0
30
0
11
-306450.0
21
2200.0
31
0
0
LINE
8
electrical
10
-310500.0
20
5000.0
30
0
11
-310485.96
21
5000.0
31
0
0
LINE
8
electrical
10
-310485.96
20
5000.0
30
0
11
-310500.0
21
5000.0
31
0
0
LINE
8
electrical
10
-306437.0
20
2200.0
30
0
11
-306456.5
21
2211.26
31
0
0
LINE
8
electrical
10
-306456.5
20
2211.26
30
0
11
-306456.5
21
2188.74
31
0
0
LINE
8
electrical
10
-306456.5
20
2188.74
30
0
11
-306437.0
21
2200.0
31
0
0
LINE
8
electrical
10
-310507.6
20
5109.45
30
0
11
-310496.2
21
5125.27
31
0
0
LINE
8
electrical
10
-310496.2
20
5125.27
30
0
11
-310496.2
21
5125.27
31
0
0
LINE
8
electrical
10
-310496.2
20
5125.27
30
0
11
-310507.6
21
5109.45
31
0
0
LINE
8
electrical
10
-306457.6
20
2189.45
30
0
11
-310507.6
21
5109.45
31
0
0
LINE
8
electrical
10
-306457.6
20
2189.45
30
0
11
-306446.2
21
2205.27
31
0
0
LINE
8
electrical
10
-306446.2
20
2205.27
30
0
11
-306446.2
21
2205.27
31
0
0
LINE
8
electrical
10
-306446.2
20
2205.27
30
0
11
-306457.6
21
2189.45
31
0
0
LINE
8
electrical
10
-331500.0
20
5120.0
30
0
11
-331500.0
21
5108.74
31
0
0
LINE
8
electrical
10
-331500.0
20
5108.74
30
0
11
-331500.0
21
5131.26
31
0
0
LINE
8
electrical
10
-331500.0
20
5131.26
30
0
11
-331500.0
21
5120.0
31
0
0
LINE
8
electrical
10
-310500.0
20
5120.0
30
0
11
-331500.0
21
5120.0
31
0
0
LINE
8
electrical
10
-310500.0
20
5120.0
30
0
11
-310500.0
21
5108.74
31
0
0
LINE
8
electrical
10
-310500.0
20
5108.74
30
0
11
-310500.0
21
5131.26
31
0
0
LINE
8
electrical
10
-310500.0
20
5131.26
30
0
11
-310500.0
21
5120.0
31
0
0
LINE
8
electrical
10
-306450.0
20
2200.0
30
0
11
-306435.96
21
2200.0
31
0
0
LINE
8
electrical
10
-306435.96
20
2200.0
30
0
11
-306450.0
21
2200.0
31
0
0
LINE
8
electrical
10
-310500.0
20
5120.0
30
0
11
-310485.96
21
5120.0
31
0
0
LINE
8
electrical
10
-310485.96
20
5120.0
30
0
11
-310500.0
21
5120.0
31
0
0
LINE
8
electrical
10
-330065.0
20
2150.0
30
0
11
-330065.0
21
2210.0
31
0
0
LINE
8
electrical
10
-329935.0
20
2150.0
30
0
11
-329935.0
21
2210.0
31
0
0
LINE
8
electrical
10
-330065.0
20
2150.0
30
0
11
-329935.0
21
2150.0
31
0
0
LINE
8
electrical
10
-330065.0
20
2210.0
30
0
11
-329935.0
21
2210.0
31
0
0
LINE
8
electrical
10
-329991.0
20
2180.0
30
0
11
-330004.5
21
2187.79
31
0
0
LINE
8
electrical
10
-330004.5
20
2187.79
30
0
11
-330004.5
21
2172.21
31
0
0
LINE
8
electrical
10
-330004.5
20
2172.21
30
0
11
-329991.0
21
2180.0
31
0
0
LINE
8
electrical
10
-306450.0
20
2180.0
30
0
11
-306450.0
21
2172.21
31
0
0
LINE
8
electrical
10
-306450.0
20
2172.21
30
0
11
-306450.0
21
2187.79
31
0
0
LINE
8
electrical
10
-306450.0
20
2187.79
30
0
11
-306450.0
21
2180.0
31
0
0
LINE
8
electrical
10
-330000.0
20
2180.0
30
0
11
-306450.0
21
2180.0
31
0
0
LINE
8
electrical
10
-330000.0
20
2180.0
30
0
11
-330000.0
21
2172.21
31
0
0
LINE
8
electrical
10
-330000.0
20
2172.21
30
0
11
-330000.0
21
2187.79
31
0
0
LINE
8
electrical
10
-330000.0
20
2187.79
30
0
11
-330000.0
21
2180.0
31
0
0
LINE
8
electrical
10
-330000.0
20
2180.0
30
0
11
-329990.28
21
2180.0
31
0
0
LINE
8
electrical
10
-329990.28
20
2180.0
30
0
11
-330000.0
21
2180.0
31
0
0
LINE
8
electrical
10
-312065.0
20
2150.0
30
0
11
-312065.0
21
2210.0
31
0
0
LINE
8
electrical
10
-311935.0
20
2150.0
30
0
11
-311935.0
21
2210.0
31
0
0
LINE
8
electrical
10
-312065.0
20
2150.0
30
0
11
-311935.0
21
2150.0
31
0
0
LINE
8
electrical
10
-312065.0
20
2210.0
30
0
11
-311935.0
21
2210.0
31
0
0
LINE
8
electrical
10
-311991.0
20
2180.0
30
0
11
-312004.5
21
2187.79
31
0
0
LINE
8
electrical
10
-312004.5
20
2187.79
30
0
11
-312004.5
21
2172.21
31
0
0
LINE
8
electrical
10
-312004.5
20
2172.21
30
0
11
-311991.0
21
2180.0
31
0
0
LINE
8
electrical
10
-306450.0
20
2180.0
30
0
11
-306450.0
21
2172.21
31
0
0
LINE
8
electrical
10
-306450.0
20
2172.21
30
0
11
-306450.0
21
2187.79
31
0
0
LINE
8
electrical
10
-306450.0
20
2187.79
30
0
11
-306450.0
21
2180.0
31
0
0
LINE
8
electrical
10
-312000.0
20
2180.0
30
0
11
-306450.0
21
2180.0
31
0
0
LINE
8
electrical
10
-312000.0
20
2180.0
30
0
11
-312000.0
21
2172.21
31
0
0
LINE
8
electrical
10
-312000.0
20
2172.21
30
0
11
-312000.0
21
2187.79
31
0
0
LINE
8
electrical
10
-312000.0
20
2187.79
30
0
11
-312000.0
21
2180.0
31
0
0
LINE
8
electrical
10
-312000.0
20
2180.0
30
0
11
-311990.28
21
2180.0
31
0
0
LINE
8
electrical
10
-311990.28
20
2180.0
30
0
11
-312000.0
21
2180.0
31
0
0
LINE
8
hvac
10
-335525.0
20
2725.0
30
0
11
-335525.0
21
3475.0
31
0
0
LINE
8
hvac
10
-333875.0
20
2725.0
30
0
11
-333875.0
21
3475.0
31
0
0
LINE
8
hvac
10
-335525.0
20
2725.0
30
0
11
-333875.0
21
2725.0
31
0
0
LINE
8
hvac
10
-335525.0
20
3475.0
30
0
11
-333875.0
21
3475.0
31
0
0
LINE
8
hvac
10
-335425.0
20
2680.0
30
0
11
-335425.0
21
2720.0
31
0
0
LINE
8
hvac
10
-333975.0
20
2680.0
30
0
11
-333975.0
21
2720.0
31
0
0
LINE
8
hvac
10
-335425.0
20
2680.0
30
0
11
-333975.0
21
2680.0
31
0
0
LINE
8
hvac
10
-335425.0
20
2720.0
30
0
11
-333975.0
21
2720.0
31
0
0
LINE
8
hvac
10
-335360.0
20
2640.0
30
0
11
-335360.0
21
2700.0
31
0
0
LINE
8
hvac
10
-335320.0
20
2640.0
30
0
11
-335320.0
21
2700.0
31
0
0
LINE
8
hvac
10
-335360.0
20
2640.0
30
0
11
-335320.0
21
2640.0
31
0
0
LINE
8
hvac
10
-335360.0
20
2700.0
30
0
11
-335320.0
21
2700.0
31
0
0
LINE
8
hvac
10
-335200.0
20
2640.0
30
0
11
-335200.0
21
2700.0
31
0
0
LINE
8
hvac
10
-335160.0
20
2640.0
30
0
11
-335160.0
21
2700.0
31
0
0
LINE
8
hvac
10
-335200.0
20
2640.0
30
0
11
-335160.0
21
2640.0
31
0
0
LINE
8
hvac
10
-335200.0
20
2700.0
30
0
11
-335160.0
21
2700.0
31
0
0
LINE
8
hvac
10
-335040.0
20
2640.0
30
0
11
-335040.0
21
2700.0
31
0
0
LINE
8
hvac
10
-335000.0
20
2640.0
30
0
11
-335000.0
21
2700.0
31
0
0
LINE
8
hvac
10
-335040.0
20
2640.0
30
0
11
-335000.0
21
2640.0
31
0
0
LINE
8
hvac
10
-335040.0
20
2700.0
30
0
11
-335000.0
21
2700.0
31
0
0
LINE
8
hvac
10
-334880.0
20
2640.0
30
0
11
-334880.0
21
2700.0
31
0
0
LINE
8
hvac
10
-334840.0
20
2640.0
30
0
11
-334840.0
21
2700.0
31
0
0
LINE
8
hvac
10
-334880.0
20
2640.0
30
0
11
-334840.0
21
2640.0
31
0
0
LINE
8
hvac
10
-334880.0
20
2700.0
30
0
11
-334840.0
21
2700.0
31
0
0
LINE
8
hvac
10
-334720.0
20
2640.0
30
0
11
-334720.0
21
2700.0
31
0
0
LINE
8
hvac
10
-334680.0
20
2640.0
30
0
11
-334680.0
21
2700.0
31
0
0
LINE
8
hvac
10
-334720.0
20
2640.0
30
0
11
-334680.0
21
2640.0
31
0
0
LINE
8
hvac
10
-334720.0
20
2700.0
30
0
11
-334680.0
21
2700.0
31
0
0
LINE
8
hvac
10
-334560.0
20
2640.0
30
0
11
-334560.0
21
2700.0
31
0
0
LINE
8
hvac
10
-334520.0
20
2640.0
30
0
11
-334520.0
21
2700.0
31
0
0
LINE
8
hvac
10
-334560.0
20
2640.0
30
0
11
-334520.0
21
2640.0
31
0
0
LINE
8
hvac
10
-334560.0
20
2700.0
30
0
11
-334520.0
21
2700.0
31
0
0
LINE
8
hvac
10
-334400.0
20
2640.0
30
0
11
-334400.0
21
2700.0
31
0
0
LINE
8
hvac
10
-334360.0
20
2640.0
30
0
11
-334360.0
21
2700.0
31
0
0
LINE
8
hvac
10
-334400.0
20
2640.0
30
0
11
-334360.0
21
2640.0
31
0
0
LINE
8
hvac
10
-334400.0
20
2700.0
30
0
11
-334360.0
21
2700.0
31
0
0
LINE
8
hvac
10
-334240.0
20
2640.0
30
0
11
-334240.0
21
2700.0
31
0
0
LINE
8
hvac
10
-334200.0
20
2640.0
30
0
11
-334200.0
21
2700.0
31
0
0
LINE
8
hvac
10
-334240.0
20
2640.0
30
0
11
-334200.0
21
2640.0
31
0
0
LINE
8
hvac
10
-334240.0
20
2700.0
30
0
11
-334200.0
21
2700.0
31
0
0
LINE
8
hvac
10
-334080.0
20
2640.0
30
0
11
-334080.0
21
2700.0
31
0
0
LINE
8
hvac
10
-334040.0
20
2640.0
30
0
11
-334040.0
21
2700.0
31
0
0
LINE
8
hvac
10
-334080.0
20
2640.0
30
0
11
-334040.0
21
2640.0
31
0
0
LINE
8
hvac
10
-334080.0
20
2700.0
30
0
11
-334040.0
21
2700.0
31
0
0
LINE
8
hvac
10
-334925.0
20
2875.0
30
0
11
-334925.0
21
3325.0
31
0
0
LINE
8
hvac
10
-334475.0
20
2875.0
30
0
11
-334475.0
21
3325.0
31
0
0
LINE
8
hvac
10
-334925.0
20
2875.0
30
0
11
-334475.0
21
2875.0
31
0
0
LINE
8
hvac
10
-334925.0
20
3325.0
30
0
11
-334475.0
21
3325.0
31
0
0
LINE
8
hvac
10
-331500.0
20
11825.0
30
0
11
-331500.0
21
12175.0
31
0
0
LINE
8
hvac
10
-310500.0
20
11825.0
30
0
11
-310500.0
21
12175.0
31
0
0
LINE
8
hvac
10
-331500.0
20
11825.0
30
0
11
-310500.0
21
11825.0
31
0
0
LINE
8
hvac
10
-331500.0
20
12175.0
30
0
11
-310500.0
21
12175.0
31
0
0
LINE
8
hvac
10
-334875.0
20
2925.0
30
0
11
-334875.0
21
3275.0
31
0
0
LINE
8
hvac
10
-320825.0
20
2925.0
30
0
11
-320825.0
21
3275.0
31
0
0
LINE
8
hvac
10
-334875.0
20
2925.0
30
0
11
-320825.0
21
2925.0
31
0
0
LINE
8
hvac
10
-334875.0
20
3275.0
30
0
11
-320825.0
21
3275.0
31
0
0
LINE
8
hvac
10
-321175.0
20
2925.0
30
0
11
-321175.0
21
12175.0
31
0
0
LINE
8
hvac
10
-320825.0
20
2925.0
30
0
11
-320825.0
21
12175.0
31
0
0
LINE
8
hvac
10
-321175.0
20
2925.0
30
0
11
-320825.0
21
2925.0
31
0
0
LINE
8
hvac
10
-321175.0
20
12175.0
30
0
11
-320825.0
21
12175.0
31
0
0
LINE
8
hvac
10
-327350.0
20
11650.0
30
0
11
-327350.0
21
12350.0
31
0
0
LINE
8
hvac
10
-326650.0
20
11650.0
30
0
11
-326650.0
21
12350.0
31
0
0
LINE
8
hvac
10
-327350.0
20
11650.0
30
0
11
-326650.0
21
11650.0
31
0
0
LINE
8
hvac
10
-327350.0
20
12350.0
30
0
11
-326650.0
21
12350.0
31
0
0
LINE
8
hvac
10
-315350.0
20
11650.0
30
0
11
-315350.0
21
12350.0
31
0
0
LINE
8
hvac
10
-314650.0
20
11650.0
30
0
11
-314650.0
21
12350.0
31
0
0
LINE
8
hvac
10
-315350.0
20
11650.0
30
0
11
-314650.0
21
11650.0
31
0
0
LINE
8
hvac
10
-315350.0
20
12350.0
30
0
11
-314650.0
21
12350.0
31
0
0
LINE
8
sensors
10
-335960.0
20
6320.0
30
0
11
-335960.0
21
6480.0
31
0
0
LINE
8
sensors
10
-335860.0
20
6320.0
30
0
11
-335860.0
21
6480.0
31
0
0
LINE
8
sensors
10
-335960.0
20
6320.0
30
0
11
-335860.0
21
6320.0
31
0
0
LINE
8
sensors
10
-335960.0
20
6480.0
30
0
11
-335860.0
21
6480.0
31
0
0
LINE
8
sensors
10
-335855.0
20
6345.0
30
0
11
-335855.0
21
6455.0
31
0
0
LINE
8
sensors
10
-335835.0
20
6345.0
30
0
11
-335835.0
21
6455.0
31
0
0
LINE
8
sensors
10
-335855.0
20
6345.0
30
0
11
-335835.0
21
6345.0
31
0
0
LINE
8
sensors
10
-335855.0
20
6455.0
30
0
11
-335835.0
21
6455.0
31
0
0
LINE
8
sensors
10
-335960.0
20
6620.0
30
0
11
-335960.0
21
6780.0
31
0
0
LINE
8
sensors
10
-335860.0
20
6620.0
30
0
11
-335860.0
21
6780.0
31
0
0
LINE
8
sensors
10
-335960.0
20
6620.0
30
0
11
-335860.0
21
6620.0
31
0
0
LINE
8
sensors
10
-335960.0
20
6780.0
30
0
11
-335860.0
21
6780.0
31
0
0
LINE
8
sensors
10
-335855.0
20
6645.0
30
0
11
-335855.0
21
6755.0
31
0
0
LINE
8
sensors
10
-335835.0
20
6645.0
30
0
11
-335835.0
21
6755.0
31
0
0
LINE
8
sensors
10
-335855.0
20
6645.0
30
0
11
-335835.0
21
6645.0
31
0
0
LINE
8
sensors
10
-335855.0
20
6755.0
30
0
11
-335835.0
21
6755.0
31
0
0
LINE
8
sensors
10
-335960.0
20
6920.0
30
0
11
-335960.0
21
7080.0
31
0
0
LINE
8
sensors
10
-335860.0
20
6920.0
30
0
11
-335860.0
21
7080.0
31
0
0
LINE
8
sensors
10
-335960.0
20
6920.0
30
0
11
-335860.0
21
6920.0
31
0
0
LINE
8
sensors
10
-335960.0
20
7080.0
30
0
11
-335860.0
21
7080.0
31
0
0
LINE
8
sensors
10
-335855.0
20
6945.0
30
0
11
-335855.0
21
7055.0
31
0
0
LINE
8
sensors
10
-335835.0
20
6945.0
30
0
11
-335835.0
21
7055.0
31
0
0
LINE
8
sensors
10
-335855.0
20
6945.0
30
0
11
-335835.0
21
6945.0
31
0
0
LINE
8
sensors
10
-335855.0
20
7055.0
30
0
11
-335835.0
21
7055.0
31
0
0
LINE
8
sensors
10
-320920.0
20
12000.0
30
0
11
-321000.0
21
12080.0
31
0
0
LINE
8
sensors
10
-321000.0
20
12080.0
30
0
11
-321080.0
21
12000.0
31
0
0
LINE
8
sensors
10
-321080.0
20
12000.0
30
0
11
-321000.0
21
11920.0
31
0
0
LINE
8
sensors
10
-321000.0
20
11920.0
30
0
11
-320920.0
21
12000.0
31
0
0
LINE
8
sensors
10
-321000.0
20
12000.0
30
0
11
-320935.0
21
12000.0
31
0
0
LINE
8
sensors
10
-320935.0
20
12000.0
30
0
11
-321000.0
21
12000.0
31
0
0
LINE
8
sensors
10
-335960.0
20
7520.0
30
0
11
-335960.0
21
7680.0
31
0
0
LINE
8
sensors
10
-335860.0
20
7520.0
30
0
11
-335860.0
21
7680.0
31
0
0
LINE
8
sensors
10
-335960.0
20
7520.0
30
0
11
-335860.0
21
7520.0
31
0
0
LINE
8
sensors
10
-335960.0
20
7680.0
30
0
11
-335860.0
21
7680.0
31
0
0
LINE
8
sensors
10
-335855.0
20
7545.0
30
0
11
-335855.0
21
7655.0
31
0
0
LINE
8
sensors
10
-335835.0
20
7545.0
30
0
11
-335835.0
21
7655.0
31
0
0
LINE
8
sensors
10
-335855.0
20
7545.0
30
0
11
-335835.0
21
7545.0
31
0
0
LINE
8
sensors
10
-335855.0
20
7655.0
30
0
11
-335835.0
21
7655.0
31
0
0
ENDSEC
0
EOF
